# https://github.com/mikedh/trimesh

o base_link_5.obj
v -0.23140700 0.08669100 0.02540000
v -0.23400700 0.08738700 0.02540000
v -0.23367675 0.09872850 0.02540000
v -0.25925000 -0.01830000 0.02540000
v -0.24984700 -0.02993800 0.02540000
v -0.22585000 0.01899700 0.02540000
v -0.22544800 0.01878700 0.02540000
v -0.04365300 0.14240600 0.02540000
v -0.06255000 0.11498700 0.02540000
v -0.06266625 0.11029688 0.02540000
v -0.03721900 -0.11753300 0.02540000
v -0.24851900 -0.03258319 0.02540000
v -0.24984700 0.02993800 0.02540000
v -0.24678369 0.04580906 0.02540000
v -0.24836050 0.03284706 0.02540000
v -0.21140700 0.05051000 0.02540000
v -0.19825400 -0.05360000 0.02540000
v -0.19755700 -0.05100000 0.02540000
v -0.20330231 -0.05267741 0.02540000
v -0.19825400 -0.04840000 0.02540000
v -0.20015700 -0.04649700 0.02540000
v -0.20795700 -0.05100000 0.02540000
v -0.20726100 -0.05360000 0.02540000
v -0.20535700 -0.05550300 0.02540000
v 0.03721363 -0.00081081 0.02540000
v 0.04106300 0.00235000 0.02540000
v 0.03934300 0.00407000 0.02540000
v -0.23590936 0.10071131 0.02540000
v -0.04652667 -0.14273195 0.02540000
v -0.03201900 -0.10852700 0.02540000
v -0.03721900 -0.10852700 0.02540000
v -0.03461900 -0.10783000 0.02540000
v -0.03912200 -0.11563000 0.02540000
v 0.01798100 -0.10852700 0.02540000
v -0.00553605 -0.11490520 0.02540000
v 0.02956250 -0.12149000 0.02540000
v 0.01538100 -0.11823000 0.02540000
v 0.01798100 -0.11753300 0.02540000
v -0.06255000 0.12538700 0.02540000
v -0.06515000 0.12469100 0.02540000
v -0.00509894 0.12122530 0.02540000
v -0.06515000 0.11568400 0.02540000
v -0.06401231 0.12018844 0.02540000
v -0.09152484 0.12032578 0.02540000
v -0.10483656 0.12167053 0.02540000
v -0.09255000 0.11498700 0.02540000
v -0.08995000 0.11568400 0.02540000
v -0.09356944 0.14965031 0.02540000
v -0.08804700 0.15241300 0.02540000
v -0.08995000 0.15431600 0.02540000
v -0.10885300 0.16375062 0.02540000
v -0.09705300 0.15241300 0.02540000
v -0.06775000 0.14981300 0.02540000
v -0.07166416 0.13515200 0.02540000
v -0.06705300 0.15241300 0.02540000
v -0.06255000 0.15501300 0.02540000
v -0.06515000 0.15431600 0.02540000
v -0.05804700 0.15241300 0.02540000
v -0.05804700 0.14721300 0.02540000
v -0.03397488 0.11309825 0.02540000
v -0.03981900 0.11303000 0.02540000
v -0.03912200 0.11043000 0.02540000
v -0.03721900 0.10852700 0.02540000
v -0.03461900 0.10783000 0.02540000
v 0.01661341 0.11202522 0.02540000
v 0.01798100 0.11753300 0.02540000
v 0.01538100 0.11823000 0.02540000
v 0.03262100 0.11339400 0.02540000
v -0.02302050 0.07161587 0.02540000
v 0.01278100 0.10852700 0.02540000
v 0.01538100 0.10783000 0.02540000
v 0.01499300 0.07980000 0.02540000
v 0.01239300 0.08049700 0.02540000
v 0.01372925 0.08495469 0.02540000
v 0.01759300 0.08950300 0.02540000
v 0.01499300 0.09020000 0.02540000
v 0.01048900 0.08760000 0.02540000
v 0.01401055 -0.03981223 0.02540000
v 0.01759300 -0.08950300 0.02540000
v 0.01499300 -0.09020000 0.02540000
v 0.01239300 -0.08950300 0.02540000
v 0.01400222 -0.08324862 0.02540000
v 0.01949600 -0.08760000 0.02540000
v -0.23416827 -0.09179120 0.02540000
v -0.23920700 -0.08569000 0.02540000
v -0.23851100 -0.08829000 0.02540000
v -0.23660700 -0.09019300 0.02540000
v -0.23851100 -0.08309000 0.02540000
v -0.15445300 0.13060000 0.02540000
v -0.12600000 0.13500000 0.02540000
v -0.14997178 0.12908087 0.02540000
v -0.15977900 0.14240600 0.02540000
v -0.14995000 0.13320000 0.02540000
v -0.15255000 0.13250300 0.02540000
v -0.15255000 0.12349700 0.02540000
v -0.18204922 0.12654766 0.02540000
v -0.14995000 0.12280000 0.02540000
v -0.14735000 0.12349700 0.02540000
v -0.14544700 0.12540000 0.02540000
v 0.03929030 0.05890641 0.02540000
v 0.04200000 0.09054400 0.02540000
v 0.02650400 0.09783950 0.02540000
v 0.04106300 0.07335000 0.02540000
v 0.04169300 0.07100000 0.02540000
v 0.03699300 0.06630000 0.02540000
v 0.03464300 0.06693000 0.02540000
v 0.03934300 0.07507000 0.02540000
v 0.03699300 0.07570000 0.02540000
v 0.03464300 0.07507000 0.02540000
v 0.03292200 0.07335000 0.02540000
v 0.03292200 0.06865000 0.02540000
v 0.03699300 -0.07570000 0.02540000
v 0.03934300 -0.07507000 0.02540000
v 0.03464300 -0.07507000 0.02540000
v 0.04106300 -0.07335000 0.02540000
v 0.03934300 -0.06693000 0.02540000
v 0.03699300 -0.06630000 0.02540000
v -0.18280700 0.01830000 0.02540000
v -0.18142212 0.02206519 0.02540000
v -0.17760700 0.02350000 0.02540000
v -0.17830400 0.02610000 0.02540000
v -0.18020700 0.02800300 0.02540000
v -0.18020700 0.01899700 0.02540000
v -0.17830400 0.02090000 0.02540000
v -0.18731100 0.02610000 0.02540000
v -0.18540700 0.02800300 0.02540000
v -0.18731100 0.02090000 0.02540000
v -0.18540700 0.01899700 0.02540000
v -0.18280700 -0.14970000 0.02540000
v -0.18020700 -0.14900300 0.02540000
v -0.19528416 -0.14142928 0.02540000
v -0.18020700 -0.13999700 0.02540000
v -0.18540700 -0.13999700 0.02540000
v -0.18731100 -0.14190000 0.02540000
v -0.16897027 0.09124181 0.02540000
v -0.17533967 0.10025531 0.02540000
v -0.18990700 0.04904000 0.02540000
v -0.19802003 0.08176039 0.02540000
v -0.18990700 0.09990425 0.02540000
v -0.17454369 0.04680061 0.02540000
v -0.18290700 0.09054400 0.02540000
v -0.18599744 0.09879344 0.02540000
v -0.18507894 0.04986212 0.02540000
v -0.17581789 0.06412333 0.02540000
v -0.20490700 0.05051000 0.02540000
v -0.19696856 0.04923297 0.02540000
v -0.20814769 0.07821553 0.02540000
v -0.21662330 0.07151576 0.02540000
v -0.11231878 0.16152512 0.02540000
v -0.14288950 0.15741300 0.02540000
v 0.03568867 -0.12490073 0.02540000
v 0.01329937 0.13212425 0.02540000
v -0.04640670 0.14874841 0.02540000
v -0.17980481 0.15530922 0.02540000
v -0.25925000 0.02870000 0.02540000
v -0.26375300 0.02090000 0.02540000
v -0.26185000 0.01899700 0.02540000
v -0.25665000 0.01899700 0.02540000
v -0.26445000 0.02350000 0.02540000
v -0.26292863 0.03150853 0.02540000
v -0.26375300 0.02610000 0.02540000
v -0.26185000 0.02800300 0.02540000
v -0.23885191 0.02379234 0.02540000
v -0.22775300 0.02610000 0.02540000
v -0.22845000 0.02350000 0.02540000
v -0.22775300 0.02090000 0.02540000
v -0.21805000 0.02350000 0.02540000
v -0.21028681 0.02914555 0.02540000
v -0.21874700 0.02610000 0.02540000
v -0.22105200 0.01878700 0.02540000
v -0.22065000 0.02800300 0.02540000
v -0.22325000 0.02870000 0.02540000
v -0.22585000 0.02800300 0.02540000
v -0.21805000 -0.02350000 0.02540000
v -0.23199834 -0.04459678 0.02540000
v -0.21874700 -0.02090000 0.02540000
v -0.22585000 -0.02800300 0.02540000
v -0.22065000 -0.01899700 0.02540000
v -0.22105200 -0.01878700 0.02540000
v -0.22845000 -0.02350000 0.02540000
v -0.22775300 -0.02610000 0.02540000
v -0.22610700 -0.02774600 0.02540000
v -0.22775300 -0.02090000 0.02540000
v -0.22585000 -0.01899700 0.02540000
v -0.22544800 -0.01878700 0.02540000
v -0.22367181 -0.00605500 0.02540000
v -0.26185000 -0.01899700 0.02540000
v -0.26375300 -0.02090000 0.02540000
v -0.26375300 -0.02610000 0.02540000
v -0.26185000 -0.02800300 0.02540000
v -0.25925000 -0.02870000 0.02540000
v -0.26445000 -0.02350000 0.02540000
v -0.25665000 -0.02800300 0.02540000
v -0.25255962 -0.02222447 0.02540000
v -0.25474700 -0.02610000 0.02540000
v -0.24815291 -0.05208486 0.02540000
v -0.25573858 -0.05309017 0.02540000
v -0.25500488 -0.06354869 0.02540000
v -0.25255581 -0.08042169 0.02540000
v -0.05125400 -0.15460000 0.02540000
v -0.05575700 -0.14680000 0.02540000
v -0.05315700 -0.14749700 0.02540000
v -0.05575700 -0.15720000 0.02540000
v -0.05315700 -0.15650300 0.02540000
v 0.02726862 -0.08850563 0.02540000
v 0.04200000 -0.11386500 0.02540000
v 0.04195000 -0.11180000 0.02540000
v 0.04200000 -0.09971500 0.02540000
v 0.04195000 -0.09971500 0.02540000
v 0.04195000 -0.09160000 0.02540000
v 0.03295000 -0.09867875 0.02540000
v 0.04200000 -0.09054500 0.02540000
v 0.04200000 0.11339400 0.02540000
v 0.03833747 0.11856063 0.02540000
v 0.03295000 0.09836750 0.02540000
v 0.04200000 0.10513500 0.02540000
v 0.04195000 0.10513500 0.02540000
v 0.04195000 0.11180000 0.02540000
v 0.03295000 0.11180000 0.02540000
v -0.06900400 0.16103450 0.02540000
v -0.23660700 0.08669100 0.02540000
v -0.23851100 0.08478700 0.02540000
v -0.23920700 0.08218700 0.02540000
v -0.23295675 0.08190569 0.02540000
v -0.22950400 0.08478700 0.02540000
v -0.23851100 0.07958700 0.02540000
v -0.23660700 0.07768400 0.02540000
v -0.20815700 0.09990425 0.02540000
v -0.12687492 0.16416700 0.02540000
v -0.14946250 0.14953138 0.02540000
v -0.14544700 0.14721300 0.02540000
v -0.14735000 0.14530900 0.02540000
v -0.14995000 0.15501300 0.02540000
v -0.15255000 0.15431600 0.02540000
v -0.10780700 -0.13930000 0.02540000
v -0.10330400 -0.14190000 0.02540000
v -0.11040700 -0.13999700 0.02540000
v -0.11231100 -0.14710000 0.02540000
v -0.11040700 -0.14900300 0.02540000
v -0.14790200 -0.15841088 0.02540000
v -0.10780700 -0.14970000 0.02540000
v -0.10520700 -0.14900300 0.02540000
v -0.10980509 0.02367841 0.02540000
v -0.11231100 0.02610000 0.02540000
v -0.10260700 0.02350000 0.02540000
v -0.10330400 0.02610000 0.02540000
v -0.11231100 0.02090000 0.02540000
v -0.10520700 0.01899700 0.02540000
v -0.10330400 0.02090000 0.02540000
v -0.11040700 0.02800300 0.02540000
v -0.17967325 0.11285094 0.02540000
v -0.08875700 -0.14680000 0.02540000
v -0.09135700 -0.14749700 0.02540000
v -0.08615700 -0.14749700 0.02540000
v -0.08425400 -0.15460000 0.02540000
v -0.08615700 -0.15650300 0.02540000
v -0.09637242 -0.15186875 0.02540000
v -0.08875700 -0.15720000 0.02540000
v -0.09135700 -0.15650300 0.02540000
v -0.09326100 -0.14940000 0.02540000
v -0.09395700 -0.15200000 0.02540000
v -0.09326100 -0.15460000 0.02540000
v -0.09395700 0.09593700 0.02540000
v -0.09326100 0.09333700 0.02540000
v -0.11516797 0.09101134 0.02540000
v -0.09326100 0.09853700 0.02540000
v -0.08425400 0.09853700 0.02540000
v -0.08615700 0.09143400 0.02540000
v -0.08425400 0.09333700 0.02540000
v -0.08798819 0.09670612 0.02540000
v -0.09135700 0.10044100 0.02540000
v -0.06566550 0.16600000 0.02540000
v -0.19521134 -0.09727238 0.02540000
v -0.05523781 0.09744962 0.02540000
v -0.05008700 0.13950300 0.02540000
v -0.05268700 0.14020000 0.02540000
v -0.05528700 0.13950300 0.02540000
v -0.05719100 0.13760000 0.02540000
v -0.05788700 0.13500000 0.02540000
v -0.05191819 0.13399319 0.02540000
v -0.05268700 0.12980000 0.02540000
v -0.05008700 0.13049700 0.02540000
v -0.20942575 -0.07626353 0.02540000
v -0.05257896 -0.09668145 0.02540000
v 0.04195000 0.09160000 0.02540000
v -0.09193666 -0.03581589 0.02540000
v -0.18784450 -0.03080987 0.02540000
v -0.15171656 -0.02199394 0.02540000
v 0.03960598 -0.05707018 0.02540000
v 0.02637500 0.04565037 0.02540000
v -0.09670428 0.05024556 0.02540000
v 0.04200000 0.13521850 0.02540000
v -0.03100000 0.12428000 0.02840000
v -0.00981300 0.12428000 0.02840000
v 0.01243700 0.12428000 0.02840000
v 0.02396850 0.12428000 0.02840000
v 0.03050000 -0.13529500 0.02840000
v 0.01793700 -0.12428000 0.02840000
v -0.03314928 -0.11517197 0.02840000
v -0.23066025 0.11470975 0.02840000
v -0.22503550 0.12072975 0.02840000
v -0.24609363 0.06303846 0.02840000
v -0.24986139 0.02146030 0.02840000
v -0.26666988 0.03908600 0.02840000
v 0.04200000 0.14284300 0.02840000
v 0.03835938 0.11848528 0.02840000
v 0.04200000 0.11379000 0.02840000
v 0.04200000 0.10513500 0.02840000
v 0.04200000 0.09097500 0.02840000
v -0.05541975 0.16566400 0.02840000
v 0.04195000 -0.11180000 0.02840000
v 0.03384600 -0.11180000 0.02840000
v 0.03384600 -0.11379000 0.02840000
v 0.03384600 -0.13034000 0.02840000
v -0.00981300 0.12414400 0.02840000
v 0.01103075 0.12334125 0.02840000
v -0.04383162 0.14689663 0.02840000
v -0.04365300 0.14240600 0.02840000
v -0.19925194 0.14361800 0.02840000
v -0.25714519 0.03238488 0.02840000
v -0.22240637 -0.12354337 0.02840000
v -0.20280962 0.08964475 0.02840000
v -0.20570700 0.09097500 0.02840000
v -0.18407450 0.06006150 0.02840000
v -0.18290700 0.09097500 0.02840000
v 0.02788012 0.11752175 0.02840000
v -0.06303291 0.12057084 0.02840000
v 0.01243700 -0.11379000 0.02840000
v -0.25827925 -0.03238488 0.02840000
v -0.24819716 -0.03245681 0.02840000
v -0.24984700 -0.02871300 0.02840000
v -0.23541844 0.03095125 0.02840000
v -0.24829719 0.03264263 0.02840000
v -0.21652927 0.07508645 0.02840000
v -0.21140700 0.09097500 0.02840000
v -0.21990514 0.04444075 0.02840000
v -0.25602837 0.03860700 0.02840000
v -0.25806706 0.05880350 0.02840000
v -0.26265500 0.04504500 0.02840000
v -0.23637719 -0.06669287 0.02840000
v -0.25542750 -0.05377381 0.02840000
v -0.25628800 -0.05906300 0.02840000
v 0.03295000 -0.11180000 0.02840000
v 0.01793250 -0.11377250 0.02840000
v 0.01793700 -0.11379000 0.02840000
v 0.01776300 -0.11440500 0.02840000
v 0.01378125 -0.11590900 0.02840000
v -0.05527875 0.11679975 0.02840000
v -0.06392500 0.12256900 0.02840000
v -0.06452500 0.12196900 0.02840000
v -0.06493200 0.12156200 0.02840000
v -0.13281283 0.11214466 0.02840000
v -0.09231519 0.12051519 0.02840000
v -0.08121731 0.13837528 0.02840000
v -0.07623950 0.15343175 0.02840000
v -0.09308372 0.15096370 0.02840000
v -0.06302444 0.14998588 0.02840000
v -0.05915400 0.15073175 0.02840000
v -0.03423219 0.11405094 0.02840000
v -0.05468387 0.10729875 0.02840000
v -0.04365300 0.11585400 0.02840000
v -0.00146925 0.11533800 0.02840000
v 0.01793700 0.09097500 0.02840000
v 0.01490812 0.08523481 0.02840000
v 0.02053925 -0.07277000 0.02840000
v 0.01717562 -0.09126875 0.02840000
v 0.01508950 -0.08374748 0.02840000
v -0.02787283 -0.06540097 0.02840000
v -0.23846141 -0.08575237 0.02840000
v -0.22768209 -0.02271747 0.02840000
v -0.08852362 0.09623269 0.02840000
v -0.05992145 -0.15133027 0.02840000
v -0.18266556 0.02362722 0.02840000
v -0.14830148 0.03792934 0.02840000
v -0.19026380 -0.02008106 0.02840000
v -0.18263513 -0.10667250 0.02840000
v -0.18304825 -0.14825000 0.02840000
v -0.18198953 -0.14423322 0.02840000
v -0.17763575 0.09805500 0.02840000
v -0.17095560 0.08406331 0.02840000
v -0.19291564 0.04905347 0.02840000
v -0.19790700 0.09805500 0.02840000
v -0.19790700 0.04906500 0.02840000
v -0.18927144 0.10462069 0.02840000
v -0.17965700 0.04906500 0.02840000
v -0.18026169 0.08017088 0.02840000
v -0.20049050 0.06804144 0.02840000
v -0.20570700 0.10513500 0.02840000
v -0.20513356 0.04000172 0.02840000
v -0.20590700 0.05323000 0.02840000
v -0.20964750 0.06193044 0.02840000
v -0.20805425 0.10240400 0.02840000
v -0.22073923 0.10196289 0.02840000
v -0.20590700 0.10097000 0.02840000
v -0.20590700 0.09097500 0.02840000
v -0.11159869 0.15042700 0.02840000
v -0.11888830 0.16110744 0.02840000
v -0.13212662 0.16230931 0.02840000
v -0.13801375 -0.16533150 0.02840000
v -0.19076706 -0.14903587 0.02840000
v -0.25628800 -0.06651800 0.02840000
v -0.25883450 -0.06684000 0.02840000
v -0.26023878 -0.03323519 0.02840000
v -0.25188950 -0.02129400 0.02840000
v -0.22484954 0.01491019 0.02840000
v -0.16501750 0.16134975 0.02840000
v 0.03384600 0.14240600 0.02840000
v 0.03192300 0.14284300 0.02840000
v 0.02124119 -0.10842216 0.02840000
v 0.04200000 -0.08804500 0.02840000
v 0.04195000 -0.09160000 0.02840000
v 0.04200000 -0.10094000 0.02840000
v 0.04195000 0.09160000 0.02840000
v 0.03384600 0.09097500 0.02840000
v 0.04195000 0.11180000 0.02840000
v 0.04195000 0.10513500 0.02840000
v 0.04200000 -0.11379000 0.02840000
v 0.04195000 -0.10094000 0.02840000
v 0.03899912 -0.12541250 0.02840000
v 0.03728762 -0.11787363 0.02840000
v 0.03756794 -0.07834297 0.02840000
v 0.02455508 0.10902548 0.02840000
v -0.05590600 0.09767937 0.02840000
v 0.00962450 0.11774550 0.02840000
v -0.04365300 0.12414400 0.02840000
v -0.05340303 0.13472222 0.02840000
v -0.05915400 0.16465600 0.02840000
v -0.06209475 0.16139875 0.02840000
v -0.08065831 -0.14285969 0.02840000
v -0.08820925 0.16359750 0.02840000
v -0.11215400 -0.14825000 0.02840000
v -0.10816781 -0.14460894 0.02840000
v -0.13471450 -0.11445375 0.02840000
v -0.10780719 0.02350000 0.02840000
v -0.12213637 0.16583025 0.02840000
v -0.01835406 0.08218312 0.02840000
v -0.08897094 0.04774487 0.02840000
v -0.15034188 0.12839187 0.02840000
v -0.15034188 0.15020487 0.02840000
v 0.01022250 0.04705500 0.02840000
v -0.08502538 0.11932631 0.02840000
v -0.19603075 0.11532025 0.02840000
v -0.18667653 0.13229791 0.02840000
v 0.03901984 0.03148615 0.02840000
v -0.09810650 -0.00629780 0.02840000
v -0.20290600 -0.05125781 0.02840000
v -0.00139193 0.00180294 0.02840000
v -0.10675248 -0.08296786 0.02840000
v -0.18447100 -0.07949484 0.02840000
v -0.21041328 -0.08039534 0.02840000
v -0.19215544 0.03275206 0.02840000
v -0.22937694 -0.04143112 0.02840000
v -0.25465819 -0.06299525 0.02840000
v -0.26248750 0.04040000 0.02840000
v -0.03700000 -0.11440500 0.02785000
v -0.03599400 -0.11541100 0.02785000
v -0.03324400 -0.11064800 0.02785000
v -0.03461900 -0.11028000 0.02785000
v -0.03599400 -0.11064800 0.02785000
v 0.01538100 -0.11578000 0.02785000
v 0.01675600 -0.11541100 0.02785000
v 0.01675600 -0.11064800 0.02785000
v 0.01538100 -0.10783000 0.02540000
v -0.05575700 -0.14925000 0.02785000
v -0.05438200 -0.14961800 0.02785000
v -0.05337600 -0.15337500 0.02785000
v -0.05438200 -0.15438100 0.02785000
v -0.05575700 -0.15475000 0.02785000
v -0.06255000 0.11743700 0.02785000
v -0.06392500 0.11780600 0.02785000
v -0.06493200 0.12156200 0.02785000
v -0.06255000 0.12293700 0.02785000
v -0.06392500 0.12256900 0.02785000
v -0.09255000 0.11743700 0.02785000
v -0.09117500 0.11780600 0.02785000
v -0.09117500 0.15219400 0.02785000
v -0.09016800 0.15118800 0.02785000
v -0.09493200 0.15118800 0.02785000
v -0.09775000 0.14981300 0.02540000
v -0.06255000 0.15256300 0.02785000
v -0.05995000 0.15431600 0.02540000
v -0.06016800 0.14843800 0.02785000
v -0.05735000 0.14981300 0.02540000
v -0.06016800 0.15118800 0.02785000
v -0.06493200 0.15118800 0.02785000
v -0.06530000 0.14981300 0.02785000
v -0.06392500 0.15219400 0.02785000
v -0.05268700 0.13775000 0.02785000
v -0.05131200 0.13738200 0.02785000
v -0.05131200 0.13261800 0.02785000
v -0.05268700 0.13225000 0.02785000
v -0.05543700 0.13500000 0.02785000
v -0.05506900 0.13637500 0.02785000
v -0.05406200 0.13738200 0.02785000
v -0.03736900 0.11303000 0.02785000
v -0.03700000 0.11165500 0.02785000
v -0.03599400 0.11064800 0.02785000
v -0.03461900 0.11028000 0.02785000
v 0.01400600 0.11064800 0.02785000
v 0.01675600 0.11541100 0.02785000
v 0.01538100 0.11578000 0.02785000
v 0.01261100 0.08637500 0.02785000
v 0.01361800 0.08261800 0.02785000
v 0.01499300 0.08225000 0.02785000
v 0.01636800 0.08738200 0.02785000
v 0.01499300 0.08775000 0.02785000
v 0.01361800 0.08738200 0.02785000
v 0.01737400 -0.08637500 0.02785000
v 0.01636800 -0.08738200 0.02785000
v 0.01499300 -0.08775000 0.02785000
v 0.01361800 -0.08738200 0.02785000
v -0.23400700 0.08483700 0.02795000
v -0.23268200 0.08448200 0.02795000
v -0.23171200 0.08351200 0.02795000
v -0.23533200 0.07989200 0.02795000
v -0.23630200 0.08086200 0.02795000
v -0.23665700 0.08218700 0.02795000
v -0.23630200 0.08351200 0.02795000
v -0.23533200 0.08448200 0.02795000
v -0.23533200 -0.08798500 0.02795000
v -0.23630200 -0.08436500 0.02795000
v -0.23665700 -0.08569000 0.02795000
v -0.23630200 -0.08701500 0.02795000
v -0.25686800 -0.02487500 0.02785000
v -0.25787500 -0.02588200 0.02785000
v -0.25925000 -0.02625000 0.02785000
v -0.26062500 -0.02588200 0.02785000
v -0.26163200 -0.02487500 0.02785000
v -0.26200000 -0.02350000 0.02785000
v -0.26163200 -0.02212500 0.02785000
v -0.26062500 -0.02111800 0.02785000
v -0.25925000 -0.02075000 0.02785000
v -0.22325000 -0.02075000 0.02785000
v -0.22462500 -0.02111800 0.02785000
v -0.22563200 -0.02212500 0.02785000
v -0.22462500 -0.02588200 0.02785000
v -0.22563200 -0.02487500 0.02785000
v -0.22600000 -0.02350000 0.02785000
v -0.22187500 -0.02111800 0.02785000
v -0.22086800 -0.02212500 0.02785000
v -0.22050000 -0.02350000 0.02785000
v -0.22462500 0.02111800 0.02785000
v -0.22325000 0.02075000 0.02785000
v -0.22187500 0.02111800 0.02785000
v -0.22563200 0.02212500 0.02785000
v -0.22600000 0.02350000 0.02785000
v -0.22563200 0.02487500 0.02785000
v -0.22462500 0.02588200 0.02785000
v -0.22325000 0.02625000 0.02785000
v -0.22187500 0.02588200 0.02785000
v -0.22086800 0.02487500 0.02785000
v -0.22050000 0.02350000 0.02785000
v -0.25787500 0.02111800 0.02785000
v -0.25925000 0.02075000 0.02785000
v -0.26062500 0.02111800 0.02785000
v -0.26163200 0.02212500 0.02785000
v -0.26200000 0.02350000 0.02785000
v -0.26163200 0.02487500 0.02785000
v -0.26062500 0.02588200 0.02785000
v -0.25925000 0.02625000 0.02785000
v -0.14995000 0.15246300 0.02795000
v -0.14765500 0.14848800 0.02795000
v -0.14862500 0.14751800 0.02795000
v -0.15127500 0.15210800 0.02795000
v -0.14995000 0.13065000 0.02795000
v -0.14765500 0.12667500 0.02795000
v -0.14862500 0.12570500 0.02795000
v -0.14995000 0.12535000 0.02795000
v -0.15127500 0.12570500 0.02795000
v -0.15224500 0.12932500 0.02795000
v -0.15127500 0.13029500 0.02795000
v -0.08743200 0.09364200 0.02795000
v -0.08646200 0.09461200 0.02795000
v -0.08610700 0.09593700 0.02795000
v -0.08646200 0.09726200 0.02795000
v -0.09008200 0.09823200 0.02795000
v -0.09105200 0.09726200 0.02795000
v -0.09140700 0.09593700 0.02795000
v -0.09105200 0.09461200 0.02795000
v -0.08875700 0.09328700 0.02795000
v -0.08743200 -0.15429500 0.02795000
v -0.08646200 -0.15332500 0.02795000
v -0.08743200 -0.14970500 0.02795000
v -0.08875700 -0.14935000 0.02795000
v -0.09008200 -0.14970500 0.02795000
v -0.09105200 -0.15067500 0.02795000
v -0.09140700 -0.15200000 0.02795000
v -0.09105200 -0.15332500 0.02795000
v -0.09008200 -0.15429500 0.02795000
v -0.08875700 -0.15465000 0.02795000
v 0.03699300 0.07325000 0.02785000
v 0.03811800 0.07294900 0.02785000
v 0.03894100 0.07212500 0.02785000
v 0.03924300 0.07100000 0.02785000
v 0.03934300 0.06693000 0.02540000
v 0.03699300 0.06875000 0.02785000
v 0.03586800 0.06905100 0.02785000
v 0.03504400 0.06987500 0.02785000
v 0.03504400 0.07212500 0.02785000
v 0.03586800 0.07294900 0.02785000
v 0.03811800 0.00194900 0.02785000
v 0.03894100 0.00112500 0.02785000
v 0.03699300 -0.06875000 0.02785000
v 0.03811800 -0.06905100 0.02785000
v 0.03894100 -0.07212500 0.02785000
v 0.03811800 -0.07294900 0.02785000
v 0.03699300 -0.07325000 0.02785000
v 0.03586800 -0.07294900 0.02785000
v -0.18418200 0.02111800 0.02785000
v -0.18280700 0.02075000 0.02785000
v -0.18143200 0.02111800 0.02785000
v -0.18042600 0.02212500 0.02785000
v -0.18005700 0.02350000 0.02785000
v -0.18042600 0.02487500 0.02785000
v -0.18143200 0.02588200 0.02785000
v -0.18418200 0.02588200 0.02785000
v -0.18518900 0.02487500 0.02785000
v -0.18518900 0.02212500 0.02785000
v -0.10542600 0.02487500 0.02785000
v -0.10505700 0.02350000 0.02785000
v -0.10542600 0.02212500 0.02785000
v -0.10643200 0.02111800 0.02785000
v -0.11040700 0.01899700 0.02540000
v -0.11018900 0.02212500 0.02785000
v -0.11018900 0.02487500 0.02785000
v -0.10918200 0.02588200 0.02785000
v -0.20138200 -0.04861800 0.02785000
v -0.20037600 -0.04962500 0.02785000
v -0.20000700 -0.05100000 0.02785000
v -0.20037600 -0.05237500 0.02785000
v -0.20413200 -0.05338200 0.02785000
v -0.20513900 -0.05237500 0.02785000
v -0.20550700 -0.05100000 0.02785000
v -0.18280700 -0.14725000 0.02785000
v -0.18143200 -0.14688200 0.02785000
v -0.18143200 -0.14211800 0.02785000
v -0.18280700 -0.13930000 0.02540000
v -0.18418200 -0.14211800 0.02785000
v -0.18518900 -0.14312500 0.02785000
v -0.10780700 -0.14175000 0.02785000
v -0.10520700 -0.13999700 0.02540000
v -0.10542600 -0.14312500 0.02785000
v -0.10330400 -0.14710000 0.02540000
v -0.10643200 -0.14688200 0.02785000
v -0.10780700 -0.14725000 0.02785000
v -0.10918200 -0.14688200 0.02785000
v -0.11018900 -0.14587500 0.02785000
v -0.10918200 -0.14211800 0.02785000
v -0.26127250 0.04992900 0.10920000
v -0.26302875 0.05059000 0.10920000
v -0.25803259 0.03042050 0.10920000
v -0.26127250 0.04292300 0.10920000
v -0.25889288 0.00000000 0.10920000
v -0.24916200 -0.01318400 0.10920000
v -0.24709325 0.00112100 0.10920000
v -0.24916200 0.01415900 0.10920000
v -0.26127250 0.01415900 0.10920000
v -0.26127250 -0.04267100 0.10920000
v -0.26568025 -0.04555900 0.10920000
v -0.26859250 -0.01058850 0.10920000
v -0.26460850 0.04402088 0.10920000
v -0.24916200 0.04642600 0.10920000
v -0.25818091 0.04753022 0.10920000
v -0.24599650 0.05030200 0.10920000
v -0.24358100 0.04744100 0.10920000
v -0.24916200 -0.03300000 0.10920000
v -0.24373700 -0.03183875 0.10920000
v -0.25569894 -0.04701969 0.10920000
v -0.24937613 -0.04857094 0.10920000
v -0.25253500 -0.04787900 0.10920000
v -0.25358100 -0.04892500 0.10920000
v -0.26054175 -0.01952462 0.10920000
v -0.25447577 -0.03515964 0.10920000
v -0.25500937 -0.01954988 0.10920000
v -0.25359600 -0.04726600 0.10817200
v -0.24523700 -0.05373200 0.10720000
v -0.24673700 -0.00375000 0.10720000
v -0.24373700 -0.01875000 0.10720000
v -0.23379950 -0.03553125 0.10720000
v -0.24411200 0.03856250 0.10720000
v -0.23058075 0.02023437 0.10720000
v -0.24373700 0.02625000 0.10720000
v -0.24073700 0.00000000 0.10720000
v -0.25073700 -0.00062400 0.08013400
v -0.25073700 -0.00176300 0.07962700
v -0.25073700 0.00122000 0.07445900
v -0.25073700 0.00222900 0.07519300
v -0.25073700 -0.00285300 0.07627300
v -0.25073700 -0.00259800 0.07870000
v -0.25073700 -0.00122000 0.07445900
v -0.25073700 -0.00222900 0.07519300
v -0.25073700 0.00176300 0.07962700
v -0.25073700 0.00259800 0.07870000
v -0.25073700 0.00298400 0.07751400
v -0.25073700 0.00285300 0.07627300
v -0.27094300 0.00998300 0.07661900
v -0.27094300 0.00958000 0.07433200
v -0.27094300 0.00866000 0.07220000
v -0.27094300 0.00727400 0.07033800
v -0.27094300 0.00549500 0.06884500
v -0.27094300 0.00342000 0.06780300
v -0.27094300 0.00116100 0.06726800
v -0.27094300 -0.00342000 0.06780300
v -0.27094300 -0.00549500 0.06884500
v -0.27094300 -0.00727400 0.07033800
v -0.27094300 -0.00866000 0.07220000
v -0.27094300 -0.00958000 0.07433200
v -0.27094300 -0.00998300 0.07661900
v -0.27094300 -0.00984800 0.07893600
v -0.27094300 -0.00918200 0.08116100
v -0.27094300 -0.00802100 0.08317200
v -0.27094300 -0.00230600 0.08693000
v -0.27094300 0.00000000 0.08720000
v -0.27094300 0.00642800 0.08486000
v -0.27094300 0.00984800 0.07893600
v -0.25144900 0.00130200 0.07449700
v -0.25073700 0.00000000 0.07420000
v -0.25144900 0.00222300 0.07519800
v -0.25144900 0.00204100 0.07500100
v -0.25144900 0.00169000 0.07472100
v -0.25144900 0.00259800 0.07570000
v -0.25144900 0.00234500 0.07532900
v -0.25144900 0.00299200 0.07697600
v -0.25144900 0.00169000 0.07967900
v -0.25144900 0.00176000 0.07962300
v -0.25144900 0.00204100 0.07939900
v -0.25144900 0.00234500 0.07907000
v -0.25144900 -0.00062200 0.08012700
v -0.25144900 -0.00044700 0.08016600
v -0.25144900 -0.00176000 0.07962300
v -0.25144900 -0.00169000 0.07967900
v -0.25144900 -0.00130200 0.07990300
v -0.25144900 -0.00088400 0.08006700
v -0.25144900 -0.00234500 0.07907000
v -0.25144900 -0.00204100 0.07939900
v -0.25144900 -0.00284500 0.07627500
v -0.25144900 -0.00222300 0.07519800
v -0.25144900 -0.00234500 0.07532900
v -0.25144900 -0.00259800 0.07570000
v -0.25144900 -0.00279300 0.07610400
v -0.25144900 -0.00121800 0.07446400
v -0.25144900 -0.00130200 0.07449700
v -0.25144900 -0.00169000 0.07472100
v -0.25144900 -0.00204100 0.07500100
v -0.25144900 -0.00044700 0.07423300
v -0.25144900 -0.00088400 0.07433300
v -0.25194400 -0.00208300 0.07495500
v -0.25194400 -0.00172500 0.07467000
v -0.25194400 -0.00090300 0.07427400
v -0.25194400 -0.00285100 0.07608100
v -0.25194400 -0.00265200 0.07566900
v -0.25194400 -0.00239400 0.07529100
v -0.25194400 -0.00305400 0.07697100
v -0.25194400 -0.00298500 0.07651900
v -0.25194400 -0.00208300 0.07944500
v -0.25194400 -0.00239400 0.07910900
v -0.25194400 -0.00172500 0.07973000
v -0.25194400 0.00298500 0.07788100
v -0.25194400 0.00239400 0.07910900
v -0.25194400 0.00208300 0.07944500
v -0.25194400 0.00298500 0.07651900
v -0.25194400 0.00305400 0.07697100
v -0.25194400 0.00305400 0.07742900
v -0.25194400 0.00239400 0.07529100
v -0.25194400 0.00265200 0.07566900
v -0.25194400 0.00285100 0.07608100
v -0.25194400 0.00132900 0.07444100
v -0.25194400 0.00172500 0.07467000
v -0.25194400 0.00208300 0.07495500
v -0.25281300 0.00000000 0.07366300
v -0.25240800 0.00048400 0.07399100
v -0.25281300 0.00052700 0.07370200
v -0.25240800 0.00095700 0.07409900
v -0.25281300 0.00104300 0.07382000
v -0.25240800 0.00140800 0.07427600
v -0.25281300 0.00153500 0.07401300
v -0.25240800 0.00182800 0.07451900
v -0.25281300 0.00199300 0.07427700
v -0.25240800 0.00220700 0.07482100
v -0.25281300 0.00240600 0.07460700
v -0.25240800 0.00253700 0.07517700
v -0.25281300 0.00276600 0.07499500
v -0.25240800 0.00281000 0.07557700
v -0.25281300 0.00306300 0.07543100
v -0.25240800 0.00302100 0.07601400
v -0.25281300 0.00329300 0.07590800
v -0.25240800 0.00316400 0.07647800
v -0.25281300 0.00344900 0.07641300
v -0.25240800 0.00323600 0.07695700
v -0.25281300 0.00352700 0.07693600
v -0.25240800 0.00323600 0.07744200
v -0.25240800 0.00316400 0.07792200
v -0.25281300 0.00344900 0.07798700
v -0.25281300 0.00329300 0.07849200
v -0.25240800 0.00281000 0.07882300
v -0.25281300 0.00306300 0.07896900
v -0.25240800 0.00253700 0.07922300
v -0.25281300 0.00276600 0.07940500
v -0.25281300 0.00240600 0.07979300
v -0.25281300 0.00199300 0.08012300
v -0.25281300 0.00153500 0.08038700
v -0.25240800 0.00095700 0.08030100
v -0.25281300 0.00104300 0.08058000
v -0.25281300 0.00052700 0.08069800
v -0.25281300 0.00000000 0.08073700
v -0.25281300 -0.00052700 0.08069800
v -0.25240800 -0.00095700 0.08030100
v -0.25281300 -0.00104300 0.08058000
v -0.25240800 -0.00140800 0.08012400
v -0.25281300 -0.00153500 0.08038700
v -0.25240800 -0.00182800 0.07988100
v -0.25281300 -0.00199300 0.08012300
v -0.25240800 -0.00220700 0.07957900
v -0.25281300 -0.00240600 0.07979300
v -0.25240800 -0.00253700 0.07922300
v -0.25281300 -0.00276600 0.07940500
v -0.25240800 -0.00281000 0.07882300
v -0.25281300 -0.00306300 0.07896900
v -0.25240800 -0.00302100 0.07838600
v -0.25281300 -0.00329300 0.07849200
v -0.25281300 -0.00344900 0.07798700
v -0.25281300 -0.00352700 0.07746400
v -0.25240800 -0.00323600 0.07695700
v -0.25281300 -0.00352700 0.07693600
v -0.25240800 -0.00316400 0.07647800
v -0.25281300 -0.00344900 0.07641300
v -0.25240800 -0.00302100 0.07601400
v -0.25281300 -0.00329300 0.07590800
v -0.25240800 -0.00281000 0.07557700
v -0.25281300 -0.00306300 0.07543100
v -0.25240800 -0.00253700 0.07517700
v -0.25281300 -0.00276600 0.07499500
v -0.25240800 -0.00220700 0.07482100
v -0.25281300 -0.00240600 0.07460700
v -0.25281300 -0.00199300 0.07427700
v -0.25240800 -0.00140800 0.07427600
v -0.25281300 -0.00153500 0.07401300
v -0.25240800 -0.00095700 0.07409900
v -0.25281300 -0.00104300 0.07382000
v -0.25240800 -0.00048400 0.07399100
v -0.25281300 -0.00052700 0.07370200
v -0.25240800 0.00000000 0.07395500
v -0.25194400 0.00045600 0.07417200
v -0.25194400 0.00090300 0.07427400
v -0.25194400 -0.00045600 0.07417200
v -0.25420800 -0.00302400 0.08243800
v -0.25420800 -0.00231500 0.08278800
v -0.25420800 -0.00368200 0.08199900
v -0.25420800 -0.00479900 0.08088200
v -0.25420800 -0.00472400 0.08096700
v -0.25420800 -0.00427700 0.08147700
v -0.25420800 -0.00558800 0.07951500
v -0.25420800 -0.00523800 0.08022400
v -0.25420800 -0.00599700 0.07799000
v -0.25420800 -0.00584300 0.07876600
v -0.25420800 -0.00604900 0.07720000
v -0.25420800 -0.00584300 0.07563400
v -0.25420800 -0.00588700 0.07585600
v -0.25420800 -0.00599700 0.07641000
v -0.25420800 -0.00427700 0.07292300
v -0.25420800 -0.00479900 0.07351800
v -0.25420800 -0.00523800 0.07417600
v -0.25420800 -0.00558800 0.07488500
v -0.25420800 -0.00302400 0.07196200
v -0.25420800 -0.00368200 0.07240100
v -0.25420800 -0.00231500 0.07161200
v -0.25420800 -0.00261900 0.07176200
v -0.25420800 -0.00090000 0.07122500
v -0.25420800 -0.00156600 0.07135700
v -0.25420800 0.00079000 0.07120300
v -0.25420800 0.00231500 0.07161200
v -0.25420800 0.00156600 0.07135700
v -0.25420800 0.00090000 0.07122500
v -0.25420800 0.00302400 0.07196200
v -0.25420800 0.00261900 0.07176200
v -0.25420800 0.00427700 0.07292300
v -0.25420800 0.00410700 0.07277400
v -0.25420800 0.00368200 0.07240100
v -0.25420800 0.00584300 0.07563400
v -0.25420800 0.00558800 0.07488500
v -0.25420800 0.00523800 0.07417600
v -0.25420800 0.00479900 0.07351800
v -0.25420800 0.00604900 0.07720000
v -0.25420800 0.00599700 0.07641000
v -0.25420800 0.00599700 0.07799000
v -0.25420800 0.00558800 0.07951500
v -0.25420800 0.00562500 0.07940800
v -0.25420800 0.00584300 0.07876600
v -0.25420800 0.00368200 0.08199900
v -0.25420800 0.00427700 0.08147700
v -0.25420800 0.00302400 0.08243800
v -0.25420800 0.00156600 0.08304300
v -0.25420800 0.00177900 0.08297000
v -0.25420800 0.00231500 0.08278800
v -0.25420800 -0.00156600 0.08304300
v -0.25420800 -0.00079000 0.08319700
v -0.25420800 0.00000000 0.08324900
v -0.25420800 0.00079000 0.08319700
v -0.25582200 -0.00353600 0.08332500
v -0.26197000 -0.00336000 0.08389000
v -0.25582200 -0.00270700 0.08373500
v -0.26197000 -0.00256000 0.08423400
v -0.25582200 -0.00183100 0.08403200
v -0.25582200 -0.00430600 0.08281100
v -0.26197000 -0.00411300 0.08345400
v -0.25582200 -0.00561100 0.08150600
v -0.26197000 -0.00544500 0.08233700
v -0.26197000 -0.00481200 0.08293400
v -0.25582200 -0.00653500 0.07990700
v -0.26197000 -0.00687400 0.08016500
v -0.25582200 -0.00612500 0.08073600
v -0.26197000 -0.00600500 0.08167000
v -0.25582200 -0.00707300 0.07720000
v -0.25582200 -0.00701200 0.07627700
v -0.25582200 -0.00653500 0.07449300
v -0.25582200 -0.00500100 0.07219900
v -0.26197000 -0.00544500 0.07206300
v -0.25582200 -0.00561100 0.07289400
v -0.26197000 -0.00600500 0.07273000
v -0.25582200 -0.00612500 0.07366400
v -0.26197000 -0.00648300 0.07345700
v -0.25582200 -0.00353600 0.07107500
v -0.26197000 -0.00411300 0.07094600
v -0.25582200 -0.00430600 0.07158900
v -0.26197000 -0.00481200 0.07146500
v -0.25582200 -0.00270700 0.07066500
v -0.26197000 -0.00336000 0.07051000
v -0.25582200 -0.00092300 0.07018800
v -0.26197000 -0.00172600 0.06991600
v -0.25582200 -0.00183100 0.07036800
v -0.26197000 -0.00193500 0.06997800
v -0.26197000 -0.00256000 0.07016600
v -0.25582200 0.00183100 0.07036800
v -0.26197000 0.00172600 0.06991600
v -0.25582200 0.00092300 0.07018800
v -0.26197000 0.00086900 0.06976500
v -0.25582200 0.00000000 0.07012700
v -0.26197000 0.00000000 0.06971400
v -0.26197000 -0.00086900 0.06976500
v -0.25582200 0.00353600 0.07107500
v -0.26197000 0.00336000 0.07051000
v -0.25582200 0.00270700 0.07066500
v -0.26197000 0.00256000 0.07016600
v -0.25582200 0.00430600 0.07158900
v -0.26197000 0.00411300 0.07094600
v -0.25582200 0.00561100 0.07289400
v -0.26197000 0.00544500 0.07206300
v -0.25582200 0.00500100 0.07219900
v -0.26197000 0.00528700 0.07191400
v -0.26197000 0.00481200 0.07146500
v -0.25582200 0.00683200 0.07536900
v -0.26197000 0.00717100 0.07505300
v -0.25582200 0.00653500 0.07449300
v -0.26197000 0.00687400 0.07423500
v -0.25582200 0.00612500 0.07366400
v -0.26197000 0.00600500 0.07273000
v -0.26197000 0.00747300 0.07676500
v -0.25582200 0.00701200 0.07627700
v -0.26197000 0.00737200 0.07590000
v -0.25582200 0.00653500 0.07990700
v -0.25582200 0.00683200 0.07903100
v -0.25582200 0.00500100 0.08220100
v -0.26197000 0.00544500 0.08233700
v -0.25582200 0.00561100 0.08150600
v -0.26197000 0.00600500 0.08167000
v -0.26197000 0.00648300 0.08094300
v -0.26197000 0.00687400 0.08016500
v -0.25582200 0.00353600 0.08332500
v -0.26197000 0.00411300 0.08345400
v -0.25582200 0.00430600 0.08281100
v -0.26197000 0.00481200 0.08293400
v -0.25582200 0.00270700 0.08373500
v -0.26197000 0.00336000 0.08389000
v -0.25582200 0.00092300 0.08421200
v -0.26197000 0.00172600 0.08448400
v -0.25582200 0.00183100 0.08403200
v -0.26197000 -0.00172600 0.08448400
v -0.25582200 -0.00092300 0.08421200
v -0.26197000 -0.00086900 0.08463500
v -0.25582200 0.00000000 0.08427300
v -0.26197000 0.00000000 0.08468600
v -0.26197000 0.00086900 0.08463500
v -0.26238500 -0.00485800 0.08299000
v -0.26238500 -0.00549800 0.08238700
v -0.26238500 -0.00606300 0.08171300
v -0.26238500 -0.00654500 0.08097900
v -0.26238500 -0.00694000 0.08019400
v -0.26238500 -0.00744300 0.07851200
v -0.26238500 -0.00744300 0.07588800
v -0.26238500 -0.00724100 0.07503200
v -0.26238500 -0.00694000 0.07420600
v -0.26238500 -0.00654500 0.07342100
v -0.26238500 -0.00606300 0.07268700
v -0.26238500 -0.00549800 0.07201300
v -0.26238500 -0.00485800 0.07141000
v -0.26238500 -0.00415300 0.07088500
v -0.26238500 0.00000000 0.06964200
v -0.26238500 0.00087700 0.06969300
v -0.26238500 0.00174300 0.06984600
v -0.26238500 0.00258500 0.07009800
v -0.26238500 0.00339200 0.07044600
v -0.26238500 0.00415300 0.07088500
v -0.26238500 0.00485800 0.07141000
v -0.26238500 0.00549800 0.07201300
v -0.26238500 0.00606300 0.07268700
v -0.26238500 0.00654500 0.07342100
v -0.26238500 0.00694000 0.07420600
v -0.26238500 0.00724100 0.07503200
v -0.26238500 0.00744300 0.07588800
v -0.26238500 0.00754500 0.07676100
v -0.26238500 0.00754500 0.07763900
v -0.26238500 0.00549800 0.08238700
v -0.26238500 0.00485800 0.08299000
v -0.26238500 0.00174300 0.08455400
v -0.26238500 0.00087700 0.08470700
v -0.26238500 0.00000000 0.08475800
v -0.26238500 -0.00087700 0.08470700
v -0.25462000 0.00399700 0.08240900
v -0.25462000 0.00328300 0.08288600
v -0.25462000 0.00251300 0.08326600
v -0.25462000 0.00464300 0.08184300
v -0.25462000 0.00606600 0.07971300
v -0.25462000 0.00568600 0.08048300
v -0.25462000 0.00656600 0.07720000
v -0.25462000 0.00634200 0.07550100
v -0.25462000 0.00651000 0.07634300
v -0.25462000 0.00399700 0.07199100
v -0.25462000 0.00464300 0.07255700
v -0.25462000 0.00520900 0.07320300
v -0.25462000 0.00568600 0.07391700
v -0.25462000 0.00251300 0.07113400
v -0.25462000 0.00328300 0.07151400
v -0.25462000 0.00085700 0.07069000
v -0.25462000 -0.00169900 0.07085800
v -0.25462000 -0.00085700 0.07069000
v -0.25462000 0.00000000 0.07063400
v -0.25420800 0.00000000 0.07115100
v -0.25462000 -0.00328300 0.07151400
v -0.25462000 -0.00251300 0.07113400
v -0.25462000 -0.00464300 0.07255700
v -0.25462000 -0.00399700 0.07199100
v -0.25462000 -0.00651000 0.07634300
v -0.25462000 -0.00634200 0.07550100
v -0.25462000 -0.00606600 0.07468700
v -0.25462000 -0.00568600 0.07391700
v -0.25462000 -0.00651000 0.07805700
v -0.25462000 -0.00606600 0.07971300
v -0.25462000 -0.00634200 0.07889900
v -0.25462000 -0.00464300 0.08184300
v -0.25462000 -0.00568600 0.08048300
v -0.25462000 -0.00399700 0.08240900
v -0.25462000 -0.00169900 0.08354200
v -0.25462000 -0.00251300 0.08326600
v -0.25517900 0.00090300 0.08406100
v -0.25517900 0.00179100 0.08388400
v -0.25517900 0.00264800 0.08359300
v -0.25517900 0.00346000 0.08319300
v -0.25517900 0.00421300 0.08269000
v -0.25517900 0.00489300 0.08209300
v -0.25517900 0.00599300 0.08066000
v -0.25517900 0.00639300 0.07984800
v -0.25517900 0.00668400 0.07899100
v -0.25517900 0.00692000 0.07720000
v -0.25517900 0.00686100 0.07629700
v -0.25517900 0.00668400 0.07540900
v -0.25517900 0.00639300 0.07455200
v -0.25517900 0.00599300 0.07374000
v -0.25517900 0.00549000 0.07298700
v -0.25517900 0.00489300 0.07230700
v -0.25517900 0.00421300 0.07171000
v -0.25517900 0.00346000 0.07120700
v -0.25517900 0.00264800 0.07080700
v -0.25517900 0.00179100 0.07051600
v -0.25517900 0.00090300 0.07033900
v -0.25517900 0.00000000 0.07028000
v -0.25517900 -0.00090300 0.07033900
v -0.25517900 -0.00179100 0.07051600
v -0.25517900 -0.00264800 0.07080700
v -0.25517900 -0.00346000 0.07120700
v -0.25517900 -0.00421300 0.07171000
v -0.25517900 -0.00489300 0.07230700
v -0.25517900 -0.00599300 0.07374000
v -0.25517900 -0.00639300 0.07455200
v -0.25517900 -0.00668400 0.07540900
v -0.25517900 -0.00686100 0.07629700
v -0.25517900 -0.00692000 0.07720000
v -0.25517900 -0.00686100 0.07810300
v -0.25517900 -0.00668400 0.07899100
v -0.25517900 -0.00639300 0.07984800
v -0.25517900 -0.00599300 0.08066000
v -0.25517900 -0.00489300 0.08209300
v -0.25517900 -0.00421300 0.08269000
v -0.25517900 -0.00264800 0.08359300
v -0.25517900 -0.00179100 0.08388400
v -0.25462000 0.00000000 0.08376600
v -0.25462000 0.00085700 0.08371000
v -0.25462000 0.00169900 0.08354200
v -0.25462000 -0.00085700 0.08371000
v -0.25892500 0.02146700 0.10920000
v -0.25857600 0.02213125 0.10920000
v -0.25888000 0.02178600 0.10920000
v -0.25849600 0.02227700 0.10920000
v -0.25873100 0.02206500 0.10920000
v -0.25732600 0.02211100 0.10920000
v -0.25715900 0.02184200 0.10920000
v -0.25709300 0.02153300 0.10920000
v -0.25713900 0.02121400 0.10920000
v -0.25752300 0.02072300 0.10920000
v -0.25728800 0.02093500 0.10920000
v -0.25886000 0.02115800 0.10920000
v -0.25819700 0.02239700 0.10920000
v -0.25758000 0.02231000 0.10920000
v -0.25748650 0.02216750 0.10920000
v -0.25788100 0.02240700 0.10920000
v -0.25782200 0.02060300 0.10920000
v -0.25794947 0.02103991 0.10920000
v -0.25843900 0.02069000 0.10920000
v -0.25813800 0.02059300 0.10920000
v -0.25799500 0.02065000 0.10913300
v -0.25771300 0.02076400 0.10907700
v -0.25784400 0.02071100 0.10909000
v -0.25743100 0.02087700 0.10913300
v -0.25758200 0.02081600 0.10909000
v -0.25726600 0.02108800 0.10913300
v -0.25722300 0.02138900 0.10907700
v -0.25724300 0.02124800 0.10909000
v -0.25718100 0.02168900 0.10913300
v -0.25720400 0.02152900 0.10909000
v -0.25728100 0.02193800 0.10913300
v -0.25752000 0.02212500 0.10907700
v -0.25740800 0.02203700 0.10909000
v -0.25775900 0.02231200 0.10913300
v -0.25763100 0.02221200 0.10909000
v -0.25802400 0.02235000 0.10913300
v -0.25858700 0.02212300 0.10913300
v -0.25843700 0.02218300 0.10909000
v -0.25830600 0.02223600 0.10907700
v -0.25875300 0.02191200 0.10913300
v -0.25879500 0.02161100 0.10907700
v -0.25877500 0.02175200 0.10909000
v -0.25883800 0.02131100 0.10913300
v -0.25881500 0.02147100 0.10909000
v -0.25826000 0.02068800 0.10913300
v -0.25891200 0.04665900 0.10920000
v -0.25880400 0.04695600 0.10920000
v -0.25831900 0.04563700 0.10920000
v -0.25891100 0.04633700 0.10920000
v -0.25880200 0.04604000 0.10920000
v -0.25860200 0.04720000 0.10920000
v -0.25710700 0.04634100 0.10920000
v -0.25721500 0.04604300 0.10920000
v -0.25770000 0.04736300 0.10920000
v -0.25742000 0.04720200 0.10920000
v -0.25710700 0.04666300 0.10920000
v -0.25721700 0.04696000 0.10920000
v -0.25741700 0.04580000 0.10920000
v -0.25769600 0.04563900 0.10920000
v -0.25800700 0.04558300 0.10920000
v -0.25832300 0.04736100 0.10920000
v -0.25801100 0.04741700 0.10920000
v -0.25814100 0.04566000 0.10913300
v -0.25828200 0.04574100 0.10909000
v -0.25787300 0.04566100 0.10913300
v -0.25761000 0.04581400 0.10907700
v -0.25773300 0.04574200 0.10909000
v -0.25734800 0.04596600 0.10913300
v -0.25748800 0.04588500 0.10909000
v -0.25721500 0.04619800 0.10913300
v -0.25721600 0.04650200 0.10907700
v -0.25721500 0.04636000 0.10909000
v -0.25721600 0.04680600 0.10913300
v -0.25721600 0.04664300 0.10909000
v -0.25735000 0.04703700 0.10913300
v -0.25749100 0.04711800 0.10909000
v -0.25787700 0.04733900 0.10913300
v -0.25773700 0.04725900 0.10909000
v -0.25761400 0.04718800 0.10907700
v -0.25840800 0.04718600 0.10907700
v -0.25867100 0.04703400 0.10913300
v -0.25853000 0.04711500 0.10909000
v -0.25880400 0.04680200 0.10913300
v -0.25880300 0.04649800 0.10907700
v -0.25880200 0.04619400 0.10913300
v -0.25880300 0.04635700 0.10909000
v -0.25721500 0.04604300 0.10772400
v -0.25592600 -0.04646900 0.10920000
v -0.25587800 -0.04615600 0.10920000
v -0.25572200 -0.04587400 0.10920000
v -0.25482900 -0.04734900 0.10920000
v -0.25453500 -0.04723400 0.10920000
v -0.25429600 -0.04702600 0.10920000
v -0.25515100 -0.04735500 0.10920000
v -0.25586500 -0.04678000 0.10920000
v -0.25569800 -0.04705500 0.10920000
v -0.25518900 -0.04555100 0.10920000
v -0.25486700 -0.04554500 0.10920000
v -0.25456800 -0.04564700 0.10920000
v -0.25415400 -0.04612000 0.10920000
v -0.25432100 -0.04584500 0.10920000
v -0.25414100 -0.04674400 0.10920000
v -0.25409300 -0.04643100 0.10920000
v -0.25499300 -0.04724400 0.10907700
v -0.25468900 -0.04723700 0.10913300
v -0.25485100 -0.04724100 0.10909000
v -0.25446000 -0.04709800 0.10913300
v -0.25416700 -0.04656600 0.10913300
v -0.25424500 -0.04670800 0.10909000
v -0.25417300 -0.04629800 0.10913300
v -0.25433100 -0.04603800 0.10907700
v -0.25425700 -0.04616000 0.10909000
v -0.25448800 -0.04577900 0.10913300
v -0.25440400 -0.04591800 0.10909000
v -0.25516800 -0.04565900 0.10909000
v -0.25555900 -0.04580200 0.10913300
v -0.25570500 -0.04606800 0.10907700
v -0.25563700 -0.04594300 0.10909000
v -0.25585100 -0.04633400 0.10913300
v -0.25577300 -0.04619200 0.10909000
v -0.25584600 -0.04660200 0.10913300
v -0.25568800 -0.04686200 0.10907700
v -0.25576200 -0.04674000 0.10909000
v -0.25553100 -0.04712100 0.10913300
v -0.25561500 -0.04698200 0.10909000
v -0.25409300 -0.04643100 0.10772400
v -0.25592200 -0.01946100 0.10920000
v -0.25583500 -0.01915100 0.10920000
v -0.25463000 -0.02038400 0.10920000
v -0.25494200 -0.02046400 0.10920000
v -0.25507700 -0.01863600 0.10920000
v -0.25436900 -0.02020600 0.10920000
v -0.25418400 -0.01994900 0.10920000
v -0.25576700 -0.02006500 0.10920000
v -0.25554200 -0.02029600 0.10920000
v -0.25525700 -0.02043200 0.10920000
v -0.25589700 -0.01977700 0.10920000
v -0.25565000 -0.01889400 0.10920000
v -0.25425100 -0.01903500 0.10920000
v -0.25447700 -0.01880400 0.10920000
v -0.25476200 -0.01866700 0.10920000
v -0.25412100 -0.01932300 0.10920000
v -0.25409700 -0.01963900 0.10920000
v -0.25510700 -0.02039400 0.10913300
v -0.25481300 -0.02031900 0.10907700
v -0.25495000 -0.02035400 0.10909000
v -0.25451800 -0.02024400 0.10913300
v -0.25467600 -0.02028400 0.10909000
v -0.25432700 -0.02005600 0.10913300
v -0.25424500 -0.01976400 0.10907700
v -0.25428300 -0.01990100 0.10909000
v -0.25416300 -0.01947200 0.10913300
v -0.25420700 -0.01962800 0.10909000
v -0.25423000 -0.01921200 0.10913300
v -0.25444200 -0.01899500 0.10907700
v -0.25434300 -0.01909700 0.10909000
v -0.25465400 -0.01877800 0.10913300
v -0.25454100 -0.01889400 0.10909000
v -0.25506900 -0.01874600 0.10909000
v -0.25520600 -0.01878100 0.10907700
v -0.25569200 -0.01904300 0.10913300
v -0.25577400 -0.01933600 0.10907700
v -0.25573500 -0.01919900 0.10909000
v -0.25585600 -0.01962800 0.10913300
v -0.25578900 -0.01988800 0.10913300
v -0.25557700 -0.02010500 0.10907700
v -0.25567600 -0.02000300 0.10909000
v -0.25536500 -0.02032200 0.10913300
v -0.25547800 -0.02020600 0.10909000
v -0.25391800 0.02989400 0.10417525
v -0.25813058 0.03573267 0.09830800
v -0.25391800 0.03655147 0.10326362
v -0.25780511 0.03048662 0.09830800
v -0.25496200 0.03357737 0.09830800
v -0.25391800 0.03704400 0.09830800
v -0.25391800 0.03290588 0.09866806
v -0.25484131 0.03740700 0.09830800
v -0.25391800 0.03145600 0.09830800
v -0.25391800 0.03282284 0.10362372
v -0.25391800 0.03515175 0.10061200
v -0.24908200 -0.00266200 0.10730200
v -0.24973100 -0.00096700 0.11276000
v -0.24973200 -0.00103400 0.11278200
v -0.24915300 -0.00385400 0.10771600
v -0.24985000 -0.00238300 0.11333900
v -0.24928400 -0.00521600 0.10814200
v -0.24991000 -0.00306900 0.11362300
v -0.24999600 -0.00359000 0.11388800
v -0.24934000 -0.00562700 0.10825900
v -0.25001700 -0.00371500 0.11395200
v -0.24949000 -0.00674500 0.10857700
v -0.25023200 -0.00501700 0.11461600
v -0.24961200 -0.00747800 0.10877300
v -0.24930000 -0.00126700 0.10912000
v -0.24930900 -0.00015000 0.10887500
v -0.24930300 -0.00006400 0.10878500
v -0.24974500 0.00176400 0.11194200
v -0.24971300 0.00038600 0.11232400
v -0.24932100 -0.00058400 0.10915000
v -0.24970400 0.00105500 0.11210900
v -0.24932100 -0.00049500 0.10912500
v -0.24931500 -0.00025300 0.10898300
v -0.24928500 0.00006400 0.10854300
v -0.24927400 0.00009000 0.10842300
v -0.24926000 0.00012200 0.10827300
v -0.24923200 0.00010400 0.10799900
v -0.24906500 0.00007900 0.10634000
v -0.24903700 -0.00110000 0.10670000
v -0.24909900 -0.00141500 0.10735900
v -0.24906800 -0.00241500 0.10721600
v -0.24909400 -0.00116700 0.10724400
v -0.24907100 -0.00246300 0.10723300
v -0.24913700 -0.00177500 0.10776400
v -0.24919800 -0.00187000 0.10830000
v -0.24927400 -0.00155200 0.10892600
v -0.24922100 -0.00182700 0.10849100
v -0.24922600 -0.00181700 0.10853600
v -0.24925600 -0.00168800 0.10878200
v -0.24930900 -0.00109800 0.10916600
v -0.24931400 -0.00099900 0.10919200
v -0.24932100 -0.00072600 0.10918900
v -0.24974700 0.00180800 0.11193200
v -0.24928900 0.00284800 0.10549300
v -0.24982500 0.00316400 0.11161300
v -0.24983500 0.00324500 0.11160000
v -0.25023200 0.00614700 0.11120300
v -0.25008800 0.00529100 0.11128600
v -0.24960000 0.00489700 0.10486700
v -0.25001500 0.00469600 0.11137800
v -0.24999800 0.00456600 0.11139800
v -0.25804100 -0.00501700 0.11461600
v -0.25866200 -0.00747800 0.10877300
v -0.25794000 -0.00521700 0.11472400
v -0.25865000 -0.00754600 0.10877500
v -0.25844500 -0.00792700 0.10878700
v -0.25793800 -0.00522100 0.11472600
v -0.25849800 -0.00788300 0.10877400
v -0.25859000 -0.00773900 0.10873000
v -0.25801600 -0.00814400 0.10885400
v -0.25768400 -0.00687300 0.11189100
v -0.25759300 -0.00553200 0.11489300
v -0.25824700 -0.00806400 0.10882900
v -0.25779000 -0.00539300 0.11481900
v -0.25831700 -0.00803500 0.10882000
v -0.25779300 -0.00539100 0.11481800
v -0.25788400 -0.00532700 0.11478400
v -0.25735100 -0.00560100 0.11492700
v -0.25758300 -0.00553900 0.11489700
v -0.24957700 0.00171100 0.10584100
v -0.25859300 0.00511300 0.10480100
v -0.25843600 0.00529400 0.10474500
v -0.25836700 0.00537500 0.10472100
v -0.25920900 0.00007900 0.10634000
v -0.25898500 0.00284800 0.10549300
v -0.24983400 0.00529200 0.10474600
v -0.24975400 0.00523100 0.10476500
v -0.25824200 0.00542500 0.10470500
v -0.25860400 0.00510000 0.10480500
v -0.25867300 0.00489700 0.10486700
v -0.24982600 -0.00793600 0.10879000
v -0.25002400 -0.00807000 0.10883100
v -0.24967800 -0.00774200 0.10873100
v -0.24968400 -0.00775500 0.10873500
v -0.24982400 -0.00793200 0.10878900
v -0.25630200 -0.00834700 0.10891600
v -0.25002800 -0.00807300 0.10883200
v -0.25197200 -0.00834700 0.10891600
v -0.24964800 -0.00768200 0.10871300
v -0.25905200 0.00008200 0.10791000
v -0.25922500 0.00009000 0.10842300
v -0.25899600 0.00009200 0.10845400
v -0.25922500 0.00005200 0.10857500
v -0.25897600 -0.00001300 0.10870700
v -0.25922800 -0.00008600 0.10881500
v -0.25896400 -0.00014900 0.10887800
v -0.25923000 -0.00015000 0.10887600
v -0.25896100 -0.00018500 0.10892300
v -0.25923200 -0.00028300 0.10900600
v -0.25895400 -0.00040700 0.10908300
v -0.25923500 -0.00052300 0.10913600
v -0.25895200 -0.00058400 0.10915200
v -0.25923500 -0.00058400 0.10915000
v -0.25895200 -0.00063200 0.10917000
v -0.25923700 -0.00079400 0.10919700
v -0.25895700 -0.00090800 0.10919900
v -0.25896400 -0.00109900 0.10916700
v -0.25923600 -0.00106700 0.10918100
v -0.25923600 -0.00109900 0.10917000
v -0.25896700 -0.00117400 0.10915400
v -0.25923400 -0.00132700 0.10909200
v -0.25898500 -0.00142200 0.10903700
v -0.25899900 -0.00155100 0.10892400
v -0.25923100 -0.00155200 0.10893700
v -0.25923100 -0.00155700 0.10893100
v -0.25900800 -0.00163100 0.10885500
v -0.25903700 -0.00178000 0.10862600
v -0.25922700 -0.00172700 0.10872300
v -0.25905300 -0.00182400 0.10849000
v -0.25922500 -0.00182900 0.10849100
v -0.25922500 -0.00183700 0.10847300
v -0.25923000 -0.00156900 0.10748000
v -0.25923000 -0.00160200 0.10752200
v -0.25916000 -0.00159900 0.10752500
v -0.25922700 -0.00173900 0.10769600
v -0.25915200 -0.00168100 0.10760900
v -0.25922500 -0.00183700 0.10792700
v -0.25912700 -0.00181100 0.10784900
v -0.25922400 -0.00184400 0.10797600
v -0.25911200 -0.00184000 0.10797700
v -0.25922400 -0.00187500 0.10820000
v -0.25909700 -0.00187100 0.10811700
v -0.25906400 -0.00185500 0.10839800
v -0.24904900 -0.00186500 0.10833900
v -0.24904500 -0.00167000 0.10880700
v -0.24904100 -0.00147700 0.10899900
v -0.24903800 -0.00123600 0.10913200
v -0.24903800 -0.00109800 0.10916500
v -0.24903700 -0.00096600 0.10919600
v -0.24903700 -0.00069200 0.10918300
v -0.24903800 -0.00058500 0.10914800
v -0.24903900 -0.00043300 0.10909700
v -0.24904200 -0.00020400 0.10894100
v -0.24904400 -0.00015000 0.10887700
v -0.24904600 -0.00002800 0.10873000
v -0.24904900 0.00008500 0.10848000
v -0.25093500 0.00672100 0.11127100
v -0.25093900 0.00669500 0.11127600
v -0.25073900 0.00661600 0.11128100
v -0.25069000 0.00673700 0.11114300
v -0.25092400 0.00680100 0.11118500
v -0.25049400 0.00656900 0.11124800
v -0.25047700 0.00658500 0.11120600
v -0.25068300 0.00672900 0.11119300
v -0.25030800 0.00614100 0.11130400
v -0.25038300 0.00635800 0.11128900
v -0.25041600 0.00632500 0.11130100
v -0.25035000 0.00613400 0.11131500
v -0.25029500 0.00614300 0.11130100
v -0.25034900 0.00637400 0.11126300
v -0.25052200 0.00654200 0.11127600
v -0.25033400 0.00637300 0.11118100
v -0.25023300 0.00614700 0.11121000
v -0.25032600 0.00638400 0.11122500
v -0.25024600 0.00614700 0.11124500
v -0.25033600 0.00637700 0.11118000
v -0.25039000 0.00649800 0.11116800
v -0.25027200 0.00614600 0.11128000
v -0.25025300 0.00614800 0.11126300
v -0.25071100 0.00667500 0.11126700
v -0.25093200 0.00674100 0.11125900
v -0.25092400 0.00680100 0.11119200
v -0.25092800 0.00677100 0.11124200
v -0.25063100 0.00657300 0.11128400
v -0.25056600 0.00649900 0.11128900
v -0.25042500 0.00633500 0.11130000
v -0.24980800 -0.00098300 0.11286800
v -0.24977400 0.00040900 0.11240000
v -0.24982400 -0.00026300 0.11262400
v -0.24986800 -0.00097800 0.11289600
v -0.24991000 -0.00234600 0.11341000
v -0.25021100 -0.00422200 0.11431000
v -0.25007600 -0.00367200 0.11402100
v -0.24994600 -0.00227100 0.11338700
v -0.24995500 -0.00233700 0.11341800
v -0.24971000 0.00039200 0.11234600
v -0.24974400 -0.00100600 0.11281600
v -0.25001300 -0.00370500 0.11397300
v -0.24984600 -0.00237400 0.11336000
v -0.24974300 0.00181400 0.11195300
v -0.24984500 0.00325200 0.11163800
v -0.25001300 0.00469900 0.11140300
v -0.24987100 0.00325600 0.11167300
v -0.25003900 0.00470000 0.11143800
v -0.25014000 0.00472600 0.11148700
v -0.25002600 0.00396800 0.11157900
v -0.24990900 0.00325700 0.11169600
v -0.25007600 0.00469800 0.11146200
v -0.25013500 0.00469400 0.11149100
v -0.24985000 0.00183100 0.11201600
v -0.24980700 0.00182500 0.11200900
v -0.24984900 0.00181900 0.11201800
v -0.24983300 0.00041600 0.11242700
v -0.25025000 -0.00498700 0.11466200
v -0.25024600 -0.00499400 0.11465200
v -0.25030800 -0.00495600 0.11469600
v -0.25029100 -0.00496100 0.11469400
v -0.25027200 -0.00497300 0.11467900
v -0.25035000 -0.00494400 0.11470200
v -0.25031100 -0.00522000 0.11472600
v -0.25049300 -0.00534100 0.11488900
v -0.25047500 -0.00537700 0.11486300
v -0.25034800 -0.00517200 0.11479300
v -0.25032500 -0.00520100 0.11476600
v -0.25056500 -0.00547500 0.11486300
v -0.25048500 -0.00539400 0.11482000
v -0.25048300 -0.00539300 0.11481900
v -0.25031800 -0.00522600 0.11472900
v -0.25031500 -0.00522400 0.11472800
v -0.25093900 -0.00543100 0.11498300
v -0.25093200 -0.00547800 0.11499700
v -0.25071100 -0.00541900 0.11496400
v -0.25052000 -0.00530300 0.11489700
v -0.25069300 -0.00546400 0.11495800
v -0.25068200 -0.00550500 0.11493300
v -0.25092300 -0.00558600 0.11495100
v -0.25068700 -0.00551800 0.11488500
v -0.25092300 -0.00560100 0.11492700
v -0.25093100 -0.00548500 0.11499900
v -0.25092600 -0.00554100 0.11498800
v -0.25043800 -0.00511400 0.11479900
v -0.25038200 -0.00514300 0.11480600
v -0.25048500 -0.00520500 0.11485100
v -0.25056300 -0.00525800 0.11488200
v -0.25073300 -0.00537400 0.11495000
v -0.24962500 -0.00755200 0.10877400
v -0.25058900 -0.00687300 0.11189100
v -0.25733800 -0.00545500 0.11499400
v -0.25733500 -0.00543100 0.11498300
v -0.25753500 -0.00536200 0.11494300
v -0.25735000 -0.00557000 0.11496700
v -0.25779700 -0.00537800 0.11486400
v -0.25759100 -0.00550500 0.11493300
v -0.25758000 -0.00546400 0.11495800
v -0.25777900 -0.00534200 0.11488900
v -0.25796600 -0.00495600 0.11469700
v -0.25789100 -0.00514400 0.11480600
v -0.25785800 -0.00511000 0.11479700
v -0.25797800 -0.00495900 0.11469500
v -0.25792500 -0.00517200 0.11479300
v -0.25775200 -0.00530400 0.11489800
v -0.25804000 -0.00501300 0.11462200
v -0.25794800 -0.00520200 0.11476700
v -0.25802700 -0.00499400 0.11465200
v -0.25800100 -0.00497300 0.11467900
v -0.25802000 -0.00498400 0.11466600
v -0.25756200 -0.00541900 0.11496500
v -0.25734100 -0.00547800 0.11499500
v -0.25735000 -0.00556500 0.11497300
v -0.25734500 -0.00551300 0.11499700
v -0.25764300 -0.00532500 0.11492100
v -0.25770700 -0.00526100 0.11488400
v -0.25784900 -0.00511900 0.11480200
v -0.25846500 0.00182600 0.11201000
v -0.25850000 0.00040900 0.11240000
v -0.25844900 0.00109100 0.11221000
v -0.25840600 0.00182900 0.11203700
v -0.25840600 0.00183600 0.11203500
v -0.25836400 0.00325800 0.11169700
v -0.25806200 0.00531600 0.11139400
v -0.25819700 0.00469900 0.11146200
v -0.25832800 0.00318200 0.11172000
v -0.25831900 0.00325500 0.11170800
v -0.25813900 0.00469500 0.11148900
v -0.25856400 0.00039300 0.11234600
v -0.25852900 0.00181500 0.11195400
v -0.25854200 0.00176100 0.11192700
v -0.25825700 0.00469600 0.11138100
v -0.25827600 0.00456600 0.11139600
v -0.25826000 0.00470000 0.11140300
v -0.25836400 0.00397600 0.11146900
v -0.25842700 0.00325300 0.11163900
v -0.25842300 0.00324900 0.11161700
v -0.25854100 0.00181900 0.11191000
v -0.25853000 -0.00100500 0.11281500
v -0.25852600 -0.00101200 0.11279400
v -0.25842900 -0.00237400 0.11335800
v -0.25844800 -0.00231500 0.11328800
v -0.25843800 -0.00239000 0.11332300
v -0.25827600 -0.00358900 0.11389000
v -0.25826100 -0.00370500 0.11397200
v -0.25825900 -0.00371700 0.11395000
v -0.25818500 -0.00426100 0.11420700
v -0.25823400 0.00470100 0.11143800
v -0.25840100 0.00325700 0.11167400
v -0.25850200 0.00182200 0.11198700
v -0.25853700 0.00040300 0.11237900
v -0.25840200 -0.00235800 0.11338900
v -0.25823500 -0.00368600 0.11400200
v -0.25813400 -0.00368100 0.11405700
v -0.25836500 -0.00234600 0.11340900
v -0.25819700 -0.00367200 0.11402100
v -0.25842300 -0.00098500 0.11287700
v -0.25842400 -0.00097300 0.11287200
v -0.25844100 0.00041800 0.11242600
v -0.25802300 0.00614800 0.11125800
v -0.25802700 0.00614800 0.11124500
v -0.25804100 0.00614700 0.11120300
v -0.25796600 0.00614100 0.11130300
v -0.25798200 0.00614400 0.11129800
v -0.25856000 0.00038600 0.11232400
v -0.25856900 -0.00028900 0.11252000
v -0.25852900 -0.00096200 0.11277500
v -0.25792300 0.00613400 0.11131500
v -0.25713700 -0.00403900 0.11421500
v -0.25713700 -0.00369000 0.11403900
v -0.25713700 -0.00313800 0.11378050
v -0.25713700 -0.00258600 0.11352200
v -0.25113700 -0.00258600 0.11352200
v -0.25113700 -0.00369000 0.11403900
v -0.25113700 -0.00314100 0.11377400
v -0.25113700 -0.00438500 0.11439600
v -0.25713700 -0.00438500 0.11439600
v -0.25557800 -0.00557800 0.11507000
v -0.25573800 -0.00556500 0.11506300
v -0.25325300 -0.00560200 0.11508400
v -0.25253600 -0.00554900 0.11505300
v -0.25754000 0.00663000 0.11128000
v -0.25253500 0.00685100 0.11126700
v -0.25413600 0.00684100 0.11126800
v -0.25269500 0.00686600 0.11126600
v -0.25413800 0.00688300 0.11126500
v -0.25502000 0.00689300 0.11126400
v -0.25573800 0.00683200 0.11126800
v -0.25733500 0.00669500 0.11127600
v -0.25753000 0.00663700 0.11128000
v -0.25771000 0.00649500 0.11128900
v -0.25778800 0.00643400 0.11129300
v -0.25783500 0.00632900 0.11130100
v -0.25413600 -0.00571400 0.11510400
v -0.25413600 -0.00566400 0.11510900
v -0.25574500 -0.00566800 0.11507700
v -0.25574200 -0.00561700 0.11508200
v -0.25413600 -0.00575800 0.11507900
v -0.25503600 -0.00577300 0.11502900
v -0.25574700 -0.00571100 0.11505100
v -0.25574500 -0.00572000 0.11499800
v -0.25252600 -0.00571100 0.11505100
v -0.25203900 -0.00569500 0.11498300
v -0.25271100 -0.00575100 0.11501600
v -0.25253000 -0.00561700 0.11508100
v -0.25252800 -0.00566800 0.11507700
v -0.25623400 -0.00568400 0.11497700
v -0.25796200 0.00637600 0.11118000
v -0.25778000 0.00656800 0.11124800
v -0.25779800 0.00658400 0.11120700
v -0.25792500 0.00637400 0.11126300
v -0.25794800 0.00638300 0.11122500
v -0.25770900 0.00666400 0.11115100
v -0.25778900 0.00657300 0.11116100
v -0.25779000 0.00657200 0.11116100
v -0.25795500 0.00638300 0.11118000
v -0.25795800 0.00638000 0.11118000
v -0.25734100 0.00674200 0.11126100
v -0.25756300 0.00667400 0.11126700
v -0.25775300 0.00654100 0.11127600
v -0.25758000 0.00670900 0.11123600
v -0.25759100 0.00672900 0.11119300
v -0.25735000 0.00680000 0.11118400
v -0.25735100 0.00680600 0.11116300
v -0.25758800 0.00671200 0.11114600
v -0.25734200 0.00674900 0.11125900
v -0.25734800 0.00678900 0.11121800
v -0.25789100 0.00635700 0.11129000
v -0.25918900 -0.00266200 0.10730000
v -0.25919800 -0.00246300 0.10722600
v -0.25922700 -0.00173100 0.10695600
v -0.25896000 -0.00541300 0.10819600
v -0.25906600 -0.00448000 0.10791700
v -0.25917200 -0.00310400 0.10746300
v -0.25413700 0.00699800 0.11121800
v -0.25413700 0.00695900 0.11125000
v -0.25252800 0.00694400 0.11122100
v -0.25253100 0.00690500 0.11125300
v -0.25413700 0.00702000 0.11117200
v -0.25323800 0.00700500 0.11112300
v -0.25252700 0.00696600 0.11117500
v -0.25252900 0.00694300 0.11112600
v -0.25574700 0.00696600 0.11117500
v -0.25574300 0.00690500 0.11125300
v -0.25574600 0.00694400 0.11122100
v -0.25113700 -0.00259000 0.11351300
v -0.25713700 -0.00259000 0.11351300
v -0.25113700 -0.00349800 0.11393400
v -0.25713700 -0.00349800 0.11393400
v -0.25113700 -0.00438900 0.11438700
v -0.25713700 -0.00438900 0.11438700
v -0.25923200 -0.00146200 0.10739000
v -0.25840200 -0.00832800 0.09830000
v -0.25085500 0.00680900 0.09830000
v -0.25085500 -0.00855900 0.09830000
v -0.25833400 -0.00837900 0.09830000
v -0.25279500 0.00698900 0.09830000
v -0.25840200 0.00657800 0.09830000
v -0.25279500 -0.00873900 0.11120000
v -0.25012800 -0.00845100 0.11120000
v -0.25847900 0.00648900 0.11120000
v -0.25855600 0.00630200 0.11120000
v -0.25833400 0.00662900 0.11120000
v -0.25863700 0.00586900 0.09705000
v -0.25905700 0.00282900 0.09670000
v -0.24971700 -0.00805200 0.11120000
v -0.24933400 -0.00562800 0.11120000
v -0.24907000 -0.00246300 0.11120000
v -0.24907000 0.00071300 0.11120000
v -0.25847900 -0.00823900 0.11120000
v -0.25855600 -0.00805200 0.11120000
v -0.24766300 0.00941100 0.10920000
v -0.24685100 0.00859900 0.10920000
v -0.26153700 0.00802500 0.10920000
v -0.26142300 0.00859900 0.10920000
v -0.26153700 -0.00977500 0.10920000
v -0.26142300 -0.01034900 0.10920000
v -0.26003700 -0.01127500 0.10920000
v -0.26061100 -0.01116100 0.10920000
v -0.26109700 -0.01083600 0.10920000
v -0.24823700 -0.01127500 0.10920000
v -0.24685100 -0.01034900 0.10920000
v -0.24717600 -0.01083600 0.10920000
v -0.24673700 -0.00977500 0.10920000
v -0.24766300 -0.01116100 0.10920000
v -0.24823700 0.00952500 0.10920000
v -0.25012800 0.00670100 0.11120000
v -0.25920400 -0.00246300 0.11120000
v -0.25920400 0.00071300 0.11120000
v -0.25894000 -0.00562800 0.11120000
v -0.25894000 0.00387800 0.11120000
v -0.26003700 0.00852500 0.11120000
v -0.24823700 0.00852500 0.11120000
v -0.26003700 0.00860400 0.11119700
v -0.24823700 0.00860400 0.11119700
v -0.26003700 0.00906100 0.11104400
v -0.26003700 0.00930600 0.11082500
v -0.26003700 0.00946800 0.11053200
v -0.26003700 0.00952500 0.11020000
v -0.26019100 0.00850100 0.11120000
v -0.26033100 0.00842900 0.11120000
v -0.26021600 0.00857600 0.11119700
v -0.26051200 0.00817900 0.11120000
v -0.26044100 0.00831900 0.11120000
v -0.26050500 0.00836500 0.11119700
v -0.26058700 0.00820400 0.11119700
v -0.26061600 0.00802500 0.11119700
v -0.26088000 0.00829900 0.11112200
v -0.26092300 0.00802500 0.11112200
v -0.26035700 0.00901000 0.11104400
v -0.26102200 0.00834500 0.11104400
v -0.26107300 0.00802500 0.11104400
v -0.26125500 0.00842100 0.11082500
v -0.26131700 0.00802500 0.11082500
v -0.26037700 0.00849300 0.11119700
v -0.26055800 0.00874200 0.11112200
v -0.26064600 0.00886300 0.11104400
v -0.26043200 0.00924300 0.11082500
v -0.26079000 0.00906100 0.11082500
v -0.26048300 0.00939800 0.11053200
v -0.26088500 0.00919300 0.11053200
v -0.26075400 0.00854600 0.11112200
v -0.26107300 0.00877800 0.11082500
v -0.26120400 0.00887300 0.11053200
v -0.26140900 0.00847100 0.11053200
v -0.26148000 0.00802500 0.11053200
v -0.26050000 0.00945200 0.11020000
v -0.26153700 0.00802500 0.11020000
v -0.26146300 0.00848800 0.11020000
v -0.26141000 0.00859300 0.11020000
v -0.26125000 0.00890700 0.11020000
v -0.24776100 0.00817900 0.11120000
v -0.24765800 0.00802500 0.11119700
v -0.24783200 0.00831900 0.11120000
v -0.24768600 0.00820400 0.11119700
v -0.24808200 0.00850100 0.11120000
v -0.24789600 0.00849300 0.11119700
v -0.24805800 0.00857600 0.11119700
v -0.24796300 0.00886800 0.11112200
v -0.24735000 0.00802500 0.11112200
v -0.24739400 0.00829900 0.11112200
v -0.24776800 0.00836500 0.11119700
v -0.24761800 0.00864400 0.11112200
v -0.24739900 0.00863400 0.11104400
v -0.24701900 0.00842100 0.11082500
v -0.24720100 0.00877800 0.11082500
v -0.24706900 0.00887300 0.11053200
v -0.24771600 0.00874200 0.11112200
v -0.24748400 0.00906100 0.11082500
v -0.24738800 0.00919300 0.11053200
v -0.24681000 0.00848800 0.11020000
v -0.24686300 0.00859300 0.11020000
v -0.24702300 0.00890700 0.11020000
v -0.24777300 0.00945200 0.11020000
v -0.26131700 -0.00977500 0.11082500
v -0.26107300 -0.00977500 0.11104400
v -0.26061600 -0.00977500 0.11119700
v -0.26053700 -0.00977500 0.11120000
v -0.24720100 -0.00977500 0.11104400
v -0.24695600 -0.00977500 0.11082500
v -0.26051200 -0.00992900 0.11120000
v -0.26044100 -0.01006900 0.11120000
v -0.26058700 -0.00995400 0.11119700
v -0.26033100 -0.01017900 0.11120000
v -0.26050500 -0.01011500 0.11119700
v -0.26019100 -0.01025100 0.11120000
v -0.26037700 -0.01024300 0.11119700
v -0.26003700 -0.01027500 0.11120000
v -0.26021600 -0.01032600 0.11119700
v -0.26003700 -0.01035400 0.11119700
v -0.26031100 -0.01061800 0.11112200
v -0.26003700 -0.01066100 0.11112200
v -0.26088000 -0.01004900 0.11112200
v -0.26102200 -0.01009500 0.11104400
v -0.26035700 -0.01076000 0.11104400
v -0.26003700 -0.01081100 0.11104400
v -0.26043200 -0.01099300 0.11082500
v -0.26003700 -0.01105600 0.11082500
v -0.26125500 -0.01017100 0.11082500
v -0.26055800 -0.01049200 0.11112200
v -0.26064600 -0.01061300 0.11104400
v -0.26079000 -0.01081100 0.11082500
v -0.26048300 -0.01114800 0.11053200
v -0.26003700 -0.01121800 0.11053200
v -0.26146300 -0.01023900 0.11020000
v -0.26075400 -0.01029600 0.11112200
v -0.26087500 -0.01038400 0.11104400
v -0.26107300 -0.01052800 0.11082500
v -0.26125000 -0.01065700 0.11020000
v -0.26108400 -0.01082300 0.11020000
v -0.26003700 -0.01127500 0.11020000
v -0.26050000 -0.01120200 0.11020000
v -0.26060400 -0.01114800 0.11020000
v -0.26091800 -0.01098800 0.11020000
v -0.24791700 -0.01076000 0.11104400
v -0.24725100 -0.01009500 0.11104400
v -0.24701900 -0.01017100 0.11082500
v -0.24771600 -0.01049200 0.11112200
v -0.24762800 -0.01061300 0.11104400
v -0.24739900 -0.01038400 0.11104400
v -0.24720100 -0.01052800 0.11082500
v -0.24706900 -0.01062300 0.11053200
v -0.24686400 -0.01022100 0.11053200
v -0.24777300 -0.01120200 0.11020000
v -0.24766900 -0.01114800 0.11020000
v -0.24735500 -0.01098800 0.11020000
v -0.24681000 -0.01023900 0.11020000
v -0.24686300 -0.01034300 0.11020000
v -0.24702300 -0.01065700 0.11020000
v -0.24950700 -0.08058013 0.03702663
v -0.00566250 0.16078000 0.14292100
v -0.00828638 0.16078000 0.14664475
v -0.00444187 0.16078000 0.14585413
v -0.00815812 -0.16078000 0.14585413
v -0.00431362 -0.16078000 0.14664475
v -0.00693750 -0.16078000 0.14292100
v -0.24950700 -0.08158900 0.03239000
v -0.24950700 -0.08391631 0.03637712
v -0.24529000 -0.05884800 0.12786900
v -0.24531900 -0.05899700 0.12785300
v -0.24564600 -0.05884800 0.12865000
v -0.24567600 -0.05899700 0.12863900
v -0.24590500 -0.05884800 0.12946900
v -0.24606300 -0.05884800 0.13031300
v -0.24609500 -0.05899700 0.13030900
v -0.24611900 -0.05884800 0.13117000
v -0.24615100 -0.05899700 0.13117000
v -0.24607100 -0.05884800 0.13202700
v -0.24610300 -0.05899700 0.13203100
v -0.24591900 -0.05884800 0.13287300
v -0.24595100 -0.05899700 0.13288000
v -0.24531800 -0.05884800 0.13447800
v -0.24487700 -0.05884800 0.13521500
v -0.24490400 -0.05899700 0.13523300
v -0.24435000 -0.05884800 0.13589300
v -0.24437400 -0.05899700 0.13591500
v -0.24374600 -0.05884800 0.13650300
v -0.24307200 -0.05884800 0.13703600
v -0.24233900 -0.05884800 0.13748300
v -0.24235400 -0.05899700 0.13751100
v -0.24155700 -0.05884800 0.13783900
v -0.24156900 -0.05899700 0.13786900
v -0.24073800 -0.05884800 0.13809800
v -0.23989400 -0.05884800 0.13825600
v -0.23989800 -0.05899700 0.13828800
v -0.23903700 -0.05884800 0.13831200
v -0.23903700 -0.05899700 0.13834400
v -0.23818000 -0.05884800 0.13826300
v -0.23817600 -0.05899700 0.13829500
v -0.23733500 -0.05884800 0.13811200
v -0.23732700 -0.05899700 0.13814300
v -0.23651400 -0.05884800 0.13786000
v -0.23650200 -0.05899700 0.13789000
v -0.23431400 -0.05884800 0.13654300
v -0.23429300 -0.05899700 0.13656700
v -0.23370400 -0.05884800 0.13593800
v -0.23368000 -0.05899700 0.13596000
v -0.23317200 -0.05884800 0.13526500
v -0.23314500 -0.05899700 0.13528300
v -0.23272400 -0.05884800 0.13453100
v -0.23269600 -0.05899700 0.13454700
v -0.23195100 -0.05884800 0.13208700
v -0.23191900 -0.05899700 0.13209100
v -0.23189600 -0.05884800 0.13123000
v -0.23186400 -0.05899700 0.13123000
v -0.23194400 -0.05884800 0.13037200
v -0.23191200 -0.05899700 0.13036900
v -0.23209500 -0.05884800 0.12952700
v -0.23206400 -0.05899700 0.12952000
v -0.23234700 -0.05884800 0.12870600
v -0.23231700 -0.05899700 0.12869500
v -0.23269600 -0.05884800 0.12792200
v -0.23266800 -0.05899700 0.12790700
v -0.23313800 -0.05884800 0.12718500
v -0.23311100 -0.05899700 0.12716700
v -0.23366400 -0.05884800 0.12650700
v -0.23364000 -0.05899700 0.12648500
v -0.23426900 -0.05884800 0.12589700
v -0.23424800 -0.05899700 0.12587300
v -0.23494300 -0.05884800 0.12536400
v -0.23492400 -0.05899700 0.12533800
v -0.23567600 -0.05884800 0.12491700
v -0.23566100 -0.05899700 0.12488900
v -0.23645700 -0.05884800 0.12456100
v -0.23644600 -0.05899700 0.12453100
v -0.23727600 -0.05884800 0.12430200
v -0.23726900 -0.05899700 0.12427100
v -0.23812000 -0.05884800 0.12414400
v -0.23897700 -0.05884800 0.12408900
v -0.23983500 -0.05884800 0.12413700
v -0.23983800 -0.05899700 0.12410500
v -0.24068000 -0.05884800 0.12428800
v -0.24068800 -0.05899700 0.12425700
v -0.24150100 -0.05884800 0.12454000
v -0.24228600 -0.05884800 0.12488900
v -0.24370100 -0.05884800 0.12585700
v -0.24372200 -0.05899700 0.12583300
v -0.24431000 -0.05884800 0.12646200
v -0.24433500 -0.05899700 0.12644000
v -0.24484300 -0.05884800 0.12713600
v -0.24486900 -0.05899700 0.12711700
v -0.24222300 -0.05865700 0.12501100
v -0.24145300 -0.05865700 0.12466800
v -0.24064800 -0.05865700 0.12442100
v -0.23981900 -0.05865700 0.12427300
v -0.23897800 -0.05865700 0.12422500
v -0.23813700 -0.05865700 0.12428000
v -0.23731000 -0.05865700 0.12443500
v -0.23650700 -0.05865700 0.12468900
v -0.23574000 -0.05865700 0.12503800
v -0.23502100 -0.05865700 0.12547700
v -0.23436000 -0.05865700 0.12599900
v -0.23376700 -0.05865700 0.12659700
v -0.23325000 -0.05865700 0.12726200
v -0.23281800 -0.05865700 0.12798500
v -0.23222800 -0.05865700 0.12955900
v -0.23208000 -0.05865700 0.13038800
v -0.23203300 -0.05865700 0.13122900
v -0.23208700 -0.05865700 0.13207000
v -0.23224200 -0.05865700 0.13289800
v -0.23249600 -0.05865700 0.13370100
v -0.23284500 -0.05865700 0.13446700
v -0.23328400 -0.05865700 0.13518600
v -0.23380600 -0.05865700 0.13584700
v -0.23440400 -0.05865700 0.13644000
v -0.23506900 -0.05865700 0.13695700
v -0.23579200 -0.05865700 0.13738900
v -0.23656200 -0.05865700 0.13773200
v -0.23736700 -0.05865700 0.13797900
v -0.23819600 -0.05865700 0.13812700
v -0.23903700 -0.05865700 0.13817500
v -0.24070500 -0.05865700 0.13796500
v -0.24150800 -0.05865700 0.13771100
v -0.24227500 -0.05865700 0.13736200
v -0.24299400 -0.05865700 0.13692300
v -0.24365400 -0.05865700 0.13640100
v -0.24424700 -0.05865700 0.13580300
v -0.24476400 -0.05865700 0.13513800
v -0.24519700 -0.05865700 0.13441500
v -0.24578600 -0.05865700 0.13284100
v -0.24593500 -0.05865700 0.13201200
v -0.24598200 -0.05865700 0.13117100
v -0.24592800 -0.05865700 0.13033000
v -0.24577200 -0.05865700 0.12950200
v -0.24551800 -0.05865700 0.12869900
v -0.24402800 -0.05847100 0.12671400
v -0.24345100 -0.05847100 0.12614200
v -0.24211100 -0.05847100 0.12522500
v -0.24136800 -0.05847100 0.12489500
v -0.24059100 -0.05847100 0.12465600
v -0.23979100 -0.05847100 0.12451300
v -0.23897900 -0.05847100 0.12446700
v -0.23816800 -0.05847100 0.12452000
v -0.23736900 -0.05847100 0.12467000
v -0.23659300 -0.05847100 0.12491500
v -0.23585300 -0.05847100 0.12525200
v -0.23515900 -0.05847100 0.12567500
v -0.23452200 -0.05847100 0.12617900
v -0.23394900 -0.05847100 0.12675700
v -0.23345000 -0.05847100 0.12739900
v -0.23303300 -0.05847100 0.12809600
v -0.23270200 -0.05847100 0.12883900
v -0.23232000 -0.05847100 0.13041700
v -0.23227500 -0.05847100 0.13122800
v -0.23232700 -0.05847100 0.13204000
v -0.23247700 -0.05847100 0.13283900
v -0.23272200 -0.05847100 0.13361400
v -0.23305900 -0.05847100 0.13435400
v -0.23348300 -0.05847100 0.13504800
v -0.23398700 -0.05847100 0.13568600
v -0.23456400 -0.05847100 0.13625800
v -0.23520600 -0.05847100 0.13675700
v -0.23590400 -0.05847100 0.13717500
v -0.23822400 -0.05847100 0.13788700
v -0.23903600 -0.05847100 0.13793200
v -0.24142100 -0.05847100 0.13748500
v -0.24216100 -0.05847100 0.13714800
v -0.24285500 -0.05847100 0.13672500
v -0.24349300 -0.05847100 0.13622000
v -0.24406600 -0.05847100 0.13564300
v -0.24555100 -0.05847100 0.13278400
v -0.24569400 -0.05847100 0.13198300
v -0.24574000 -0.05847100 0.13117200
v -0.24568700 -0.05847100 0.13036000
v -0.24553800 -0.05847100 0.12956100
v -0.24529200 -0.05847100 0.12878600
v -0.24377100 -0.05829300 0.12694300
v -0.24322400 -0.05829300 0.12640000
v -0.24261400 -0.05829300 0.12592700
v -0.24124800 -0.05829300 0.12521700
v -0.24051000 -0.05829300 0.12499100
v -0.23975100 -0.05829300 0.12485500
v -0.23898000 -0.05829300 0.12481100
v -0.23821000 -0.05829300 0.12486100
v -0.23671700 -0.05829300 0.12523600
v -0.23601500 -0.05829300 0.12555600
v -0.23535600 -0.05829300 0.12595800
v -0.23475100 -0.05829300 0.12643600
v -0.23420700 -0.05829300 0.12698400
v -0.23373400 -0.05829300 0.12759300
v -0.23333800 -0.05829300 0.12825500
v -0.23302400 -0.05829300 0.12896000
v -0.23279800 -0.05829300 0.12969700
v -0.23266200 -0.05829300 0.13045700
v -0.23261900 -0.05829300 0.13122700
v -0.23266900 -0.05829300 0.13199700
v -0.23376500 -0.05829300 0.13485100
v -0.23424300 -0.05829300 0.13545700
v -0.23479100 -0.05829300 0.13600000
v -0.23540000 -0.05829300 0.13647300
v -0.23606200 -0.05829300 0.13686900
v -0.24200000 -0.05829300 0.13684400
v -0.24265900 -0.05829300 0.13644200
v -0.24326400 -0.05829300 0.13596400
v -0.24380700 -0.05829300 0.13541600
v -0.24428000 -0.05829300 0.13480700
v -0.24467700 -0.05829300 0.13414500
v -0.24499000 -0.05829300 0.13344000
v -0.24521700 -0.05829300 0.13270300
v -0.24535300 -0.05829300 0.13194300
v -0.24539600 -0.05829300 0.13117300
v -0.24344300 -0.05812500 0.12723700
v -0.24293300 -0.05812500 0.12673100
v -0.24236600 -0.05812500 0.12629000
v -0.24109300 -0.05812500 0.12562900
v -0.24040600 -0.05812500 0.12541800
v -0.23969900 -0.05812500 0.12529200
v -0.23898200 -0.05812500 0.12525200
v -0.23826500 -0.05812500 0.12529800
v -0.23755900 -0.05812500 0.12543000
v -0.23687500 -0.05812500 0.12564700
v -0.23622100 -0.05812500 0.12594500
v -0.23560800 -0.05812500 0.12631900
v -0.23504400 -0.05812500 0.12676400
v -0.23453800 -0.05812500 0.12727400
v -0.23409800 -0.05812500 0.12784200
v -0.23372900 -0.05812500 0.12845800
v -0.23343700 -0.05812500 0.12911400
v -0.23322600 -0.05812500 0.12980100
v -0.23309900 -0.05812500 0.13050800
v -0.23305900 -0.05812500 0.13122500
v -0.23310500 -0.05812500 0.13194200
v -0.23323800 -0.05812500 0.13264800
v -0.23345400 -0.05812500 0.13333300
v -0.23412600 -0.05812500 0.13460000
v -0.23457200 -0.05812500 0.13516300
v -0.23508200 -0.05812500 0.13566900
v -0.23564900 -0.05812500 0.13611000
v -0.23831500 -0.05812500 0.13710800
v -0.23903200 -0.05812500 0.13714800
v -0.23903000 -0.05797100 0.13661800
v -0.23974900 -0.05812500 0.13710200
v -0.24179400 -0.05812500 0.13645500
v -0.24297100 -0.05812500 0.13563600
v -0.24347600 -0.05812500 0.13512600
v -0.24391700 -0.05812500 0.13455800
v -0.24428600 -0.05812500 0.13394200
v -0.24457800 -0.05812500 0.13328600
v -0.24478900 -0.05812500 0.13259900
v -0.24438900 -0.05797100 0.13183000
v -0.24491500 -0.05812500 0.13189200
v -0.24495600 -0.05812500 0.13117500
v -0.24304800 -0.05797100 0.12759000
v -0.24258300 -0.05797100 0.12712900
v -0.24206600 -0.05797100 0.12672800
v -0.24122300 -0.05783200 0.12693500
v -0.24150500 -0.05797100 0.12639200
v -0.24090700 -0.05797100 0.12612600
v -0.24028200 -0.05797100 0.12593400
v -0.23963800 -0.05797100 0.12581900
v -0.23898400 -0.05797100 0.12578200
v -0.23833200 -0.05797100 0.12582400
v -0.23768800 -0.05797100 0.12594500
v -0.23706500 -0.05797100 0.12614200
v -0.23646900 -0.05797100 0.12641300
v -0.23591100 -0.05797100 0.12675400
v -0.23539700 -0.05797100 0.12716000
v -0.23493700 -0.05797100 0.12762400
v -0.23453500 -0.05797100 0.12814100
v -0.23419900 -0.05797100 0.12870200
v -0.23362600 -0.05797100 0.13057000
v -0.23358900 -0.05797100 0.13122300
v -0.23363200 -0.05797100 0.13187600
v -0.23375200 -0.05797100 0.13251900
v -0.23394900 -0.05797100 0.13314300
v -0.23456100 -0.05797100 0.13429700
v -0.23496700 -0.05797100 0.13481000
v -0.23543200 -0.05797100 0.13527100
v -0.23594800 -0.05797100 0.13567200
v -0.23837700 -0.05797100 0.13658100
v -0.23968300 -0.05797100 0.13657600
v -0.24442500 -0.05797100 0.13117700
v -0.24259100 -0.05783200 0.12799800
v -0.24217900 -0.05783200 0.12758900
v -0.24172100 -0.05783200 0.12723300
v -0.24090700 -0.05771100 0.12754300
v -0.24069300 -0.05783200 0.12669900
v -0.24013800 -0.05783200 0.12652900
v -0.23956700 -0.05783200 0.12642700
v -0.23898700 -0.05783200 0.12639400
v -0.23840800 -0.05783200 0.12643100
v -0.23783800 -0.05783200 0.12653900
v -0.23728400 -0.05783200 0.12671300
v -0.23675600 -0.05783200 0.12695400
v -0.23626100 -0.05783200 0.12725600
v -0.23580500 -0.05783200 0.12761600
v -0.23539700 -0.05783200 0.12802800
v -0.23504100 -0.05783200 0.12848600
v -0.23474200 -0.05783200 0.12898400
v -0.23450600 -0.05783200 0.12951500
v -0.23433600 -0.05783200 0.13006900
v -0.23491400 -0.05771100 0.13072000
v -0.23423400 -0.05783200 0.13064100
v -0.23420100 -0.05783200 0.13122000
v -0.23423900 -0.05783200 0.13179900
v -0.23434600 -0.05783200 0.13237000
v -0.23452100 -0.05783200 0.13292300
v -0.23506400 -0.05783200 0.13394700
v -0.23542400 -0.05783200 0.13440200
v -0.23628700 -0.05771100 0.13429600
v -0.23629400 -0.05783200 0.13516700
v -0.23787700 -0.05783200 0.13587100
v -0.23844800 -0.05783200 0.13597300
v -0.23902800 -0.05783200 0.13600600
v -0.23960700 -0.05783200 0.13596900
v -0.24175400 -0.05783200 0.13514400
v -0.24220900 -0.05783200 0.13478400
v -0.24238900 -0.05771100 0.12884400
v -0.24172700 -0.05771100 0.12810400
v -0.24133400 -0.05771100 0.12779800
v -0.24045200 -0.05771100 0.12734000
v -0.23997700 -0.05771100 0.12719400
v -0.23948700 -0.05771100 0.12710700
v -0.23899000 -0.05771100 0.12707900
v -0.23753000 -0.05771100 0.12735300
v -0.23707700 -0.05771100 0.12755900
v -0.23665200 -0.05771100 0.12781800
v -0.23626100 -0.05771100 0.12812700
v -0.23591100 -0.05771100 0.12848000
v -0.23560600 -0.05771100 0.12887300
v -0.23535000 -0.05771100 0.12930000
v -0.23514800 -0.05771100 0.12975500
v -0.23500200 -0.05771100 0.13023100
v -0.23488600 -0.05771100 0.13121700
v -0.23491800 -0.05771100 0.13171400
v -0.23501000 -0.05771100 0.13220300
v -0.23516000 -0.05771100 0.13267800
v -0.23536600 -0.05771100 0.13313100
v -0.23562600 -0.05771100 0.13355500
v -0.23593400 -0.05771100 0.13394600
v -0.23668100 -0.05771100 0.13460200
v -0.23756200 -0.05771100 0.13506000
v -0.23803800 -0.05771100 0.13520600
v -0.23852800 -0.05771100 0.13529300
v -0.24048500 -0.05771100 0.13504700
v -0.24093800 -0.05771100 0.13484100
v -0.24136300 -0.05771100 0.13458200
v -0.24175300 -0.05771100 0.13427300
v -0.24210400 -0.05771100 0.13392000
v -0.24240900 -0.05771100 0.13352700
v -0.24264800 -0.05771100 0.12926900
v -0.24177600 -0.05760900 0.12927200
v -0.24152400 -0.05760900 0.12895200
v -0.24056300 -0.05760900 0.12820600
v -0.24019100 -0.05760900 0.12804000
v -0.23980100 -0.05760900 0.12792000
v -0.23961300 -0.05752800 0.12869600
v -0.23940000 -0.05760900 0.12784900
v -0.23899300 -0.05760900 0.12782600
v -0.23779700 -0.05760900 0.12805000
v -0.23742700 -0.05760900 0.12821900
v -0.23647200 -0.05760900 0.12897300
v -0.23622200 -0.05760900 0.12929500
v -0.23584700 -0.05760900 0.13001700
v -0.23572800 -0.05760900 0.13040600
v -0.23565600 -0.05760900 0.13080700
v -0.23565900 -0.05760900 0.13162100
v -0.23573500 -0.05760900 0.13202100
v -0.23585700 -0.05760900 0.13241000
v -0.23602600 -0.05760900 0.13278100
v -0.23623800 -0.05760900 0.13312900
v -0.23649100 -0.05760900 0.13344800
v -0.23745200 -0.05760900 0.13419400
v -0.23782400 -0.05760900 0.13436000
v -0.23821400 -0.05760900 0.13448000
v -0.24021700 -0.05760900 0.13435000
v -0.24058800 -0.05760900 0.13418100
v -0.24125600 -0.05760900 0.13371600
v -0.24154300 -0.05760900 0.13342700
v -0.24156600 -0.05752800 0.13150000
v -0.24238200 -0.05760900 0.13118600
v -0.24198900 -0.05760900 0.12961900
v -0.24112200 -0.05752800 0.12972700
v -0.24092900 -0.05752800 0.12948300
v -0.24019500 -0.05752800 0.12891400
v -0.23991100 -0.05752800 0.12878700
v -0.23930700 -0.05752800 0.12864100
v -0.23868600 -0.05752800 0.12864400
v -0.23838000 -0.05752800 0.12870100
v -0.23808400 -0.05752800 0.12879500
v -0.23780000 -0.05752800 0.12892400
v -0.23753500 -0.05752800 0.12908600
v -0.23729100 -0.05752800 0.12927900
v -0.23672100 -0.05752800 0.13001200
v -0.23659400 -0.05752800 0.13029600
v -0.23650300 -0.05752800 0.13059400
v -0.23644800 -0.05752800 0.13090000
v -0.23645100 -0.05752800 0.13152100
v -0.23650800 -0.05752800 0.13182700
v -0.23660200 -0.05752800 0.13212400
v -0.23673100 -0.05752800 0.13240700
v -0.23689300 -0.05752800 0.13267300
v -0.23708600 -0.05752800 0.13291700
v -0.23730700 -0.05752800 0.13313600
v -0.23782000 -0.05752800 0.13348600
v -0.23810400 -0.05752800 0.13361300
v -0.23840100 -0.05752800 0.13370400
v -0.23870800 -0.05752800 0.13375900
v -0.23932900 -0.05752800 0.13375600
v -0.23963400 -0.05752800 0.13369900
v -0.24072400 -0.05752800 0.13312100
v -0.24094300 -0.05752800 0.13290000
v -0.24158400 -0.05752800 0.13118900
v -0.24128400 -0.05752800 0.12999300
v -0.24043500 -0.05747000 0.13020600
v -0.23980900 -0.05747000 0.12965600
v -0.23961700 -0.05747000 0.12957100
v -0.23941700 -0.05747000 0.12950900
v -0.23879000 -0.05747000 0.12947400
v -0.23858400 -0.05747000 0.12951300
v -0.23801300 -0.05747000 0.12977300
v -0.23784800 -0.05747000 0.12990300
v -0.23746400 -0.05747000 0.13039800
v -0.23737800 -0.05747000 0.13059000
v -0.23731700 -0.05747000 0.13079100
v -0.23728000 -0.05747000 0.13099800
v -0.23747100 -0.05747000 0.13201500
v -0.23758000 -0.05747000 0.13219400
v -0.23771000 -0.05747000 0.13235900
v -0.23785900 -0.05747000 0.13250700
v -0.23820500 -0.05747000 0.13274400
v -0.23839700 -0.05747000 0.13282900
v -0.23859800 -0.05747000 0.13289100
v -0.23922400 -0.05747000 0.13292600
v -0.23943100 -0.05747000 0.13288700
v -0.24054400 -0.05747000 0.13038500
v 0.03911762 0.07267862 0.02840000
v 0.03990900 -0.00371450 0.02840000
v 0.03606350 0.06256650 0.02840000
v 0.03864300 0.00000000 0.02840000
v 0.03842200 -0.00082500 0.02840000
v 0.03665117 -0.01437183 0.02840000
v 0.03534300 0.00000000 0.02840000
v 0.03586600 0.00112700 0.02840000
v 0.03699300 -0.06935000 0.02840000
v 0.03530350 -0.07169475 0.02840000
v 0.03616800 -0.06957100 0.02840000
v 0.03249300 0.07700000 0.02840000
v -0.25708400 -0.04060000 0.10772500
v -0.25708400 -0.04057500 0.09642500
v -0.25732700 -0.04050700 0.10772500
v -0.25423200 -0.04060000 0.09852500
v -0.25427500 -0.04055000 0.10772500
v -0.25405900 -0.04052100 0.09852500
v -0.25728400 -0.03531900 0.10590300
v -0.25778200 -0.03532200 0.10590200
v -0.25728400 -0.03539000 0.10584200
v -0.25777700 -0.03538800 0.10584500
v -0.25777700 -0.03538900 0.10584200
v -0.25728400 -0.03497544 0.10586019
v -0.25728400 -0.03542600 0.10575500
v -0.25728400 -0.03540000 0.10592500
v -0.25728400 -0.03760000 0.10594700
v -0.25728400 -0.03540000 0.10594700
v -0.25728400 -0.02807900 0.10339600
v -0.25728400 -0.02817856 0.10584462
v -0.25728400 -0.02840000 0.10592500
v -0.25728400 -0.03060000 0.10594700
v -0.25728400 -0.02840000 0.10594700
v -0.25725100 -0.03282400 0.10557500
v -0.25724000 -0.03273100 0.10555500
v -0.25768400 -0.03278600 0.10532500
v -0.25767300 -0.03269400 0.10530500
v -0.25723900 -0.03272900 0.10555500
v -0.25721000 -0.03266100 0.10550300
v -0.25720800 -0.03266000 0.10550100
v -0.25728400 -0.03405000 0.10092500
v -0.25728400 -0.03195000 0.10090400
v -0.25728400 -0.03460700 0.10048450
v -0.25725100 -0.03317600 0.10557500
v -0.25768400 -0.03321400 0.10532500
v -0.25767300 -0.03330600 0.10530500
v -0.25720800 -0.03334000 0.10550100
v -0.25721000 -0.03333900 0.10550300
v -0.25764300 -0.03337700 0.10525300
v -0.25767200 -0.03330900 0.10530500
v -0.25723900 -0.03327200 0.10555400
v -0.25724000 -0.03326900 0.10555500
v -0.25759700 -0.03341300 0.10517400
v -0.25716400 -0.03337500 0.10542400
v -0.25728400 -0.03617933 0.10212327
v -0.25273400 -0.02957400 0.10109800
v -0.25273600 -0.02955000 0.10092500
v -0.25268800 -0.03044800 0.10607900
v -0.25233400 -0.03039900 0.10572500
v -0.25235100 -0.03030400 0.10570800
v -0.25239700 -0.03023200 0.10566300
v -0.25275100 -0.03028100 0.10601600
v -0.25235200 -0.03030200 0.10570800
v -0.25270500 -0.03035200 0.10606200
v -0.25233400 -0.03080100 0.10572500
v -0.25268800 -0.03075200 0.10607900
v -0.25270500 -0.03084700 0.10606200
v -0.25270500 -0.03084900 0.10606200
v -0.25275100 -0.03091900 0.10601600
v -0.25239700 -0.03096800 0.10566200
v -0.25273600 -0.03165000 0.10092500
v -0.25273400 -0.03165000 0.10090400
v -0.25273400 -0.02955000 0.10090400
v -0.25273600 -0.03435000 0.10092500
v -0.25273400 -0.03437400 0.10109800
v -0.25246200 -0.03499900 0.10559800
v -0.25281600 -0.03504800 0.10595100
v -0.25239700 -0.03503200 0.10566300
v -0.25275100 -0.03508100 0.10601600
v -0.25235200 -0.03510200 0.10570800
v -0.25270500 -0.03515200 0.10606200
v -0.25725700 -0.03990000 0.10732500
v -0.25728400 -0.03897550 0.10661600
v -0.25728400 -0.03980000 0.10732500
v -0.25728400 -0.03516400 0.10732500
v -0.25728400 -0.02696600 0.10652500
v -0.25728400 -0.03980000 0.10006500
v -0.25728400 -0.03980000 0.09642500
v -0.25725700 -0.03990000 0.09642500
v -0.25273400 -0.02953900 0.10101000
v -0.25273400 -0.02946800 0.10094800
v -0.25273400 -0.03173200 0.10094800
v -0.25273400 -0.03433900 0.10101000
v -0.25728400 -0.03786687 0.10591188
v -0.25728400 -0.03170997 0.10580844
v -0.25728400 -0.02862200 0.10092500
v -0.25728400 -0.03149225 0.10095413
v -0.25728400 -0.02806913 0.09962925
v -0.25728400 -0.03394825 0.09788128
f 5 12 196
f 196 12 175
f 175 12 5
f 3 148 168
f 148 16 168
f 287 19 175
f 15 13 14
f 14 13 160
f 41 43 54
f 43 41 10
f 43 10 54
f 10 44 54
f 45 44 10
f 54 44 45
f 220 48 51
f 51 48 45
f 48 220 54
f 54 220 153
f 41 60 10
f 10 60 69
f 68 102 65
f 69 65 102
f 290 74 102
f 102 74 69
f 82 78 205
f 82 205 284
f 90 91 92
f 96 91 45
f 101 100 102
f 102 100 290
f 78 289 205
f 140 119 168
f 168 119 288
f 265 136 251
f 139 138 228
f 137 146 138
f 137 138 139
f 142 139 251
f 140 143 141
f 141 143 142
f 141 142 251
f 137 143 168
f 139 142 137
f 137 142 143
f 136 144 251
f 251 144 141
f 141 144 140
f 228 138 145
f 145 138 146
f 145 146 168
f 228 147 16
f 145 147 228
f 16 148 228
f 228 148 3
f 149 45 150
f 8 153 41
f 41 153 152
f 149 150 51
f 51 150 229
f 13 163 160
f 15 168 13
f 13 168 163
f 168 186 163
f 5 194 175
f 175 194 186
f 196 197 5
f 5 197 194
f 197 196 198
f 196 84 199
f 240 131 273
f 36 205 211
f 36 211 206
f 206 211 207
f 206 207 208
f 208 207 209
f 208 209 210
f 211 205 210
f 210 205 212
f 210 212 208
f 213 68 214
f 41 214 68
f 216 217 218
f 215 102 219
f 219 102 68
f 219 68 218
f 218 68 213
f 218 213 216
f 84 196 175
f 3 224 14
f 3 14 28
f 28 14 160
f 168 224 3
f 14 224 168
f 19 283 175
f 16 147 145
f 16 145 168
f 96 28 154
f 154 229 150
f 154 150 96
f 92 91 96
f 150 230 92
f 150 92 96
f 92 230 90
f 257 273 284
f 240 273 257
f 119 140 288
f 288 291 243
f 288 243 286
f 265 135 136
f 251 139 96
f 96 139 228
f 96 228 3
f 45 265 96
f 96 3 28
f 90 45 91
f 48 54 45
f 45 90 150
f 150 90 230
f 265 270 291
f 10 270 265
f 51 45 149
f 284 29 257
f 51 229 272
f 51 272 220
f 220 272 153
f 284 273 286
f 273 131 84
f 291 274 69
f 270 10 291
f 291 10 274
f 10 265 45
f 265 251 96
f 8 280 54
f 8 54 153
f 41 280 8
f 54 280 41
f 74 290 69
f 265 140 144
f 265 144 135
f 284 35 29
f 283 273 84
f 82 284 78
f 175 283 84
f 196 199 198
f 65 69 41
f 41 69 60
f 36 35 205
f 217 216 285
f 285 216 101
f 285 101 215
f 215 101 102
f 10 69 274
f 65 41 68
f 206 151 36
f 151 35 36
f 284 205 35
f 205 289 212
f 284 286 78
f 19 287 283
f 283 287 273
f 273 288 286
f 186 168 175
f 175 168 287
f 287 168 288
f 287 288 273
f 78 25 289
f 243 291 286
f 78 290 100
f 78 100 25
f 15 14 168
f 140 291 288
f 146 137 168
f 286 69 290
f 286 290 78
f 143 140 168
f 140 265 291
f 286 291 69
f 152 292 41
f 41 292 214
f 311 312 313
f 315 316 295
f 293 317 318
f 384 324 325
f 331 330 452
f 332 333 320
f 320 333 336
f 335 334 336
f 339 338 304
f 403 452 329
f 329 452 330
f 340 341 342
f 343 344 345
f 345 344 346
f 368 409 366
f 348 327 441
f 327 354 441
f 353 352 441
f 396 353 441
f 355 356 354
f 356 430 396
f 357 354 358
f 355 357 358
f 354 357 355
f 362 359 436
f 361 359 362
f 436 422 362
f 362 422 326
f 436 364 363
f 367 366 365
f 375 370 452
f 352 371 360
f 437 371 374
f 451 373 374
f 376 378 433
f 377 378 376
f 379 380 352
f 374 380 385
f 382 384 442
f 383 381 382
f 382 381 384
f 325 324 385
f 374 381 389
f 385 380 379
f 385 379 386
f 384 325 379
f 379 325 386
f 385 386 325
f 387 383 382
f 442 322 382
f 382 322 387
f 323 322 388
f 389 387 322
f 383 387 389
f 383 389 381
f 322 323 389
f 389 323 390
f 389 390 391
f 389 391 336
f 392 393 335
f 388 392 394
f 388 394 323
f 323 394 395
f 323 395 390
f 336 391 335
f 335 391 392
f 393 392 388
f 334 335 393
f 398 397 430
f 397 398 396
f 377 400 399
f 377 399 433
f 400 377 376
f 449 400 376
f 449 321 400
f 401 402 369
f 341 402 342
f 342 402 401
f 404 403 329
f 331 404 329
f 452 370 331
f 331 370 404
f 375 405 370
f 405 389 332
f 332 303 405
f 303 320 304
f 338 339 454
f 406 398 435
f 295 316 296
f 296 316 326
f 296 326 408
f 407 305 408
f 419 314 297
f 312 343 313
f 313 343 345
f 313 345 298
f 298 345 346
f 298 346 347
f 347 328 299
f 299 328 368
f 366 409 410
f 410 409 411
f 410 411 412
f 413 309 308
f 309 413 414
f 326 422 307
f 307 422 415
f 307 415 308
f 308 415 416
f 308 416 413
f 298 297 313
f 313 297 314
f 313 314 420
f 313 420 417
f 313 417 311
f 311 417 412
f 311 412 418
f 418 412 411
f 420 419 417
f 419 420 314
f 366 421 365
f 410 421 366
f 444 309 414
f 306 305 326
f 326 305 407
f 326 407 408
f 440 444 414
f 440 414 363
f 440 363 364
f 307 306 326
f 413 422 414
f 414 422 363
f 363 422 436
f 347 409 328
f 328 409 368
f 436 359 360
f 436 360 423
f 436 423 437
f 424 316 348
f 348 354 327
f 424 326 316
f 316 315 348
f 348 315 425
f 348 425 354
f 425 426 354
f 317 358 354
f 317 354 318
f 318 354 426
f 318 426 425
f 318 425 293
f 293 425 315
f 293 315 294
f 294 315 295
f 437 423 360
f 437 360 371
f 427 428 358
f 427 358 310
f 310 358 317
f 358 428 355
f 430 428 427
f 355 430 356
f 355 428 430
f 396 430 397
f 372 429 399
f 399 429 431
f 399 431 433
f 429 432 431
f 433 432 429
f 374 434 437
f 437 434 445
f 427 310 430
f 430 310 435
f 430 435 398
f 440 364 436
f 374 352 380
f 374 371 352
f 352 438 443
f 443 438 396
f 396 438 352
f 354 396 441
f 396 439 443
f 443 439 398
f 398 439 396
f 431 432 433
f 377 433 378
f 445 434 374
f 375 374 373
f 447 444 440
f 445 440 436
f 374 385 381
f 381 385 324
f 379 352 442
f 379 442 384
f 398 406 319
f 398 319 443
f 354 356 396
f 450 375 446
f 450 446 340
f 372 299 429
f 429 448 433
f 321 449 450
f 375 389 405
f 445 374 375
f 375 373 451
f 375 451 389
f 352 353 396
f 393 443 301
f 301 443 319
f 429 299 368
f 321 450 369
f 448 376 433
f 448 429 368
f 343 409 344
f 366 367 368
f 448 449 376
f 450 340 369
f 332 336 333
f 336 334 393
f 336 393 302
f 302 393 300
f 388 322 442
f 388 442 393
f 360 359 361
f 360 361 348
f 360 348 352
f 352 348 441
f 326 424 362
f 362 424 361
f 361 424 348
f 352 443 442
f 442 443 393
f 300 393 301
f 340 446 375
f 340 375 452
f 340 452 341
f 341 452 403
f 447 440 445
f 445 436 437
f 451 374 389
f 332 389 336
f 320 336 337
f 337 336 302
f 342 453 340
f 401 453 342
f 375 449 445
f 447 368 365
f 447 365 444
f 444 365 421
f 368 367 365
f 448 368 447
f 448 447 445
f 448 445 449
f 375 450 449
f 369 340 401
f 401 340 453
f 332 320 303
f 329 330 331
f 454 339 304
f 337 304 320
f 456 11 455
f 11 33 455
f 459 31 458
f 458 31 32
f 458 32 457
f 457 32 30
f 37 460 38
f 38 460 461
f 462 463 34
f 466 200 467
f 467 200 204
f 467 204 468
f 468 204 203
f 464 201 465
f 465 201 202
f 473 349 471
f 471 349 350
f 471 350 351
f 473 40 472
f 469 9 470
f 470 9 42
f 40 39 472
f 475 47 474
f 474 47 46
f 479 52 478
f 476 50 477
f 477 50 49
f 486 53 485
f 485 53 55
f 487 57 480
f 57 56 480
f 484 481 58
f 482 483 59
f 490 282 491
f 491 282 281
f 492 279 493
f 493 278 494
f 494 278 277
f 494 277 488
f 488 276 489
f 489 276 275
f 498 64 497
f 497 64 63
f 496 62 495
f 62 61 495
f 70 499 71
f 501 67 500
f 500 67 66
f 502 77 507
f 506 76 505
f 505 76 75
f 504 72 503
f 503 72 73
f 508 83 509
f 509 83 79
f 510 80 511
f 511 80 81
f 513 1 514
f 514 1 225
f 515 227 516
f 516 227 226
f 517 223 518
f 518 223 222
f 519 221 512
f 512 221 2
f 520 87 523
f 523 87 86
f 522 85 521
f 521 85 88
f 524 195 525
f 525 195 193
f 526 191 527
f 527 191 190
f 527 190 528
f 528 190 189
f 529 192 530
f 530 192 188
f 531 187 532
f 532 187 4
f 533 534 185
f 534 184 185
f 536 182 537
f 537 182 181
f 538 180 535
f 535 180 183
f 533 179 539
f 539 178 540
f 540 178 176
f 540 176 541
f 541 176 174
f 536 177 182
f 7 542 543
f 544 170 543
f 7 6 542
f 545 166 546
f 546 165 547
f 165 164 547
f 548 173 549
f 549 173 172
f 550 171 551
f 551 171 169
f 551 169 552
f 552 169 167
f 553 158 554
f 555 157 556
f 556 157 156
f 557 159 558
f 558 159 161
f 559 162 560
f 560 162 155
f 562 231 563
f 563 231 232
f 564 234 561
f 561 234 233
f 566 99 567
f 567 99 98
f 568 97 569
f 569 97 95
f 570 89 571
f 571 89 94
f 571 94 565
f 565 94 93
f 575 267 574
f 573 269 572
f 572 269 268
f 572 268 580
f 579 264 578
f 578 264 263
f 577 266 576
f 576 266 271
f 582 255 581
f 581 255 256
f 590 258 589
f 589 258 259
f 589 259 588
f 588 259 262
f 588 262 587
f 587 262 261
f 587 261 586
f 586 261 260
f 585 253 584
f 584 253 252
f 584 252 583
f 583 252 254
f 599 110 600
f 600 110 109
f 591 108 592
f 592 108 107
f 593 103 594
f 594 103 104
f 596 595 105
f 596 105 597
f 597 105 106
f 598 106 111
f 601 27 602
f 602 27 26
f 603 117 604
f 604 117 116
f 605 115 606
f 606 115 113
f 606 113 607
f 607 113 112
f 607 112 608
f 608 112 114
f 609 128 618
f 618 128 127
f 617 125 616
f 125 126 616
f 615 122 614
f 614 122 121
f 614 121 613
f 613 121 120
f 612 124 611
f 611 124 123
f 611 123 610
f 610 123 118
f 619 246 620
f 620 246 245
f 621 249 622
f 622 249 248
f 624 623 247
f 625 244 626
f 626 244 250
f 631 24 632
f 632 24 23
f 632 23 633
f 633 23 22
f 627 21 628
f 628 21 20
f 629 18 630
f 630 18 17
f 639 134 638
f 134 133 638
f 636 637 132
f 635 130 634
f 634 130 129
f 642 641 236
f 644 643 242
f 644 242 645
f 645 242 241
f 646 239 647
f 647 239 238
f 648 237 640
f 640 237 235
f 653 672 655
f 655 672 654
f 653 656 657
f 659 658 672
f 659 672 660
f 660 672 657
f 657 672 653
f 657 651 660
f 661 652 649
f 656 651 657
f 662 651 656
f 652 651 662
f 652 662 663
f 651 652 661
f 652 663 649
f 662 665 664
f 665 662 656
f 665 656 655
f 655 656 653
f 666 669 667
f 666 668 669
f 668 666 658
f 658 666 673
f 658 673 672
f 672 673 666
f 667 655 654
f 667 654 666
f 666 654 674
f 666 674 672
f 672 674 654
f 664 650 649
f 664 649 662
f 662 649 663
f 658 659 668
f 649 650 661
f 675 671 670
f 680 682 681
f 683 681 682
f 683 682 678
f 683 678 681
f 681 678 679
f 682 680 677
f 682 677 678
f 678 677 676
f 678 676 679
f 687 718 719
f 687 719 686
f 686 720 716
f 687 721 722
f 687 722 718
f 694 723 695
f 724 725 692
f 692 725 726
f 692 726 693
f 693 726 727
f 728 729 684
f 730 731 685
f 684 732 733
f 684 733 728
f 689 734 685
f 685 735 730
f 737 738 691
f 691 738 739
f 688 740 736
f 741 742 690
f 690 742 743
f 690 743 691
f 691 743 744
f 691 744 737
f 717 745 690
f 690 745 746
f 690 746 741
f 747 743 748
f 751 739 738
f 751 738 752
f 747 744 743
f 759 727 726
f 759 726 760
f 764 721 765
f 767 720 768
f 764 722 721
f 770 771 772
f 774 773 775
f 774 775 776
f 776 775 777
f 776 777 778
f 780 779 781
f 780 781 782
f 782 781 783
f 782 783 784
f 784 783 785
f 784 785 786
f 788 787 789
f 788 789 790
f 796 795 797
f 796 797 798
f 801 802 803
f 808 807 809
f 808 809 810
f 810 809 811
f 810 811 812
f 818 817 819
f 818 819 820
f 824 823 825
f 824 825 826
f 826 825 827
f 826 827 828
f 828 827 829
f 828 829 830
f 830 829 831
f 830 831 832
f 832 831 833
f 832 833 834
f 837 836 838
f 837 838 839
f 841 840 842
f 841 842 770
f 770 842 771
f 771 843 844
f 771 844 773
f 773 844 767
f 773 767 775
f 775 767 768
f 775 768 777
f 777 768 769
f 777 769 779
f 779 769 764
f 779 764 781
f 783 765 766
f 783 766 785
f 787 761 762
f 787 762 789
f 791 763 758
f 791 758 792
f 811 757 755
f 811 755 813
f 813 755 756
f 813 756 815
f 823 753 754
f 823 754 825
f 825 754 750
f 825 750 827
f 831 747 833
f 838 749 845
f 838 845 840
f 749 746 745
f 749 745 845
f 767 716 720
f 812 846 810
f 810 846 847
f 810 847 808
f 816 849 850
f 816 850 814
f 814 850 851
f 822 854 821
f 821 854 855
f 821 855 820
f 828 857 826
f 826 857 858
f 826 858 824
f 824 858 859
f 824 859 856
f 834 860 832
f 832 860 861
f 828 863 857
f 837 864 835
f 835 864 865
f 835 865 834
f 839 866 837
f 837 866 867
f 837 867 864
f 839 868 869
f 839 869 866
f 776 871 774
f 774 871 872
f 774 872 772
f 772 872 873
f 772 873 870
f 778 874 776
f 776 874 875
f 776 875 871
f 782 876 780
f 780 876 877
f 780 877 778
f 778 877 878
f 778 878 874
f 788 879 786
f 786 879 880
f 786 880 784
f 782 882 876
f 790 883 884
f 790 884 788
f 796 886 794
f 794 887 793
f 793 887 888
f 793 888 885
f 800 889 799
f 799 890 798
f 801 891 800
f 803 892 893
f 801 894 891
f 806 895 896
f 806 896 805
f 805 896 897
f 805 897 804
f 804 898 892
f 899 900 901
f 901 902 903
f 904 905 899
f 904 908 905
f 909 910 911
f 906 912 907
f 918 917 919
f 918 919 920
f 920 919 921
f 920 921 915
f 922 923 924
f 924 923 925
f 924 925 916
f 926 927 922
f 928 929 930
f 930 931 926
f 926 932 927
f 933 934 935
f 935 934 936
f 935 936 937
f 937 936 938
f 937 938 928
f 928 939 929
f 940 941 942
f 942 941 943
f 942 943 933
f 944 945 940
f 948 947 949
f 948 949 944
f 944 950 945
f 951 952 953
f 953 954 955
f 946 956 947
f 958 959 951
f 964 963 965
f 960 966 967
f 968 969 970
f 970 969 971
f 970 971 962
f 972 973 968
f 974 975 976
f 978 977 979
f 978 979 980
f 980 979 981
f 980 981 974
f 974 982 975
f 711 983 984
f 984 985 711
f 711 985 986
f 710 987 709
f 709 988 708
f 707 989 990
f 707 990 706
f 706 990 991
f 991 992 706
f 706 992 993
f 706 993 705
f 705 993 994
f 705 994 704
f 994 995 704
f 704 995 996
f 704 996 703
f 997 998 702
f 999 1000 701
f 701 1001 700
f 700 1002 1003
f 699 1003 1004
f 699 1004 698
f 698 1004 1005
f 1005 1006 698
f 698 1007 697
f 697 1008 1009
f 697 1009 696
f 1009 1010 696
f 696 1011 715
f 1012 1013 714
f 713 1016 712
f 712 1016 1017
f 1026 884 1024
f 1024 884 883
f 1028 876 1029
f 1029 876 882
f 1029 882 1030
f 1030 882 881
f 1031 875 1032
f 1032 875 874
f 1032 874 1027
f 1027 874 878
f 1031 871 875
f 1036 1037 1033
f 1033 1037 870
f 1038 867 1039
f 1039 867 866
f 1041 865 1038
f 1038 865 864
f 1038 864 867
f 1044 863 1045
f 1045 863 862
f 1050 853 1047
f 1047 853 852
f 1051 848 1049
f 1049 848 851
f 1054 974 1055
f 1055 974 976
f 1061 960 1062
f 1062 960 961
f 1066 953 1067
f 1067 953 955
f 1067 955 1068
f 1068 955 946
f 1068 946 1069
f 1069 946 948
f 1069 948 1070
f 1071 940 1072
f 1072 940 942
f 1073 933 1074
f 1074 933 935
f 1074 935 1075
f 1075 935 937
f 1076 928 1077
f 1077 928 930
f 1077 930 1078
f 1078 930 926
f 1079 922 1080
f 1080 922 924
f 1082 920 1083
f 1083 920 915
f 1085 914 1086
f 1086 914 913
f 1096 1054 1097
f 1097 1054 1055
f 1020 1056 1019
f 1019 1056 1057
f 1019 1057 1018
f 1018 1057 1058
f 1018 1058 1021
f 1021 1058 1059
f 1023 1060 1022
f 1022 1060 1061
f 1024 1063 1026
f 1026 1063 1064
f 1026 1064 1025
f 1025 1064 1065
f 1030 1067 1029
f 1029 1067 1068
f 1028 1069 1027
f 1027 1069 1070
f 1027 1070 1032
f 1032 1070 1071
f 1032 1071 1031
f 1031 1071 1072
f 1036 1075 1035
f 1035 1075 1076
f 1035 1076 1034
f 1034 1076 1077
f 1039 1078 1038
f 1038 1078 1079
f 1041 1080 1040
f 1040 1080 1081
f 1045 1082 1044
f 1044 1082 1083
f 1043 1084 1042
f 1042 1084 1085
f 1046 1087 1048
f 1048 1087 1088
f 1047 1089 1050
f 1050 1089 1090
f 1049 1091 1051
f 1051 1091 1092
f 1053 1093 1052
f 1052 1093 1094
f 1095 897 1098
f 1098 897 896
f 1098 896 1052
f 1052 896 895
f 941 1001 1000
f 1014 982 1015
f 1014 975 982
f 957 1010 1009
f 957 1009 959
f 956 1005 1004
f 956 1004 947
f 950 1003 1002
f 950 1002 945
f 1000 943 941
f 1119 1118 1115
f 1108 1120 1115
f 1115 1121 1119
f 1109 1122 1108
f 1108 1122 1123
f 1108 1123 1120
f 1106 1125 1107
f 1107 1126 1124
f 1105 1127 1106
f 1106 1127 1128
f 1112 1130 1104
f 1104 1130 1131
f 1104 1131 1129
f 1112 1132 1133
f 1112 1133 1130
f 1114 1111 1134
f 1103 1135 1102
f 1102 1135 1136
f 1111 1136 1137
f 1099 1139 1101
f 1101 1139 1140
f 1101 1140 1138
f 1110 1141 1099
f 1099 1141 1142
f 1099 1142 1139
f 1118 1143 1117
f 1158 1161 1146
f 1146 1161 1162
f 1163 1158 1157
f 1156 1164 1157
f 1157 1164 1165
f 1151 1166 1156
f 1156 1166 1167
f 1168 1151 1150
f 1150 1169 1170
f 1150 1170 1168
f 1155 1171 1154
f 1154 1171 1172
f 1154 1172 1169
f 1155 1153 1173
f 1173 1153 1174
f 1160 1175 1152
f 1152 1176 1153
f 1153 1176 1177
f 1153 1177 1174
f 1149 1178 1159
f 1145 1179 1149
f 1149 1179 1180
f 1149 1180 1178
f 1181 1145 1144
f 1147 1182 1144
f 1148 1183 1147
f 1147 1184 1182
f 1164 1185 1165
f 1189 1202 1192
f 1189 1203 1204
f 1205 1190 1191
f 1200 1206 1207
f 1198 1209 1210
f 1198 1210 1208
f 1197 1211 1199
f 1199 1211 1212
f 1199 1212 1209
f 1195 1213 1196
f 1187 1215 1188
f 1188 1215 1216
f 1188 1216 1214
f 1186 1217 1187
f 1187 1217 1218
f 1187 1218 1215
f 1194 1220 1193
f 1193 1221 1219
f 1194 1222 1223
f 1194 1223 1220
f 1210 1224 1208
f 1208 1224 1201
f 1228 1243 1244
f 1228 1244 1242
f 1230 1245 1227
f 1227 1245 1246
f 1227 1246 1243
f 1247 1230 1231
f 1231 1248 1249
f 1231 1249 1247
f 1240 1250 1241
f 1241 1250 1251
f 1238 1253 1237
f 1237 1253 1254
f 1237 1254 1252
f 1239 1255 1238
f 1238 1255 1256
f 1229 1258 1257
f 1259 1236 1226
f 1225 1260 1226
f 1226 1260 1261
f 1226 1261 1259
f 1235 1262 1225
f 1263 1235 1232
f 1232 1264 1265
f 1232 1265 1263
f 1234 1266 1233
f 1233 1266 1267
f 1233 1267 1264
f 1271 1272 1269
f 1275 1269 1272
f 1275 1272 1276
f 1276 1272 1271
f 1277 1270 1278
f 1268 1277 1274
f 1274 1277 1278
f 1274 1278 1273
f 1273 1278 1270
f 1279 1280 1281
f 1279 1281 1282
f 1282 1283 1284
f 1287 1288 1289
f 1289 1290 1291
f 1293 1294 1295
f 1296 1297 1298
f 1298 1299 1295
f 1295 1299 1300
f 1295 1300 1293
f 1294 1301 1295
f 1307 1308 1309
f 1309 1308 1306
f 1310 1311 1279
f 1279 1315 1280
f 1296 1318 1319
f 1303 1304 1295
f 1295 1304 1305
f 1295 1305 1320
f 1320 1305 1321
f 1320 1321 1322
f 1326 1325 1327
f 1329 1330 1331
f 1335 1331 1336
f 1336 1331 1332
f 1340 1339 1341
f 1340 1341 1342
f 1342 1341 1343
f 1342 1343 1333
f 1333 1343 1344
f 1333 1344 1334
f 1345 1346 1338
f 1338 1346 1339
f 1356 1348 1357
f 1347 1321 1305
f 1347 1305 1306
f 1369 1368 1370
f 1371 1370 1372
f 1373 1374 1375
f 1375 1374 1376
f 1375 1376 1377
f 1377 1376 1378
f 1379 1378 1380
f 1379 1380 1381
f 1381 1380 1382
f 1381 1382 1383
f 1383 1382 1384
f 1382 1385 1384
f 1384 1385 1386
f 1387 1386 1388
f 1387 1388 1389
f 1389 1388 1390
f 1388 1391 1390
f 1393 1392 1394
f 1396 1395 1397
f 1396 1397 1398
f 1400 1401 1402
f 1406 1405 1407
f 1408 1409 1398
f 1398 1409 1410
f 1398 1410 1396
f 1312 1411 1314
f 1316 1412 1313
f 1292 1413 1414
f 1292 1414 1317
f 1317 1414 1415
f 1317 1415 1318
f 1318 1416 1319
f 1319 1416 1417
f 1297 1417 1418
f 1299 1418 1419
f 1299 1419 1300
f 1300 1419 1420
f 1300 1420 1293
f 1293 1420 1421
f 1293 1421 1294
f 1301 1422 1423
f 1301 1423 1302
f 1424 1425 1426
f 1432 1433 1434
f 1324 1439 1440
f 1440 1441 1442
f 1443 1444 1430
f 1436 1445 1437
f 1437 1445 1446
f 1441 1446 1442
f 1427 1428 1431
f 1424 1426 1447
f 1447 1426 1451
f 1447 1451 1438
f 1438 1451 1452
f 1438 1452 1433
f 1439 1443 1441
f 1441 1430 1437
f 1437 1430 1429
f 1443 1354 1353
f 1443 1353 1444
f 1454 1455 1456
f 1457 1461 1458
f 1458 1462 1460
f 1463 1464 1280
f 1465 1286 1285
f 1466 1285 1283
f 1466 1283 1464
f 1464 1281 1280
f 1468 1320 1322
f 1322 1323 1468
f 1468 1323 1328
f 1468 1328 1469
f 1469 1328 1327
f 1469 1327 1442
f 1442 1327 1325
f 1442 1325 1440
f 1440 1325 1324
f 1470 1467 1468
f 1469 1442 1446
f 1473 1474 1475
f 1478 1477 1479
f 1465 1481 1482
f 1465 1482 1288
f 1288 1482 1290
f 1280 1296 1463
f 1463 1296 1298
f 1471 1432 1475
f 1483 1460 1459
f 1487 1290 1482
f 1488 1489 1490
f 1492 1493 1489
f 1489 1493 1494
f 1491 1494 1495
f 1500 1499 1501
f 1504 1503 1505
f 1501 1506 1507
f 1483 1486 1508
f 1496 1487 1491
f 1491 1487 1482
f 1491 1482 1490
f 1490 1485 1484
f 1509 1508 1510
f 1500 1510 1511
f 1500 1511 1499
f 1499 1511 1512
f 1502 1492 1489
f 1509 1490 1484
f 1513 1291 1290
f 1360 1366 1496
f 1496 1366 1513
f 1496 1513 1487
f 1360 1496 1361
f 1361 1496 1495
f 1362 1494 1358
f 1358 1493 1359
f 1493 1492 1359
f 1359 1504 1364
f 1364 1504 1514
f 1515 1516 1517
f 1339 1520 1519
f 1519 1520 1521
f 1523 1524 1525
f 1523 1526 1524
f 1329 1331 1529
f 1529 1331 1530
f 1334 1344 1519
f 1519 1343 1341
f 1536 1537 1521
f 1520 1346 1518
f 1521 1518 1536
f 1515 1517 1534
f 1534 1517 1538
f 1528 1539 1524
f 1524 1539 1540
f 1331 1334 1530
f 1530 1519 1527
f 1527 1519 1522
f 1527 1522 1528
f 1528 1522 1521
f 1528 1521 1534
f 1534 1521 1537
f 1541 1542 1543
f 1543 1544 1541
f 1541 1545 1546
f 1545 1549 1546
f 1546 1549 1550
f 1546 1550 1548
f 1552 1553 1554
f 1557 1558 1559
f 1559 1558 1560
f 1553 1560 1561
f 1553 1561 1554
f 1562 1563 1564
f 1565 1566 1564
f 1564 1566 1567
f 1564 1567 1568
f 1568 1567 1569
f 1531 1569 1570
f 1531 1570 1529
f 1572 1559 1573
f 1573 1559 1553
f 1568 1531 1533
f 1576 1533 1532
f 1576 1532 1526
f 1557 1583 1584
f 1586 1587 1571
f 1554 1588 1552
f 1552 1588 1589
f 1552 1589 1562
f 1562 1589 1590
f 1562 1590 1563
f 1526 1523 1576
f 1576 1523 1579
f 1576 1579 1575
f 1575 1579 1578
f 1574 1542 1573
f 1573 1542 1541
f 1571 1548 1586
f 1586 1548 1547
f 1586 1547 1591
f 1592 1593 1577
f 1598 1462 1596
f 1599 1486 1459
f 1599 1459 1597
f 1540 1600 1525
f 1592 1577 1600
f 1605 1606 1607
f 1607 1608 1609
f 1609 1610 1607
f 1434 1453 1435
f 1435 1453 1605
f 1435 1605 1472
f 1472 1591 1547
f 1472 1551 1476
f 1476 1550 1473
f 1580 1595 1457
f 1581 1456 1582
f 1582 1456 1480
f 1582 1480 1543
f 1543 1480 1479
f 1543 1479 1544
f 1516 1515 1602
f 1601 1620 1618
f 1622 1623 1624
f 1505 1503 1626
f 1497 1604 1498
f 1498 1629 1506
f 1518 1345 1630
f 1624 1623 1630
f 1515 1535 1620
f 1620 1535 1619
f 1619 1535 1537
f 1619 1537 1536
f 1621 1627 1625
f 1621 1625 1629
f 1629 1625 1507
f 1629 1507 1506
f 1604 1603 1628
f 1628 1618 1629
f 1629 1618 1617
f 1629 1617 1621
f 1623 1536 1518
f 1631 1585 1584
f 1632 1633 1634
f 1634 1633 1635
f 1633 1638 1635
f 1635 1638 1639
f 1613 1641 1642
f 1648 1645 1647
f 1642 1641 1649
f 1642 1649 1644
f 1644 1649 1650
f 1644 1650 1645
f 1586 1591 1616
f 1640 1631 1635
f 1586 1616 1651
f 1651 1616 1615
f 1651 1615 1643
f 1643 1615 1614
f 1648 1636 1645
f 1645 1636 1633
f 1644 1633 1632
f 1644 1632 1643
f 1643 1632 1634
f 1643 1634 1651
f 1651 1634 1587
f 1651 1587 1586
f 1348 1639 1349
f 1349 1638 1350
f 1350 1637 1355
f 1355 1637 1636
f 1357 1585 1356
f 1356 1585 1631
f 1348 1631 1640
f 1585 1357 1555
f 1555 1357 1352
f 1555 1352 1556
f 1351 1561 1560
f 1351 1560 1352
f 1352 1560 1558
f 1351 1367 1554
f 1554 1377 1379
f 1589 1381 1383
f 1653 1403 1401
f 1657 1563 1652
f 1425 1424 1606
f 1606 1424 1661
f 1606 1661 1608
f 1608 1661 1659
f 1663 1664 1665
f 1647 1646 1666
f 1612 1611 1641
f 1641 1611 1667
f 1641 1667 1668
f 1641 1668 1649
f 1424 1448 1661
f 1661 1448 1660
f 1660 1448 1450
f 1668 1650 1649
f 1611 1610 1667
f 1667 1610 1659
f 1662 1658 1660
f 1662 1660 1664
f 1664 1660 1449
f 1363 1345 1338
f 1363 1338 1337
f 1626 1365 1514
f 1672 1670 1594
f 1672 1594 1592
f 1672 1592 1674
f 1674 1592 1600
f 1596 1669 1598
f 1598 1669 1671
f 1598 1671 1597
f 1597 1671 1673
f 1597 1673 1599
f 1678 1682 1683
f 1681 1686 1684
f 1690 1289 1689
f 1689 1289 1291
f 1689 1291 1513
f 1310 1279 1691
f 1691 1279 1282
f 1691 1282 1690
f 1690 1282 1284
f 1414 1413 1691
f 1419 1418 1692
f 1692 1418 1417
f 1679 1676 1693
f 1677 1710 1680
f 1654 1675 1653
f 1653 1675 1399
f 1653 1402 1404
f 1408 1398 1711
f 1711 1392 1391
f 1382 1712 1385
f 1385 1712 1711
f 1385 1711 1386
f 1386 1711 1388
f 1712 1378 1376
f 1656 1657 1711
f 1656 1711 1655
f 1655 1711 1713
f 1694 1332 1330
f 1687 1685 1714
f 1688 1714 1712
f 1723 1715 1717
f 1724 1723 1725
f 1726 1727 1728
f 1730 1729 1731
f 1730 1731 1732
f 1723 1717 1725
f 1735 1734 1736
f 1735 1736 1737
f 1724 1725 1738
f 1740 1733 1741
f 1740 1741 1742
f 1726 1728 1729
f 1736 1746 1747
f 1736 1747 1748
f 1733 1719 1720
f 1733 1720 1741
f 1743 1721 1722
f 1722 1750 1743
f 1744 1747 1746
f 1744 1746 1742
f 1739 1745 1728
f 1739 1728 1738
f 1738 1728 1727
f 1738 1727 1724
f 1751 1749 1752
f 1752 1749 1748
f 1757 1755 1758
f 1716 1759 1761
f 1716 1761 1718
f 1758 1756 1763
f 1758 1763 1764
f 1757 1758 1765
f 1767 1768 1769
f 1761 1760 1771
f 1761 1771 1762
f 1770 1773 1772
f 1770 1772 1769
f 1766 1760 1765
f 1784 1781 1780
f 1785 1784 1786
f 1787 1785 1788
f 1791 1789 1792
f 1791 1792 1793
f 1793 1792 1794
f 1793 1794 1795
f 1784 1780 1786
f 1799 1798 1800
f 1799 1800 1801
f 1778 1797 1779
f 1794 1803 1804
f 1794 1804 1798
f 1798 1804 1805
f 1798 1805 1800
f 1785 1786 1788
f 1809 1796 1797
f 1809 1797 1810
f 1810 1797 1802
f 1810 1802 1811
f 1787 1788 1790
f 1790 1788 1809
f 1790 1809 1803
f 1814 1807 1815
f 1815 1807 1806
f 1782 1819 1820
f 1782 1820 1783
f 1821 1818 1822
f 1819 1823 1824
f 1819 1824 1820
f 1820 1824 1825
f 1820 1825 1826
f 1701 1815 1702
f 1815 1816 1702
f 1702 1816 1817
f 1702 1817 1703
f 1817 1813 1703
f 1703 1813 1812
f 1703 1812 1700
f 1808 1699 1700
f 1697 1752 1698
f 1752 1753 1698
f 1698 1753 1754
f 1707 1830 1705
f 1830 1831 1705
f 1705 1831 1832
f 1705 1832 1706
f 1706 1829 1708
f 1827 1704 1708
f 1827 1708 1828
f 1828 1708 1829
f 1709 1777 1695
f 1774 1696 1775
f 1775 1696 1776
f 1842 1843 1844
f 1844 1843 1845
f 1847 1848 1849
f 1849 1848 1850
f 1851 1852 1853
f 1853 1852 1854
f 1858 1857 1859
f 1862 1863 1864
f 1864 1863 1865
f 1867 1868 1869
f 1869 1868 1870
f 1869 1870 1871
f 1871 1870 1872
f 1873 1874 1875
f 1875 1874 1876
f 1877 1878 1879
f 1879 1878 1880
f 1879 1880 1881
f 1881 1880 1882
f 1881 1882 1883
f 1883 1882 1884
f 1885 1886 1887
f 1887 1886 1888
f 1887 1888 1889
f 1889 1888 1890
f 1891 1892 1893
f 1893 1892 1894
f 1893 1894 1895
f 1895 1894 1896
f 1895 1896 1897
f 1897 1896 1898
f 1897 1898 1899
f 1899 1898 1900
f 1899 1900 1901
f 1901 1900 1902
f 1903 1904 1905
f 1905 1904 1906
f 1907 1908 1909
f 1909 1908 1910
f 1913 1914 1915
f 1915 1914 1916
f 1919 1920 1921
f 1921 1920 1922
f 1923 1924 1842
f 1842 1924 1843
f 1918 1925 1917
f 1917 1925 1926
f 1912 1929 1911
f 1911 1929 1930
f 1907 1932 1905
f 1905 1932 1933
f 1903 1934 1901
f 1901 1934 1935
f 1901 1935 1899
f 1899 1935 1936
f 1897 1937 1895
f 1895 1937 1938
f 1891 1939 1889
f 1889 1939 1940
f 1889 1940 1887
f 1887 1940 1941
f 1887 1941 1885
f 1885 1941 1942
f 1883 1945 1881
f 1881 1945 1946
f 1875 1951 1873
f 1873 1951 1952
f 1873 1952 1871
f 1871 1952 1953
f 1871 1953 1869
f 1869 1954 1867
f 1866 1955 1864
f 1864 1955 1956
f 1861 1958 1860
f 1860 1958 1959
f 1858 1960 1856
f 1856 1960 1961
f 1856 1961 1855
f 1855 1961 1962
f 1851 1964 1849
f 1849 1964 1965
f 1847 1966 1846
f 1846 1966 1967
f 1846 1967 1844
f 1844 1967 1968
f 1925 1971 1926
f 1926 1971 1972
f 1927 1973 1928
f 1928 1973 1974
f 1929 1975 1930
f 1930 1975 1976
f 1930 1976 1931
f 1931 1976 1977
f 1931 1977 1932
f 1932 1977 1978
f 1941 1987 1942
f 1942 1987 1988
f 1943 1989 1944
f 1944 1989 1990
f 1944 1990 1945
f 1945 1990 1991
f 1946 1992 1947
f 1947 1992 1993
f 1948 1994 1949
f 1949 1995 1950
f 1950 1995 1996
f 1953 1997 1954
f 1954 1997 1998
f 1956 1999 1957
f 1957 1999 2000
f 1963 2004 1964
f 1964 2004 2005
f 1966 2007 1967
f 1967 2007 2008
f 1967 2008 1968
f 1968 2008 2009
f 1969 2010 1970
f 1970 2010 2011
f 1973 2014 1974
f 1974 2014 2015
f 1974 2015 1975
f 1975 2015 2016
f 1978 2018 1979
f 1979 2018 2019
f 1979 2019 1980
f 1980 2019 2020
f 1981 2021 1982
f 1982 2021 2022
f 1982 2022 1983
f 1983 2022 2023
f 1983 2023 1984
f 1984 2023 2024
f 1984 2024 1985
f 1985 2024 2025
f 1986 2027 1987
f 1987 2027 2028
f 1987 2028 1988
f 1988 2028 2029
f 1992 2030 1993
f 1993 2030 2031
f 1994 2032 1995
f 1995 2032 2033
f 1995 2033 1996
f 1996 2033 2034
f 2000 2035 2001
f 2001 2035 2036
f 2002 2037 2003
f 2003 2037 2038
f 2005 2043 2006
f 2006 2043 2044
f 2010 2045 2011
f 2011 2046 2012
f 2012 2046 2047
f 2013 2048 2014
f 2014 2048 2049
f 2014 2049 2015
f 2015 2049 2050
f 2016 2051 2017
f 2017 2051 2052
f 2018 2054 2019
f 2019 2054 2055
f 2020 2056 2021
f 2021 2056 2057
f 2022 2058 2023
f 2023 2058 2059
f 2024 2060 2025
f 2025 2060 2061
f 2025 2061 2026
f 2026 2061 2062
f 2026 2062 2027
f 2027 2062 2063
f 2027 2063 2028
f 2028 2063 2064
f 2030 2068 2031
f 2031 2068 2069
f 2035 2076 2036
f 2037 2077 2038
f 2038 2078 2039
f 2039 2078 2079
f 2040 2080 2041
f 2041 2080 2081
f 2041 2081 2042
f 2042 2081 2082
f 2042 2082 2043
f 2043 2082 2084
f 2048 2091 2049
f 2053 2095 2096
f 2058 2101 2059
f 2059 2101 2102
f 2059 2102 2060
f 2060 2102 2103
f 2063 2104 2064
f 2064 2104 2105
f 2065 2106 2066
f 2066 2106 2107
f 2066 2107 2067
f 2067 2107 2108
f 2068 2109 2069
f 2069 2109 2110
f 2070 2111 2071
f 2071 2111 2112
f 2072 2113 2073
f 2073 2113 2074
f 2075 2074 2114
f 2085 2083 2115
f 2086 2116 2087
f 2087 2116 2117
f 2088 2118 2090
f 2090 2118 2089
f 2091 2089 2120
f 2091 2120 2092
f 2092 2120 2121
f 2092 2121 2093
f 2093 2121 2122
f 2093 2122 2094
f 2094 2122 2123
f 2094 2123 2095
f 2095 2123 2124
f 2096 2125 2097
f 2097 2125 2126
f 2097 2126 2098
f 2098 2126 2127
f 2099 2128 2100
f 2100 2128 2129
f 2100 2129 2101
f 2101 2129 2130
f 2104 2136 2105
f 2105 2136 2137
f 2074 2147 2114
f 2114 2147 2148
f 2117 2152 2118
f 2118 2152 2153
f 2118 2153 2089
f 2089 2153 2119
f 2120 2119 2154
f 2120 2154 2121
f 2121 2154 2155
f 2126 2158 2127
f 2127 2158 2159
f 2128 2160 2129
f 2129 2160 2161
f 2130 2162 2131
f 2131 2162 2163
f 2132 2164 2133
f 2133 2164 2165
f 2133 2165 2134
f 2134 2165 2166
f 2137 2135 2167
f 2137 2167 2138
f 2138 2167 2168
f 2139 2169 2140
f 2140 2169 2170
f 2141 2172 2142
f 2142 2172 2173
f 2144 2143 2174
f 2145 2176 2146
f 2146 2176 2177
f 2149 2180 2150
f 2150 2180 2181
f 2154 2187 2188
f 2154 2188 2155
f 2155 2188 2189
f 2156 2191 2157
f 2157 2191 2192
f 2162 2195 2163
f 2163 2195 2196
f 2168 2200 2169
f 2169 2200 2201
f 2170 2202 2171
f 2171 2202 2203
f 2172 2204 2173
f 2173 2204 2205
f 2175 2207 2176
f 2176 2207 2208
f 2178 2209 2179
f 2179 2209 2210
f 2182 2212 2183
f 2184 2215 2151
f 2151 2215 2185
f 2185 2216 2186
f 2186 2216 2217
f 2191 2190 2220
f 2193 2223 2194
f 2194 2223 2224
f 2197 2228 2198
f 2198 2229 2199
f 2199 2229 2230
f 2200 2231 2201
f 2201 2231 2232
f 2201 2232 2202
f 2202 2232 2233
f 2203 2234 2204
f 2204 2234 2235
f 2206 2238 2207
f 2207 2238 2239
f 2207 2239 2208
f 2208 2239 2240
f 2211 2244 2212
f 2212 2244 2245
f 2214 2213 2246
f 2215 2247 2185
f 2218 2249 2219
f 2219 2249 2250
f 2219 2250 2190
f 2190 2250 2251
f 2221 2252 2222
f 2222 2252 2253
f 2225 2254 2226
f 2226 2254 2255
f 2227 2256 2228
f 2228 2256 2257
f 2229 2258 2230
f 2230 2258 2259
f 2234 2260 2235
f 2235 2260 2261
f 2236 2262 2237
f 2237 2262 2263
f 2238 2264 2239
f 2239 2265 2240
f 2240 2265 2266
f 2240 2266 2241
f 2242 2267 2243
f 2243 2267 2268
f 2247 2269 2216
f 2216 2269 2248
f 2275 2271 2279
f 2270 2272 2281
f 2275 2274 2271
f 2271 2274 2273
f 2271 2273 2272
f 2275 2278 2276
f 2276 2278 2280
f 2276 2280 2281
f 2281 2280 2279
f 2272 2277 2281
f 2281 2277 2276
f 2282 2283 2284
f 2286 2287 2285
f 2289 2288 2290
f 2289 2290 2291
f 2291 2290 2292
f 2292 2290 2294
f 2363 2295 2296
f 2296 2295 2297
f 2364 2300 2301
f 2301 2300 2302
f 2303 2304 2305
f 2305 2304 2306
f 2366 2310 2311
f 2311 2310 2312
f 2313 2314 2315
f 2316 2317 2318
f 2318 2317 2319
f 2319 2317 2320
f 2319 2320 2315
f 2315 2320 2321
f 2315 2321 2313
f 2316 2322 2323
f 2308 2307 2309
f 2309 2307 2304
f 2327 2328 2329
f 2330 2331 2332
f 2332 2331 2333
f 2332 2333 2329
f 2334 2335 2336
f 2338 2339 2337
f 2347 2348 2349
f 2349 2348 2350
f 2348 2347 2345
f 2348 2345 2346
f 2356 2353 2351
f 2357 2356 2358
f 2358 2356 2351
f 2325 2359 2326
f 2326 2360 2342
f 2341 2361 2340
f 2362 2343 2344
f 2352 2363 2296
f 2352 2296 2354
f 2354 2296 2297
f 2354 2297 2293
f 2293 2297 2295
f 2310 2324 2312
f 2311 2312 2367
f 2311 2367 2366
f 2364 2354 2293
f 2367 2365 2366
f 2300 2299 2302
f 2302 2299 2355
f 2302 2355 2301
f 2301 2355 2354
f 2301 2354 2364
f 2355 2298 2367
f 2312 2368 2367
f 2312 2324 2368
f 1837 1839 1838
f 1836 1834 1835
f 1833 1840 1841
f 1100 1113 1116

