# https://github.com/mikedh/trimesh

o base_link_0.obj
v -0.21737600 0.00185100 0.02413300
v -0.21755200 0.00170400 0.02423000
v -0.21765900 0.00155100 0.02378700
v -0.21588200 0.00593000 0.02330600
v -0.21589000 0.00565100 0.02331100
v -0.21593100 0.00565000 0.02283100
v -0.21599800 0.00683400 0.02337100
v -0.21599000 0.00677600 0.02336600
v -0.21604600 0.00681700 0.02289500
v -0.21776000 0.00979400 0.02434500
v -0.21755400 0.00959500 0.02423100
v -0.21765900 0.00974900 0.02378700
v -0.22386400 -0.00125700 0.01606300
v -0.22512400 -0.00112400 0.01384800
v -0.22383900 -0.00061100 0.01313700
v -0.22521000 -0.00026300 0.01100200
v -0.22665700 0.00030800 0.00895600
v -0.22567300 0.00101400 0.00841200
v -0.22575700 0.00446600 0.00572400
v -0.22575000 0.00452400 0.00572000
v -0.22384900 0.00433100 0.00740300
v -0.22564100 0.00537000 0.00566000
v -0.22565000 0.00564900 0.00566500
v -0.22371900 0.00565000 0.00733100
v -0.22713500 0.00944900 0.00648700
v -0.22731100 0.00959600 0.00658400
v -0.22567300 0.01028600 0.00841200
v -0.22883700 0.00041700 0.00819700
v -0.22971000 0.00060200 0.00791100
v -0.22908100 0.00072300 0.00756300
v -0.22713700 0.00008500 0.00922300
v -0.22765100 0.00018500 0.00883500
v -0.22814600 0.00109400 0.00704600
v -0.22793500 0.00024000 0.00865800
v -0.22821200 0.00105000 0.00708200
v -0.22896500 0.00074500 0.00749900
v -0.22546200 -0.00028900 0.01088600
v -0.22596000 -0.00016100 0.01028200
v -0.22631000 -0.00008500 0.00994200
v -0.22675200 0.00001000 0.00951300
v -0.22520100 -0.00109400 0.01372300
v -0.22494300 -0.00090400 0.01305300
v -0.22465800 -0.00060200 0.01231100
v -0.22497500 -0.00044900 0.01163400
v -0.22534000 -0.00032900 0.01107500
v -0.22608600 -0.00136900 0.01530300
v -0.22577400 -0.00136700 0.01521100
v -0.22534600 -0.00120000 0.01409900
v -0.22102500 -0.00043600 0.02252100
v -0.22107200 -0.00045900 0.02245300
v -0.22151400 -0.00080100 0.02052800
v -0.22140800 -0.00060000 0.02210000
v -0.22164400 -0.00067300 0.02196700
v -0.22243600 -0.00081100 0.02190200
v -0.22280200 -0.00096700 0.02124100
v -0.22207200 -0.00077100 0.02185300
v -0.22171700 -0.00069600 0.02192500
v -0.22060900 -0.00010900 0.02361900
v -0.22080300 -0.00030000 0.02294500
v -0.22044500 -0.00022400 0.02273200
v -0.22051900 0.00040700 0.02536900
v -0.22065200 0.00030000 0.02512800
v -0.21949800 0.00053900 0.02480400
v -0.22058900 0.00021200 0.02481700
v -0.22055300 0.00002600 0.02412200
v -0.23006600 0.01071400 0.00810700
v -0.22890800 0.01157900 0.01020100
v -0.22927000 0.01063200 0.00766700
v -0.22775300 0.01143100 0.00956300
v -0.22778100 0.00998900 0.00684400
v -0.22665700 0.01099200 0.00895600
v -0.22658600 0.00878500 0.00618300
v -0.22423300 0.00822300 0.00761600
v -0.22608400 0.00784200 0.00590500
v -0.22614900 0.00801900 0.00594100
v -0.22566900 0.00628400 0.00567600
v -0.22384900 0.00696900 0.00740300
v -0.22584000 0.00717600 0.00577100
v -0.22423300 0.00307700 0.00761600
v -0.22601300 0.00360100 0.00586600
v -0.22485100 0.00195300 0.00795800
v -0.22640200 0.00280200 0.00608100
v -0.22751900 0.00150600 0.00669900
v -0.22731300 0.00170500 0.00658500
v -0.22412100 0.00051900 0.01040000
v -0.22401500 -0.00132300 0.01904800
v -0.22265700 -0.00114800 0.01829700
v -0.22255400 -0.00073300 0.01533800
v -0.22268600 0.00021700 0.01249900
v -0.22029000 -0.00031200 0.01985200
v -0.22136700 -0.00063200 0.01758400
v -0.22021000 0.00019800 0.01694400
v -0.22137900 0.00011100 0.01468800
v -0.22039700 0.00123300 0.01414500
v -0.22172300 0.00131800 0.01196700
v -0.22099900 0.00263500 0.01156600
v -0.22252800 0.00280200 0.00951900
v -0.22210300 0.00419000 0.00928400
v -0.21933100 0.00022200 0.02211600
v -0.21919200 0.00047700 0.01924400
v -0.21965800 0.00257600 0.01373600
v -0.22054900 0.00410400 0.01131700
v -0.22195900 0.00565000 0.00920400
v -0.22136700 0.01193200 0.01758400
v -0.22029000 0.01161200 0.01985200
v -0.21919200 0.01082300 0.01924400
v -0.21833100 0.01036000 0.02156300
v -0.21749600 0.00940700 0.02110100
v -0.21693200 0.00891900 0.02338500
v -0.21638500 0.00792500 0.02308300
v -0.22268600 0.01108300 0.01249900
v -0.22172300 0.00998200 0.01196700
v -0.22039700 0.01006700 0.01414500
v -0.21965800 0.00872400 0.01373600
v -0.21715700 0.00712200 0.01811900
v -0.21701200 0.00565000 0.01803900
v -0.21634600 0.00565000 0.02046500
v -0.21647800 0.00430900 0.02053800
v -0.21604600 0.00448300 0.02289500
v -0.21852900 0.01037400 0.02426800
v -0.21920600 0.01055500 0.02514500
v -0.21845300 0.01025000 0.02472800
v -0.21838700 0.01020600 0.02469200
v -0.21715000 0.00920400 0.02400800
v -0.21685500 0.00879500 0.02384500
v -0.21664200 0.00849800 0.02372700
v -0.21632300 0.00784100 0.02355000
v -0.21625400 0.00769900 0.02351200
v -0.22021000 0.01110200 0.01694400
v -0.21827500 0.00977600 0.01873700
v -0.21686800 0.00826400 0.02075400
v -0.22137900 0.01118900 0.01468800
v -0.21758500 0.00852100 0.01835600
v -0.21647800 0.00699100 0.02053800
v -0.21591000 0.00501600 0.02332200
v -0.21600400 0.00452800 0.02337400
v -0.21608100 0.00412400 0.02341700
v -0.21639000 0.00328100 0.02358700
v -0.22099900 0.00866500 0.01156600
v -0.21791300 0.00565000 0.01567400
v -0.21715700 0.00417800 0.01811900
v -0.21693200 0.00238100 0.02338500
v -0.21682600 0.00251500 0.02382900
v -0.22485100 0.00934700 0.00795800
v -0.22252800 0.00849800 0.00951900
v -0.21806600 0.00409800 0.01575800
v -0.21758500 0.00277900 0.01835600
v -0.21749600 0.00189300 0.02110100
v -0.21852900 0.00092600 0.02426800
v -0.21833100 0.00093900 0.02156300
v -0.21851700 0.00262500 0.01600800
v -0.22210300 0.00711000 0.00928400
v -0.21802100 0.00131100 0.02449000
v -0.21874100 0.00091300 0.02488700
v -0.22030600 0.00058600 0.02575300
v -0.21951100 0.00066800 0.02531300
v -0.21932400 0.00072800 0.02521000
v -0.22323700 0.00944900 0.02737400
v -0.22306100 0.00959600 0.02727700
v -0.22338000 0.00974900 0.02695100
v -0.22473100 0.00537000 0.02820000
v -0.22472300 0.00564900 0.02819600
v -0.22510700 0.00565000 0.02790600
v -0.22461500 0.00446600 0.02813600
v -0.22462200 0.00452400 0.02814000
v -0.22499200 0.00448300 0.02784300
v -0.23396600 0.00433100 0.01299900
v -0.23358200 0.00307700 0.01278700
v -0.23028500 0.01070800 0.00822900
v -0.23105200 0.01058400 0.00865300
v -0.23006200 0.01143100 0.01084000
v -0.23253700 0.00985400 0.00947400
v -0.23214300 0.01028600 0.01199000
v -0.23296400 0.00934700 0.01244500
v -0.23367800 0.00858400 0.01010500
v -0.23405500 0.00784500 0.01031300
v -0.23358200 0.00822300 0.01278700
v -0.23409600 0.00565000 0.01307100
v -0.23360200 0.00259800 0.01006300
v -0.23352400 0.00250000 0.01002000
v -0.23296400 0.00195300 0.01244500
v -0.22834800 -0.00097800 0.01523700
v -0.22372200 0.00020900 0.02471100
v -0.22357800 0.00037300 0.02508600
v -0.22390600 0.00022200 0.02464600
v -0.22227000 0.00080700 0.02633800
v -0.22212700 0.00081100 0.02638500
v -0.22222600 0.00109400 0.02681500
v -0.22350400 0.00045800 0.02527900
v -0.22340300 0.00053100 0.02545400
v -0.22490600 0.00093900 0.02519900
v -0.22332600 0.00056700 0.02554900
v -0.22304500 0.00069900 0.02589600
v -0.22338000 0.00155100 0.02695100
v -0.22298200 0.00071800 0.02595400
v -0.22251000 0.00092600 0.02647000
v -0.22257000 0.00079900 0.02623900
v -0.22361200 -0.00049500 0.02309100
v -0.22369400 -0.00037400 0.02338600
v -0.22531400 -0.00031200 0.02263100
v -0.22376900 -0.00026400 0.02365200
v -0.22379800 -0.00014200 0.02393100
v -0.22379900 -0.00013600 0.02394400
v -0.22375600 0.00014100 0.02456000
v -0.22409100 -0.00080100 0.02195400
v -0.22351100 -0.00056900 0.02289100
v -0.22662400 -0.00125700 0.01758900
v -0.22757200 -0.00118400 0.01538200
v -0.22781400 -0.00112000 0.01533600
v -0.23040700 -0.00011600 0.01422800
v -0.22979200 -0.00042200 0.01464400
v -0.22911500 -0.00061100 0.01605500
v -0.22976300 -0.00043700 0.01466400
v -0.22895600 -0.00077400 0.01504800
v -0.22840600 -0.00096300 0.01522600
v -0.23057000 -0.00002200 0.01407600
v -0.23026800 0.00021700 0.01669300
v -0.23214300 0.00101400 0.01199000
v -0.23210000 0.00097800 0.01196700
v -0.23207600 0.00095800 0.01204000
v -0.23128300 0.00051900 0.01436100
v -0.23169200 0.00067500 0.01278400
v -0.23105900 0.00026000 0.01362200
v -0.23064400 0.00002100 0.01400800
v -0.23247500 0.00131000 0.01050800
v -0.23281800 0.00170600 0.00963000
v -0.23247700 0.00136900 0.00973600
v -0.23242900 0.00136700 0.00941500
v -0.23235100 0.00118400 0.01121900
v -0.23227300 0.00112000 0.01145200
v -0.23226600 0.00111500 0.01147200
v -0.22061700 0.00059800 0.02592500
v -0.22111300 0.00059100 0.02602400
v -0.22084000 0.00045200 0.02563000
v -0.22216000 0.00105000 0.02677900
v -0.22186400 0.00078700 0.02639600
v -0.23306400 0.00192100 0.00976600
v -0.23402400 0.00337300 0.01029700
v -0.23447300 0.00512000 0.01054500
v -0.23431800 0.00422300 0.01045900
v -0.23405200 0.00345500 0.01031200
v -0.23437600 0.00677500 0.01049100
v -0.23408000 0.00779400 0.01032800
v -0.23435200 0.00693500 0.01047800
v -0.23396600 0.00696900 0.01299900
v -0.23198300 0.01020000 0.00916800
v -0.23107700 0.01058000 0.00866700
v -0.23183600 0.01029200 0.00908600
v -0.23115900 0.01099200 0.01144600
v -0.23195500 0.00866500 0.01762600
v -0.23083000 0.00872400 0.01991500
v -0.23219300 0.00974200 0.01486400
v -0.23123100 0.00998200 0.01722500
v -0.23009100 0.01006700 0.01950600
v -0.22878500 0.00999700 0.02168700
v -0.22732900 0.00977600 0.02374500
v -0.23128300 0.01078100 0.01436100
v -0.23026800 0.01108300 0.01669300
v -0.22910900 0.01118900 0.01896400
v -0.22781900 0.01110200 0.02115200
v -0.22641200 0.01082300 0.02323800
v -0.22490600 0.01036000 0.02519900
v -0.23019400 0.01156300 0.01375900
v -0.22793400 0.01203300 0.01831300
v -0.22666200 0.01193200 0.02051300
v -0.22531400 0.01161200 0.02263100
v -0.22251000 0.01037400 0.02647000
v -0.22641200 0.00047700 0.02323800
v -0.22410600 0.00238100 0.02735300
v -0.22465300 0.00337500 0.02765500
v -0.23123100 0.00131800 0.01722500
v -0.23009100 0.00123300 0.01950600
v -0.23083000 0.00257600 0.01991500
v -0.22951200 0.00262500 0.02208900
v -0.22996300 0.00409800 0.02233800
v -0.22844700 0.00417800 0.02436300
v -0.22859300 0.00565000 0.02444300
v -0.22689100 0.00565000 0.02629700
v -0.22675900 0.00699100 0.02622400
v -0.22499200 0.00681700 0.02784300
v -0.22465300 0.00792500 0.02765500
v -0.22305900 0.00170500 0.02727600
v -0.22435900 0.00360100 0.02799500
v -0.22781900 0.00019800 0.02115200
v -0.22732900 0.00152400 0.02374500
v -0.22910900 0.00011100 0.01896400
v -0.22878500 0.00130200 0.02168700
v -0.22801900 0.00277900 0.02412600
v -0.22675900 0.00430900 0.02622400
v -0.22470300 0.00628400 0.02818500
v -0.22422300 0.00801900 0.02791900
v -0.23219300 0.00155800 0.01486400
v -0.23128800 0.00407300 0.02016900
v -0.23011600 0.00565000 0.02242300
v -0.22844700 0.00712200 0.02436300
v -0.22636900 0.00826400 0.02600800
v -0.22410600 0.00891900 0.02735300
v -0.22378600 0.00878500 0.02767800
v -0.23287700 0.00280200 0.01524300
v -0.23144400 0.00565000 0.02025500
v -0.22996300 0.00720200 0.02233800
v -0.22574100 0.00940700 0.02566100
v -0.22259200 0.00998900 0.02701700
v -0.22222100 0.01019400 0.02681200
v -0.22187200 0.01038700 0.02661900
v -0.23933000 0.00170400 0.04834800
v -0.23888700 0.00155100 0.04824100
v -0.23840600 0.00593000 0.05001800
v -0.23841100 0.00565100 0.05001000
v -0.23793100 0.00565000 0.04996900
v -0.23847100 0.00683400 0.04990200
v -0.23799500 0.00681700 0.04985400
v -0.23944500 0.00979400 0.04814000
v -0.23933100 0.00959500 0.04834600
v -0.23888700 0.00974900 0.04824100
v -0.22823700 -0.00061100 0.04206100
v -0.22610300 -0.00026300 0.04069000
v -0.22405600 0.00030800 0.03924300
v -0.22351200 0.00101400 0.04022700
v -0.22082500 0.00446600 0.04014300
v -0.22082000 0.00452400 0.04015000
v -0.22250300 0.00433100 0.04205100
v -0.22076000 0.00537000 0.04025900
v -0.22076500 0.00564900 0.04025000
v -0.22243100 0.00565000 0.04218100
v -0.22158700 0.00944900 0.03876400
v -0.22168400 0.00959600 0.03858900
v -0.22351200 0.01028600 0.04022700
v -0.22329700 0.00041700 0.03706300
v -0.22301100 0.00060200 0.03619000
v -0.22266300 0.00072300 0.03681900
v -0.22617500 -0.00032900 0.04056000
v -0.22882300 -0.00109400 0.04069900
v -0.22815300 -0.00090400 0.04095700
v -0.22741200 -0.00060200 0.04124200
v -0.22673400 -0.00044900 0.04092500
v -0.23040300 -0.00136900 0.03981400
v -0.23031100 -0.00136700 0.04012600
v -0.23783200 -0.00022400 0.04545500
v -0.23757300 -0.00045200 0.04484200
v -0.23722000 -0.00059100 0.04451800
v -0.23562800 -0.00080100 0.04438600
v -0.23718300 -0.00060800 0.04447000
v -0.23707200 -0.00067200 0.04425400
v -0.23700200 -0.00081100 0.04346400
v -0.23634100 -0.00096700 0.04309800
v -0.23414800 -0.00132300 0.04188500
v -0.23695500 -0.00078700 0.04372300
v -0.23700400 -0.00071200 0.04412100
v -0.24046900 0.00040700 0.04538100
v -0.24022800 0.00030000 0.04524800
v -0.23990400 0.00053900 0.04640200
v -0.23953300 0.00010900 0.04534700
v -0.23902800 -0.00002600 0.04533400
v -0.23804500 -0.00030000 0.04509700
v -0.22432300 0.00008500 0.03876300
v -0.22393500 0.00018500 0.03824900
v -0.22214600 0.00109400 0.03775400
v -0.22375800 0.00024000 0.03796500
v -0.22218200 0.00105000 0.03768800
v -0.22259900 0.00074500 0.03693500
v -0.22352300 0.00033000 0.03750600
v -0.22598600 -0.00028900 0.04043800
v -0.22538200 -0.00016100 0.03994000
v -0.22504200 -0.00008500 0.03959000
v -0.22461300 0.00001000 0.03914800
v -0.22320700 0.01071400 0.03583400
v -0.22530100 0.01157900 0.03699200
v -0.22276800 0.01063200 0.03663000
v -0.22466300 0.01143100 0.03814700
v -0.22234100 0.01038700 0.03740000
v -0.22194400 0.00998900 0.03811900
v -0.22405600 0.01099200 0.03924300
v -0.22214800 0.01019400 0.03774900
v -0.22128300 0.00878500 0.03931400
v -0.22271600 0.00822300 0.04166700
v -0.22104100 0.00801900 0.03975100
v -0.22077600 0.00628400 0.04023100
v -0.22082800 0.00677200 0.04013700
v -0.22250300 0.00696900 0.04205100
v -0.22087100 0.00717600 0.04006000
v -0.22271600 0.00307700 0.04166700
v -0.22096600 0.00360100 0.03988700
v -0.22146200 0.00209600 0.03899100
v -0.22305800 0.00195300 0.04104900
v -0.22179900 0.00150600 0.03838100
v -0.22168500 0.00170500 0.03858700
v -0.22550000 0.00051900 0.04177900
v -0.23339700 -0.00114800 0.04324300
v -0.22759900 0.00021700 0.04321400
v -0.22499700 0.00155800 0.04268800
v -0.22978800 0.00011100 0.04452100
v -0.22924500 0.00123300 0.04550300
v -0.22706700 0.00131800 0.04417700
v -0.22666600 0.00263500 0.04490100
v -0.22461900 0.00280200 0.04337200
v -0.22438400 0.00419000 0.04379700
v -0.23721600 0.00022200 0.04656900
v -0.23151000 0.00130200 0.04665600
v -0.22641700 0.00410400 0.04535100
v -0.22430400 0.00565000 0.04394100
v -0.23783200 0.01152400 0.04545500
v -0.24046900 0.01089300 0.04538100
v -0.23666300 0.01036000 0.04756900
v -0.23848500 0.00891900 0.04896800
v -0.23818300 0.00792500 0.04951400
v -0.22550000 0.01078100 0.04177900
v -0.22759900 0.01108300 0.04321400
v -0.22706700 0.00998200 0.04417700
v -0.22924500 0.01006700 0.04550300
v -0.23110800 0.00867500 0.04738300
v -0.23085800 0.00720200 0.04783400
v -0.23321900 0.00712200 0.04874300
v -0.23799500 0.00448300 0.04985400
v -0.24085300 0.01071400 0.04559400
v -0.24068100 0.01070100 0.04590500
v -0.23990400 0.01076100 0.04640200
v -0.23936800 0.01037400 0.04737100
v -0.24024500 0.01055500 0.04669400
v -0.23982800 0.01025000 0.04744700
v -0.23979200 0.01020600 0.04751300
v -0.23721600 0.01107800 0.04656900
v -0.23882700 0.00849800 0.04925800
v -0.23865000 0.00784100 0.04957700
v -0.23861200 0.00769900 0.04964600
v -0.23345600 0.00852100 0.04831500
v -0.22499700 0.00974200 0.04268800
v -0.22666600 0.00866500 0.04490100
v -0.22858300 0.00722600 0.04670000
v -0.23077400 0.00565000 0.04798700
v -0.23321900 0.00417800 0.04874300
v -0.22305800 0.00934700 0.04104900
v -0.22461900 0.00849800 0.04337200
v -0.22641700 0.00719600 0.04535100
v -0.22849700 0.00565000 0.04685600
v -0.23085800 0.00409800 0.04783400
v -0.23345600 0.00277900 0.04831500
v -0.23936800 0.00092600 0.04737100
v -0.23666300 0.00093900 0.04756900
v -0.23383700 0.00152400 0.04762500
v -0.23110800 0.00262500 0.04738300
v -0.22858300 0.00407300 0.04670000
v -0.22633300 0.00565000 0.04550300
v -0.22438400 0.00711000 0.04379700
v -0.24085300 0.00058600 0.04559400
v -0.24041400 0.00066800 0.04638900
v -0.24247400 0.00944900 0.04266300
v -0.24237700 0.00959600 0.04283900
v -0.24205100 0.00974900 0.04252000
v -0.24330000 0.00537000 0.04116900
v -0.24329600 0.00564900 0.04117800
v -0.24300600 0.00565000 0.04079300
v -0.24323600 0.00446600 0.04128500
v -0.24324000 0.00452400 0.04127800
v -0.24294300 0.00448300 0.04090800
v -0.22457400 0.00985400 0.03336300
v -0.22709000 0.01028600 0.03375700
v -0.22516300 0.00259800 0.03229800
v -0.22512000 0.00250000 0.03237600
v -0.22754500 0.00195300 0.03293600
v -0.23033700 -0.00097800 0.03755200
v -0.23043300 -0.00111500 0.03806600
v -0.23044400 -0.00112400 0.03807000
v -0.23993500 0.00026400 0.04221300
v -0.24018800 0.00037400 0.04232300
v -0.23974600 0.00022200 0.04199400
v -0.24102500 0.00059800 0.04528300
v -0.24075200 0.00045900 0.04504800
v -0.24067900 0.00043600 0.04508500
v -0.24144700 0.00081300 0.04361200
v -0.24187900 0.00105000 0.04374000
v -0.24191500 0.00109400 0.04367400
v -0.24148500 0.00081100 0.04377300
v -0.24148300 0.00077100 0.04414000
v -0.24146200 0.00074500 0.04449300
v -0.24136300 0.00069600 0.04448200
v -0.24139800 0.00072300 0.04460900
v -0.24131200 0.00067300 0.04454900
v -0.24114700 0.00060000 0.04476400
v -0.24143600 0.00081400 0.04356500
v -0.24157000 0.00092600 0.04339000
v -0.24065300 0.00056900 0.04257300
v -0.24080000 0.00062700 0.04267400
v -0.24205100 0.00155100 0.04252000
v -0.24116500 0.00075400 0.04305300
v -0.23903300 -0.00014100 0.04210100
v -0.23965000 0.00013600 0.04214200
v -0.23966200 0.00014200 0.04214500
v -0.23773100 -0.00031200 0.04058600
v -0.23809900 -0.00053100 0.04232800
v -0.23828700 -0.00045800 0.04225200
v -0.23848800 -0.00037300 0.04220500
v -0.23887900 -0.00020900 0.04211400
v -0.23903100 -0.00014200 0.04210100
v -0.23706900 -0.00080700 0.04332800
v -0.23720800 -0.00079900 0.04304500
v -0.23705400 -0.00080100 0.04180900
v -0.23743100 -0.00074600 0.04280100
v -0.23754600 -0.00071800 0.04267600
v -0.23761300 -0.00069900 0.04262200
v -0.23799400 -0.00056700 0.04239100
v -0.23050400 -0.00131500 0.03909000
v -0.23268900 -0.00125700 0.03927600
v -0.23048200 -0.00118400 0.03832800
v -0.23043600 -0.00112000 0.03808600
v -0.22932800 -0.00011600 0.03549300
v -0.23115500 -0.00061100 0.03678500
v -0.23179300 0.00021700 0.03563200
v -0.22946100 0.00051900 0.03461700
v -0.22872200 0.00026000 0.03484100
v -0.22473000 0.00170600 0.03308200
v -0.22631900 0.00118400 0.03354900
v -0.22655200 0.00112000 0.03362700
v -0.22709000 0.00101400 0.03375700
v -0.22706700 0.00097800 0.03380000
v -0.22714000 0.00095800 0.03382400
v -0.22426800 0.01020000 0.03391700
v -0.22376700 0.01058000 0.03482300
v -0.22418600 0.01029200 0.03406400
v -0.22654600 0.01099200 0.03474100
v -0.23065700 0.00565000 0.03245400
v -0.23305900 0.00565000 0.03334200
v -0.23057700 0.00711000 0.03259800
v -0.23297500 0.00719600 0.03349500
v -0.23526900 0.00722600 0.03461200
v -0.23272600 0.00866500 0.03394400
v -0.23501500 0.00872400 0.03507000
v -0.23718900 0.00867500 0.03638800
v -0.23232500 0.00998200 0.03466900
v -0.23460700 0.01006700 0.03580900
v -0.23678700 0.00999700 0.03711500
v -0.23884500 0.00977600 0.03857100
v -0.23179300 0.01108300 0.03563200
v -0.23406400 0.01118900 0.03679100
v -0.23625200 0.01110200 0.03808100
v -0.23833800 0.01082300 0.03948800
v -0.24029900 0.01036000 0.04099400
v -0.24029900 0.00093900 0.04099400
v -0.24046900 0.00049500 0.04244600
v -0.23341300 0.01203300 0.03796600
v -0.23561300 0.01193200 0.03923800
v -0.23773100 0.01161200 0.04058600
v -0.24157000 0.01037400 0.04339000
v -0.23489900 -0.00114800 0.04052800
v -0.23833800 0.00047700 0.03948800
v -0.24076100 0.00189300 0.04015900
v -0.24245300 0.00238100 0.04179400
v -0.24275500 0.00337500 0.04124700
v -0.23232500 0.00131800 0.03466900
v -0.23460700 0.00123300 0.03580900
v -0.23501500 0.00257600 0.03507000
v -0.23718900 0.00262500 0.03638800
v -0.23743800 0.00409800 0.03593600
v -0.23946300 0.00417800 0.03745300
v -0.23954300 0.00565000 0.03730800
v -0.24139700 0.00565000 0.03900900
v -0.24294300 0.00681700 0.04090800
v -0.23268900 0.01255700 0.03927600
v -0.23489900 0.01244800 0.04052800
v -0.23705400 0.01210100 0.04180900
v -0.24103300 0.01076100 0.04436000
v -0.24226200 0.00150600 0.04304700
v -0.24237600 0.00170500 0.04284100
v -0.24259900 0.00209600 0.04243700
v -0.24309500 0.00360100 0.04154100
v -0.23625200 0.00019800 0.03808100
v -0.23884500 0.00152400 0.03857100
v -0.24110800 0.00303600 0.03953100
v -0.23678700 0.00130200 0.03711500
v -0.24132400 0.00430900 0.03914100
v -0.24302000 0.00801900 0.04167700
v -0.22996400 0.00155800 0.03370700
v -0.23752300 0.00565000 0.03578400
v -0.23946300 0.00712200 0.03745300
v -0.24110800 0.00826400 0.03953100
v -0.24245300 0.00891900 0.04179400
v -0.24277800 0.00878500 0.04211400
v -0.23743800 0.00720200 0.03593600
v -0.23922600 0.00852100 0.03788100
v -0.24076100 0.00940700 0.04015900
v -0.24171900 0.01038700 0.04402800
v -0.24139700 0.01057200 0.04461100
v -0.24129300 0.01063200 0.04479800
v -0.22470500 0.00341800 0.03312600
v -0.22489600 0.00410500 0.03278200
v -0.22497600 0.00462000 0.03263600
v -0.22501400 0.00486100 0.03256700
v -0.22414000 0.00235700 0.03414800
v -0.22468600 0.00793600 0.03316100
v -0.22488200 0.00725500 0.03280600
v -0.22460400 0.00318500 0.03330800
v -0.22153200 0.00404500 0.03886300
v -0.22143700 0.00461900 0.03903500
v -0.22140100 0.00643900 0.03910100
v -0.22136100 0.00565000 0.03917300
v -0.22140800 0.00479600 0.03908800
v -0.22227500 0.00894300 0.03752100
v -0.22196600 0.00847400 0.03807900
v -0.22171000 0.00788200 0.03854200
v -0.22505400 0.00565000 0.03249600
v -0.22505300 0.00576100 0.03249700
v -0.22500700 0.00650400 0.03258000
v -0.22497800 0.00668100 0.03263300
v -0.22199000 0.00278100 0.03803500
v -0.22243800 0.00909600 0.03722500
v -0.22460500 0.00811600 0.03330700
v -0.22442500 0.00851900 0.03363300
v -0.22265600 0.00200900 0.03683200
v -0.22303100 0.00185200 0.03615300
v -0.22355300 0.00100500 0.03520900
v -0.22374300 0.00109300 0.03486600
v -0.22379000 0.00202900 0.03478100
v -0.22397600 0.00220400 0.03444400
v -0.22230300 0.00232400 0.03747000
v -0.22243800 0.00220300 0.03722500
v -0.22375900 0.00929100 0.03483700
v -0.22411200 0.00897600 0.03419800
v -0.22397700 0.00909700 0.03444300
v -0.23617500 -0.00944900 0.04222900
v -0.23624700 -0.00959600 0.04241600
v -0.23661300 -0.00974900 0.04214500
v -0.23556100 -0.00537000 0.04063500
v -0.23556500 -0.00564900 0.04064400
v -0.23590400 -0.00565000 0.04030300
v -0.23560900 -0.00446600 0.04075900
v -0.23560600 -0.00452400 0.04075100
v -0.23595100 -0.00448300 0.04042600
v -0.25188700 -0.00433100 0.03357400
v -0.25610600 -0.01070800 0.03787500
v -0.25349000 -0.01143100 0.03773800
v -0.25204400 -0.00822300 0.03398400
v -0.25438400 -0.00565000 0.03340200
v -0.25183300 -0.00565000 0.03343600
v -0.24890000 0.00097800 0.03883300
v -0.24873400 0.00111500 0.03932800
v -0.24872100 0.00112400 0.03933000
v -0.23896900 -0.00022200 0.04194000
v -0.23659000 -0.00109400 0.04330700
v -0.23855800 -0.00093900 0.04087400
v -0.23661300 -0.00155100 0.04214500
v -0.23697100 -0.00092600 0.04307300
v -0.24115900 0.00031200 0.04082200
v -0.24166100 0.00080100 0.04212700
v -0.24219000 0.00096700 0.04350100
v -0.24852300 0.00136900 0.04106300
v -0.24689900 0.00143500 0.04168900
v -0.24852600 0.00131000 0.04029200
v -0.24864900 0.00118400 0.03958100
v -0.24872700 0.00112000 0.03934800
v -0.24994100 0.00026000 0.03717800
v -0.24970500 0.00041300 0.03748100
v -0.24819300 0.00061100 0.03796000
v -0.24939600 0.00061400 0.03787800
v -0.24930800 0.00067500 0.03801600
v -0.24892400 0.00095800 0.03876000
v -0.25204400 -0.00077400 0.03575200
v -0.25059400 -0.00011600 0.03657200
v -0.25043000 -0.00002200 0.03672400
v -0.25419000 -0.00131500 0.03539600
v -0.25506600 -0.00170600 0.03517400
v -0.25491400 -0.00136900 0.03549700
v -0.25522600 -0.00136700 0.03558900
v -0.25342800 -0.00118400 0.03541800
v -0.25318600 -0.00112000 0.03546400
v -0.25265200 -0.00097800 0.03556300
v -0.25259400 -0.00096300 0.03557400
v -0.23778800 -0.00040700 0.04519600
v -0.23725000 -0.00059800 0.04502200
v -0.23661700 -0.00105000 0.04337700
v -0.23692600 -0.00074500 0.04418000
v -0.23697300 -0.00072300 0.04430400
v -0.23737800 -0.00058600 0.04535400
v -0.25438700 -0.00512000 0.03340900
v -0.25442700 -0.00677500 0.03351300
v -0.25454800 -0.00779400 0.03382800
v -0.25443700 -0.00693500 0.03353800
v -0.25188700 -0.00696900 0.03357400
v -0.25578100 -0.01058000 0.03703100
v -0.25547000 -0.01029200 0.03622200
v -0.25303900 -0.01099200 0.03656800
v -0.25396400 -0.01157900 0.03896900
v -0.25619600 -0.01071400 0.03810900
v -0.24934000 -0.00711000 0.03389200
v -0.24951500 -0.00849800 0.03434500
v -0.24702700 -0.00866500 0.03493100
v -0.24460500 -0.00872400 0.03573200
v -0.24227100 -0.00867500 0.03673800
v -0.24979600 -0.00974200 0.03507500
v -0.24732500 -0.00998200 0.03570300
v -0.24490900 -0.01006700 0.03651900
v -0.24033100 -0.00977600 0.03867300
v -0.25016900 -0.01078100 0.03604500
v -0.24772000 -0.01108300 0.03673000
v -0.24531200 -0.01118900 0.03756600
v -0.24296600 -0.01110200 0.03854400
v -0.24070800 -0.01082300 0.03965100
v -0.23855800 -0.01036000 0.04087400
v -0.24819300 -0.01191000 0.03796000
v -0.24579400 -0.01203300 0.03882000
v -0.24344100 -0.01193200 0.03977800
v -0.24115900 -0.01161200 0.04082200
v -0.23896900 -0.01107800 0.04194000
v -0.23697100 -0.01037400 0.04307300
v -0.24070800 -0.00047700 0.03965100
v -0.23821600 -0.00189300 0.03998400
v -0.23631500 -0.00238100 0.04137100
v -0.23609100 -0.00337500 0.04078800
v -0.24460500 -0.00257600 0.03573200
v -0.24227100 -0.00262500 0.03673800
v -0.24208600 -0.00409800 0.03625700
v -0.23774300 -0.00565000 0.03875700
v -0.23779800 -0.00699100 0.03889800
v -0.23595100 -0.00681700 0.04042600
v -0.23609100 -0.00792500 0.04078800
v -0.25111400 -0.01204900 0.03850100
v -0.24872100 -0.01242400 0.03933000
v -0.24633200 -0.01255700 0.04021700
v -0.24397100 -0.01244800 0.04115300
v -0.24166100 -0.01210100 0.04212700
v -0.23736900 -0.01076100 0.04410700
v -0.23633200 -0.00150600 0.04263800
v -0.23624800 -0.00170500 0.04241800
v -0.23608200 -0.00209600 0.04198700
v -0.23596100 -0.00250500 0.04167400
v -0.23587300 -0.00280200 0.04144600
v -0.23571400 -0.00360100 0.04103200
v -0.24033100 -0.00152400 0.03867300
v -0.23779800 -0.00430900 0.03889800
v -0.23561100 -0.00677200 0.04076500
v -0.23564300 -0.00717600 0.04084800
v -0.23577000 -0.00801900 0.04117700
v -0.24702700 -0.00263500 0.03493100
v -0.24441700 -0.00407300 0.03524300
v -0.24202300 -0.00565000 0.03609400
v -0.23987200 -0.00712200 0.03748100
v -0.23795800 -0.00826400 0.03931400
v -0.23631500 -0.00891900 0.04137100
v -0.23594900 -0.00878500 0.04164300
v -0.24684300 -0.00410400 0.03445100
v -0.24435300 -0.00565000 0.03507700
v -0.24208600 -0.00720200 0.03625700
v -0.24004800 -0.00852100 0.03793800
v -0.23821600 -0.00940700 0.03998400
v -0.23643900 -0.00998900 0.04291700
v -0.23659200 -0.01019400 0.04331200
v -0.23673500 -0.01038700 0.04368400
v -0.23705100 -0.01063200 0.04450600
v -0.25163900 -0.01221300 0.03986400
v -0.23778800 -0.01089300 0.04519600
v -0.23737800 -0.01071400 0.04535400
v -0.23919400 -0.00593000 0.05007300
v -0.23919100 -0.00565100 0.05006300
v -0.23967100 -0.00565000 0.05008900
v -0.23914700 -0.00683400 0.04994900
v -0.23914900 -0.00677600 0.04995700
v -0.23962400 -0.00681700 0.04996600
v -0.23850800 -0.00959500 0.04828900
v -0.23896200 -0.00974900 0.04824700
v -0.24746500 0.00125700 0.04316000
v -0.24983200 0.00112400 0.04221600
v -0.25036000 0.00061100 0.04358700
v -0.25266200 0.00026300 0.04252100
v -0.25488800 -0.00030800 0.04137000
v -0.25529200 -0.00101400 0.04241900
v -0.25796500 -0.00446600 0.04270400
v -0.25796800 -0.00452400 0.04271200
v -0.25604000 -0.00433100 0.04436400
v -0.25801300 -0.00537000 0.04282800
v -0.25800900 -0.00564900 0.04281900
v -0.25609400 -0.00565000 0.04450200
v -0.25739900 -0.00944900 0.04123400
v -0.25732700 -0.00959600 0.04104700
v -0.25529200 -0.01028600 0.04241900
v -0.25602500 -0.00044900 0.03916600
v -0.25634200 -0.00060200 0.03848800
v -0.25660100 -0.00072300 0.03916000
v -0.25469000 -0.00008500 0.04085800
v -0.25504000 -0.00016100 0.04051800
v -0.25698500 -0.00109400 0.04015700
v -0.25553800 -0.00028900 0.03991400
v -0.25664800 -0.00074500 0.03928300
v -0.25566000 -0.00032900 0.03972500
v -0.25575500 -0.00036000 0.03957900
v -0.25306500 0.00024000 0.04214200
v -0.25334900 0.00018500 0.04196400
v -0.25386300 0.00008500 0.04157700
v -0.25424800 0.00001000 0.04128700
v -0.24996700 0.00109300 0.04215700
v -0.25030900 0.00100500 0.04234700
v -0.24857100 0.00136700 0.04138500
v -0.24911000 0.00129900 0.04168400
v -0.24928200 0.00126900 0.04177900
v -0.24271900 0.00080100 0.04487500
v -0.24038900 0.00022400 0.04563100
v -0.23820700 -0.00053900 0.04628500
v -0.25652300 -0.01063200 0.03895800
v -0.25443800 -0.01143100 0.04020000
v -0.25683900 -0.01038700 0.03977900
v -0.25488800 -0.01099200 0.04137000
v -0.25762500 -0.00878500 0.04182100
v -0.25588300 -0.00822300 0.04395400
v -0.25780400 -0.00801900 0.04228600
v -0.25800100 -0.00628400 0.04279800
v -0.25604000 -0.00696900 0.04436400
v -0.25588300 -0.00307700 0.04395400
v -0.25783200 -0.00345900 0.04235700
v -0.25786000 -0.00360100 0.04243100
v -0.25749200 -0.00209600 0.04147600
v -0.25562900 -0.00195300 0.04329500
v -0.25770100 -0.00280200 0.04201700
v -0.25724200 -0.00150600 0.04082500
v -0.25732600 -0.00170500 0.04104500
v -0.25310900 -0.00051900 0.04368300
v -0.24800300 0.00073300 0.04455700
v -0.25083300 -0.00021700 0.04481600
v -0.25348200 -0.00155800 0.04465200
v -0.24609000 -0.00019800 0.04665800
v -0.24848600 -0.00011100 0.04581100
v -0.24888900 -0.00123300 0.04685800
v -0.25122800 -0.00131800 0.04584300
v -0.25152600 -0.00263500 0.04661600
v -0.25376300 -0.00280200 0.04538200
v -0.25393800 -0.00419000 0.04583500
v -0.24367200 -0.00047700 0.04735200
v -0.24648700 -0.00130200 0.04768900
v -0.24919200 -0.00257600 0.04764600
v -0.25171000 -0.00410400 0.04709500
v -0.25399700 -0.00565000 0.04598900
v -0.24125700 -0.01036000 0.04788600
v -0.24160000 -0.00940700 0.04877600
v -0.23926000 -0.00891900 0.04902100
v -0.25266200 -0.01156300 0.04252100
v -0.25310900 -0.01078100 0.04368300
v -0.25083300 -0.01108300 0.04481600
v -0.24919200 -0.00872400 0.04764600
v -0.24678500 -0.00867500 0.04846400
v -0.24697100 -0.00720200 0.04894500
v -0.24456700 -0.00565000 0.04967700
v -0.24201800 -0.00699100 0.04986200
v -0.24207200 -0.00565000 0.05000300
v -0.24201800 -0.00430900 0.04986200
v -0.23962400 -0.00448300 0.04996600
v -0.23750500 -0.01070100 0.04568500
v -0.23820700 -0.01076100 0.04628500
v -0.23860500 -0.01037400 0.04731900
v -0.23782900 -0.01055500 0.04652700
v -0.23867400 -0.00920400 0.04872000
v -0.23904100 -0.00769900 0.04967500
v -0.24404900 -0.00977600 0.04832900
v -0.25216400 -0.01204900 0.04122700
v -0.25036000 -0.01191000 0.04358700
v -0.24648700 -0.00999700 0.04768900
v -0.24433200 -0.00852100 0.04906500
v -0.23918300 -0.00501600 0.05004300
v -0.23914400 -0.00452800 0.04994300
v -0.23911200 -0.00412400 0.04986000
v -0.25348200 -0.00974200 0.04465200
v -0.25152600 -0.00866500 0.04661600
v -0.24938000 -0.00722600 0.04813500
v -0.24703300 -0.00565000 0.04910800
v -0.24450800 -0.00417800 0.04952200
v -0.25562900 -0.00934700 0.04329500
v -0.25376300 -0.00849800 0.04538200
v -0.25171000 -0.00719600 0.04709500
v -0.24944400 -0.00565000 0.04830000
v -0.24697100 -0.00409800 0.04894500
v -0.24404900 -0.00152400 0.04832900
v -0.24678500 -0.00262500 0.04846400
v -0.24938000 -0.00407300 0.04813500
v -0.25177300 -0.00565000 0.04725800
v -0.25393800 -0.00711000 0.04583500
v -0.23770400 -0.00066800 0.04620200
v -0.26362400 0.00185100 0.02666700
v -0.26344800 0.00170400 0.02657000
v -0.26334100 0.00155100 0.02701300
v -0.26511800 0.00593000 0.02749400
v -0.26511000 0.00565100 0.02748900
v -0.26506900 0.00565000 0.02796900
v -0.26500200 0.00683400 0.02742900
v -0.26501000 0.00677600 0.02743400
v -0.26495400 0.00681700 0.02790500
v -0.26324000 0.00979400 0.02645500
v -0.26344600 0.00959500 0.02656900
v -0.26334100 0.00974900 0.02701300
v -0.25713600 -0.00125700 0.03473700
v -0.25716100 -0.00061100 0.03766300
v -0.25579000 -0.00026300 0.03979700
v -0.25434300 0.00030800 0.04184400
v -0.25532700 0.00101400 0.04238800
v -0.25524300 0.00446600 0.04507500
v -0.25525000 0.00452400 0.04508000
v -0.25715100 0.00433100 0.04339700
v -0.25535900 0.00537000 0.04514000
v -0.25535000 0.00564900 0.04513500
v -0.25728100 0.00565000 0.04346800
v -0.25368900 0.00959600 0.04421600
v -0.25532700 0.01028600 0.04238800
v -0.25579900 -0.00109400 0.03707700
v -0.25605700 -0.00090400 0.03774700
v -0.25575600 -0.00143500 0.03397400
v -0.25565400 -0.00120000 0.03670100
v -0.26055500 -0.00022400 0.02806800
v -0.26019100 -0.00030300 0.02786700
v -0.25994200 -0.00045200 0.02832700
v -0.25961800 -0.00059100 0.02868000
v -0.25948600 -0.00080100 0.03027200
v -0.25856400 -0.00081100 0.02889800
v -0.25882300 -0.00078700 0.02894500
v -0.25922100 -0.00071200 0.02889600
v -0.26048100 0.00040700 0.02543100
v -0.26034800 0.00030000 0.02567200
v -0.26150200 0.00053900 0.02599600
v -0.26044800 0.00010900 0.02636700
v -0.26043400 -0.00002600 0.02687200
v -0.26030300 -0.00021200 0.02755600
v -0.26019700 -0.00030000 0.02785500
v -0.25285400 0.00109400 0.04375400
v -0.25278800 0.00105000 0.04371800
v -0.25203500 0.00074500 0.04330100
v -0.25209200 0.01157900 0.04059900
v -0.25324700 0.01143100 0.04123700
v -0.25250000 0.01038700 0.04355900
v -0.25434300 0.01099200 0.04184400
v -0.25441400 0.00878500 0.04461700
v -0.25676700 0.00822300 0.04318400
v -0.25485100 0.00801900 0.04485900
v -0.25533100 0.00628400 0.04512400
v -0.25715100 0.00696900 0.04339700
v -0.25516000 0.00717600 0.04502900
v -0.25676700 0.00307700 0.04318400
v -0.25498600 0.00360100 0.04493400
v -0.25409100 0.00209600 0.04443800
v -0.25438500 0.00250500 0.04460100
v -0.25614900 0.00195300 0.04284200
v -0.25459800 0.00280200 0.04471900
v -0.25348100 0.00150600 0.04410100
v -0.25368700 0.00170500 0.04421500
v -0.25687800 0.00051900 0.04040000
v -0.25844600 -0.00073300 0.03546200
v -0.25831400 0.00021700 0.03830100
v -0.25778800 0.00155800 0.04090300
v -0.26071000 -0.00031200 0.03094800
v -0.25962200 0.00011100 0.03611200
v -0.26060300 0.00123300 0.03665500
v -0.25927700 0.00131800 0.03883300
v -0.26000100 0.00263500 0.03923400
v -0.25847200 0.00280200 0.04128100
v -0.25889700 0.00419000 0.04151600
v -0.26166900 0.00022200 0.02868400
v -0.26175600 0.00130200 0.03439000
v -0.26134200 0.00257600 0.03706400
v -0.26045100 0.00410400 0.03948300
v -0.25904100 0.00565000 0.04159600
v -0.26055500 0.01152400 0.02806800
v -0.25938100 0.01167500 0.02741900
v -0.25698500 0.01262300 0.03175200
v -0.25713600 0.01255700 0.03473700
v -0.25834300 0.01244800 0.03250200
v -0.26071000 0.01161200 0.03094800
v -0.26180800 0.01082300 0.03155600
v -0.26266900 0.01036000 0.02923700
v -0.26166900 0.01107800 0.02868400
v -0.26350400 0.00940700 0.02969900
v -0.26406800 0.00891900 0.02741500
v -0.26461400 0.00792500 0.02771700
v -0.25579000 0.01156300 0.03979700
v -0.25687800 0.01078100 0.04040000
v -0.25831400 0.01108300 0.03830100
v -0.25927700 0.00998200 0.03883300
v -0.26060300 0.01006700 0.03665500
v -0.26248300 0.00867500 0.03479200
v -0.26293400 0.00720200 0.03504200
v -0.26384300 0.00712200 0.03268100
v -0.26398800 0.00565000 0.03276100
v -0.26465400 0.00565000 0.03033500
v -0.26452200 0.00430900 0.03026200
v -0.26495400 0.00448300 0.02790500
v -0.26247100 0.01037400 0.02653200
v -0.26179400 0.01055500 0.02565500
v -0.26254700 0.01025000 0.02607200
v -0.26261300 0.01020600 0.02610800
v -0.25819800 0.01226700 0.02955900
v -0.25948600 0.01210100 0.03027200
v -0.26385000 0.00920400 0.02679200
v -0.26435800 0.00849800 0.02707300
v -0.26474600 0.00769900 0.02728800
v -0.25575600 0.01273500 0.03397400
v -0.25587600 0.01242400 0.03695200
v -0.25844600 0.01203300 0.03546200
v -0.26079000 0.01110200 0.03385600
v -0.26272500 0.00977600 0.03206300
v -0.26413200 0.00826400 0.03004600
v -0.25457600 0.01204900 0.03912600
v -0.25716100 0.01191000 0.03766300
v -0.25962200 0.01118900 0.03611200
v -0.26175600 0.00999700 0.03439000
v -0.26341500 0.00852100 0.03244400
v -0.26452200 0.00699100 0.03026200
v -0.26509000 0.00501600 0.02747800
v -0.26499600 0.00452800 0.02742600
v -0.26491900 0.00412400 0.02738300
v -0.25778800 0.00974200 0.04090300
v -0.26000100 0.00866500 0.03923400
v -0.26180000 0.00722600 0.03731700
v -0.26308700 0.00565000 0.03512600
v -0.26384300 0.00417800 0.03268100
v -0.26417400 0.00251500 0.02697100
v -0.25614900 0.00934700 0.04284200
v -0.25847200 0.00849800 0.04128100
v -0.26045100 0.00719600 0.03948300
v -0.26195600 0.00565000 0.03740300
v -0.26293400 0.00409800 0.03504200
v -0.26341500 0.00277900 0.03244400
v -0.26247100 0.00092600 0.02653200
v -0.26266900 0.00093900 0.02923700
v -0.26248300 0.00262500 0.03479200
v -0.26180000 0.00407300 0.03731700
v -0.26060400 0.00565000 0.03956700
v -0.25889700 0.00711000 0.04151600
v -0.26297900 0.00131100 0.02631000
v -0.26148900 0.00066800 0.02548600
v -0.25776300 0.00944900 0.02342600
v -0.25793900 0.00959600 0.02352300
v -0.25762000 0.00974900 0.02384900
v -0.25626900 0.00537000 0.02259900
v -0.25627800 0.00564900 0.02260400
v -0.25589300 0.00565000 0.02289400
v -0.25638500 0.00446600 0.02266400
v -0.25637800 0.00452400 0.02265900
v -0.25600800 0.00448300 0.02295700
v -0.24769800 0.00419000 0.03532200
v -0.24703400 0.00433100 0.03780100
v -0.24741800 0.00307700 0.03801300
v -0.25071500 0.01070800 0.04257100
v -0.25093800 0.01143100 0.03996000
v -0.24846300 0.00985400 0.04132600
v -0.24885700 0.01028600 0.03881000
v -0.24784300 0.00927800 0.04098300
v -0.24803600 0.00934700 0.03835500
v -0.24741800 0.00822300 0.03801300
v -0.24651600 0.00603400 0.04024900
v -0.24690400 0.00565000 0.03772900
v -0.24739800 0.00259800 0.04073700
v -0.24747600 0.00250000 0.04078000
v -0.24803600 0.00195300 0.03835500
v -0.25317000 -0.00112400 0.03545600
v -0.25731300 0.00026400 0.02596500
v -0.25742300 0.00037400 0.02571200
v -0.25709400 0.00022200 0.02615400
v -0.26034300 0.00030300 0.02566000
v -0.26038300 0.00059800 0.02487500
v -0.26014800 0.00045900 0.02514800
v -0.26018500 0.00043600 0.02522100
v -0.26020600 0.00041800 0.02527900
v -0.25924100 0.00077100 0.02441700
v -0.25959300 0.00074500 0.02443800
v -0.25958200 0.00069600 0.02453700
v -0.25986500 0.00060000 0.02475300
v -0.25823500 0.00077000 0.02467600
v -0.25866500 0.00081400 0.02446400
v -0.25849000 0.00092600 0.02433000
v -0.25767300 0.00056900 0.02524800
v -0.25762000 0.00155100 0.02384900
v -0.25720100 -0.00014100 0.02686700
v -0.25724200 0.00013600 0.02625000
v -0.25724500 0.00014200 0.02623800
v -0.25568600 -0.00031200 0.02816900
v -0.25742800 -0.00053100 0.02780100
v -0.25735200 -0.00045800 0.02761300
v -0.25730500 -0.00037300 0.02741200
v -0.25721400 -0.00020900 0.02702100
v -0.25720100 -0.00014200 0.02686900
v -0.25842800 -0.00080700 0.02883100
v -0.25814500 -0.00079900 0.02869200
v -0.25690900 -0.00080100 0.02884600
v -0.25777600 -0.00071800 0.02835400
v -0.25772200 -0.00069900 0.02828700
v -0.25749100 -0.00056700 0.02790600
v -0.25437700 -0.00125700 0.03321100
v -0.25188500 -0.00061100 0.03474500
v -0.25073200 0.00021700 0.03410700
v -0.24885700 0.00101400 0.03881000
v -0.24971700 0.00051900 0.03643900
v -0.24818200 0.00170600 0.04117000
v -0.24793600 0.00192100 0.04103400
v -0.24697600 0.00337300 0.04050300
v -0.24652700 0.00512000 0.04025500
v -0.24668200 0.00422300 0.04034100
v -0.24694700 0.00345500 0.04048800
v -0.24662400 0.00677500 0.04030900
v -0.24692000 0.00779500 0.04047200
v -0.24664800 0.00693500 0.04032200
v -0.24703400 0.00696900 0.03780100
v -0.24901700 0.01020000 0.04163200
v -0.24992300 0.01058000 0.04213300
v -0.24916400 0.01029200 0.04171400
v -0.24984100 0.01099200 0.03935400
v -0.24769800 0.00711000 0.03532200
v -0.24859500 0.00719600 0.03292500
v -0.24971200 0.00722600 0.03063100
v -0.24812300 0.00849800 0.03555700
v -0.24904400 0.00866500 0.03317400
v -0.25017000 0.00872400 0.03088500
v -0.24880700 0.00974200 0.03593600
v -0.24976900 0.00998200 0.03357500
v -0.25367100 0.00977600 0.02705500
v -0.25562800 -0.00114800 0.03100100
v -0.24971700 0.01078100 0.03643900
v -0.25073200 0.01108300 0.03410700
v -0.25189100 0.01118900 0.03183600
v -0.25318100 0.01110200 0.02964700
v -0.25609400 0.01036000 0.02560100
v -0.25609400 0.00093900 0.02560100
v -0.25754600 0.00049500 0.02543100
v -0.25080600 0.01156300 0.03704100
v -0.25306600 0.01203300 0.03248600
v -0.25433800 0.01193200 0.03028700
v -0.25568600 0.01161200 0.02816900
v -0.25709400 0.01107800 0.02615400
v -0.25849000 0.01037400 0.02433000
v -0.25433800 -0.00063200 0.03028700
v -0.25458800 0.00047700 0.02756200
v -0.25525900 0.00189300 0.02513900
v -0.25689400 0.00238100 0.02344700
v -0.25634700 0.00337500 0.02314500
v -0.24976900 0.00131800 0.03357500
v -0.25090900 0.00123300 0.03129300
v -0.25017000 0.00257600 0.03088500
v -0.25410900 0.00565000 0.02450300
v -0.25424100 0.00699100 0.02457600
v -0.25600800 0.00681700 0.02295700
v -0.25634700 0.00792500 0.02314500
v -0.25820800 0.01152400 0.02677000
v -0.25794100 0.00170500 0.02352400
v -0.25703000 0.00280200 0.02302000
v -0.25671000 0.00345900 0.02284400
v -0.25664100 0.00360100 0.02280500
v -0.25306600 -0.00073300 0.03248600
v -0.25318100 0.00019800 0.02964700
v -0.25367100 0.00152400 0.02705500
v -0.25463100 0.00303600 0.02479200
v -0.25189100 0.00011100 0.03183600
v -0.25221500 0.00130200 0.02911300
v -0.25298100 0.00277900 0.02667400
v -0.25424100 0.00430900 0.02457600
v -0.25646800 0.00717600 0.02271000
v -0.25671200 0.00784200 0.02284500
v -0.25677700 0.00801900 0.02288000
v -0.24904400 0.00263500 0.03317400
v -0.24971200 0.00407300 0.03063100
v -0.25255300 0.00712200 0.02643700
v -0.25463100 0.00826400 0.02479200
v -0.25689400 0.00891900 0.02344700
v -0.25721400 0.00878500 0.02312200
v -0.24812300 0.00280200 0.03555700
v -0.24859500 0.00410400 0.03292500
v -0.25298100 0.00852100 0.02667400
v -0.25525900 0.00940700 0.02513900
v -0.25840800 0.00998900 0.02378300
v -0.24822600 0.00341800 0.04119500
v -0.24788200 0.00410500 0.04100400
v -0.24766700 0.00486100 0.04088600
v -0.24924800 0.00235700 0.04176000
v -0.25262100 0.00894300 0.04362500
v -0.25346000 0.00811500 0.04409000
v -0.25364200 0.00788200 0.04419000
v -0.25398700 0.00719500 0.04438100
v -0.25413300 0.00668000 0.04446200
v -0.25420100 0.00643900 0.04449900
v -0.24869000 0.00282600 0.04145100
v -0.24840800 0.00318500 0.04129600
v -0.25396300 0.00404500 0.04436700
v -0.25413500 0.00461900 0.04446300
v -0.25427300 0.00565000 0.04453900
v -0.25427100 0.00553900 0.04453800
v -0.25418900 0.00479600 0.04449200
v -0.24873300 0.00851900 0.04147500
v -0.24840700 0.00811600 0.04129500
v -0.24790600 0.00725500 0.04101800
v -0.24826100 0.00793600 0.04121400
v -0.24759600 0.00565000 0.04084600
v -0.24759700 0.00576100 0.04084700
v -0.24768000 0.00650400 0.04089300
v -0.25131100 0.00944100 0.04290100
v -0.25198700 0.00927100 0.04327500
v -0.25232500 0.00909600 0.04346200
v -0.25360800 0.00336400 0.04417100
v -0.25346200 0.00318400 0.04409000
v -0.25313500 0.00278100 0.04391000
v -0.24993700 0.00929100 0.04214100
v -0.24929800 0.00897600 0.04178800
v -0.24954300 0.00909700 0.04192300
v -0.25193200 0.00200900 0.04324400
v -0.25125300 0.00185200 0.04286900
v -0.24988200 0.00202900 0.04211000
v -0.24954400 0.00220400 0.04192400
v -0.25257000 0.00232400 0.04359700
v -0.25232500 0.00220300 0.04346200
v -0.25732900 -0.00944900 0.02972500
v -0.25751600 -0.00959600 0.02965300
v -0.25724500 -0.00974900 0.02928700
v -0.25573500 -0.00537000 0.03033900
v -0.25574400 -0.00564900 0.03033500
v -0.25540300 -0.00565000 0.02999600
v -0.25585900 -0.00446600 0.03029100
v -0.25585100 -0.00452400 0.03029400
v -0.25552600 -0.00448300 0.02994800
v -0.24899200 -0.00419000 0.01656000
v -0.24867400 -0.00433100 0.01401300
v -0.24908400 -0.00307700 0.01385600
v -0.25283800 -0.01143100 0.01241000
v -0.25057400 -0.00985400 0.01071800
v -0.25061900 -0.01028600 0.01326500
v -0.24991200 -0.00927800 0.01097300
v -0.24974300 -0.00934700 0.01360200
v -0.24935800 -0.00858400 0.01118600
v -0.24908400 -0.00822300 0.01385600
v -0.24849700 -0.00603400 0.01151800
v -0.24853600 -0.00565000 0.01406700
v -0.24943900 -0.00259800 0.01115500
v -0.24952200 -0.00250000 0.01112300
v -0.24974300 -0.00195300 0.01360200
v -0.25393300 0.00097800 0.01700000
v -0.25443000 0.00112400 0.01717900
v -0.25704000 -0.00022200 0.02693100
v -0.25840700 -0.00109400 0.02931000
v -0.25597400 -0.00093900 0.02734200
v -0.25724500 -0.00155100 0.02928700
v -0.25817300 -0.00092600 0.02892900
v -0.25592200 0.00031200 0.02474100
v -0.25860100 0.00096700 0.02371000
v -0.25616400 0.00136900 0.01737700
v -0.25678900 0.00143500 0.01900100
v -0.25539200 0.00131000 0.01737400
v -0.25531700 0.00125700 0.01956800
v -0.25468100 0.00118400 0.01725100
v -0.25444800 0.00112000 0.01717300
v -0.25227800 0.00026000 0.01595900
v -0.25258100 0.00041300 0.01619500
v -0.25306000 0.00061100 0.01770700
v -0.25297800 0.00061400 0.01650400
v -0.25311600 0.00067500 0.01659200
v -0.25386000 0.00095800 0.01697600
v -0.25183000 -0.00021700 0.01818000
v -0.25085200 -0.00077400 0.01385600
v -0.25123600 -0.00043700 0.01466300
v -0.25114500 -0.00051900 0.01573100
v -0.25061900 -0.00101400 0.01326500
v -0.25066300 -0.00097800 0.01324800
v -0.25067400 -0.00096300 0.01330600
v -0.25125600 -0.00042200 0.01469200
v -0.25167200 -0.00011600 0.01530600
v -0.25049600 -0.00131500 0.01171000
v -0.25027400 -0.00170600 0.01083400
v -0.25059700 -0.00136900 0.01098600
v -0.25068900 -0.00136700 0.01067400
v -0.25056400 -0.00112000 0.01271400
v -0.25056700 -0.00111500 0.01273400
v -0.26029600 -0.00040700 0.02811200
v -0.26012200 -0.00059800 0.02865000
v -0.25847700 -0.00105000 0.02928300
v -0.26045400 -0.00058600 0.02852200
v -0.24898800 -0.00337300 0.01132900
v -0.24850900 -0.00512000 0.01151300
v -0.24861900 -0.00452700 0.01147100
v -0.24867500 -0.00422300 0.01144900
v -0.24861300 -0.00677500 0.01147300
v -0.24892800 -0.00779400 0.01135200
v -0.24863800 -0.00693500 0.01146300
v -0.24867400 -0.00696900 0.01401300
v -0.25116500 -0.01020000 0.01049100
v -0.25213100 -0.01058000 0.01011900
v -0.25132200 -0.01029200 0.01043000
v -0.25166800 -0.01099200 0.01286100
v -0.24883900 -0.00565000 0.01661900
v -0.24938900 -0.00565000 0.01912000
v -0.24899200 -0.00711000 0.01656000
v -0.24955100 -0.00719600 0.01905700
v -0.25034300 -0.00722600 0.02148300
v -0.24944500 -0.00849800 0.01638500
v -0.25003100 -0.00866500 0.01887300
v -0.25083200 -0.00872400 0.02129400
v -0.25183800 -0.00867500 0.02362900
v -0.25261400 -0.00999700 0.02333000
v -0.25377300 -0.00977600 0.02556900
v -0.25770100 0.00132300 0.02137200
v -0.25114500 -0.01078100 0.01573100
v -0.25183000 -0.01108300 0.01818000
v -0.25364400 -0.01110200 0.02293400
v -0.25475100 -0.01082300 0.02519200
v -0.25230600 -0.01156300 0.01528400
v -0.25306000 -0.01191000 0.01770700
v -0.25392000 -0.01203300 0.02010600
v -0.25487800 -0.01193200 0.02245900
v -0.25592200 -0.01161200 0.02474100
v -0.25704000 -0.01107800 0.02693100
v -0.25817300 -0.01037400 0.02892900
v -0.25487800 0.00063200 0.02245900
v -0.25475100 -0.00047700 0.02519200
v -0.25508400 -0.00189300 0.02768400
v -0.25647100 -0.00238100 0.02958500
v -0.25588800 -0.00337500 0.02980900
v -0.25083200 -0.00257600 0.02129400
v -0.25183800 -0.00262500 0.02362900
v -0.25135700 -0.00409800 0.02381400
v -0.25258100 -0.00417800 0.02602800
v -0.25242600 -0.00565000 0.02608700
v -0.25385700 -0.00565000 0.02815700
v -0.25399800 -0.00699100 0.02810200
v -0.25552600 -0.00681700 0.02994800
v -0.25588800 -0.00792500 0.02980900
v -0.25360100 -0.01204900 0.01478600
v -0.25443000 -0.01242400 0.01717900
v -0.25531700 -0.01255700 0.01956800
v -0.25625300 -0.01244800 0.02192900
v -0.25722700 -0.01210100 0.02423900
v -0.25822900 -0.01152400 0.02647400
v -0.25920700 -0.01076100 0.02853100
v -0.25773800 -0.00150600 0.02956800
v -0.25751900 -0.00170500 0.02965200
v -0.25654600 -0.00280200 0.03002700
v -0.25620600 -0.00345900 0.03015800
v -0.25613200 -0.00360100 0.03018600
v -0.25392000 0.00073300 0.02010600
v -0.25364400 -0.00019800 0.02293400
v -0.25377300 -0.00152400 0.02556900
v -0.25441400 -0.00303600 0.02794200
v -0.25266600 -0.00011100 0.02058800
v -0.25261400 -0.00130200 0.02333000
v -0.25303800 -0.00277900 0.02585200
v -0.25399800 -0.00430900 0.02810200
v -0.25576500 -0.00628400 0.03032700
v -0.25627700 -0.00801900 0.03013000
v -0.25003100 -0.00263500 0.01887300
v -0.25034300 -0.00407300 0.02148300
v -0.25119400 -0.00565000 0.02387700
v -0.25258100 -0.00712200 0.02602800
v -0.25515100 -0.00809450 0.02887550
v -0.25647100 -0.00891900 0.02958500
v -0.25674300 -0.00878500 0.02995100
v -0.24944500 -0.00280200 0.01638500
v -0.24955100 -0.00410400 0.01905700
v -0.25017700 -0.00565000 0.02154700
v -0.25303800 -0.00852100 0.02585200
v -0.25508400 -0.00940700 0.02768400
v -0.25801700 -0.00998900 0.02946000
v -0.25960500 -0.01063200 0.02884900
v -0.26029600 -0.01089300 0.02811200
v -0.26045400 -0.01071400 0.02852200
v -0.26357900 -0.00185100 0.02731900
v -0.26339100 -0.00170400 0.02739100
v -0.26334700 -0.00155100 0.02693800
v -0.26517300 -0.00593000 0.02670600
v -0.26516300 -0.00565100 0.02670900
v -0.26518900 -0.00565000 0.02622900
v -0.26504900 -0.00683400 0.02675300
v -0.26505700 -0.00677600 0.02675000
v -0.26506600 -0.00681700 0.02627600
v -0.26317000 -0.00979400 0.02747700
v -0.26338900 -0.00959500 0.02739200
v -0.26334700 -0.00974900 0.02693800
v -0.25826000 0.00125700 0.01843500
v -0.25731600 0.00112400 0.01606800
v -0.25868700 0.00061100 0.01554000
v -0.25762100 0.00026300 0.01323800
v -0.25647000 -0.00030800 0.01101200
v -0.25751900 -0.00101400 0.01060800
v -0.25780400 -0.00446600 0.00793500
v -0.25781200 -0.00452400 0.00793200
v -0.25946400 -0.00433100 0.00986000
v -0.25792800 -0.00537000 0.00788700
v -0.25791900 -0.00564900 0.00789100
v -0.25960200 -0.00565000 0.00980600
v -0.25633400 -0.00944900 0.00850100
v -0.25614700 -0.00959600 0.00857300
v -0.25751900 -0.01028600 0.01060800
v -0.25426600 -0.00044900 0.00987500
v -0.25358800 -0.00060200 0.00955800
v -0.25595800 -0.00008500 0.01121000
v -0.25561800 -0.00016100 0.01086000
v -0.25525700 -0.00109400 0.00891500
v -0.25501400 -0.00028900 0.01036200
v -0.25518600 -0.00105000 0.00894300
v -0.25438300 -0.00074500 0.00925200
v -0.25724200 0.00024000 0.01283400
v -0.25706400 0.00018500 0.01255100
v -0.25667700 0.00008500 0.01203700
v -0.25638700 0.00001000 0.01165200
v -0.25725700 0.00109300 0.01593400
v -0.25744700 0.00100500 0.01559100
v -0.25798900 0.00060200 0.01461000
v -0.25770300 0.00041700 0.01373700
v -0.25755500 0.00036000 0.01344700
v -0.25747700 0.00033000 0.01329400
v -0.25997500 0.00080100 0.02318100
v -0.26073100 0.00022400 0.02551000
v -0.26138500 -0.00053900 0.02769300
v -0.25564600 -0.00998900 0.00876500
v -0.25530000 -0.01143100 0.01146200
v -0.25647000 -0.01099200 0.01101200
v -0.25692100 -0.00878500 0.00827500
v -0.25905400 -0.00822300 0.01001700
v -0.25738600 -0.00801900 0.00809600
v -0.25789800 -0.00628400 0.00789900
v -0.25946400 -0.00696900 0.00986000
v -0.25771500 -0.00717600 0.00796900
v -0.25905400 -0.00307700 0.01001700
v -0.25753100 -0.00360100 0.00804000
v -0.25839500 -0.00195300 0.01027100
v -0.25711700 -0.00280200 0.00819900
v -0.25592500 -0.00150600 0.00865800
v -0.25614500 -0.00170500 0.00857400
v -0.25878300 -0.00051900 0.01279100
v -0.25914900 0.00114800 0.02081400
v -0.25965700 0.00073300 0.01789700
v -0.25991700 -0.00021700 0.01506700
v -0.25975300 -0.00155800 0.01241700
v -0.26128100 0.00031200 0.02267900
v -0.26052500 0.00063200 0.02028500
v -0.26175800 -0.00019800 0.01981000
v -0.26094300 -0.00131800 0.01467200
v -0.26171600 -0.00263500 0.01437400
v -0.26048200 -0.00280200 0.01213700
v -0.26093500 -0.00419000 0.01196200
v -0.26191900 -0.00022200 0.02505300
v -0.26245100 -0.00047700 0.02222800
v -0.26274600 -0.00257600 0.01670800
v -0.26219500 -0.00410400 0.01419000
v -0.26108900 -0.00565000 0.01190300
v -0.26073100 -0.01152400 0.02551000
v -0.25826000 -0.01255700 0.01843500
v -0.26052500 -0.01193200 0.02028500
v -0.26128100 -0.01161200 0.02267900
v -0.26245100 -0.01082300 0.02222800
v -0.26298600 -0.01036000 0.02464300
v -0.26412100 -0.00891900 0.02664000
v -0.25762100 -0.01156300 0.01323800
v -0.25878300 -0.01078100 0.01279100
v -0.25991700 -0.01108300 0.01506700
v -0.26094300 -0.00998200 0.01467200
v -0.26195800 -0.01006700 0.01701100
v -0.26274600 -0.00872400 0.01670800
v -0.26356400 -0.00867500 0.01911500
v -0.26404500 -0.00720200 0.01892900
v -0.26462200 -0.00712200 0.02139200
v -0.26477700 -0.00565000 0.02133300
v -0.26510300 -0.00565000 0.02382800
v -0.26496200 -0.00430900 0.02388200
v -0.26506600 -0.00448300 0.02627600
v -0.26470400 -0.00337500 0.02641500
v -0.26241900 -0.01037400 0.02729500
v -0.26243100 -0.01025000 0.02776100
v -0.26250100 -0.01020600 0.02773400
v -0.25997500 -0.01210100 0.02318100
v -0.26191900 -0.01107800 0.02505300
v -0.26477600 -0.00769900 0.02685900
v -0.25731600 -0.01242400 0.01606800
v -0.25965700 -0.01203300 0.01789700
v -0.26175800 -0.01110200 0.01981000
v -0.26342900 -0.00977600 0.02185100
v -0.26454600 -0.00826400 0.02404200
v -0.25632700 -0.01204900 0.01373600
v -0.25868700 -0.01191000 0.01554000
v -0.26091100 -0.01118900 0.01741400
v -0.26278900 -0.00999700 0.01941300
v -0.26416500 -0.00852100 0.02156800
v -0.26496200 -0.00699100 0.02388200
v -0.26514300 -0.00501600 0.02671700
v -0.26504300 -0.00452800 0.02675600
v -0.26496000 -0.00412400 0.02678800
v -0.26470000 -0.00345800 0.02688800
v -0.26463100 -0.00328100 0.02691400
v -0.25975300 -0.00974200 0.01241700
v -0.26171600 -0.00866500 0.01437400
v -0.26323500 -0.00722600 0.01652000
v -0.26420800 -0.00565000 0.01886700
v -0.26462200 -0.00417800 0.02139200
v -0.26412100 -0.00238100 0.02664000
v -0.26416500 -0.00251500 0.02709400
v -0.25839500 -0.00934700 0.01027100
v -0.26048200 -0.00849800 0.01213700
v -0.26219500 -0.00719600 0.01419000
v -0.26340000 -0.00565000 0.01645600
v -0.26404500 -0.00409800 0.01892900
v -0.26416500 -0.00277900 0.02156800
v -0.26387600 -0.00189300 0.02430000
v -0.26241900 -0.00092600 0.02729500
v -0.26298600 -0.00093900 0.02464300
v -0.26342900 -0.00152400 0.02185100
v -0.26356400 -0.00262500 0.01911500
v -0.26323500 -0.00407300 0.01652000
v -0.26235800 -0.00565000 0.01412700
v -0.26093500 -0.00711000 0.01196200
v -0.26289100 -0.00131100 0.02758400
v -0.26212400 -0.00091300 0.02787900
v -0.26130200 -0.00066800 0.02819600
v -0.26150200 -0.00072800 0.02811900
v -0.24259400 0.00593000 0.00078200
v -0.24258900 0.00565100 0.00079000
v -0.24306900 0.00565000 0.00083100
v -0.24253400 0.00677600 0.00089000
v -0.24300500 0.00681700 0.00094600
v -0.24166900 0.00959500 0.00245400
v -0.24211300 0.00974900 0.00255900
v -0.24983700 -0.00125700 0.00876400
v -0.25205200 -0.00112400 0.01002400
v -0.25276300 -0.00061100 0.00873900
v -0.25489800 -0.00026300 0.01011000
v -0.25694400 0.00030800 0.01155700
v -0.25748800 0.00101400 0.01057300
v -0.26017500 0.00446600 0.01065700
v -0.26018000 0.00452400 0.01065000
v -0.25849600 0.00433100 0.00874900
v -0.26024000 0.00537000 0.01054100
v -0.26023500 0.00564900 0.01055000
v -0.25856800 0.00565000 0.00861900
v -0.25941300 0.00944900 0.01203500
v -0.25931600 0.00959600 0.01221100
v -0.25748800 0.01028600 0.01057300
v -0.25833700 0.00072300 0.01398100
v -0.25217700 -0.00109400 0.01010100
v -0.25284700 -0.00090400 0.00984300
v -0.25180100 -0.00120000 0.01024600
v -0.24316800 -0.00022400 0.00534500
v -0.24342700 -0.00045200 0.00595800
v -0.24378000 -0.00059100 0.00628200
v -0.24537200 -0.00080100 0.00641400
v -0.24381600 -0.00060800 0.00633000
v -0.24392800 -0.00067200 0.00654600
v -0.24399800 -0.00081100 0.00733600
v -0.24465900 -0.00096700 0.00770200
v -0.24404500 -0.00078700 0.00707700
v -0.24399700 -0.00071200 0.00667900
v -0.24053100 0.00040700 0.00541900
v -0.24077200 0.00030000 0.00555200
v -0.24109600 0.00053900 0.00439800
v -0.24146700 0.00010900 0.00545300
v -0.24197200 -0.00002600 0.00546600
v -0.24265600 -0.00021200 0.00559700
v -0.25885400 0.00109400 0.01304600
v -0.25881800 0.00105000 0.01311200
v -0.25840100 0.00074500 0.01386500
v -0.25779300 0.01071400 0.01496600
v -0.25569900 0.01157900 0.01380800
v -0.25823300 0.01063200 0.01417000
v -0.25633700 0.01143100 0.01265300
v -0.25865900 0.01038700 0.01340000
v -0.25694400 0.01099200 0.01155700
v -0.25971700 0.00878500 0.01148600
v -0.25828400 0.00822300 0.00913300
v -0.25999500 0.00784200 0.01098400
v -0.25995900 0.00801900 0.01104900
v -0.26022400 0.00628400 0.01056900
v -0.25849600 0.00696900 0.00874900
v -0.26013000 0.00717600 0.01074000
v -0.25828400 0.00307700 0.00913300
v -0.26003400 0.00360100 0.01091300
v -0.25953800 0.00209600 0.01180900
v -0.25970100 0.00250500 0.01151500
v -0.25794200 0.00195300 0.00975100
v -0.25981900 0.00280200 0.01130200
v -0.25920100 0.00150600 0.01241900
v -0.25931500 0.00170500 0.01221300
v -0.25550000 0.00051900 0.00902100
v -0.25056200 -0.00073300 0.00745400
v -0.25340100 0.00021700 0.00758600
v -0.25600300 0.00155800 0.00811200
v -0.25175500 0.00123300 0.00529700
v -0.25393300 0.00131800 0.00662300
v -0.25433400 0.00263500 0.00589900
v -0.25661600 0.00419000 0.00700300
v -0.24665600 0.00047700 0.00409200
v -0.24949000 0.00130200 0.00414400
v -0.25216300 0.00257600 0.00455800
v -0.25458200 0.00410400 0.00544900
v -0.25669600 0.00565000 0.00685900
v -0.24053100 0.01089300 0.00541900
v -0.24907400 0.01273500 0.01014400
v -0.24685200 0.01262300 0.00891500
v -0.24983700 0.01255700 0.00876400
v -0.24760300 0.01244800 0.00755700
v -0.24665600 0.01082300 0.00409200
v -0.24479900 0.00940700 0.00239600
v -0.24251500 0.00891900 0.00183200
v -0.24281700 0.00792500 0.00128500
v -0.25489800 0.01156300 0.01011000
v -0.25550000 0.01078100 0.00902100
v -0.25393300 0.00998200 0.00662300
v -0.25175500 0.01006700 0.00529700
v -0.25216300 0.00872400 0.00455800
v -0.24989200 0.00867500 0.00341700
v -0.24786100 0.00565000 0.00191200
v -0.24543500 0.00565000 0.00124600
v -0.24536200 0.00430900 0.00137800
v -0.24300500 0.00448300 0.00094600
v -0.24014700 0.01071400 0.00520600
v -0.24031900 0.01070100 0.00489500
v -0.24189200 0.00920400 0.00205000
v -0.24217300 0.00849800 0.00154200
v -0.25130400 0.01259900 0.01137700
v -0.25205200 0.01242400 0.01002400
v -0.24895600 0.01110200 0.00511000
v -0.24716300 0.00977600 0.00317500
v -0.24514600 0.00826400 0.00176800
v -0.25351900 0.01221300 0.01260200
v -0.25422600 0.01204900 0.01132400
v -0.24949000 0.00999700 0.00414400
v -0.24754400 0.00852100 0.00248500
v -0.24257800 0.00501600 0.00081000
v -0.25433400 0.00866500 0.00589900
v -0.25022600 0.00565000 0.00281300
v -0.24778100 0.00417800 0.00205700
v -0.25794200 0.00934700 0.00975100
v -0.25250300 0.00565000 0.00394400
v -0.25014200 0.00409800 0.00296600
v -0.24479900 0.00189300 0.00239600
v -0.24433700 0.00093900 0.00323100
v -0.24716300 0.00152400 0.00317500
v -0.24989200 0.00262500 0.00341700
v -0.25241700 0.00407300 0.00410000
v -0.24014700 0.00058600 0.00520600
v -0.24058700 0.00066800 0.00441100
v -0.23852600 0.00944900 0.00813700
v -0.23862300 0.00959600 0.00796100
v -0.23894900 0.00974900 0.00828000
v -0.23769900 0.00537000 0.00963100
v -0.23770400 0.00564900 0.00962200
v -0.23799400 0.00565000 0.01000700
v -0.23776400 0.00446600 0.00951500
v -0.23776000 0.00452400 0.00952200
v -0.23805700 0.00448300 0.00989200
v -0.25290100 0.00433100 0.01886600
v -0.25311400 0.00307700 0.01848300
v -0.25767100 0.01070800 0.01518500
v -0.25724700 0.01058400 0.01595100
v -0.25506000 0.01143100 0.01496200
v -0.25345500 0.00934700 0.01786400
v -0.25558700 0.00784500 0.01895500
v -0.25311400 0.00822300 0.01848300
v -0.25345500 0.00195300 0.01786400
v -0.25055600 -0.00112400 0.01273000
v -0.24106500 0.00026400 0.00858700
v -0.24081200 0.00037400 0.00847700
v -0.24125400 0.00022200 0.00880600
v -0.24076000 0.00030300 0.00555700
v -0.23997500 0.00059800 0.00551700
v -0.24024800 0.00045900 0.00575200
v -0.23955300 0.00081300 0.00718800
v -0.23912100 0.00105000 0.00706000
v -0.23908500 0.00109400 0.00712600
v -0.23951500 0.00081100 0.00702700
v -0.23951700 0.00077100 0.00666000
v -0.23953800 0.00074500 0.00630700
v -0.23963700 0.00069600 0.00631800
v -0.23960200 0.00072300 0.00619100
v -0.23968800 0.00067300 0.00625100
v -0.23985300 0.00060000 0.00603500
v -0.23977600 0.00077000 0.00766500
v -0.23956400 0.00081400 0.00723500
v -0.23943000 0.00092600 0.00741000
v -0.24034800 0.00056900 0.00822700
v -0.24020000 0.00062700 0.00812600
v -0.23894900 0.00155100 0.00828000
v -0.23983500 0.00075400 0.00774700
v -0.24196700 -0.00014100 0.00869900
v -0.24135000 0.00013600 0.00865800
v -0.24327000 -0.00031200 0.01021400
v -0.24290100 -0.00053100 0.00847200
v -0.24271300 -0.00045800 0.00854800
v -0.24251200 -0.00037300 0.00859500
v -0.24212100 -0.00020900 0.00868600
v -0.24196900 -0.00014200 0.00869900
v -0.24393100 -0.00080700 0.00747200
v -0.24379200 -0.00079900 0.00775500
v -0.24394600 -0.00080100 0.00899100
v -0.24356900 -0.00074600 0.00799900
v -0.24345400 -0.00071800 0.00812400
v -0.24338700 -0.00069900 0.00817800
v -0.24300600 -0.00056700 0.00840900
v -0.24831100 -0.00125700 0.01152400
v -0.24984500 -0.00061100 0.01401500
v -0.24920700 0.00021700 0.01516800
v -0.25153900 0.00051900 0.01618300
v -0.25627000 0.00170600 0.01771800
v -0.25391000 0.00101400 0.01704300
v -0.25613400 0.00192100 0.01796400
v -0.25560300 0.00337300 0.01892400
v -0.25544100 0.00422300 0.01921800
v -0.25558800 0.00345500 0.01895200
v -0.25557200 0.00779500 0.01898000
v -0.25723300 0.01058000 0.01597700
v -0.25681400 0.01029200 0.01673600
v -0.25445400 0.01099200 0.01605900
v -0.24794100 0.00565000 0.01745800
v -0.24802500 0.00719600 0.01730500
v -0.24573100 0.00722600 0.01618800
v -0.25065700 0.00849800 0.01777700
v -0.24598500 0.00872400 0.01573000
v -0.24381100 0.00867500 0.01441200
v -0.25103600 0.00974200 0.01709300
v -0.24639400 0.01006700 0.01499100
v -0.24421300 0.00999700 0.01368500
v -0.24215500 0.00977600 0.01222900
v -0.24610100 -0.00114800 0.01027200
v -0.24920700 0.01108300 0.01516800
v -0.24474800 0.01110200 0.01271900
v -0.24266200 0.01082300 0.01131200
v -0.24070100 0.01036000 0.00980600
v -0.24070100 0.00093900 0.00980600
v -0.24053100 0.00049500 0.00835400
v -0.25214100 0.01156300 0.01509400
v -0.24984500 0.01191000 0.01401500
v -0.24758700 0.01203300 0.01283400
v -0.24538700 0.01193200 0.01156200
v -0.24327000 0.01161200 0.01021400
v -0.24125400 0.01107800 0.00880600
v -0.23943000 0.01037400 0.00741000
v -0.24538700 -0.00063200 0.01156200
v -0.24023900 0.00189300 0.01064100
v -0.23854700 0.00238100 0.00900600
v -0.23824500 0.00337500 0.00955300
v -0.24867500 0.00131800 0.01613100
v -0.24639400 0.00123300 0.01499100
v -0.24598500 0.00257600 0.01573000
v -0.24381100 0.00262500 0.01441200
v -0.24356200 0.00409800 0.01486300
v -0.24153700 0.00417800 0.01334700
v -0.24145700 0.00565000 0.01349200
v -0.23960300 0.00565000 0.01179100
v -0.23967600 0.00699100 0.01165900
v -0.23805700 0.00681700 0.00989200
v -0.25281300 0.01204900 0.01388000
v -0.24394600 0.01210100 0.00899100
v -0.24187000 0.01152400 0.00769200
v -0.23996600 0.01076100 0.00644000
v -0.23862400 0.00170500 0.00795900
v -0.23840100 0.00209600 0.00836300
v -0.23812000 0.00280200 0.00887000
v -0.23794400 0.00345900 0.00919000
v -0.23790500 0.00360100 0.00925900
v -0.24474800 0.00019800 0.01271900
v -0.23989200 0.00303600 0.01126900
v -0.24758700 -0.00073300 0.01283400
v -0.24177400 0.00277900 0.01291900
v -0.23967600 0.00430900 0.01165900
v -0.23771500 0.00628400 0.00960300
v -0.23776700 0.00677200 0.00950900
v -0.23781000 0.00717600 0.00943200
v -0.25103600 0.00155800 0.01709300
v -0.24827400 0.00263500 0.01685600
v -0.24573100 0.00407300 0.01618800
v -0.24347700 0.00565000 0.01501600
v -0.23854700 0.00891900 0.00900600
v -0.23822200 0.00878500 0.00868600
v -0.25065700 0.00280200 0.01777700
v -0.24802500 0.00410400 0.01730500
v -0.24564500 0.00565000 0.01634400
v -0.24356200 0.00720200 0.01486300
v -0.24177400 0.00852100 0.01291900
v -0.24023900 0.00940700 0.01064100
v -0.23888300 0.00998900 0.00749200
v -0.23970700 0.01063200 0.00600200
v -0.25629500 0.00341800 0.01767400
v -0.25610400 0.00410500 0.01801800
v -0.25602400 0.00462000 0.01816400
v -0.25598600 0.00486100 0.01823300
v -0.25686000 0.00235700 0.01665200
v -0.25872500 0.00894300 0.01327900
v -0.25903400 0.00847400 0.01272100
v -0.25919000 0.00811500 0.01244000
v -0.25929000 0.00788200 0.01225800
v -0.25948100 0.00719500 0.01191300
v -0.25959900 0.00643900 0.01169900
v -0.25946800 0.00404500 0.01193700
v -0.25956300 0.00461900 0.01176400
v -0.25963900 0.00565000 0.01162700
v -0.25963800 0.00553900 0.01162900
v -0.25959200 0.00479600 0.01171100
v -0.25657500 0.00851900 0.01716700
v -0.25639500 0.00811600 0.01749300
v -0.25611800 0.00725500 0.01799400
v -0.25631400 0.00793600 0.01763900
v -0.25594600 0.00565000 0.01830400
v -0.25594700 0.00576100 0.01830300
v -0.25599300 0.00650400 0.01822000
v -0.25602200 0.00668100 0.01816700
v -0.25800100 0.00944100 0.01458900
v -0.25837500 0.00927100 0.01391300
v -0.25927100 0.00336400 0.01229200
v -0.25919000 0.00318400 0.01243800
v -0.25901000 0.00278100 0.01276500
v -0.25724100 0.00929100 0.01596300
v -0.25761600 0.00944800 0.01528500
v -0.25688800 0.00897600 0.01660200
v -0.25834400 0.00200900 0.01396800
v -0.25758400 0.00185900 0.01534200
v -0.25721000 0.00202900 0.01601900
v -0.25702400 0.00220400 0.01635600
v -0.25869700 0.00232400 0.01333000
v -0.24249100 -0.00170400 0.00250900
v -0.24203800 -0.00155100 0.00255300
v -0.24180900 -0.00565100 0.00073700
v -0.24257700 -0.00979400 0.00273000
v -0.24249200 -0.00959500 0.00251100
v -0.24203800 -0.00974900 0.00255300
v -0.23353500 0.00125700 0.00764000
v -0.23116800 0.00112400 0.00858400
v -0.23064000 0.00061100 0.00721300
v -0.22833800 0.00026300 0.00827900
v -0.22611200 -0.00030800 0.00943000
v -0.22570800 -0.00101400 0.00838100
v -0.22303500 -0.00446600 0.00809600
v -0.22303200 -0.00452400 0.00808800
v -0.22496000 -0.00433100 0.00643600
v -0.22299100 -0.00564900 0.00798100
v -0.22490600 -0.00565000 0.00629800
v -0.22360100 -0.00944900 0.00956600
v -0.22367300 -0.00959600 0.00975300
v -0.22570800 -0.01028600 0.00838100
v -0.22439900 -0.00072300 0.01164000
v -0.22401600 -0.00109400 0.01064300
v -0.22404300 -0.00105000 0.01071400
v -0.22435200 -0.00074500 0.01151700
v -0.23103400 0.00109300 0.00864300
v -0.23171800 0.00126900 0.00902100
v -0.23828100 0.00080100 0.00592400
v -0.23881000 0.00096700 0.00729900
v -0.24061100 0.00022400 0.00516900
v -0.24321200 -0.00040700 0.00560400
v -0.24279300 -0.00053900 0.00451500
v -0.22480400 -0.01071400 0.01269100
v -0.22703600 -0.01157900 0.01183100
v -0.22447700 -0.01063200 0.01184200
v -0.22656200 -0.01143100 0.01060000
v -0.22440000 -0.01057200 0.01164300
v -0.22416100 -0.01038700 0.01102100
v -0.22386500 -0.00998900 0.01025300
v -0.22611200 -0.01099200 0.00943000
v -0.22337500 -0.00878500 0.00897900
v -0.22511700 -0.00822300 0.00684600
v -0.22316900 -0.00784200 0.00844400
v -0.22319600 -0.00801900 0.00851400
v -0.22299900 -0.00628400 0.00800200
v -0.22496000 -0.00696900 0.00643600
v -0.22306900 -0.00717600 0.00818400
v -0.22511700 -0.00307700 0.00684600
v -0.22314000 -0.00360100 0.00836900
v -0.22350800 -0.00209600 0.00932400
v -0.22338700 -0.00250500 0.00901000
v -0.22537100 -0.00195300 0.00750500
v -0.22329900 -0.00280200 0.00878300
v -0.22375800 -0.00150600 0.00997500
v -0.22367400 -0.00170500 0.00975500
v -0.22789100 -0.00051900 0.00711700
v -0.23299700 0.00073300 0.00624300
v -0.23016700 -0.00021700 0.00598300
v -0.22751700 -0.00155800 0.00614700
v -0.23538500 0.00063200 0.00537500
v -0.23491000 -0.00019800 0.00414200
v -0.23251400 -0.00011100 0.00498900
v -0.23211100 -0.00123300 0.00394200
v -0.22947400 -0.00263500 0.00418400
v -0.22723700 -0.00280200 0.00541800
v -0.22706200 -0.00419000 0.00496500
v -0.23732800 -0.00047700 0.00344800
v -0.23451300 -0.00130200 0.00311100
v -0.23180800 -0.00257600 0.00315400
v -0.22929000 -0.00410400 0.00370400
v -0.22700300 -0.00565000 0.00481100
v -0.24061100 -0.01152400 0.00516900
v -0.24109200 -0.01167500 0.00642000
v -0.24321200 -0.01089300 0.00560400
v -0.23410100 -0.01273500 0.00911100
v -0.23647200 -0.01262300 0.00819900
v -0.23591400 -0.01244800 0.00675100
v -0.23777900 -0.01161200 0.00461900
v -0.23974300 -0.01036000 0.00291400
v -0.23940000 -0.00940700 0.00202400
v -0.24173900 -0.00891900 0.00177900
v -0.22833800 -0.01156300 0.00827900
v -0.22789100 -0.01078100 0.00711700
v -0.23016700 -0.01108300 0.00598300
v -0.22977200 -0.00998200 0.00495700
v -0.23180800 -0.00872400 0.00315400
v -0.23421500 -0.00867500 0.00233600
v -0.23643300 -0.00565000 0.00112300
v -0.23892800 -0.00565000 0.00079700
v -0.23898200 -0.00430900 0.00093800
v -0.24137600 -0.00448300 0.00083400
v -0.24362200 -0.01071400 0.00544600
v -0.24349500 -0.01070100 0.00511400
v -0.24239500 -0.01037400 0.00348100
v -0.24317100 -0.01055500 0.00427300
v -0.24286100 -0.01025000 0.00346900
v -0.23881000 -0.01226700 0.00729900
v -0.23828100 -0.01210100 0.00592400
v -0.24015300 -0.01107800 0.00398000
v -0.23116800 -0.01242400 0.00858400
v -0.23695100 -0.00977600 0.00247100
v -0.23914200 -0.00826400 0.00135400
v -0.22883600 -0.01204900 0.00957300
v -0.23064000 -0.01191000 0.00721300
v -0.23451300 -0.00999700 0.00311100
v -0.23666800 -0.00852100 0.00173500
v -0.24181700 -0.00501600 0.00075700
v -0.22751700 -0.00974200 0.00614700
v -0.23162000 -0.00722600 0.00266500
v -0.23396700 -0.00565000 0.00169200
v -0.23649200 -0.00417800 0.00127800
v -0.24173900 -0.00238100 0.00177900
v -0.24219400 -0.00251500 0.00173500
v -0.22537100 -0.00934700 0.00750500
v -0.22929000 -0.00719600 0.00370400
v -0.22947400 -0.00866500 0.00418400
v -0.23155600 -0.00565000 0.00250000
v -0.23403000 -0.00409800 0.00185500
v -0.23666800 -0.00277900 0.00173500
v -0.24239500 -0.00092600 0.00348100
v -0.23695100 -0.00152400 0.00247100
v -0.23421500 -0.00262500 0.00233600
v -0.23162000 -0.00407300 0.00266500
v -0.22922700 -0.00565000 0.00354200
v -0.24297900 -0.00091300 0.00377600
v -0.24362200 -0.00058600 0.00544600
v -0.24329600 -0.00066800 0.00459800
v -0.24321900 -0.00072800 0.00439800
v -0.24482500 -0.00944900 0.00857100
v -0.24475300 -0.00959600 0.00838400
v -0.24438700 -0.00974900 0.00865500
v -0.24543900 -0.00537000 0.01016500
v -0.24543500 -0.00564900 0.01015600
v -0.24509600 -0.00565000 0.01049700
v -0.24539400 -0.00452400 0.01004900
v -0.24504800 -0.00448300 0.01037400
v -0.22911300 -0.00433100 0.01722600
v -0.22489400 -0.01070800 0.01292500
v -0.22751000 -0.01143100 0.01306200
v -0.22895600 -0.00822300 0.01681600
v -0.22916700 -0.00565000 0.01736400
v -0.24203100 -0.00022200 0.00886000
v -0.24441000 -0.00109400 0.00749300
v -0.24244200 -0.00093900 0.00992600
v -0.24438700 -0.00155100 0.00865500
v -0.24402900 -0.00092600 0.00772700
v -0.23984200 0.00031200 0.00997800
v -0.23933900 0.00080100 0.00867300
v -0.23280700 0.00061100 0.01284000
v -0.23328000 -0.00021700 0.01407000
v -0.22836400 -0.00101400 0.01528100
v -0.22593400 -0.00170600 0.01562600
v -0.24375000 -0.00059800 0.00577800
v -0.24438300 -0.00105000 0.00742300
v -0.24407400 -0.00074500 0.00662000
v -0.24402700 -0.00072300 0.00649600
v -0.22603500 -0.00192100 0.01588800
v -0.22661300 -0.00512000 0.01739000
v -0.22645200 -0.00779400 0.01697200
v -0.22911300 -0.00696900 0.01722600
v -0.22521900 -0.01058000 0.01376900
v -0.22553000 -0.01029200 0.01457800
v -0.22796100 -0.01099200 0.01423200
v -0.23422000 -0.00565000 0.01651100
v -0.23415700 -0.00719600 0.01634900
v -0.23658300 -0.00722600 0.01555700
v -0.23148500 -0.00849800 0.01645500
v -0.23397300 -0.00866500 0.01586900
v -0.23639500 -0.00872400 0.01506800
v -0.23872900 -0.00867500 0.01406200
v -0.23120400 -0.00974200 0.01572500
v -0.23367500 -0.00998200 0.01509700
v -0.23609100 -0.01006700 0.01428100
v -0.23843000 -0.00999700 0.01328600
v -0.23702900 0.00114800 0.00964700
v -0.23568800 -0.01118900 0.01323400
v -0.23803400 -0.01110200 0.01225600
v -0.24029200 -0.01082300 0.01114900
v -0.24244200 -0.01036000 0.00992600
v -0.23280700 -0.01191000 0.01284000
v -0.23520600 -0.01203300 0.01198000
v -0.23755900 -0.01193200 0.01102200
v -0.23984200 -0.01161200 0.00997800
v -0.24203100 -0.01107800 0.00886000
v -0.24402900 -0.01037400 0.00772700
v -0.23755900 0.00063200 0.01102200
v -0.24278500 -0.00189300 0.01081600
v -0.24468500 -0.00238100 0.00942900
v -0.24490900 -0.00337500 0.01001200
v -0.23367500 -0.00131800 0.01509700
v -0.23609100 -0.00123300 0.01428100
v -0.23639500 -0.00257600 0.01506800
v -0.23872900 -0.00262500 0.01406200
v -0.24118700 -0.00565000 0.01347400
v -0.24325700 -0.00565000 0.01204300
v -0.24320200 -0.00699100 0.01190200
v -0.24490900 -0.00792500 0.01001200
v -0.23227900 -0.01242400 0.01147000
v -0.23466800 -0.01255700 0.01058300
v -0.23702900 -0.01244800 0.00964700
v -0.23933900 -0.01210100 0.00867300
v -0.24157400 -0.01152400 0.00767100
v -0.24363100 -0.01076100 0.00669300
v -0.24466800 -0.00150600 0.00816200
v -0.24475200 -0.00170500 0.00838100
v -0.24491800 -0.00209600 0.00881300
v -0.24503900 -0.00250500 0.00912600
v -0.24512700 -0.00280200 0.00935400
v -0.24525800 -0.00345900 0.00969400
v -0.24528600 -0.00360100 0.00976800
v -0.24066900 -0.00152400 0.01212700
v -0.24304200 -0.00303600 0.01148600
v -0.23843000 -0.00130200 0.01328600
v -0.24095200 -0.00277900 0.01286200
v -0.24320200 -0.00430900 0.01190200
v -0.24535700 -0.00717600 0.00995200
v -0.24525700 -0.00784200 0.00969200
v -0.24523000 -0.00801900 0.00962300
v -0.23120400 -0.00155800 0.01572500
v -0.23397300 -0.00263500 0.01586900
v -0.23897700 -0.00565000 0.01470600
v -0.24112800 -0.00712200 0.01331900
v -0.24304200 -0.00826400 0.01148600
v -0.24468500 -0.00891900 0.00942900
v -0.24505100 -0.00878500 0.00915700
v -0.23148500 -0.00280200 0.01645500
v -0.23664700 -0.00565000 0.01572300
v -0.23891400 -0.00720200 0.01454300
v -0.24095200 -0.00852100 0.01286200
v -0.24278500 -0.00940700 0.01081600
v -0.24456100 -0.00998900 0.00788300
v -0.24426500 -0.01038700 0.00711600
v -0.24402600 -0.01057200 0.00649400
v -0.24394900 -0.01063200 0.00629400
v -0.23277400 0.00341800 0.00960500
v -0.23311800 0.00410500 0.00979600
v -0.23326400 0.00462000 0.00987600
v -0.23333300 0.00486100 0.00991400
v -0.23175200 0.00235700 0.00904000
v -0.23273900 0.00793600 0.00958600
v -0.23309400 0.00725500 0.00978200
v -0.22703700 0.00404500 0.00643200
v -0.22686500 0.00461900 0.00633700
v -0.22679900 0.00643900 0.00630100
v -0.22672700 0.00565000 0.00626100
v -0.22672900 0.00553900 0.00626200
v -0.22681100 0.00479600 0.00630800
v -0.22837900 0.00894300 0.00717500
v -0.22782100 0.00847400 0.00686600
v -0.22754000 0.00811500 0.00671000
v -0.22735800 0.00788200 0.00661000
v -0.22701300 0.00719500 0.00641900
v -0.22686700 0.00668000 0.00633800
v -0.23231000 0.00282600 0.00934900
v -0.23259200 0.00318500 0.00950400
v -0.23340400 0.00565000 0.00995400
v -0.23340300 0.00576100 0.00995300
v -0.23332000 0.00650400 0.00990700
v -0.23326700 0.00668100 0.00987800
v -0.22739200 0.00336400 0.00662900
v -0.22786500 0.00278100 0.00689000
v -0.22901300 0.00927100 0.00752500
v -0.22867500 0.00909600 0.00733800
v -0.23259300 0.00811600 0.00950500
v -0.23226700 0.00851900 0.00932500
v -0.22906800 0.00200900 0.00755600
v -0.22974700 0.00185200 0.00793100
v -0.23044300 0.00185900 0.00831600
v -0.23111900 0.00202900 0.00869000
v -0.23145600 0.00220400 0.00887600
v -0.22843000 0.00232400 0.00720300
v -0.23106300 0.00929100 0.00865900
v -0.23170200 0.00897600 0.00901200
v -0.22364500 0.00565000 0.02760000
v -0.22357300 0.00643900 0.02756000
v -0.22350500 0.00668000 0.02752200
v -0.22335900 0.00719500 0.02744200
v -0.22301500 0.00788200 0.02725100
v -0.22283200 0.00811500 0.02715000
v -0.22255100 0.00847400 0.02699500
v -0.22199300 0.00894300 0.02668600
v -0.22169700 0.00909600 0.02652200
v -0.22135900 0.00927100 0.02633600
v -0.22068300 0.00944100 0.02596200
v -0.21930900 0.00929100 0.02520200
v -0.21891500 0.00909700 0.02498400
v -0.21867000 0.00897600 0.02484900
v -0.21810500 0.00851900 0.02453600
v -0.21777900 0.00811600 0.02435600
v -0.21763300 0.00793600 0.02427500
v -0.21727800 0.00725500 0.02407800
v -0.21710500 0.00668100 0.02398300
v -0.21705200 0.00650400 0.02395400
v -0.21696900 0.00576100 0.02390800
v -0.21696800 0.00565000 0.02390700
v -0.21703900 0.00486100 0.02394700
v -0.21710800 0.00462000 0.02398400
v -0.21725400 0.00410500 0.02406500
v -0.21759800 0.00341800 0.02425600
v -0.21806200 0.00282600 0.02451200
v -0.21862000 0.00235700 0.02482100
v -0.21891600 0.00220400 0.02498400
v -0.21925400 0.00202900 0.02517100
v -0.21993000 0.00185900 0.02554500
v -0.22062500 0.00185200 0.02593000
v -0.22130400 0.00200900 0.02630500
v -0.22169700 0.00220300 0.02652300
v -0.22194200 0.00232400 0.02665800
v -0.22250800 0.00278100 0.02697100
v -0.22283400 0.00318400 0.02715100
v -0.22298000 0.00336400 0.02723200
v -0.22333500 0.00404500 0.02742800
v -0.22350800 0.00461900 0.02752400
v -0.22356100 0.00479600 0.02755300
v -0.22364300 0.00553900 0.02759900
v -0.22591500 -0.00341800 0.01557900
v -0.22605700 -0.00410500 0.01594600
v -0.22614500 -0.00486100 0.01617400
v -0.22590100 -0.00793600 0.01554200
v -0.22604700 -0.00725500 0.01592000
v -0.22356000 -0.00404500 0.00946100
v -0.22348900 -0.00461900 0.00927700
v -0.22411100 -0.00894300 0.01089200
v -0.22388200 -0.00847400 0.01029700
v -0.22376700 -0.00811500 0.00999700
v -0.22369200 -0.00788200 0.00980200
v -0.22355000 -0.00719500 0.00943500
v -0.22349100 -0.00668000 0.00927900
v -0.22617400 -0.00565000 0.01625100
v -0.22617400 -0.00576100 0.01624900
v -0.22614000 -0.00650400 0.01616100
v -0.22343300 -0.00565000 0.00913000
v -0.22343400 -0.00553900 0.00913200
v -0.22346700 -0.00479600 0.00922000
v -0.22523600 -0.00202900 0.01381300
v -0.22537400 -0.00220400 0.01417300
v -0.22549600 -0.00235700 0.01448900
v -0.22572500 -0.00282600 0.01508400
v -0.24466000 -0.00318400 0.00814200
v -0.22584100 -0.00318500 0.01538400
v -0.22370600 -0.00336400 0.00983900
v -0.22376600 -0.00318400 0.00999500
v -0.22390000 -0.00278100 0.01034300
v -0.22584100 -0.00811600 0.01538600
v -0.22570700 -0.00851900 0.01503800
v -0.22439400 -0.00200900 0.01162700
v -0.22467300 -0.00185200 0.01235000
v -0.22413200 -0.00232400 0.01094600
v -0.22521300 -0.00929100 0.01375400
v -0.22493500 -0.00944800 0.01303100
v -0.24225200 -0.00565000 0.00188600
v -0.24225200 -0.00576100 0.00188700
v -0.24228600 -0.00650400 0.00197600
v -0.24230800 -0.00668100 0.00203200
v -0.24237900 -0.00725500 0.00221600
v -0.24252500 -0.00793600 0.00259500
v -0.24271900 -0.00851900 0.00309900
v -0.24295100 -0.00897600 0.00370100
v -0.24377700 -0.00944100 0.00584800
v -0.24405500 -0.00927100 0.00656900
v -0.24431500 -0.00894300 0.00724500
v -0.24454400 -0.00847400 0.00784000
v -0.24465900 -0.00811500 0.00814000
v -0.24473400 -0.00788200 0.00833400
v -0.24487600 -0.00719500 0.00870200
v -0.24493500 -0.00668000 0.00885700
v -0.24496300 -0.00643900 0.00893000
v -0.24499300 -0.00565000 0.00900600
v -0.24499200 -0.00553900 0.00900500
v -0.24495800 -0.00479600 0.00891700
v -0.24486600 -0.00404500 0.00867600
v -0.24472000 -0.00336400 0.00829700
v -0.24452600 -0.00278100 0.00779400
v -0.24429400 -0.00232400 0.00719100
v -0.24419300 -0.00220300 0.00693000
v -0.24346800 -0.00185900 0.00504400
v -0.24293000 -0.00235700 0.00364700
v -0.24270100 -0.00282600 0.00305200
v -0.24258500 -0.00318500 0.00275200
v -0.24251000 -0.00341800 0.00255800
v -0.24236900 -0.00410500 0.00219100
v -0.24230900 -0.00462000 0.00203500
v -0.24228100 -0.00486100 0.00196200
v -0.24199300 0.00565000 0.00186800
v -0.24199200 0.00576100 0.00186900
v -0.24194600 0.00650400 0.00195200
v -0.24182100 0.00725500 0.00217800
v -0.24162500 0.00793600 0.00253300
v -0.24154400 0.00811600 0.00267900
v -0.24136400 0.00851900 0.00300500
v -0.24091600 0.00909700 0.00381500
v -0.24069800 0.00929100 0.00420900
v -0.24032300 0.00944800 0.00488700
v -0.23993800 0.00944100 0.00558300
v -0.23921400 0.00894300 0.00689300
v -0.23890500 0.00847400 0.00745100
v -0.23875000 0.00811500 0.00773200
v -0.23864900 0.00788200 0.00791500
v -0.23845800 0.00719500 0.00825900
v -0.23837800 0.00668000 0.00840500
v -0.23834000 0.00643900 0.00847300
v -0.23830000 0.00565000 0.00854500
v -0.23830100 0.00553900 0.00854300
v -0.23834700 0.00479600 0.00846100
v -0.23847200 0.00404500 0.00823500
v -0.23866800 0.00336400 0.00788000
v -0.23892900 0.00278100 0.00740800
v -0.23924200 0.00232400 0.00684200
v -0.23937700 0.00220300 0.00659700
v -0.23959500 0.00200900 0.00620400
v -0.24035500 0.00185900 0.00483000
v -0.24072900 0.00202900 0.00415400
v -0.24091600 0.00220400 0.00381600
v -0.24107900 0.00235700 0.00352000
v -0.24138800 0.00282600 0.00296200
v -0.24164400 0.00341800 0.00249800
v -0.24183500 0.00410500 0.00215400
v -0.24191600 0.00462000 0.00200800
v -0.24195300 0.00486100 0.00194000
v -0.25032100 -0.00341800 0.01081500
v -0.24995400 -0.00410500 0.01095700
v -0.24979800 -0.00462000 0.01101700
v -0.24972600 -0.00486100 0.01104500
v -0.25035800 -0.00793600 0.01080100
v -0.24998000 -0.00725500 0.01094700
v -0.25643900 -0.00404500 0.00846000
v -0.25662300 -0.00461900 0.00838900
v -0.25500800 -0.00894300 0.00901100
v -0.25560300 -0.00847400 0.00878200
v -0.25609800 -0.00788200 0.00859200
v -0.25646500 -0.00719500 0.00845000
v -0.25662000 -0.00668000 0.00839000
v -0.25669300 -0.00643900 0.00836200
v -0.24964900 -0.00565000 0.01107400
v -0.24965100 -0.00576100 0.01107400
v -0.24973900 -0.00650400 0.01104000
v -0.24979500 -0.00668100 0.01101800
v -0.25677000 -0.00565000 0.00833300
v -0.25676800 -0.00553900 0.00833400
v -0.25668000 -0.00479600 0.00836800
v -0.25208700 -0.00202900 0.01013600
v -0.25141100 -0.00235700 0.01039600
v -0.25555700 -0.00278100 0.00880000
v -0.25361100 -0.00944100 0.00954900
v -0.25433200 -0.00927100 0.00927100
v -0.25469200 -0.00909600 0.00913300
v -0.25051400 -0.00811600 0.01074100
v -0.25086200 -0.00851900 0.01060700
v -0.25280800 -0.00185900 0.00985800
v -0.25355000 -0.00185200 0.00957300
v -0.25427300 -0.00200900 0.00929400
v -0.25214600 -0.00929100 0.01011300
v -0.25146500 -0.00897600 0.01037500
v -0.25172600 -0.00909700 0.01027500
v -0.25689400 -0.00565000 0.02989300
v -0.25697000 -0.00643900 0.02986400
v -0.25704300 -0.00668000 0.02983500
v -0.25719900 -0.00719500 0.02977600
v -0.25756600 -0.00788200 0.02963400
v -0.25776000 -0.00811500 0.02955900
v -0.25806000 -0.00847400 0.02944400
v -0.25865500 -0.00894300 0.02921500
v -0.25897100 -0.00909600 0.02909300
v -0.25933100 -0.00927100 0.02895500
v -0.26005200 -0.00944100 0.02867700
v -0.26079400 -0.00944800 0.02839100
v -0.26151800 -0.00929100 0.02811300
v -0.26193700 -0.00909700 0.02795100
v -0.26219900 -0.00897600 0.02785100
v -0.26280100 -0.00851900 0.02761900
v -0.26330500 -0.00793600 0.02742500
v -0.26368400 -0.00725500 0.02727900
v -0.26386800 -0.00668100 0.02720800
v -0.26392400 -0.00650400 0.02718600
v -0.26401300 -0.00576100 0.02715200
v -0.26401400 -0.00565000 0.02715200
v -0.25689500 -0.00553900 0.02989200
v -0.25698300 -0.00479600 0.02985800
v -0.25704000 -0.00461900 0.02983700
v -0.25722400 -0.00404500 0.02976600
v -0.25760300 -0.00336400 0.02962000
v -0.25810600 -0.00278100 0.02942600
v -0.25870900 -0.00232400 0.02919400
v -0.25897000 -0.00220300 0.02909300
v -0.25939000 -0.00200900 0.02893200
v -0.26011400 -0.00185200 0.02865300
v -0.26085600 -0.00185900 0.02836800
v -0.26157700 -0.00202900 0.02809000
v -0.26225300 -0.00235700 0.02783000
v -0.26284800 -0.00282600 0.02760100
v -0.26334200 -0.00341800 0.02741000
v -0.26370900 -0.00410500 0.02726900
v -0.26386500 -0.00462000 0.02720900
v -0.26393800 -0.00486100 0.02718100
v -0.26403200 0.00565000 0.02689300
v -0.26403100 0.00576100 0.02689200
v -0.26394800 0.00650400 0.02684600
v -0.26389500 0.00668100 0.02681700
v -0.26372200 0.00725500 0.02672100
v -0.26336700 0.00793600 0.02652500
v -0.26322100 0.00811600 0.02644400
v -0.26289500 0.00851900 0.02626400
v -0.26233000 0.00897600 0.02595100
v -0.26169100 0.00929100 0.02559800
v -0.26101200 0.00944800 0.02522300
v -0.26031700 0.00944100 0.02483800
v -0.25964100 0.00927100 0.02446400
v -0.25930300 0.00909600 0.02427800
v -0.25900700 0.00894300 0.02411400
v -0.25844900 0.00847400 0.02380500
v -0.25816800 0.00811500 0.02365000
v -0.25798500 0.00788200 0.02354900
v -0.25764100 0.00719500 0.02335800
v -0.25742700 0.00643900 0.02324000
v -0.25735500 0.00565000 0.02320000
v -0.25735600 0.00553900 0.02320100
v -0.25766500 0.00404500 0.02337200
v -0.25802000 0.00336400 0.02356800
v -0.25816600 0.00318400 0.02364900
v -0.25849200 0.00278100 0.02382900
v -0.25905700 0.00232400 0.02414200
v -0.25930300 0.00220300 0.02427700
v -0.25969600 0.00200900 0.02449500
v -0.26107000 0.00185900 0.02525500
v -0.26174600 0.00202900 0.02562900
v -0.26208400 0.00220400 0.02581500
v -0.26293800 0.00282600 0.02628800
v -0.26322000 0.00318500 0.02644400
v -0.26340200 0.00341800 0.02654400
v -0.26374600 0.00410500 0.02673500
v -0.26389200 0.00462000 0.02681500
v -0.26396000 0.00486100 0.02685300
v -0.25508500 -0.00341800 0.03522100
v -0.25494300 -0.00410500 0.03485400
v -0.25488300 -0.00462000 0.03469800
v -0.25485500 -0.00486100 0.03462500
v -0.25744000 -0.00404500 0.04133900
v -0.25688900 -0.00894300 0.03990800
v -0.25711800 -0.00847400 0.04050300
v -0.25723300 -0.00811500 0.04080300
v -0.25730800 -0.00788200 0.04099800
v -0.25745000 -0.00719500 0.04136500
v -0.25750900 -0.00668000 0.04152000
v -0.25753800 -0.00643900 0.04159300
v -0.25482600 -0.00565000 0.03454900
v -0.25482600 -0.00576100 0.03455100
v -0.25486000 -0.00650400 0.03463900
v -0.25488200 -0.00668100 0.03469500
v -0.25495300 -0.00725500 0.03488000
v -0.25756700 -0.00565000 0.04167000
v -0.25756600 -0.00553900 0.04166800
v -0.25753200 -0.00479600 0.04158000
v -0.25529300 -0.00851900 0.03576200
v -0.25576400 -0.00202900 0.03698700
v -0.25562600 -0.00220400 0.03662700
v -0.25550400 -0.00235700 0.03631100
v -0.25527500 -0.00282600 0.03571600
v -0.25515900 -0.00318500 0.03541600
v -0.25729400 -0.00336400 0.04096100
v -0.25635100 -0.00944100 0.03851100
v -0.25662900 -0.00927100 0.03923200
v -0.25660600 -0.00200900 0.03917300
v -0.25632700 -0.00185200 0.03845000
v -0.25552500 -0.00897600 0.03636500
v -0.25562500 -0.00909700 0.03662600
v -0.23600700 -0.00565000 0.04179400
v -0.23603600 -0.00643900 0.04187000
v -0.23606500 -0.00668000 0.04194300
v -0.23612400 -0.00719500 0.04209800
v -0.23626600 -0.00788200 0.04246600
v -0.23668500 -0.00894300 0.04355500
v -0.23680700 -0.00909600 0.04387100
v -0.23694500 -0.00927100 0.04423100
v -0.23750900 -0.00944800 0.04569400
v -0.23778700 -0.00929100 0.04641800
v -0.23828100 -0.00851900 0.04770100
v -0.23841500 -0.00811600 0.04804900
v -0.23847500 -0.00793600 0.04820500
v -0.23862100 -0.00725500 0.04858400
v -0.23869200 -0.00668100 0.04876800
v -0.23871400 -0.00650400 0.04882400
v -0.23874800 -0.00576100 0.04891300
v -0.23874800 -0.00565000 0.04891400
v -0.23871900 -0.00486100 0.04883800
v -0.23863100 -0.00410500 0.04860900
v -0.23849000 -0.00341800 0.04824200
v -0.23753200 -0.00185900 0.04575600
v -0.23696800 -0.00200900 0.04429000
v -0.23680600 -0.00220300 0.04387000
v -0.23670600 -0.00232400 0.04360900
v -0.23647400 -0.00278100 0.04300600
v -0.23634000 -0.00318400 0.04265800
v -0.23628000 -0.00336400 0.04250300
v -0.23613400 -0.00404500 0.04212400
v -0.23606300 -0.00461900 0.04194000
v -0.23604200 -0.00479600 0.04188300
v -0.23600800 -0.00553900 0.04179500
v -0.23900700 0.00565000 0.04893200
v -0.23900800 0.00576100 0.04893100
v -0.23917800 0.00725500 0.04862200
v -0.23937500 0.00793600 0.04826700
v -0.23963600 0.00851900 0.04779500
v -0.23994900 0.00897600 0.04723000
v -0.24008400 0.00909700 0.04698500
v -0.24143600 0.00927100 0.04454100
v -0.24162200 0.00909600 0.04420300
v -0.24178600 0.00894300 0.04390700
v -0.24225100 0.00811500 0.04306800
v -0.24235100 0.00788200 0.04288500
v -0.24254200 0.00719500 0.04254100
v -0.24262200 0.00668000 0.04239500
v -0.24266000 0.00643900 0.04232700
v -0.24270000 0.00565000 0.04225500
v -0.24269900 0.00553900 0.04225700
v -0.24265300 0.00479600 0.04233900
v -0.24262400 0.00461900 0.04239200
v -0.24252800 0.00404500 0.04256500
v -0.24233200 0.00336400 0.04292000
v -0.24225100 0.00318400 0.04306600
v -0.24207100 0.00278100 0.04339200
v -0.24175800 0.00232400 0.04395800
v -0.24162300 0.00220300 0.04420300
v -0.24064500 0.00185900 0.04597000
v -0.24027100 0.00202900 0.04664600
v -0.24008400 0.00220400 0.04698400
v -0.23992100 0.00235700 0.04728000
v -0.23916500 0.00410500 0.04864600
v -0.23908400 0.00462000 0.04879200
v -0.23067900 -0.00341800 0.03998500
v -0.23201200 -0.00337300 0.03947100
v -0.23104600 -0.00410500 0.03984300
v -0.23204200 -0.00345500 0.03946000
v -0.23120200 -0.00462000 0.03978300
v -0.23232500 -0.00422300 0.03935100
v -0.23127500 -0.00486100 0.03975500
v -0.23064200 -0.00793600 0.03999900
v -0.23102000 -0.00725500 0.03985300
v -0.23204500 -0.00784500 0.03945900
v -0.22346900 -0.00360100 0.04276000
v -0.22456100 -0.00404500 0.04234000
v -0.22599200 -0.00894300 0.04178900
v -0.22485300 -0.00959600 0.04222700
v -0.22539700 -0.00847400 0.04201800
v -0.22466600 -0.00944900 0.04229900
v -0.22509700 -0.00811500 0.04213300
v -0.22407900 -0.00878500 0.04252500
v -0.22490200 -0.00788200 0.04220800
v -0.22361400 -0.00801900 0.04270400
v -0.22453500 -0.00719500 0.04235000
v -0.22354400 -0.00784200 0.04273100
v -0.22328400 -0.00717600 0.04283100
v -0.22430700 -0.00643900 0.04243800
v -0.23238100 -0.00452700 0.03932900
v -0.23249100 -0.00512000 0.03928700
v -0.23135100 -0.00565000 0.03972600
v -0.23134900 -0.00576100 0.03972600
v -0.23250300 -0.00603400 0.03928200
v -0.23238700 -0.00677500 0.03932700
v -0.23236200 -0.00693500 0.03933700
v -0.23207200 -0.00779400 0.03944800
v -0.22320200 -0.00677200 0.04286300
v -0.22310200 -0.00628400 0.04290100
v -0.22423000 -0.00565000 0.04246700
v -0.22308100 -0.00564900 0.04290900
v -0.22423200 -0.00553900 0.04246600
v -0.22307200 -0.00537000 0.04291300
v -0.22432000 -0.00479600 0.04243200
v -0.22318800 -0.00452400 0.04286800
v -0.22319600 -0.00446600 0.04286500
v -0.22891300 -0.00202900 0.04066400
v -0.22958900 -0.00235700 0.04040400
v -0.23072600 -0.00170600 0.03996600
v -0.23018400 -0.00282600 0.04017500
v -0.23098800 -0.00192100 0.03986500
v -0.23147800 -0.00250000 0.03967700
v -0.23156100 -0.00259800 0.03964500
v -0.22354200 -0.00345900 0.04273200
v -0.22388300 -0.00280200 0.04260100
v -0.22493900 -0.00336400 0.04219400
v -0.22509500 -0.00318400 0.04213400
v -0.22411000 -0.00250500 0.04251300
v -0.22442400 -0.00209600 0.04239200
v -0.22544300 -0.00278100 0.04200000
v -0.22666800 -0.00927100 0.04152900
v -0.22574800 -0.01019400 0.04188300
v -0.22535400 -0.00998900 0.04203500
v -0.23164200 -0.00858400 0.03961400
v -0.23108800 -0.00927800 0.03982700
v -0.23013800 -0.00851900 0.04019300
v -0.22672700 -0.00200900 0.04150600
v -0.22674000 -0.00072300 0.04150100
v -0.22819200 -0.00185900 0.04094200
v -0.22485500 -0.00170500 0.04222600
v -0.22507400 -0.00150600 0.04214200
v -0.22574300 -0.00109400 0.04188400
v -0.22661700 -0.00074500 0.04154800
v -0.22885400 -0.00929100 0.04068700
v -0.22813100 -0.00944800 0.04096500
v -0.22802500 -0.01070800 0.04100600
v -0.22779100 -0.01071400 0.04109600
v -0.22694200 -0.01063200 0.04142300
v -0.22953500 -0.00897600 0.04042500
v -0.22983500 -0.01020000 0.04030900
v -0.22967800 -0.01029200 0.04037000
v -0.22886900 -0.01058000 0.04068100
v -0.22367100 -0.00944900 0.02107500
v -0.22348400 -0.00959600 0.02114700
v -0.22375500 -0.00974900 0.02151300
v -0.22526500 -0.00537000 0.02046100
v -0.22525600 -0.00564900 0.02046500
v -0.22559700 -0.00565000 0.02080400
v -0.22514100 -0.00446600 0.02050900
v -0.22514900 -0.00452400 0.02050600
v -0.22547400 -0.00448300 0.02085100
v -0.23200800 -0.00419000 0.03424000
v -0.23232600 -0.00433100 0.03678700
v -0.23191600 -0.00307700 0.03694400
v -0.22816200 -0.01143100 0.03839000
v -0.23038100 -0.01028600 0.03753500
v -0.23125700 -0.00934700 0.03719800
v -0.23191600 -0.00822300 0.03694400
v -0.23232600 -0.00696900 0.03678700
v -0.23246400 -0.00565000 0.03673300
v -0.23125700 -0.00195300 0.03719800
v -0.22396000 -0.00022200 0.02386900
v -0.22070400 -0.00040700 0.02268800
v -0.22657000 0.00112400 0.03362100
v -0.22568300 0.00125700 0.03123200
v -0.22794000 0.00061100 0.03309300
v -0.22917000 -0.00021700 0.03262000
v -0.22985500 -0.00051900 0.03506900
v -0.23038100 -0.00101400 0.03753500
v -0.22087800 -0.00059800 0.02215000
v -0.22054600 -0.00058600 0.02227800
v -0.22252300 -0.00105000 0.02151700
v -0.22259300 -0.00109400 0.02149000
v -0.22172000 -0.00074500 0.02182600
v -0.22282700 -0.00092600 0.02187100
v -0.22375500 -0.00155100 0.02151300
v -0.22507800 0.00031200 0.02605800
v -0.22239900 0.00096700 0.02709000
v -0.22377300 0.00080100 0.02656100
v -0.22933200 -0.01099200 0.03793900
v -0.22693100 -0.01157900 0.03886400
v -0.23161100 -0.00565000 0.03168000
v -0.23200800 -0.00711000 0.03424000
v -0.23144900 -0.00719600 0.03174300
v -0.23065700 -0.00722600 0.02931700
v -0.23155500 -0.00849800 0.03441500
v -0.23096900 -0.00866500 0.03192700
v -0.23016800 -0.00872400 0.02950500
v -0.22916200 -0.00867500 0.02717100
v -0.23082500 -0.00974200 0.03469600
v -0.23019700 -0.00998200 0.03222500
v -0.22938100 -0.01006700 0.02980900
v -0.22722700 -0.00977600 0.02523100
v -0.22329900 0.00132300 0.02942800
v -0.22474700 0.00114800 0.02887100
v -0.22985500 -0.01078100 0.03506900
v -0.22917000 -0.01108300 0.03262000
v -0.22833400 -0.01118900 0.03021200
v -0.22735600 -0.01110200 0.02786600
v -0.22624900 -0.01082300 0.02560800
v -0.22502600 -0.01036000 0.02345800
v -0.22502600 -0.00093900 0.02345800
v -0.22869400 -0.01156300 0.03551600
v -0.22794000 -0.01191000 0.03309300
v -0.22708000 -0.01203300 0.03069400
v -0.22612200 -0.01193200 0.02834100
v -0.22507800 -0.01161200 0.02605800
v -0.22396000 -0.01107800 0.02386900
v -0.22282700 -0.01037400 0.02187100
v -0.22612200 0.00063200 0.02834100
v -0.22591600 -0.00189300 0.02311600
v -0.22452900 -0.00238100 0.02121500
v -0.22511200 -0.00337500 0.02099100
v -0.23019700 -0.00131800 0.03222500
v -0.22938100 -0.00123300 0.02980900
v -0.23016800 -0.00257600 0.02950500
v -0.22916200 -0.00262500 0.02717100
v -0.22964300 -0.00409800 0.02698600
v -0.22841900 -0.00417800 0.02477200
v -0.22857400 -0.00565000 0.02471300
v -0.22547400 -0.00681700 0.02085100
v -0.22511200 -0.00792500 0.02099100
v -0.22739900 -0.01204900 0.03601400
v -0.22657000 -0.01242400 0.03362100
v -0.22568300 -0.01255700 0.03123200
v -0.22474700 -0.01244800 0.02887100
v -0.22326200 -0.00150600 0.02123200
v -0.22348200 -0.00170500 0.02114800
v -0.22391300 -0.00209600 0.02098200
v -0.22445400 -0.00280200 0.02077300
v -0.22479400 -0.00345900 0.02064200
v -0.22486800 -0.00360100 0.02061400
v -0.22708000 0.00073300 0.03069400
v -0.22735600 -0.00019800 0.02786600
v -0.22722700 -0.00152400 0.02523100
v -0.22658600 -0.00303600 0.02285800
v -0.22833400 -0.00011100 0.03021200
v -0.22838600 -0.00130200 0.02747000
v -0.22796200 -0.00277900 0.02494800
v -0.22700200 -0.00430900 0.02269800
v -0.22523500 -0.00628400 0.02047300
v -0.22472300 -0.00801900 0.02067000
v -0.23082500 -0.00155800 0.03469600
v -0.23096900 -0.00263500 0.03192700
v -0.23065700 -0.00407300 0.02931700
v -0.22980600 -0.00565000 0.02692300
v -0.22841900 -0.00712200 0.02477200
v -0.22658600 -0.00826400 0.02285800
v -0.22452900 -0.00891900 0.02121500
v -0.22425700 -0.00878500 0.02084900
v -0.23155500 -0.00280200 0.03441500
v -0.23144900 -0.00410400 0.03174300
v -0.23082300 -0.00565000 0.02925300
v -0.22964300 -0.00720200 0.02698600
v -0.22796200 -0.00852100 0.02494800
v -0.22591600 -0.00940700 0.02311600
v -0.22298300 -0.00998900 0.02133900
v -0.22603600 -0.01221300 0.03653900
v -0.22512700 -0.01259900 0.03417600
v -0.22421100 -0.01273500 0.03179900
v -0.22329900 -0.01262300 0.02942800
v -0.22239900 -0.01226700 0.02709000
v -0.22070400 -0.01089300 0.02268800
v -0.22054600 -0.01071400 0.02227800
v -0.21760900 -0.00170400 0.02340800
v -0.21765300 -0.00155100 0.02386200
v -0.21582700 -0.00593000 0.02409400
v -0.21583600 -0.00565100 0.02409100
v -0.21581100 -0.00565000 0.02457100
v -0.21595100 -0.00683400 0.02404600
v -0.21594300 -0.00677600 0.02405000
v -0.21593400 -0.00681700 0.02452400
v -0.21761100 -0.00959500 0.02340800
v -0.21765300 -0.00974900 0.02386200
v -0.22368400 0.00112400 0.03473200
v -0.22231300 0.00061100 0.03526000
v -0.22453000 -0.00030800 0.03978800
v -0.22348100 -0.00101400 0.04019200
v -0.22153600 -0.00433100 0.04094000
v -0.22139800 -0.00565000 0.04099400
v -0.22348100 -0.01028600 0.04019200
v -0.22026900 0.00022400 0.02528900
v -0.22102400 0.00080100 0.02761900
v -0.21961500 -0.00053900 0.02310700
v -0.22570000 -0.01143100 0.03933800
v -0.22453000 -0.01099200 0.03978800
v -0.22194600 -0.00822300 0.04078300
v -0.22153600 -0.00696900 0.04094000
v -0.22194600 -0.00307700 0.04078300
v -0.22260500 -0.00195300 0.04052900
v -0.22185100 0.00114800 0.02998600
v -0.22134300 0.00073300 0.03290300
v -0.22108400 -0.00021700 0.03573300
v -0.22124700 -0.00155800 0.03838300
v -0.22047500 0.00063200 0.03051500
v -0.21924200 -0.00019800 0.03099000
v -0.22008900 -0.00011100 0.03338600
v -0.21904200 -0.00123300 0.03378900
v -0.22005700 -0.00131800 0.03612800
v -0.21928400 -0.00263500 0.03642600
v -0.22051800 -0.00280200 0.03866300
v -0.22006500 -0.00419000 0.03883800
v -0.21908100 -0.00022200 0.02574700
v -0.21854800 -0.00047700 0.02857200
v -0.21821100 -0.00130200 0.03138700
v -0.21825400 -0.00257600 0.03409200
v -0.21880500 -0.00410400 0.03661000
v -0.21991100 -0.00565000 0.03889700
v -0.22185100 -0.01244800 0.02998600
v -0.21801400 -0.01036000 0.02615700
v -0.21712400 -0.00940700 0.02650000
v -0.21687900 -0.00891900 0.02416000
v -0.21629600 -0.00792500 0.02438500
v -0.22337900 -0.01156300 0.03756200
v -0.22221700 -0.01078100 0.03800900
v -0.22108400 -0.01108300 0.03573300
v -0.22005700 -0.00998200 0.03612800
v -0.21904200 -0.01006700 0.03378900
v -0.21825400 -0.00872400 0.03409200
v -0.21743600 -0.00867500 0.03168500
v -0.21695500 -0.00720200 0.03187000
v -0.21637800 -0.00712200 0.02940800
v -0.21622300 -0.00565000 0.02946700
v -0.21589700 -0.00565000 0.02697200
v -0.21603800 -0.00430900 0.02691800
v -0.21593400 -0.00448300 0.02452400
v -0.22021500 -0.01070100 0.02240500
v -0.21961500 -0.01076100 0.02310700
v -0.21858100 -0.01037400 0.02350500
v -0.21949600 -0.01057700 0.02268200
v -0.21937300 -0.01055500 0.02272900
v -0.21856900 -0.01025000 0.02303900
v -0.21849900 -0.01020600 0.02306600
v -0.22102400 -0.01210100 0.02761900
v -0.21718000 -0.00920400 0.02357400
v -0.21663900 -0.00849800 0.02378200
v -0.21629800 -0.00784100 0.02391300
v -0.21622500 -0.00769900 0.02394100
v -0.22368400 -0.01242400 0.03473200
v -0.22134300 -0.01203300 0.03290300
v -0.21757100 -0.00977600 0.02894800
v -0.21645400 -0.00826400 0.02675800
v -0.22467300 -0.01204900 0.03706400
v -0.22231300 -0.01191000 0.03526000
v -0.22008900 -0.01118900 0.03338600
v -0.21821100 -0.00999700 0.03138700
v -0.21683500 -0.00852100 0.02923200
v -0.21603800 -0.00699100 0.02691800
v -0.21585700 -0.00501600 0.02408300
v -0.22124700 -0.00974200 0.03838300
v -0.21928400 -0.00866500 0.03642600
v -0.21776500 -0.00722600 0.03428000
v -0.21637800 -0.00417800 0.02940800
v -0.21645400 -0.00303600 0.02675800
v -0.21687900 -0.00238100 0.02416000
v -0.21683500 -0.00251500 0.02370600
v -0.22260500 -0.00934700 0.04052900
v -0.21880500 -0.00719600 0.03661000
v -0.21760000 -0.00565000 0.03434400
v -0.21683500 -0.00277900 0.02923200
v -0.21712400 -0.00189300 0.02650000
v -0.21858100 -0.00092600 0.02350500
v -0.21801400 -0.00093900 0.02615700
v -0.21757100 -0.00152400 0.02894800
v -0.21743600 -0.00262500 0.03168500
v -0.21776500 -0.00407300 0.03428000
v -0.21864200 -0.00565000 0.03667300
v -0.21969800 -0.00066800 0.02260400
v -0.21698600 -0.00565000 0.02364800
v -0.21698700 -0.00576100 0.02364800
v -0.21707500 -0.00650400 0.02361400
v -0.21713200 -0.00668100 0.02359200
v -0.21731600 -0.00725500 0.02352100
v -0.21769500 -0.00793600 0.02337500
v -0.21785100 -0.00811600 0.02331500
v -0.21819900 -0.00851900 0.02318100
v -0.21906300 -0.00909700 0.02284900
v -0.21948200 -0.00929100 0.02268700
v -0.22094800 -0.00944100 0.02212300
v -0.22234500 -0.00894300 0.02158500
v -0.22294000 -0.00847400 0.02135600
v -0.22324000 -0.00811500 0.02124100
v -0.22343400 -0.00788200 0.02116600
v -0.22403000 -0.00643900 0.02093600
v -0.22410600 -0.00565000 0.02090700
v -0.21706200 -0.00486100 0.02361900
v -0.21713500 -0.00462000 0.02359100
v -0.21765800 -0.00341800 0.02338900
v -0.21815200 -0.00282600 0.02319900
v -0.21942300 -0.00202900 0.02271000
v -0.22014400 -0.00185900 0.02243200
v -0.22088600 -0.00185200 0.02214700
v -0.22161000 -0.00200900 0.02186800
v -0.22229100 -0.00232400 0.02160600
v -0.22289400 -0.00278100 0.02137400
v -0.22324200 -0.00318400 0.02124000
v -0.22339700 -0.00336400 0.02118000
v -0.22377600 -0.00404500 0.02103400
v -0.22396000 -0.00461900 0.02096300
v -0.22401700 -0.00479600 0.02094200
v -0.22410500 -0.00553900 0.02090800
v -0.26038800 0.00772600 0.02697200
v -0.26064300 0.00934400 0.02711300
v -0.26019900 0.00778400 0.02686700
v -0.25933600 0.00776300 0.02639000
v -0.25952700 0.00780700 0.02649600
v -0.25928500 0.00941900 0.02636200
v -0.23782800 0.00808500 0.04727700
v -0.23847400 0.00712700 0.04611000
v -0.23792500 0.00830700 0.04710300
v -0.25299500 0.00736900 0.04173800
v -0.25397700 0.00856300 0.04228100
v -0.25314400 0.00722100 0.04182100
v -0.24776300 -0.00062100 0.01223200
v -0.24781300 -0.00094800 0.01159700
v -0.24778300 -0.00103200 0.01139500
v -0.24616600 -0.00035000 0.01205600
v -0.24538600 -0.00062100 0.01117600
v -0.24728800 -0.00034400 0.01250900
v -0.24777600 -0.00034100 0.01270600
v -0.22733200 -0.00062100 0.01812600
v -0.22780700 -0.00034100 0.01811300
v -0.22575900 -0.00098000 0.02002400
v -0.22566500 -0.00102500 0.01996900
v -0.22649600 -0.00103200 0.01810600
v -0.22715600 -0.00035000 0.01972300
v -0.22658500 -0.00034100 0.02086400
v -0.22627700 -0.00062100 0.02050300
v -0.22761000 -0.00034400 0.01860100
v -0.22669800 -0.00094800 0.01807600
v -0.22008500 0.00742500 0.02353700
v -0.21940300 0.00887100 0.02316000
v -0.22025000 0.00754500 0.02362800
v -0.23761200 0.00062100 0.01065100
v -0.23792700 0.00034100 0.01100600
v -0.23720000 0.00098800 0.01005700
v -0.23515000 0.00091900 0.01079300
v -0.23676000 0.00035000 0.01140300
v -0.23542300 0.00034300 0.01174000
v -0.23511300 0.00062100 0.01137000
v -0.22575000 0.00062100 0.02829900
v -0.22610500 0.00034100 0.02798400
v -0.22646900 0.00062100 0.03079800
v -0.22693800 0.00034100 0.03087600
v -0.22515600 0.00098800 0.02871100
v -0.22507100 0.00102500 0.02874500
v -0.22490200 0.00109900 0.02881300
v -0.22589300 0.00091900 0.03076100
v -0.22650200 0.00035000 0.02915100
v -0.22684000 0.00034300 0.03048800
v -0.22547600 0.00110000 0.03081200
v -0.22586700 0.00093200 0.03075900
f 1 2 3
f 7 8 9
f 13 14 15
f 16 17 18
f 19 20 21
f 25 26 27
f 33 34 35
f 16 37 38
f 16 38 17
f 17 38 39
f 17 39 40
f 15 41 42
f 15 42 43
f 13 48 14
f 49 50 51
f 56 51 57
f 61 62 63
f 68 67 69
f 26 70 71
f 73 74 75
f 40 31 17
f 18 33 83
f 18 83 84
f 15 44 16
f 15 16 85
f 85 16 18
f 81 18 84
f 87 13 88
f 88 13 15
f 89 15 85
f 79 81 82
f 60 49 51
f 60 51 90
f 90 91 92
f 92 91 93
f 94 95 96
f 96 97 98
f 24 20 22
f 55 86 51
f 51 86 87
f 91 87 88
f 91 88 93
f 21 80 19
f 65 58 63
f 63 58 60
f 99 60 90
f 99 90 100
f 100 90 92
f 101 94 96
f 102 96 98
f 103 24 77
f 77 24 23
f 77 23 76
f 104 105 106
f 106 107 108
f 108 109 110
f 112 111 113
f 112 113 114
f 116 117 118
f 120 121 122
f 120 122 123
f 12 120 123
f 12 123 10
f 109 12 11
f 124 125 109
f 109 125 126
f 110 126 127
f 110 127 128
f 129 104 106
f 130 106 108
f 131 108 110
f 133 131 134
f 6 9 8
f 6 8 4
f 111 132 113
f 115 133 134
f 119 6 5
f 135 136 119
f 119 136 137
f 139 112 114
f 140 116 141
f 141 116 118
f 142 138 143
f 72 27 144
f 146 140 141
f 146 141 147
f 148 142 3
f 3 142 143
f 2 149 3
f 3 149 150
f 3 150 148
f 147 151 146
f 145 152 73
f 144 73 75
f 2 153 149
f 149 99 150
f 150 99 100
f 152 103 77
f 152 77 73
f 73 77 78
f 73 78 74
f 155 61 156
f 157 63 154
f 158 159 160
f 169 170 171
f 179 180 181
f 183 184 185
f 186 187 188
f 194 193 195
f 198 199 200
f 200 199 201
f 200 201 202
f 208 207 209
f 210 211 212
f 212 211 213
f 212 214 215
f 212 215 182
f 221 223 224
f 227 226 228
f 218 230 231
f 188 187 235
f 235 187 236
f 234 61 155
f 234 155 232
f 225 229 226
f 226 229 218
f 226 218 237
f 237 218 180
f 167 240 168
f 168 240 241
f 168 241 238
f 243 244 245
f 172 173 246
f 67 66 169
f 178 239 167
f 245 242 178
f 176 243 177
f 177 243 245
f 174 175 177
f 253 250 254
f 254 250 251
f 200 205 206
f 173 174 257
f 257 174 252
f 257 252 258
f 258 252 253
f 258 253 259
f 259 253 254
f 259 254 260
f 260 254 255
f 261 256 262
f 202 203 200
f 200 203 185
f 191 185 184
f 191 184 189
f 248 246 249
f 249 173 263
f 263 173 257
f 264 259 265
f 265 259 260
f 265 260 266
f 266 260 261
f 224 216 221
f 221 217 271
f 271 217 272
f 273 272 274
f 273 274 275
f 275 276 277
f 277 276 278
f 279 278 280
f 170 247 171
f 171 247 249
f 197 186 196
f 196 186 188
f 196 188 194
f 269 194 282
f 284 268 285
f 166 270 283
f 166 283 164
f 287 284 285
f 287 285 288
f 163 166 165
f 163 165 161
f 210 212 217
f 217 286 272
f 272 287 274
f 274 287 288
f 276 289 278
f 278 163 280
f 280 163 162
f 280 162 290
f 220 222 218
f 218 222 221
f 292 221 271
f 293 273 275
f 293 275 294
f 294 275 277
f 294 277 295
f 296 281 297
f 297 281 291
f 181 292 299
f 300 293 294
f 301 294 295
f 302 296 297
f 160 298 158
f 238 181 168
f 168 181 299
f 256 302 262
f 267 159 303
f 303 304 267
f 267 304 305
f 169 171 67
f 308 309 310
f 313 314 315
f 320 321 322
f 323 324 325
f 326 327 328
f 329 330 331
f 316 333 334
f 316 334 335
f 340 341 342
f 348 346 342
f 350 351 352
f 352 351 353
f 358 357 359
f 358 359 360
f 361 362 331
f 317 363 364
f 318 364 365
f 318 365 366
f 367 368 369
f 327 372 373
f 373 372 374
f 373 374 371
f 326 328 375
f 378 379 380
f 380 379 381
f 319 358 386
f 385 387 384
f 390 388 391
f 393 392 394
f 395 394 396
f 395 396 397
f 325 322 321
f 342 347 389
f 392 390 394
f 394 390 391
f 394 391 396
f 322 382 383
f 322 383 320
f 352 354 339
f 400 395 397
f 400 397 401
f 380 325 324
f 380 324 378
f 371 370 373
f 407 408 409
f 409 408 410
f 412 411 413
f 415 416 403
f 402 417 418
f 417 419 418
f 418 420 421
f 422 402 418
f 422 418 315
f 315 418 421
f 404 422 315
f 405 315 314
f 406 423 424
f 406 424 425
f 312 406 425
f 312 425 311
f 411 426 413
f 414 310 309
f 327 373 328
f 328 407 427
f 427 407 409
f 375 328 432
f 432 328 427
f 432 427 433
f 433 428 434
f 434 429 435
f 435 430 436
f 436 431 437
f 306 438 307
f 307 438 439
f 437 440 441
f 437 441 436
f 436 442 435
f 435 443 434
f 434 444 433
f 433 376 432
f 432 376 377
f 432 377 375
f 438 398 439
f 440 399 441
f 443 400 401
f 376 380 381
f 445 350 446
f 446 350 352
f 450 451 452
f 453 454 455
f 458 459 460
f 461 462 463
f 467 468 445
f 445 468 469
f 470 471 472
f 470 473 471
f 471 474 475
f 475 474 476
f 475 476 477
f 477 476 478
f 477 478 467
f 467 478 479
f 484 483 485
f 484 485 481
f 466 487 488
f 466 488 464
f 489 493 494
f 346 496 497
f 497 500 501
f 511 512 514
f 456 457 517
f 518 519 520
f 523 521 524
f 524 521 522
f 526 524 527
f 527 524 525
f 530 527 531
f 531 527 528
f 544 497 489
f 489 497 501
f 533 529 534
f 534 529 530
f 536 532 537
f 494 486 489
f 538 466 465
f 540 534 541
f 541 534 535
f 546 538 547
f 546 547 548
f 551 550 552
f 553 554 555
f 558 540 559
f 559 540 541
f 559 541 560
f 560 541 542
f 481 472 484
f 484 562 563
f 539 482 538
f 538 484 547
f 547 484 563
f 547 563 564
f 462 505 463
f 463 505 503
f 566 545 567
f 568 546 548
f 455 548 565
f 455 565 453
f 461 463 507
f 569 566 567
f 570 455 452
f 452 454 450
f 506 507 508
f 550 569 552
f 556 570 452
f 557 452 451
f 572 509 549
f 573 553 555
f 573 555 574
f 576 571 577
f 578 573 574
f 579 575 580
f 580 576 449
f 449 576 577
f 449 577 447
f 532 579 580
f 532 580 537
f 537 580 449
f 543 449 448
f 561 581 582
f 561 582 583
f 584 459 458
f 615 358 360
f 619 620 621
f 634 635 636
f 495 345 638
f 491 490 639
f 640 500 499
f 640 499 641
f 641 499 498
f 641 498 496
f 539 465 642
f 642 465 464
f 642 464 488
f 637 494 493
f 643 485 483
f 643 483 482
f 644 480 643
f 638 345 669
f 669 345 348
f 670 349 671
f 671 349 344
f 668 344 343
f 659 663 660
f 675 676 677
f 678 679 680
f 681 682 629
f 632 673 633
f 633 673 628
f 677 674 633
f 631 677 684
f 684 677 683
f 689 685 690
f 690 685 686
f 642 643 482
f 642 482 539
f 692 688 693
f 693 688 689
f 693 689 694
f 694 689 690
f 696 691 697
f 488 487 642
f 642 487 637
f 642 637 639
f 639 492 491
f 698 693 699
f 699 693 694
f 700 695 701
f 701 695 696
f 701 696 702
f 702 696 697
f 702 697 703
f 704 642 639
f 704 639 705
f 708 709 710
f 716 698 717
f 717 699 718
f 718 699 700
f 718 700 719
f 719 700 701
f 641 495 638
f 640 638 721
f 490 501 639
f 639 501 640
f 706 640 722
f 706 722 723
f 723 724 706
f 706 724 725
f 635 649 636
f 727 704 705
f 627 707 726
f 627 726 625
f 634 636 652
f 728 627 624
f 624 626 622
f 711 728 624
f 713 624 623
f 713 729 730
f 732 708 733
f 733 708 710
f 733 710 734
f 735 712 736
f 736 714 737
f 737 714 731
f 737 731 738
f 739 732 733
f 740 733 734
f 742 735 736
f 743 736 737
f 743 737 621
f 621 737 738
f 621 738 619
f 687 741 742
f 691 743 697
f 697 743 621
f 697 621 703
f 703 621 620
f 703 620 744
f 744 745 703
f 703 745 746
f 681 630 715
f 681 715 748
f 748 715 716
f 749 720 747
f 749 747 750
f 751 752 753
f 754 755 756
f 765 766 767
f 771 772 773
f 774 775 776
f 777 778 779
f 779 778 780
f 781 782 776
f 776 782 783
f 762 784 785
f 763 785 786
f 763 786 787
f 761 788 789
f 646 645 759
f 790 791 759
f 759 792 760
f 469 468 793
f 473 644 474
f 353 351 794
f 667 355 795
f 796 681 797
f 771 773 800
f 805 806 807
f 787 777 763
f 763 777 779
f 764 779 811
f 813 764 809
f 809 812 808
f 814 761 815
f 816 813 809
f 805 809 810
f 805 810 806
f 819 820 821
f 821 820 822
f 770 767 766
f 770 766 768
f 818 814 815
f 820 816 822
f 767 805 807
f 824 817 825
f 825 819 826
f 826 819 821
f 827 823 828
f 804 769 803
f 830 829 831
f 798 797 799
f 799 832 833
f 833 832 834
f 750 843 749
f 844 846 845
f 829 758 831
f 831 757 847
f 756 848 754
f 852 849 853
f 839 756 753
f 753 756 755
f 681 748 797
f 797 748 850
f 832 851 834
f 836 852 853
f 840 753 842
f 854 855 842
f 842 855 856
f 773 799 833
f 773 833 857
f 858 835 859
f 859 837 860
f 860 838 861
f 861 838 841
f 800 773 862
f 862 773 857
f 862 857 863
f 864 858 859
f 864 859 865
f 865 859 860
f 865 860 866
f 866 860 861
f 866 869 865
f 865 870 864
f 864 870 871
f 863 871 801
f 863 801 862
f 862 801 802
f 867 824 825
f 868 825 826
f 870 827 828
f 870 828 871
f 871 804 801
f 672 667 872
f 872 667 795
f 879 880 881
f 890 891 892
f 893 894 895
f 886 898 899
f 885 900 661
f 885 662 901
f 904 905 906
f 908 906 909
f 914 915 902
f 902 915 916
f 786 785 917
f 917 785 784
f 917 784 918
f 918 784 919
f 887 780 778
f 932 933 934
f 934 933 935
f 787 786 888
f 888 917 889
f 889 917 936
f 889 936 937
f 886 774 887
f 934 889 937
f 934 937 932
f 939 886 940
f 940 938 941
f 941 934 930
f 902 904 906
f 902 906 942
f 946 945 947
f 946 947 948
f 895 892 891
f 943 939 940
f 945 940 941
f 945 941 947
f 947 941 930
f 892 930 931
f 892 931 890
f 913 914 912
f 912 914 902
f 949 902 942
f 950 944 951
f 952 946 948
f 953 895 928
f 928 894 927
f 960 959 961
f 963 961 964
f 922 921 923
f 967 966 968
f 972 971 973
f 974 973 975
f 974 975 976
f 976 975 977
f 978 979 980
f 982 955 983
f 983 955 954
f 983 954 962
f 962 978 884
f 884 978 981
f 884 981 882
f 956 982 958
f 958 982 983
f 959 983 962
f 959 962 961
f 961 884 964
f 964 883 984
f 964 985 965
f 988 987 957
f 991 963 992
f 881 986 879
f 993 988 994
f 994 989 995
f 995 990 996
f 997 991 992
f 997 992 998
f 878 880 876
f 966 993 994
f 966 994 968
f 968 994 995
f 970 995 996
f 971 997 973
f 973 997 998
f 973 998 975
f 975 878 977
f 977 877 999
f 999 1000 977
f 977 1000 1001
f 896 923 897
f 897 967 1002
f 1002 969 1003
f 1006 974 976
f 924 897 1008
f 1008 897 1002
f 1009 1002 1003
f 1010 1004 1011
f 1011 1005 1012
f 1012 1006 1013
f 875 1007 873
f 875 1014 1015
f 1012 1017 1011
f 1011 1018 1010
f 1008 926 924
f 874 1020 1014
f 1014 949 1015
f 1016 950 951
f 1019 953 928
f 925 928 929
f 1021 910 912
f 1025 1026 1027
f 1028 1029 1030
f 1031 1032 1033
f 1043 1044 1045
f 1047 1048 1049
f 1056 1055 1057
f 1051 1058 1052
f 1059 1060 1061
f 1064 1065 1049
f 1067 1068 1069
f 1067 1070 1071
f 1067 1071 1072
f 663 1079 664
f 1080 656 666
f 1080 666 665
f 658 657 1081
f 1083 654 653
f 653 651 1083
f 1083 651 650
f 647 1084 645
f 645 1084 790
f 1084 648 1082
f 1085 1082 1044
f 1033 1088 1089
f 1033 1089 1086
f 1041 1042 1090
f 1091 1092 1093
f 1036 1037 1094
f 1095 1096 1097
f 1042 1087 1032
f 1092 1090 1093
f 1040 1091 1093
f 1101 1098 1102
f 1102 1098 1099
f 1102 1099 1103
f 1103 1099 1100
f 1104 1101 1105
f 1105 1101 1102
f 1067 1075 1078
f 1067 1078 1068
f 1037 1038 1039
f 1108 1104 1109
f 1109 1104 1105
f 1113 1049 1048
f 1113 1048 1114
f 1097 1094 1037
f 1097 1037 1115
f 1115 1037 1108
f 1116 1110 1117
f 1117 1110 1111
f 1117 1111 1118
f 1119 1112 1120
f 1079 1107 1121
f 1122 1113 1123
f 1126 1081 1127
f 1130 1129 1131
f 1035 1095 1097
f 1133 1118 1119
f 1113 1062 1063
f 1124 1063 1134
f 1124 1135 1125
f 1125 1135 1136
f 1125 1136 1137
f 1046 664 1079
f 1138 1079 1121
f 1139 1122 1140
f 1140 1122 1123
f 1140 1123 1141
f 1141 1125 1030
f 1030 1125 1137
f 1030 1137 1028
f 665 1046 1080
f 1080 1138 1142
f 1143 1139 1140
f 1144 1140 1141
f 1145 1141 1030
f 1027 1029 1025
f 657 1080 1081
f 1081 1080 1142
f 1081 1142 1127
f 1127 1142 1143
f 1129 1027 1131
f 1131 1027 1026
f 1131 1146 1132
f 1132 1146 1147
f 1132 1147 1148
f 655 654 1082
f 1082 654 1083
f 1149 1128 1150
f 1151 1130 1152
f 1155 1149 1156
f 1156 1149 1150
f 1157 1151 1152
f 1157 1152 1158
f 1024 1153 1154
f 1024 1154 1022
f 1086 1045 1033
f 1033 1155 1031
f 1031 1155 1156
f 1106 1157 1158
f 1112 1024 1120
f 1120 1023 1159
f 1034 1035 920
f 1202 1203 1204
f 1205 1206 1207
f 1208 1209 1210
f 1220 1221 1222
f 1073 907 1226
f 1069 1068 1227
f 1228 1077 1076
f 1228 1076 1229
f 1230 1047 1066
f 1065 1064 1225
f 1225 1072 1071
f 1234 1235 1236
f 1236 1235 1237
f 1241 1242 1240
f 1240 1242 1243
f 1240 1243 1223
f 1245 1246 1247
f 1246 1251 1247
f 1247 1251 1252
f 1253 1254 1255
f 1255 1254 1256
f 916 1259 903
f 1260 905 904
f 1226 907 1261
f 1220 1222 1263
f 1264 1265 1209
f 1209 1265 1266
f 1218 1219 1267
f 1212 1213 1271
f 1272 1273 1274
f 1275 1208 1276
f 1269 1267 1270
f 1270 1267 1219
f 1277 1275 1278
f 1278 1275 1276
f 1217 1268 1270
f 1280 1277 1281
f 1281 1277 1278
f 1281 1278 1282
f 1282 1278 1279
f 1215 1216 1217
f 1284 1283 1285
f 1213 1214 1215
f 1066 1065 1230
f 1230 1065 1225
f 1227 1225 1070
f 1273 1271 1274
f 1274 1271 1213
f 1274 1213 1291
f 1291 1213 1287
f 1291 1287 1292
f 1292 1287 1288
f 1294 1289 1295
f 1295 1289 1290
f 1299 1227 1300
f 1303 1304 1305
f 1307 1308 1309
f 1211 1272 1274
f 1312 1291 1313
f 1313 1291 1292
f 1314 1293 1315
f 1315 1293 1294
f 1316 1295 1317
f 1317 1295 1296
f 1074 1073 1229
f 1228 1226 1319
f 1228 1319 1320
f 1068 1078 1227
f 1227 1078 1228
f 1301 1228 1320
f 1302 1321 1322
f 1302 1322 1323
f 1224 1237 1235
f 1324 1298 1325
f 1325 1298 1299
f 1325 1299 1326
f 1326 1299 1300
f 1326 1300 1327
f 1207 1302 1323
f 1207 1323 1205
f 1328 1324 1325
f 1329 1325 1326
f 1329 1326 1330
f 1330 1326 1327
f 1330 1327 1331
f 1204 1206 1202
f 1244 1240 1328
f 1304 1329 1330
f 1306 1330 1331
f 1310 1204 1203
f 1310 1203 1332
f 1250 1245 1248
f 1334 1303 1335
f 1335 1303 1305
f 1335 1305 1336
f 1337 1307 1309
f 1339 1311 1333
f 1339 1333 1340
f 1221 1248 1222
f 1341 1334 1342
f 1342 1334 1335
f 1342 1335 1343
f 1343 1335 1336
f 1345 1338 1339
f 1201 1340 1199
f 1210 1341 1208
f 1208 1341 1342
f 1208 1342 1276
f 1276 1342 1343
f 1283 1344 1285
f 1297 1201 1200
f 1297 1200 1346
f 1348 1318 1347
f 1348 1347 1349
f 1359 1360 1361
f 1362 1363 1364
f 1368 1369 1370
f 1371 1372 1373
f 1374 1375 1376
f 1381 1382 1383
f 1383 1382 1384
f 1365 1385 1386
f 1363 1389 1364
f 1364 1390 1391
f 1233 1232 1362
f 1053 1052 1395
f 1055 1231 1395
f 1055 1395 1057
f 913 911 1396
f 1396 911 1050
f 1396 1050 1054
f 1397 915 914
f 1375 1398 1400
f 1366 1379 1381
f 1367 1381 1411
f 1367 1411 1412
f 1391 1392 1364
f 1409 1367 1412
f 1414 1362 1415
f 1415 1362 1364
f 1416 1413 1417
f 1407 1409 1410
f 1054 1053 1396
f 1396 1395 1418
f 1418 1419 1420
f 1424 1423 1370
f 1424 1370 1373
f 1373 1370 1369
f 1231 1286 1395
f 1419 1414 1415
f 1421 1416 1417
f 1423 1407 1370
f 1370 1408 1368
f 914 913 1397
f 1397 913 1396
f 1425 1396 1418
f 1425 1418 1426
f 1426 1418 1420
f 1427 1422 1428
f 1429 1424 1373
f 1429 1373 1405
f 1405 1373 1372
f 1405 1372 1404
f 1432 1433 1434
f 1434 1433 1435
f 1400 1437 1438
f 1438 1439 1440
f 1442 1443 1444
f 1446 1445 1447
f 1448 1447 1449
f 1451 1452 1453
f 1454 1430 1455
f 1455 1451 1361
f 1361 1451 1453
f 1433 1454 1455
f 1433 1455 1435
f 1435 1455 1361
f 1436 1361 1360
f 1457 1431 1458
f 1459 1432 1434
f 1459 1434 1460
f 1358 1456 1356
f 1462 1457 1463
f 1463 1457 1458
f 1464 1459 1465
f 1465 1459 1460
f 1466 1461 1467
f 1355 1357 1353
f 1399 1462 1437
f 1437 1462 1463
f 1441 1464 1465
f 1445 1466 1467
f 1445 1467 1447
f 1447 1467 1355
f 1447 1355 1449
f 1449 1354 1468
f 1468 1469 1449
f 1449 1469 1470
f 1450 1470 1471
f 1450 1471 1472
f 1376 1400 1438
f 1473 1438 1440
f 1475 1442 1444
f 1478 1450 1472
f 1401 1376 1480
f 1481 1474 1482
f 1482 1475 1483
f 1483 1476 1484
f 1484 1477 1485
f 1486 1478 1352
f 1352 1478 1479
f 1352 1479 1350
f 1352 1488 1486
f 1486 1488 1489
f 1485 1490 1484
f 1484 1491 1483
f 1483 1492 1482
f 1482 1493 1481
f 1481 1493 1402
f 1480 1402 1403
f 1480 1403 1401
f 1351 1494 1487
f 1488 1425 1426
f 1488 1426 1489
f 1491 1427 1428
f 1493 1429 1405
f 1493 1405 1402
f 1402 1405 1406
f 1262 1259 1496
f 1496 1397 1497
f 1497 1397 1495
f 1505 1506 1507
f 1508 1509 1510
f 1511 1512 1513
f 1514 1515 1516
f 1517 1518 1519
f 1392 1391 1520
f 1506 1521 1507
f 1507 1522 1378
f 1505 1256 1523
f 1530 1531 1532
f 1532 1531 1527
f 1534 1535 1536
f 1538 1539 1524
f 1387 1386 1540
f 1540 1386 1385
f 1540 1385 1541
f 1542 1385 1394
f 1542 1394 1520
f 1520 1394 1393
f 1520 1393 1392
f 1508 1382 1380
f 1543 1544 1545
f 1545 1544 1546
f 1550 1551 1552
f 1558 1559 1560
f 1560 1559 1561
f 1388 1387 1509
f 1509 1387 1540
f 1510 1562 1563
f 1507 1377 1508
f 1564 1508 1510
f 1560 1563 1558
f 1565 1505 1507
f 1566 1564 1567
f 1567 1564 1560
f 1524 1525 1527
f 1568 1569 1570
f 1571 1513 1516
f 1516 1513 1512
f 1516 1512 1514
f 1569 1566 1567
f 1513 1556 1557
f 1513 1557 1511
f 1536 1538 1524
f 1573 1568 1574
f 1574 1568 1570
f 1574 1570 1575
f 1576 1571 1516
f 1554 1515 1553
f 1578 1579 1580
f 1580 1579 1581
f 1547 1546 1548
f 1548 1546 1586
f 1548 1586 1587
f 1588 1589 1590
f 1592 1593 1594
f 1596 1597 1577
f 1584 1504 1503
f 1584 1503 1598
f 1584 1599 1585
f 1602 1582 1603
f 1603 1583 1604
f 1605 1600 1606
f 1606 1600 1601
f 1607 1602 1603
f 1607 1603 1608
f 1608 1603 1604
f 1500 1502 1501
f 1500 1501 1498
f 1591 1607 1608
f 1595 1499 1609
f 1519 1548 1587
f 1610 1588 1590
f 1611 1592 1612
f 1612 1592 1594
f 1549 1519 1613
f 1614 1611 1615
f 1615 1611 1612
f 1616 1617 1618
f 1615 1619 1620
f 1615 1620 1614
f 1613 1550 1552
f 1613 1552 1549
f 1617 1572 1618
f 1619 1573 1574
f 1619 1574 1620
f 1620 1574 1575
f 1550 1555 1551
f 1621 1534 1622
f 1622 1534 1536
f 1623 1624 1625
f 1626 1627 1628
f 1629 1630 1631
f 1634 1635 1636
f 1249 1258 1641
f 1642 1643 1644
f 1648 1649 1650
f 1649 1651 1652
f 1649 1652 1653
f 1653 1652 1654
f 1653 1654 1655
f 1646 1656 1657
f 1646 1657 1647
f 1658 1659 1660
f 1663 1662 1664
f 1663 1664 1660
f 1665 1666 1644
f 1669 1670 1667
f 1667 1670 1671
f 1667 1671 1672
f 1531 1674 1675
f 1676 1677 1675
f 1675 1678 1679
f 1681 1250 1249
f 1241 1239 1683
f 1683 1239 1238
f 1684 1236 1685
f 1684 1685 1686
f 1632 1688 1633
f 1633 1689 1687
f 1691 1692 1693
f 1695 1694 1696
f 1698 1696 1699
f 1637 1639 1700
f 1700 1639 1697
f 1701 1698 1702
f 1702 1698 1699
f 1704 1675 1667
f 1667 1675 1679
f 1667 1679 1668
f 1707 1703 1708
f 1667 1665 1644
f 1709 1644 1643
f 1709 1643 1710
f 1712 1705 1713
f 1714 1706 1715
f 1715 1706 1707
f 1716 1708 1717
f 1718 1704 1667
f 1719 1709 1720
f 1719 1720 1721
f 1683 1682 1722
f 1722 1723 1724
f 1724 1725 1726
f 1728 1727 1729
f 1730 1729 1731
f 1635 1691 1636
f 1636 1691 1693
f 1636 1693 1732
f 1732 1693 1711
f 1733 1715 1734
f 1734 1715 1716
f 1660 1648 1650
f 1660 1650 1663
f 1710 1661 1709
f 1709 1663 1720
f 1720 1736 1737
f 1721 1738 1739
f 1721 1739 1740
f 1258 1257 1641
f 1641 1257 1680
f 1743 1718 1741
f 1742 1719 1721
f 1744 1742 1745
f 1745 1631 1628
f 1628 1631 1630
f 1628 1630 1626
f 1252 1681 1682
f 1727 1744 1745
f 1727 1745 1729
f 1729 1745 1628
f 1729 1628 1731
f 1731 1627 1746
f 1731 1747 1748
f 1685 1242 1683
f 1749 1683 1722
f 1750 1722 1724
f 1750 1724 1751
f 1751 1724 1726
f 1751 1726 1752
f 1640 1749 1755
f 1756 1750 1751
f 1756 1751 1757
f 1757 1751 1752
f 1625 1753 1754
f 1625 1754 1623
f 1687 1640 1633
f 1633 1640 1755
f 1694 1756 1757
f 1694 1757 1696
f 1696 1758 1699
f 1699 1759 1703
f 1703 1760 1708
f 1708 1625 1717
f 1717 1625 1624
f 1717 1624 1761
f 1634 1636 1544
f 1544 1636 1732
f 1544 1732 1605
f 1577 1735 1762
f 1781 1690 1638
f 1803 1804 1805
f 1809 1810 1811
f 1817 1818 1819
f 39 38 1821
f 1821 38 37
f 1821 37 1822
f 1822 37 1823
f 1823 37 45
f 1823 45 1820
f 1809 32 1810
f 1810 32 31
f 1810 31 40
f 1807 1824 1808
f 1806 1825 1807
f 1652 1827 1826
f 1537 1535 1828
f 1828 1535 1645
f 1830 1539 1538
f 1833 1834 1835
f 1835 1834 1836
f 1818 1837 1838
f 1817 1819 1839
f 1840 1841 1842
f 1848 1849 1850
f 1850 1849 1851
f 40 39 1810
f 1810 39 1821
f 1810 1821 1811
f 1811 1821 1852
f 29 28 1808
f 1854 1809 1811
f 1854 1811 1850
f 1850 1811 1853
f 1855 1808 1856
f 1857 1854 1850
f 1846 1850 1851
f 1859 1858 1860
f 1862 1863 1864
f 1864 1863 1814
f 1864 1814 1816
f 1816 1814 1813
f 1858 1855 1860
f 1860 1855 1856
f 1863 1846 1814
f 1814 1847 1812
f 1538 1537 1830
f 1865 1859 1866
f 1866 1861 1867
f 1868 1862 1864
f 1868 1864 1869
f 1869 1864 1816
f 1844 1815 1843
f 1878 1877 1879
f 1838 1880 1881
f 1881 1882 1883
f 1886 1887 1888
f 1890 1891 1872
f 1892 1893 1894
f 1895 1871 1896
f 1896 1871 1870
f 1896 1870 1897
f 1897 1892 1805
f 1874 1895 1875
f 1875 1895 1896
f 1876 1896 1897
f 1877 1897 1805
f 1877 1805 1879
f 1879 1805 1804
f 1899 1878 1900
f 1901 1898 1902
f 1903 1899 1904
f 1904 1899 1900
f 1880 1901 1902
f 1885 1903 1904
f 1889 1802 1905
f 1818 1838 1819
f 1819 1838 1881
f 1906 1881 1883
f 1914 1884 1907
f 1908 1886 1909
f 1909 1886 1888
f 1839 1819 1912
f 1913 1907 1915
f 1916 1908 1909
f 1916 1909 1917
f 1801 1910 1911
f 1800 1918 1801
f 1917 1920 1916
f 1916 1921 1915
f 1915 1922 1913
f 1912 1840 1842
f 1912 1842 1839
f 1923 1830 1918
f 1919 1865 1866
f 1920 1866 1867
f 1922 1868 1869
f 1840 1845 1841
f 1924 1829 1925
f 1925 1829 1830
f 1926 1830 1923
f 1927 1928 1929
f 1930 1931 1932
f 1671 1670 1940
f 1673 1530 1941
f 1679 1678 1943
f 1943 1678 1677
f 1710 1643 1945
f 1945 1643 1642
f 1666 1665 1940
f 1946 1664 1662
f 1946 1662 1661
f 1947 220 219
f 46 1950 47
f 1952 1530 1532
f 1953 1533 1954
f 1954 1529 1951
f 1951 1529 1528
f 1951 1528 1526
f 1950 1949 1955
f 1959 1960 1961
f 1832 1831 1936
f 1939 1956 1935
f 1963 1962 1964
f 1938 1957 1958
f 1966 1963 1967
f 1967 1963 1964
f 1969 1965 1970
f 1970 1966 1971
f 1971 1966 1967
f 1971 1967 1972
f 1972 1967 1968
f 1973 1946 1945
f 1945 1946 1661
f 1945 1661 1710
f 1974 1971 1975
f 1975 1971 1972
f 1942 1670 1669
f 1981 1976 1982
f 1982 1976 1977
f 1982 1977 1983
f 1984 1973 1945
f 1988 1989 1990
f 1990 1989 1991
f 1992 1993 1994
f 1996 1978 1997
f 1997 1978 1979
f 1998 1979 1980
f 1999 1981 2000
f 2000 1981 1982
f 1674 1673 1944
f 1943 1941 2002
f 1943 2002 2003
f 2004 2005 1986
f 1986 2005 2006
f 1987 2006 2007
f 1987 2007 2008
f 2009 1985 2010
f 2012 2009 2010
f 2013 1934 1932
f 1932 1934 1933
f 1932 1933 1930
f 223 1947 1948
f 1989 2011 1991
f 1993 2013 1932
f 1995 2014 2015
f 1995 2015 2016
f 2017 1988 2018
f 2018 1988 1990
f 2020 1992 1994
f 2020 1994 2021
f 2021 1995 2022
f 2022 1995 2016
f 2022 2016 2023
f 2024 2017 2018
f 2025 2019 2026
f 2027 2020 2021
f 2028 2021 2022
f 2028 2022 1929
f 1929 2022 2023
f 1929 2023 1927
f 1962 2025 1964
f 1964 2025 2026
f 1977 2028 1929
f 1977 1929 1983
f 1983 1929 1928
f 1983 1928 2029
f 2001 2030 2031
f 2001 2031 2032
f 1936 1937 1832
f 1873 1997 1998
f 1873 1998 1874
f 1872 2001 2032
f 1872 2032 1890
f 2039 243 176
f 2064 36 30
f 2070 247 170
f 2072 2054 2055
f 2072 2055 2073
f 2073 2055 2056
f 2073 2056 2074
f 2074 2056 2057
f 2075 2057 2039
f 2075 2039 2076
f 2076 2039 2038
f 2077 2038 2062
f 2078 2062 2063
f 2079 2071 2080
f 2081 2070 2082
f 2083 2060 2084
f 2084 2060 2061
f 2085 2046 2086
f 2086 2046 2047
f 2087 2047 2048
f 2088 2048 2049
f 2088 2049 2089
f 2089 2049 2050
f 2090 2051 2091
f 2091 2051 2042
f 2091 2042 2092
f 2092 2042 2043
f 2093 2044 2094
f 2094 2044 2045
f 2095 2045 2041
f 2096 2041 2040
f 2097 2040 2058
f 2098 2059 2099
f 2099 2069 2100
f 2101 2064 2102
f 2102 2064 2065
f 2103 2066 2104
f 2104 2066 2067
f 2104 2067 2105
f 2106 2068 2037
f 2107 2052 2108
f 2108 2053 2109
f 2109 2033 2110
f 2110 2033 2034
f 2111 2035 2112
f 2112 2036 2113
f 2113 2036 2054
f 2113 2054 2072
f 2130 2149 2150
f 2126 2151 2152
f 2126 2152 2125
f 2125 2152 2153
f 2125 2153 2124
f 2124 2154 2123
f 2122 2155 2121
f 2121 2155 2156
f 2148 2157 2147
f 2147 2157 2158
f 2143 2159 2160
f 2142 2160 2161
f 2117 2161 2162
f 2117 2162 2118
f 2118 2162 2163
f 2129 2164 2165
f 2129 2165 2128
f 2128 2165 2166
f 2128 2166 2127
f 2127 2166 2167
f 2127 2167 2116
f 2116 2167 2168
f 2115 2169 2114
f 2114 2169 2170
f 2138 2170 2137
f 2136 2171 2135
f 2135 2172 2134
f 2134 2173 2133
f 2145 2174 2144
f 2146 2175 2141
f 2140 2176 2177
f 2139 2177 2178
f 2139 2178 2119
f 2119 2178 2179
f 2120 2180 2132
f 2132 2181 2131
f 2131 2181 2149
f 1776 2182 2183
f 1773 2183 2184
f 1772 2185 1771
f 1771 2185 2186
f 1771 2186 1770
f 1770 2186 2187
f 1770 2187 1769
f 1769 2187 2188
f 1769 2188 1768
f 1788 2189 2190
f 1787 2190 2191
f 1793 2192 1792
f 1794 2193 1779
f 1779 2193 2194
f 1779 2194 1780
f 1780 2195 1782
f 1782 2196 1781
f 1781 2197 1786
f 1786 2197 2198
f 1786 2198 1785
f 1784 2199 2200
f 1784 2200 1783
f 1783 2200 2201
f 1783 2201 1766
f 1766 2201 2202
f 1766 2202 1765
f 1764 2203 1763
f 1763 2203 2204
f 1767 2205 2206
f 1798 2207 1797
f 1797 2208 1796
f 1795 2209 2210
f 1799 2211 2212
f 1799 2212 1791
f 1791 2212 2213
f 1791 2213 1790
f 1789 2214 1774
f 1775 2215 2216
f 1778 2217 1777
f 1777 2217 2182
f 1777 2182 1776
f 2253 2233 2254
f 2254 2233 2234
f 2254 2234 2255
f 2255 2234 2235
f 2256 2235 2223
f 2257 2223 2222
f 2258 2222 2245
f 2259 2246 2260
f 2260 2246 2251
f 2261 2252 2262
f 2262 2250 2263
f 2264 2242 2265
f 2265 2242 2243
f 2266 2244 2267
f 2267 2226 2268
f 2268 2226 2227
f 2269 2228 2270
f 2270 2229 2271
f 2271 2229 2230
f 2271 2230 2272
f 2272 2230 2231
f 2272 2231 2273
f 2273 2236 2274
f 2232 2253 2275
f 2232 2275 2221
f 2221 2276 2220
f 2220 2276 2277
f 2219 2277 2278
f 2218 2278 2279
f 2240 2280 2281
f 2239 2282 2283
f 2239 2283 2247
f 2247 2283 2284
f 2248 2285 2249
f 2249 2285 2286
f 2241 2287 2288
f 2224 2289 2290
f 2225 2290 2291
f 2238 2291 2292
f 2237 2274 2236
f 1174 2294 1169
f 1169 2294 2295
f 1168 2295 2296
f 1167 2296 2297
f 1166 2297 2298
f 1165 2298 2299
f 1164 2300 2301
f 1164 2301 1186
f 1185 2302 1184
f 1184 2302 2303
f 1190 2304 2305
f 1190 2305 1192
f 1192 2305 2306
f 1191 2307 1177
f 1177 2307 2308
f 1177 2308 1178
f 1178 2309 1180
f 1180 2310 1179
f 1179 2310 2311
f 1183 2312 1182
f 1182 2312 2313
f 1182 2313 1181
f 1181 2313 2314
f 1181 2314 1162
f 1161 2315 1160
f 1160 2316 1171
f 1171 2316 2317
f 1171 2317 1170
f 1170 2317 2318
f 1170 2318 1163
f 1163 2318 2319
f 1196 2319 2320
f 1196 2320 1195
f 1195 2320 2321
f 1194 2322 1193
f 1193 2322 2323
f 1193 2323 1198
f 1198 2324 1197
f 1189 2325 1188
f 1187 2326 2327
f 1187 2327 1172
f 1172 2327 2328
f 1172 2328 1173
f 1173 2328 2329
f 1173 2329 1176
f 1176 2329 2330
f 1175 2293 1174
f 2364 2344 2365
f 2366 2345 2346
f 2366 2346 2367
f 2367 2346 2347
f 2367 2347 2368
f 2369 2351 2362
f 2370 2363 2371
f 2372 2358 2373
f 2373 2358 2359
f 2374 2336 2337
f 2375 2337 2338
f 2376 2338 2339
f 2377 2339 2340
f 2378 2340 2341
f 2379 2342 2380
f 2380 2342 2348
f 2380 2348 2381
f 2381 2349 2382
f 2382 2349 2350
f 2383 2335 2384
f 2384 2335 2357
f 2385 2360 2361
f 2386 2352 2387
f 2387 2353 2388
f 2388 2354 2389
f 2389 2354 2355
f 2389 2355 2390
f 2390 2356 2391
f 2391 2331 2392
f 2393 2332 2333
f 2394 2334 2395
f 2395 2343 2364
f 595 2396 2397
f 595 2397 594
f 599 2398 2399
f 598 2400 597
f 597 2400 2401
f 605 2401 2402
f 616 2403 618
f 618 2404 617
f 617 2405 607
f 606 2406 589
f 589 2406 2407
f 589 2407 590
f 590 2408 603
f 603 2409 602
f 602 2409 2410
f 601 2410 2411
f 600 2412 587
f 587 2413 586
f 586 2413 2414
f 586 2414 585
f 585 2414 2415
f 584 2415 2416
f 591 2416 2417
f 588 2418 2419
f 613 2420 612
f 609 2421 608
f 608 2421 2422
f 615 2422 2423
f 615 2423 614
f 614 2423 2424
f 614 2424 604
f 592 2425 593
f 593 2425 2426
f 593 2426 596
f 2504 2505 2506
f 2507 2508 2509
f 2510 2511 2512
f 2513 2514 2515
f 2485 2436 2519
f 2474 2473 2522
f 201 199 2523
f 512 2526 513
f 2527 516 515
f 337 2470 338
f 2532 50 49
f 2532 49 2524
f 2533 54 56
f 2533 56 2535
f 2535 56 57
f 2531 53 52
f 204 203 2523
f 2538 190 189
f 189 184 2538
f 2538 184 183
f 502 504 2470
f 2470 504 2530
f 2470 2530 2472
f 2472 2530 2473
f 2474 2522 2428
f 2452 2451 2514
f 2514 2451 2432
f 2514 2432 2515
f 2515 2430 2428
f 2455 2521 2456
f 2458 2457 2520
f 2542 2498 2497
f 2521 2452 2514
f 2520 2456 2521
f 2545 2543 2546
f 2436 2458 2519
f 2519 2458 2520
f 2547 2520 2544
f 2547 2544 2548
f 2548 2544 2545
f 2518 2485 2519
f 2518 2519 2551
f 2551 2519 2547
f 2551 2547 2552
f 2552 2547 2548
f 2552 2548 2553
f 2553 2548 2549
f 2538 2540 192
f 2538 192 190
f 2517 2486 2518
f 2517 2518 2557
f 2557 2518 2551
f 2563 2523 199
f 2563 199 198
f 2502 2501 2541
f 2564 2557 2565
f 2565 2557 2558
f 2565 2558 2566
f 2566 2558 2559
f 2567 2560 2568
f 2568 2560 2561
f 2569 2562 2570
f 2526 2556 2571
f 2572 2563 2573
f 2529 2528 2575
f 2575 2528 2576
f 2575 2576 2577
f 2579 2580 2581
f 2516 2503 2541
f 2584 2564 2585
f 2585 2564 2565
f 2585 2565 2586
f 2536 2534 2537
f 2537 2534 2588
f 2537 2588 2589
f 198 206 2563
f 2563 2537 2573
f 2573 2589 2590
f 2574 2591 2592
f 2574 2592 2593
f 2525 2526 2594
f 2594 2526 2571
f 2512 2574 2593
f 2512 2593 2510
f 515 2525 2527
f 2527 2525 2594
f 2598 2595 2599
f 2599 2596 2600
f 2600 2597 2601
f 2509 2512 2511
f 2509 2511 2507
f 510 2527 2528
f 2528 2598 2576
f 2576 2598 2599
f 2578 2599 2600
f 2580 2600 2601
f 2582 2508 2602
f 2530 2529 2604
f 2604 2529 2575
f 2605 2575 2577
f 2605 2577 2606
f 2607 2579 2581
f 2607 2581 2608
f 2610 2583 2603
f 2610 2603 2611
f 2473 2530 2522
f 2522 2530 2604
f 2522 2604 2612
f 2612 2605 2613
f 2613 2605 2606
f 2614 2607 2615
f 2615 2608 2616
f 2616 2609 2617
f 2617 2610 2506
f 2506 2611 2504
f 2428 2522 2515
f 2515 2522 2612
f 2515 2612 2513
f 2513 2612 2613
f 2543 2614 2546
f 2546 2614 2615
f 2550 2615 2616
f 2554 2616 2617
f 2562 2617 2506
f 2562 2506 2570
f 2570 2506 2505
f 2570 2505 2618
f 2497 2516 2542
f 2619 2584 2585
f 2619 2585 2620
f 2621 2587 2622
f 2628 2629 2630
f 2631 2632 2633
f 2467 2466 2640
f 2464 2462 2641
f 2442 2440 2642
f 336 335 2489
f 365 364 2493
f 2494 332 2489
f 2638 356 366
f 2636 611 2637
f 2637 610 330
f 234 233 2644
f 187 2539 236
f 236 2539 2644
f 2524 59 2645
f 2645 59 58
f 65 64 2643
f 2643 64 62
f 2499 2542 2646
f 2440 2484 2647
f 2647 2484 2483
f 2442 2642 2444
f 2648 2448 2446
f 2460 2459 2649
f 2649 2459 2449
f 2650 2475 2437
f 2480 2479 2651
f 2651 2479 2476
f 2639 2493 2492
f 330 329 2637
f 2651 2639 2491
f 2651 2491 2480
f 2653 2637 2654
f 2655 2651 2650
f 2650 2651 2476
f 2650 2476 2475
f 2643 234 2644
f 2657 2658 2659
f 2659 2660 2661
f 2641 2466 2464
f 2539 2555 2644
f 2644 2555 2652
f 2644 2652 2656
f 2658 2653 2654
f 2662 2655 2650
f 2640 2437 2467
f 2645 65 2643
f 2665 2657 2666
f 2666 2657 2659
f 2666 2659 2667
f 2667 2659 2661
f 2667 2661 2668
f 2668 2663 2669
f 2649 2641 2462
f 2649 2462 2460
f 2672 2671 2673
f 2647 2675 2676
f 2678 2677 2679
f 2680 2679 2681
f 2680 2681 2682
f 2682 2681 2683
f 2684 2683 2685
f 2625 2688 2624
f 2688 2691 2689
f 2689 2691 2692
f 2690 2692 2693
f 2635 2690 2694
f 2622 2623 2670
f 2670 2623 2695
f 2671 2635 2673
f 2673 2634 2696
f 2674 2697 2698
f 2674 2698 2699
f 2703 2674 2633
f 2633 2699 2631
f 2704 2700 2705
f 2705 2701 2706
f 2707 2702 2708
f 2709 2703 2633
f 2630 2632 2628
f 2542 2619 2646
f 2675 2704 2705
f 2677 2705 2706
f 2677 2706 2679
f 2679 2707 2681
f 2681 2707 2708
f 2681 2708 2683
f 2683 2709 2685
f 2687 2630 2629
f 2687 2629 2710
f 2642 2647 2676
f 2642 2676 2711
f 2712 2680 2713
f 2713 2680 2682
f 2714 2686 2715
f 2718 2642 2711
f 2719 2712 2713
f 2719 2713 2720
f 2721 2714 2715
f 2722 2716 2627
f 2627 2716 2717
f 2626 2723 2627
f 2627 2723 2724
f 2627 2724 2722
f 2720 2728 2719
f 2718 2648 2446
f 2718 2446 2444
f 2723 2664 2724
f 2725 2665 2666
f 2726 2666 2667
f 2727 2667 2668
f 2728 2668 2669
f 2648 2649 2449
f 2648 2449 2448
f 2532 2524 2729
f 2461 2730 2731
f 2461 2731 2450
f 2450 2731 2732
f 2447 2733 2734
f 2447 2734 2445
f 2445 2734 2735
f 2443 2735 2736
f 2441 2737 2439
f 2482 2738 2739
f 2496 2740 2495
f 2500 2741 2487
f 2487 2741 2742
f 2434 2743 2744
f 2434 2744 2435
f 2454 2745 2746
f 2730 2461 2463
f 2747 2463 2465
f 2747 2465 2748
f 2749 2438 2477
f 2750 2478 2481
f 2751 2488 2752
f 2753 2490 2754
f 2754 2490 2468
f 2755 2469 2756
f 2756 2469 2471
f 2756 2471 2757
f 2758 2427 2759
f 2759 2427 2429
f 2759 2429 2760
f 2760 2429 2431
f 2760 2431 2761
f 2761 2433 2762
f 2762 2433 2453
f 2762 2453 2746
f 2763 2764 2765
f 2767 2768 2766
f 2770 2769 2771
f 2772 2773 2774
f 2779 2780 2778
f 2777 2776 2780
f 2780 2776 2775
f 2780 2775 2781
f 2784 2785 2786
f 2787 2788 2789
f 2789 2786 2790
f 2789 2790 2787
f 2786 2791 2790
f 2790 2791 2782
f 2790 2782 2783
f 2792 2793 2794
f 2795 2797 2798
f 2796 2795 2799
f 2799 2795 2800
f 2795 2798 2800
f 2800 2798 2801
f 2802 2806 2809
f 2803 2802 2810
f 2810 2802 2811
f 2808 2812 2807
f 2806 2813 2809
f 2811 2809 2804
f 2811 2804 2805

