# https://github.com/mikedh/trimesh

o link_head_11.obj
v 0.00867700 -0.03067500 0.00300000
v 0.01104800 -0.03013800 0.00010000
v 0.01396600 -0.02920100 0.00300000
v 0.01194000 -0.02988500 0.00001400
v -0.02738700 0.00716700 0.00000000
v -0.02769700 0.00569800 0.00300000
v -0.02704500 0.00848700 0.00008300
v -0.02643900 0.01021300 0.00300000
v -0.02688700 0.00902800 0.00000000
v -0.02607800 0.00866088 0.00300000
v -0.02622300 0.01098700 0.00300000
v -0.02568075 0.01078750 0.00000000
v 0.02364900 -0.02261188 0.00000000
v 0.03318144 -0.00658788 0.00300000
v 0.02538100 -0.02154150 0.00300000
v 0.01200700 -0.02986500 0.00000000
v 0.01320125 -0.02906450 0.00000000
v 0.01014500 -0.03036600 0.00000000
v 0.00063775 -0.03030675 0.00300000
v -0.01949875 -0.02142875 0.00000000
v -0.01539062 -0.02489712 0.00300000
v -0.02408000 -0.01553300 0.00000000
v -0.02183150 -0.01875575 0.00300000
v -0.02520788 -0.00644037 0.00000000
v -0.02577575 -0.00938875 0.00300000
v -0.02281675 -0.00187837 0.00300000
v -0.01860519 0.01691581 0.00000000
v -0.00567500 0.02139950 0.00000000
v 0.00000000 0.01191300 0.00000000
v -0.00029200 0.03386000 0.00000000
v -0.01776850 0.01191300 0.00000000
v -0.01863100 -0.00498725 0.00000000
v -0.02053187 0.00836325 0.00000000
v -0.02431100 0.00882900 0.00200000
v -0.02600700 0.01013200 0.00000000
v -0.02098450 -0.00143887 0.00000000
v -0.02735900 0.00656900 0.00000000
v -0.02328900 0.00496300 0.00200000
v -0.02138300 0.00343300 0.00000000
v -0.01690600 -0.01942000 0.00000000
v 0.01282613 -0.01967212 0.00000000
v 0.00732200 -0.02319800 0.00000000
v 0.00813600 -0.02989700 0.00000000
v 0.01004100 -0.03036700 0.00000000
v 0.01341600 -0.02859600 0.00000000
v 0.01776850 -0.01942000 0.00000000
v 0.01863100 -0.00257850 0.00000000
v 0.02801187 -0.00615287 0.00000000
v 0.02871712 0.00119775 0.00000000
v 0.02970600 -0.00103800 0.00000000
v 0.02994200 0.00091000 0.00000000
v 0.03683800 -0.00327100 0.00000000
v 0.03189900 0.02764800 0.00000000
v 0.03226800 0.02691000 0.00000000
v 0.03062600 0.02892100 0.00000000
v 0.02745300 0.02943700 0.00000000
v 0.03449675 0.02014175 0.00000000
v 0.04561700 0.01294400 0.00000000
v 0.03089256 0.01999681 0.00000000
v 0.01776850 0.01191300 0.00000000
v 0.01676900 0.04252000 0.00000000
v 0.00910025 0.03327863 0.00000000
v 0.01387512 0.01711406 0.00000000
v 0.00341500 0.03477800 0.00000000
v 0.00128200 0.03473200 0.00000000
v 0.00148150 0.02693250 0.00000000
v 0.00052900 0.02716700 0.00000000
v 0.00243400 0.02669800 0.00000000
v -0.01646500 -0.01469600 0.00000000
v -0.01239650 -0.01930625 0.00000000
v -0.01720150 -0.01006500 0.00000000
v -0.01339537 0.00922956 0.00000000
v 0.01601294 0.00903775 0.00000000
v 0.00901900 -0.02450100 0.00200000
v 0.00906000 -0.02228600 0.00000000
v 0.01675950 -0.01298000 0.00000000
v -0.01586819 -0.01460450 0.00300000
v -0.01173700 -0.01780350 0.00300000
v -0.01409075 0.01568800 0.00300000
v 0.01558700 0.01365150 0.00300000
v 0.01490350 0.01679056 0.00300000
v 0.01249900 0.01330000 0.00300000
v -0.00178988 -0.02083313 0.00300000
v 0.01721075 0.00839500 0.00300000
v 0.01726175 -0.00730000 0.00300000
v 0.01478200 -0.01560656 0.00300000
v -0.01942700 -0.00841137 0.00300000
v -0.01823838 0.00216450 0.00300000
v 0.00395469 0.01119000 0.00300000
v 0.02280719 -0.00456681 0.00300000
v -0.02016750 -0.00388200 0.00300000
v -0.00550800 0.03096900 0.00300000
v 0.00418225 0.03197400 0.00300000
v -0.00028300 0.03386500 0.00000200
v -0.01999650 0.02020125 0.00300000
v 0.01503550 0.04223038 0.00300000
v 0.03986900 0.01967800 0.00300000
v 0.01805950 0.04148750 0.00300000
v 0.02566700 0.03388000 0.00300000
v 0.03109200 0.02845500 0.00009300
v 0.03126250 0.02828450 0.00300000
v 0.04532000 0.01287300 0.00300000
v 0.03708400 -0.00282700 0.00008100
v 0.03051900 0.02520300 0.00200000
v 0.03048900 0.02545000 0.00200000
v 0.03039800 0.02620000 0.00200000
v 0.03020800 0.02647500 0.00200000
v 0.02982700 0.02702800 0.00200000
v 0.02945700 0.02722200 0.00200000
v 0.02893700 0.02749500 0.00200000
v 0.02843400 0.02755600 0.00200000
v 0.02793200 0.02749500 0.00200000
v 0.02635000 0.02520300 0.00200000
v 0.02670600 0.02426300 0.00200000
v 0.02664700 0.02441800 0.00200000
v 0.02739700 0.02365100 0.00200000
v 0.02745800 0.02359600 0.00200000
v 0.02941000 0.02359600 0.00200000
v 0.03481400 -0.00234900 0.00200000
v 0.03550400 -0.00173700 0.00200000
v 0.03586100 -0.00079700 0.00200000
v 0.03583100 -0.00055000 0.00200000
v 0.03573900 0.00020100 0.00200000
v 0.03555000 0.00047500 0.00200000
v 0.03516900 0.00102800 0.00200000
v 0.03427900 0.00149500 0.00200000
v 0.03238300 0.00102800 0.00200000
v 0.03200200 0.00047500 0.00200000
v 0.03181200 0.00020100 0.00200000
v 0.03172100 -0.00055000 0.00200000
v 0.03169100 -0.00079700 0.00200000
v 0.03198900 -0.00158200 0.00200000
v 0.03204800 -0.00173700 0.00200000
v 0.03273800 -0.00234900 0.00200000
v 0.03280000 -0.00240400 0.00200000
v 0.01004100 -0.02836700 0.00200000
v 0.01101700 -0.02812600 0.00200000
v 0.01107900 -0.02807200 0.00200000
v 0.01177000 -0.02746000 0.00200000
v 0.01182800 -0.02730500 0.00200000
v 0.01212600 -0.02652000 0.00200000
v 0.01054400 -0.02422800 0.00200000
v 0.01004100 -0.02416700 0.00200000
v 0.00953900 -0.02422800 0.00200000
v 0.00864900 -0.02469500 0.00200000
v 0.00906500 -0.02812600 0.00200000
v -0.02225100 0.00525800 0.00200000
v -0.02156000 0.00587000 0.00200000
v -0.02120400 0.00681000 0.00200000
v -0.02123400 0.00705700 0.00200000
v -0.02132500 0.00780800 0.00200000
v -0.02379100 0.00910200 0.00200000
v -0.02468100 0.00863500 0.00200000
v -0.02506300 0.00808200 0.00200000
v -0.02525200 0.00780800 0.00200000
v -0.02534300 0.00705700 0.00200000
v -0.02537300 0.00681000 0.00200000
v -0.02501700 0.00587000 0.00200000
v -0.02231300 0.00520300 0.00200000
v 0.00141200 0.03256400 0.00200000
v 0.00104200 0.03236900 0.00200000
v 0.00416200 0.02960500 0.00200000
v 0.00382700 0.03236900 0.00200000
v 0.00193200 0.03283700 0.00200000
v 0.00243400 0.03289800 0.00200000
v 0.00293700 0.03283700 0.00200000
v 0.00047100 0.03154200 0.00200000
v 0.00070600 0.02960500 0.00200000
v 0.00145800 0.02893800 0.00200000
v 0.03482600 -0.00236300 0.00300000
v 0.02775569 0.00858075 0.00300000
v 0.01365787 0.02812700 0.00300000
v -0.02059400 0.00673600 0.00300000
v 0.01863100 -0.00528425 0.00300000
v -0.01351025 -0.02102100 0.00300000
v 0.01824750 -0.01942000 0.00300000
v 0.02243725 0.01191300 0.00300000
v 0.00036500 0.01191300 0.00300000
v -0.01875000 0.01191300 0.00300000
v -0.02059400 -0.00978500 0.00300000
v 0.01824750 0.02055900 0.00300000
v -0.01690600 0.02055900 0.00300000
v 0.00033400 0.03079800 0.00300000
v 0.00061600 0.02974800 0.00300000
v -0.00257150 0.02434300 0.00300000
v 0.00138400 0.02897900 0.00300000
v 0.00061600 0.03184800 0.00300000
v 0.00348400 0.03261600 0.00300000
v 0.00243400 0.02869800 0.00300000
v 0.00348400 0.02897900 0.00300000
v 0.00049700 0.03023337 0.00300000
v 0.00425300 0.03184800 0.00300000
v 0.00425300 0.02974800 0.00300000
v 0.03110500 0.02812700 0.00300000
v 0.03110500 0.02055900 0.00300000
v 0.03377600 0.00155600 0.00300000
v 0.03650700 0.00219331 0.00300000
v 0.03272600 -0.00236300 0.00300000
v 0.03195700 -0.00159400 0.00300000
v 0.03167600 -0.00054400 0.00300000
v 0.03195700 0.00050600 0.00300000
v 0.03482600 0.00127400 0.00300000
v 0.03559500 0.00050600 0.00300000
v 0.03587600 -0.00054400 0.00300000
v 0.03559500 -0.00159400 0.00300000
v 0.02838600 -0.00730550 0.00300000
v 0.01532262 -0.02619787 0.00300000
v 0.01648850 -0.02262200 0.00300000
v 0.01214100 -0.02626700 0.00300000
v 0.01186000 -0.02731700 0.00300000
v 0.01109100 -0.02808600 0.00300000
v 0.01004100 -0.02836700 0.00300000
v 0.00899100 -0.02808600 0.00300000
v 0.00932400 -0.02554975 0.00300000
v 0.00899100 -0.02444800 0.00300000
v 0.01004100 -0.02416700 0.00300000
v 0.01109100 -0.02444800 0.00300000
v -0.02118900 0.00706300 0.00300000
v -0.02147000 0.00601300 0.00300000
v -0.02147000 0.00811300 0.00300000
v -0.02328900 0.00916300 0.00300000
v -0.02510700 0.00601300 0.00300000
v -0.02538900 0.00706300 0.00300000
v -0.02510700 0.00811300 0.00300000
v -0.02338975 0.00626719 0.00300000
v -0.02433900 0.00888200 0.00300000
v -0.02223900 0.00524400 0.00300000
v -0.02433900 0.00524400 0.00300000
v 0.02738400 0.02363700 0.00300000
v 0.02843400 0.02335600 0.00300000
v 0.02948400 0.02363700 0.00300000
v 0.02661600 0.02440600 0.00300000
v 0.02633400 0.02545600 0.00300000
v 0.02888875 0.02715250 0.00300000
v 0.02738400 0.02727400 0.00300000
v 0.02843400 0.02755600 0.00300000
v 0.02948400 0.02727400 0.00300000
v 0.03025300 0.02650600 0.00300000
v 0.03053400 0.02545600 0.00300000
v 0.02753781 0.02455944 0.00300000
v 0.03025300 0.02440600 0.00300000
v -0.02487800 -0.00527900 0.00180000
v -0.02447100 -0.00604600 0.00180000
v -0.02302100 -0.00695200 0.00180000
v -0.02064300 -0.00618100 0.00180000
v -0.02018200 -0.00544500 0.00180000
v -0.02000200 -0.00459600 0.00180000
v -0.02012200 -0.00373600 0.00180000
v -0.02052900 -0.00296900 0.00180000
v -0.02117400 -0.00238800 0.00180000
v -0.02197900 -0.00206200 0.00180000
v -0.02111500 -0.00628100 0.00167500
v -0.02082800 -0.00601300 0.00167500
v -0.02059200 -0.00570000 0.00167500
v -0.02041400 -0.00535100 0.00167500
v -0.02144400 -0.00649400 0.00167500
v -0.02257900 -0.00675600 0.00167500
v -0.02369300 -0.00641500 0.00167500
v -0.02334400 -0.00659300 0.00167500
v -0.02472800 -0.00482000 0.00167500
v -0.02464000 -0.00520200 0.00167500
v -0.02448700 -0.00556300 0.00167500
v -0.02400600 -0.00617900 0.00167500
v -0.02470100 -0.00403900 0.00167500
v -0.02458600 -0.00366400 0.00167500
v -0.02355600 -0.00252000 0.00167500
v -0.02130700 -0.00260000 0.00167500
v -0.02165600 -0.00242100 0.00167500
v -0.02072600 -0.00312300 0.00167500
v -0.02051300 -0.00345200 0.00167500
v -0.02036000 -0.00381300 0.00167500
v -0.02025100 -0.00458700 0.00167500
v -0.02027200 -0.00419500 0.00167500
v -0.02043000 -0.00534500 0.00161200
v -0.02060700 -0.00569100 0.00161200
v -0.02084100 -0.00600200 0.00161200
v -0.02218800 -0.00673600 0.00167500
v -0.02257900 -0.00673900 0.00161200
v -0.02296500 -0.00669200 0.00161200
v -0.02333700 -0.00657800 0.00161200
v -0.02368400 -0.00640100 0.00161200
v -0.02399500 -0.00616600 0.00161200
v -0.02447200 -0.00555500 0.00161200
v -0.02462400 -0.00519700 0.00161200
v -0.02471200 -0.00481700 0.00161200
v -0.02473200 -0.00442800 0.00161200
v -0.02468400 -0.00404200 0.00161200
v -0.02457000 -0.00367000 0.00161200
v -0.02354800 -0.00253500 0.00161200
v -0.02318900 -0.00238300 0.00161200
v -0.02203500 -0.00232300 0.00161200
v -0.02166300 -0.00243700 0.00161200
v -0.02100500 -0.00284800 0.00161200
v -0.02074000 -0.00313300 0.00161200
v -0.02052800 -0.00346000 0.00161200
v -0.02037600 -0.00381800 0.00161200
v -0.02028800 -0.00419700 0.00161200
v -0.02026800 -0.00458600 0.00161200
v -0.02031600 -0.00497200 0.00161200
v -0.02041400 -0.00535100 0.00155000
v -0.02059200 -0.00570000 0.00155000
v -0.02082800 -0.00601300 0.00155000
v -0.02111500 -0.00628100 0.00155000
v -0.02296900 -0.00670800 0.00155000
v -0.02334400 -0.00659300 0.00155000
v -0.02369300 -0.00641500 0.00155000
v -0.02400600 -0.00617900 0.00155000
v -0.02426000 -0.00588100 0.00161200
v -0.02448700 -0.00556300 0.00155000
v -0.02464000 -0.00520200 0.00155000
v -0.02472800 -0.00482000 0.00155000
v -0.02474900 -0.00442800 0.00155000
v -0.02470100 -0.00403900 0.00155000
v -0.02388500 -0.00273400 0.00155000
v -0.02355600 -0.00252000 0.00155000
v -0.02319400 -0.00236700 0.00155000
v -0.02203100 -0.00230700 0.00155000
v -0.02165600 -0.00242100 0.00155000
v -0.02099400 -0.00283600 0.00155000
v -0.02072600 -0.00312300 0.00155000
v -0.02051300 -0.00345200 0.00155000
v -0.02036000 -0.00381300 0.00155000
v -0.02027200 -0.00419500 0.00155000
v -0.02025100 -0.00458700 0.00155000
v -0.02029900 -0.00497600 0.00155000
v -0.02499800 -0.00441900 0.00142500
v -0.02382600 -0.00662700 0.00142500
v -0.02447100 -0.00604600 0.00142500
v -0.02302100 -0.00695200 0.00142500
v -0.02018200 -0.00544500 0.00142500
v -0.02012200 -0.00373600 0.00142500
v -0.02052900 -0.00296900 0.00142500
v -0.02284700 -0.00203100 0.00142500
v -0.02367300 -0.00229900 0.00142500
v -0.02435700 -0.00283400 0.00142500
v -0.02267850 -0.00679712 0.00000000
v -0.02291681 -0.00312106 0.00000000
v -0.02033500 -0.00254000 0.00000000
v -0.02140300 -0.00179600 0.00000000
v -0.02441900 -0.00669050 0.00000000
v -0.02333300 -0.00170300 0.00000000
v -0.02268800 -0.00158800 0.00000000
v -0.02203400 -0.00162000 0.00000000
v -0.01995200 -0.00307100 0.00000000
v -0.01965400 -0.00432350 0.00000000
v -0.02526100 -0.00516600 0.00000000
v -0.02551300 -0.00328900 0.00032500
v -0.02549000 -0.00329800 0.00020100
v -0.02568400 -0.00399400 0.00020100
v -0.02542500 -0.00332400 0.00009500
v -0.02561500 -0.00400500 0.00009500
v -0.02532700 -0.00336400 0.00002500
v -0.02521200 -0.00341000 0.00000000
v -0.02515600 -0.00600500 0.00002500
v -0.02475700 -0.00655800 0.00002500
v -0.02424400 -0.00700900 0.00002500
v -0.02364300 -0.00733400 0.00002500
v -0.02524800 -0.00605600 0.00009500
v -0.02483500 -0.00662900 0.00009500
v -0.02430400 -0.00709500 0.00009500
v -0.02368300 -0.00743200 0.00009500
v -0.02300200 -0.00762200 0.00009500
v -0.02488700 -0.00667600 0.00020100
v -0.02434400 -0.00715300 0.00020100
v -0.02370900 -0.00749700 0.00020100
v -0.02301400 -0.00769100 0.00020100
v -0.02033100 -0.00689400 0.00020100
v -0.01985400 -0.00635200 0.00020100
v -0.02570800 -0.00399000 0.00032500
v -0.02574300 -0.00471700 0.00032500
v -0.02561500 -0.00543300 0.00032500
v -0.02533100 -0.00610300 0.00032500
v -0.02490500 -0.00669300 0.00032500
v -0.02435900 -0.00717300 0.00032500
v -0.02371900 -0.00752000 0.00032500
v -0.02301800 -0.00771600 0.00032500
v -0.02229100 -0.00775100 0.00032500
v -0.02031400 -0.00691200 0.00032500
v -0.01983400 -0.00636600 0.00032500
v -0.02393600 -0.00195900 0.00065000
v -0.02532700 -0.00336400 0.00062500
v -0.02551000 -0.00402200 0.00062500
v -0.02542500 -0.00332400 0.00055500
v -0.02561500 -0.00400500 0.00055500
v -0.02568400 -0.00399400 0.00044900
v -0.02571900 -0.00471500 0.00044900
v -0.02559200 -0.00542600 0.00044900
v -0.02531000 -0.00609100 0.00044900
v -0.02488700 -0.00667600 0.00044900
v -0.02434400 -0.00715300 0.00044900
v -0.02370900 -0.00749700 0.00044900
v -0.02301400 -0.00769100 0.00044900
v -0.02229200 -0.00772600 0.00044900
v -0.01951000 -0.00571700 0.00044900
v -0.02552400 -0.00540600 0.00055500
v -0.02483500 -0.00662900 0.00055500
v -0.02430400 -0.00709500 0.00055500
v -0.02368300 -0.00743200 0.00055500
v -0.01957500 -0.00569000 0.00055500
v -0.02554300 -0.00470400 0.00062500
v -0.02542300 -0.00537600 0.00062500
v -0.02475700 -0.00655800 0.00062500
v -0.02424400 -0.00700900 0.00062500
v -0.02500200 -0.00276300 0.00002500
v -0.02131700 -0.00158300 0.00009500
v -0.02339900 -0.00148300 0.00009500
v -0.02404900 -0.00175900 0.00009500
v -0.01928100 -0.00430000 0.00020100
v -0.01940800 -0.00358900 0.00020100
v -0.02065600 -0.00186100 0.00020100
v -0.02129100 -0.00151700 0.00020100
v -0.02198600 -0.00132300 0.00020100
v -0.02341900 -0.00141600 0.00020100
v -0.02408400 -0.00169800 0.00020100
v -0.02466900 -0.00212000 0.00020100
v -0.02514600 -0.00266300 0.00020100
v -0.01925700 -0.00429800 0.00032500
v -0.01938500 -0.00358200 0.00032500
v -0.01966900 -0.00291200 0.00032500
v -0.02009500 -0.00232200 0.00032500
v -0.02064100 -0.00184100 0.00032500
v -0.02128100 -0.00149400 0.00032500
v -0.02198200 -0.00129900 0.00032500
v -0.02342600 -0.00139200 0.00032500
v -0.02409600 -0.00167600 0.00032500
v -0.02468600 -0.00210200 0.00032500
v -0.02516600 -0.00264900 0.00032500
v -0.01938500 -0.00501000 0.00055500
v -0.01931600 -0.00502100 0.00044900
v -0.01969000 -0.00292400 0.00044900
v -0.02011300 -0.00233800 0.00044900
v -0.02065600 -0.00186100 0.00044900
v -0.02341900 -0.00141600 0.00044900
v -0.02408400 -0.00169800 0.00044900
v -0.01975200 -0.00295800 0.00055500
v -0.02016500 -0.00238600 0.00055500
v -0.02069600 -0.00191900 0.00055500
v -0.02339900 -0.00148300 0.00055500
v -0.02404900 -0.00175900 0.00055500
v -0.02399700 -0.00185100 0.00062500
v -0.02455100 -0.00225100 0.00062500
v 0.02018200 -0.00357000 0.00180000
v 0.02012200 -0.00527900 0.00180000
v 0.02052900 -0.00604600 0.00180000
v 0.02117400 -0.00662700 0.00180000
v 0.02284700 -0.00698300 0.00180000
v 0.02367300 -0.00671500 0.00180000
v 0.02487800 -0.00373600 0.00180000
v 0.02447100 -0.00296900 0.00180000
v 0.02215300 -0.00203100 0.00180000
v 0.02132700 -0.00229900 0.00180000
v 0.02064300 -0.00283400 0.00180000
v 0.02355600 -0.00649400 0.00167500
v 0.02319400 -0.00664700 0.00167500
v 0.02281200 -0.00673600 0.00167500
v 0.02130700 -0.00641500 0.00167500
v 0.02027200 -0.00482000 0.00167500
v 0.02036000 -0.00520200 0.00167500
v 0.02051300 -0.00556300 0.00167500
v 0.02072600 -0.00589200 0.00167500
v 0.02099400 -0.00617900 0.00167500
v 0.02025100 -0.00442800 0.00167500
v 0.02029900 -0.00403900 0.00167500
v 0.02041400 -0.00366400 0.00167500
v 0.02059200 -0.00331400 0.00167500
v 0.02082800 -0.00300100 0.00167500
v 0.02111500 -0.00273400 0.00167500
v 0.02144400 -0.00252000 0.00167500
v 0.02180600 -0.00236700 0.00167500
v 0.02218800 -0.00227900 0.00167500
v 0.02369300 -0.00260000 0.00167500
v 0.02427400 -0.00312300 0.00167500
v 0.02448700 -0.00345200 0.00167500
v 0.02464000 -0.00381300 0.00167500
v 0.02388500 -0.00628100 0.00167500
v 0.02387400 -0.00626800 0.00161200
v 0.02354800 -0.00648000 0.00161200
v 0.02318900 -0.00663100 0.00161200
v 0.02281000 -0.00671900 0.00161200
v 0.02242100 -0.00673900 0.00161200
v 0.02203500 -0.00669200 0.00161200
v 0.02165600 -0.00659300 0.00167500
v 0.02131600 -0.00640100 0.00161200
v 0.02052800 -0.00555500 0.00161200
v 0.02037600 -0.00519700 0.00161200
v 0.02028800 -0.00481700 0.00161200
v 0.02026800 -0.00442800 0.00161200
v 0.02031600 -0.00404200 0.00161200
v 0.02043000 -0.00367000 0.00161200
v 0.02084100 -0.00301200 0.00161200
v 0.02112600 -0.00274700 0.00161200
v 0.02145200 -0.00253500 0.00161200
v 0.02181100 -0.00238300 0.00161200
v 0.02219000 -0.00229600 0.00161200
v 0.02368400 -0.00261400 0.00161200
v 0.02399500 -0.00284800 0.00161200
v 0.02400600 -0.00283600 0.00167500
v 0.02426000 -0.00313300 0.00161200
v 0.02447200 -0.00346000 0.00161200
v 0.02462400 -0.00381800 0.00161200
v 0.02473200 -0.00458600 0.00161200
v 0.02468400 -0.00497200 0.00161200
v 0.02458600 -0.00535100 0.00155000
v 0.02440800 -0.00570000 0.00155000
v 0.02417100 -0.00601300 0.00155000
v 0.02388500 -0.00628100 0.00155000
v 0.02355600 -0.00649400 0.00155000
v 0.02319400 -0.00664700 0.00155000
v 0.02203100 -0.00670800 0.00155000
v 0.02051300 -0.00556300 0.00155000
v 0.02036000 -0.00520200 0.00155000
v 0.02025100 -0.00442800 0.00155000
v 0.02029900 -0.00403900 0.00155000
v 0.02059200 -0.00331400 0.00155000
v 0.02082800 -0.00300100 0.00155000
v 0.02144400 -0.00252000 0.00155000
v 0.02180600 -0.00236700 0.00155000
v 0.02296900 -0.00230700 0.00155000
v 0.02369300 -0.00260000 0.00155000
v 0.02427400 -0.00312300 0.00155000
v 0.02448700 -0.00345200 0.00155000
v 0.02472800 -0.00419500 0.00155000
v 0.02474900 -0.00458700 0.00155000
v 0.02470100 -0.00497600 0.00155000
v 0.02367300 -0.00671500 0.00142500
v 0.02435700 -0.00618100 0.00142500
v 0.02481800 -0.00544500 0.00142500
v 0.02499800 -0.00459600 0.00142500
v 0.02487800 -0.00373600 0.00142500
v 0.02447100 -0.00296900 0.00142500
v 0.02382600 -0.00238800 0.00142500
v 0.02302100 -0.00206200 0.00142500
v 0.02132700 -0.00229900 0.00142500
v 0.02064300 -0.00283400 0.00142500
v 0.02457306 -0.00572444 0.00000000
v 0.02203400 -0.00739500 0.00000000
v 0.02058100 -0.00669050 0.00000000
v 0.01969600 -0.00534000 0.00000000
v 0.02230606 -0.00247550 0.00000000
v 0.02393600 -0.00705500 0.00000000
v 0.02333300 -0.00731100 0.00000000
v 0.02466500 -0.00254000 0.00000000
v 0.02140300 -0.00721900 0.00000000
v 0.01958100 -0.00469600 0.00000000
v 0.01961200 -0.00404100 0.00000000
v 0.01951000 -0.00329800 0.00020100
v 0.01931600 -0.00399400 0.00020100
v 0.01957500 -0.00332400 0.00009500
v 0.01938500 -0.00400500 0.00009500
v 0.01967300 -0.00336400 0.00002500
v 0.01978800 -0.00341000 0.00000000
v 0.01984300 -0.00600500 0.00002500
v 0.02075600 -0.00700900 0.00002500
v 0.02455100 -0.00676400 0.00002500
v 0.02500200 -0.00625100 0.00002500
v 0.02532700 -0.00565100 0.00002500
v 0.01935200 -0.00471000 0.00009500
v 0.01947600 -0.00540600 0.00009500
v 0.01975200 -0.00605600 0.00009500
v 0.02016500 -0.00662900 0.00009500
v 0.02069600 -0.00709500 0.00009500
v 0.02404900 -0.00725600 0.00009500
v 0.02462200 -0.00684200 0.00009500
v 0.02508800 -0.00631100 0.00009500
v 0.02542500 -0.00569000 0.00009500
v 0.01928100 -0.00471500 0.00020100
v 0.01940800 -0.00542600 0.00020100
v 0.01969000 -0.00609100 0.00020100
v 0.02011300 -0.00667600 0.00020100
v 0.02065600 -0.00715300 0.00020100
v 0.02341900 -0.00759900 0.00020100
v 0.02408400 -0.00731700 0.00020100
v 0.02466900 -0.00689400 0.00020100
v 0.02514600 -0.00635200 0.00020100
v 0.02549000 -0.00571700 0.00020100
v 0.01929100 -0.00399000 0.00032500
v 0.01925700 -0.00471700 0.00032500
v 0.01938500 -0.00543300 0.00032500
v 0.01966900 -0.00610300 0.00032500
v 0.02009500 -0.00669300 0.00032500
v 0.02064100 -0.00717300 0.00032500
v 0.02342600 -0.00762300 0.00032500
v 0.02409600 -0.00733900 0.00032500
v 0.02468600 -0.00691200 0.00032500
v 0.02516600 -0.00636600 0.00032500
v 0.02551300 -0.00572600 0.00032500
v 0.02521200 -0.00560400 0.00065000
v 0.02538800 -0.00497300 0.00065000
v 0.01957500 -0.00332400 0.00055500
v 0.01951000 -0.00329800 0.00044900
v 0.01931600 -0.00399400 0.00044900
v 0.01928100 -0.00471500 0.00044900
v 0.01969000 -0.00609100 0.00044900
v 0.02011300 -0.00667600 0.00044900
v 0.02270800 -0.00772600 0.00044900
v 0.02341900 -0.00759900 0.00044900
v 0.02408400 -0.00731700 0.00044900
v 0.02466900 -0.00689400 0.00044900
v 0.02514600 -0.00635200 0.00044900
v 0.02549000 -0.00571700 0.00044900
v 0.02404900 -0.00725600 0.00055500
v 0.02462200 -0.00684200 0.00055500
v 0.02542500 -0.00569000 0.00055500
v 0.02399700 -0.00716400 0.00062500
v 0.02455100 -0.00676400 0.00062500
v 0.02568400 -0.00502100 0.00020100
v 0.02551000 -0.00499300 0.00002500
v 0.02538800 -0.00497300 0.00000000
v 0.02541900 -0.00431900 0.00000000
v 0.02554300 -0.00431100 0.00002500
v 0.02515600 -0.00301000 0.00002500
v 0.02475700 -0.00245600 0.00002500
v 0.02424400 -0.00200600 0.00002500
v 0.01999800 -0.00276300 0.00002500
v 0.02552400 -0.00360900 0.00009500
v 0.02524800 -0.00295800 0.00009500
v 0.02483500 -0.00238600 0.00009500
v 0.02430400 -0.00191900 0.00009500
v 0.02368300 -0.00158300 0.00009500
v 0.02037800 -0.00217200 0.00009500
v 0.01991200 -0.00270300 0.00009500
v 0.02571900 -0.00430000 0.00020100
v 0.02531000 -0.00292400 0.00020100
v 0.02488700 -0.00233800 0.00020100
v 0.02434400 -0.00186100 0.00020100
v 0.02370900 -0.00151700 0.00020100
v 0.02033100 -0.00212000 0.00020100
v 0.01985400 -0.00266300 0.00020100
v 0.02570800 -0.00502500 0.00032500
v 0.02574300 -0.00429800 0.00032500
v 0.02533100 -0.00291200 0.00032500
v 0.02490500 -0.00232200 0.00032500
v 0.02435900 -0.00184100 0.00032500
v 0.02551000 -0.00499300 0.00062500
v 0.02561500 -0.00501000 0.00055500
v 0.02568400 -0.00502100 0.00044900
v 0.02571900 -0.00430000 0.00044900
v 0.02531000 -0.00292400 0.00044900
v 0.02488700 -0.00233800 0.00044900
v 0.02434400 -0.00186100 0.00044900
v 0.02033100 -0.00212000 0.00044900
v 0.01985400 -0.00266300 0.00044900
v 0.02564800 -0.00430400 0.00055500
v 0.02524800 -0.00295800 0.00055500
v 0.02483500 -0.00238600 0.00055500
v 0.02095100 -0.00175900 0.00055500
v 0.02037800 -0.00217200 0.00055500
v 0.01991200 -0.00270300 0.00055500
v 0.02100300 -0.00185100 0.00062500
v 0.02044900 -0.00225100 0.00062500
v 0.05146300 0.01560000 0.00211400
v 0.05176500 0.01672500 0.00211400
v 0.05258800 0.01754900 0.00211400
v 0.05566200 0.01672500 0.00211400
v 0.05596300 0.01560000 0.00211400
v 0.05566200 0.01447500 0.00211400
v 0.12095475 0.07961988 -0.00033600
v 0.15280888 0.07812837 -0.00033600
v 0.13383613 0.05909963 -0.00033600
v -0.02020337 0.05541613 0.00266400
v -0.02326700 0.07820300 0.00266400
v -0.03061800 0.07822300 0.00266400
v -0.02136000 0.08965500 0.00266400
v -0.02331300 0.08850500 0.00266400
v -0.01903950 0.08295400 0.00266400
v -0.02102525 0.06961475 0.00266400
v -0.02535137 0.08377131 0.00266400
v -0.02125675 0.08420600 0.00266400
v -0.00332662 0.06497525 0.00116400
v -0.02599469 0.03734606 0.00116400
v 0.02379563 0.04607438 0.00416400
v 0.02428500 0.04986400 0.00416400
v 0.02385350 0.05017000 0.00416400
v -0.01802200 0.09094800 0.00816400
v -0.03027800 0.07935100 0.00816400
v -0.03122200 0.07360000 0.00816400
v 0.01606600 0.09360000 0.00816400
v 0.11769638 0.09360000 0.00816400
v 0.06199200 0.09360000 0.00816400
v 0.10536650 0.07359700 -0.00033600
v -0.00568975 0.09105625 -0.00033600
v -0.00615100 0.08970000 -0.00033600
v 0.00426300 0.09050500 -0.00033600
v 0.11210500 0.08955900 -0.00033600
v 0.11116000 0.09050500 -0.00033600
v 0.11647050 0.09050500 -0.00033600
v 0.15275000 0.07229850 -0.00033600
v 0.05778400 0.01795000 -0.00033600
v 0.06089450 0.01688100 -0.00033600
v 0.05841300 0.01560000 -0.00033600
v 0.05819300 0.01417800 -0.00033600
v 0.10149788 0.05379262 -0.00033600
v 0.05136300 0.01967000 -0.00033600
v 0.04901300 0.01560000 -0.00033600
v 0.04536625 0.01726738 -0.00033600
v 0.04964300 0.01795000 -0.00033600
v 0.04938900 0.00547500 -0.00033600
v 0.04231000 0.00547500 -0.00033600
v 0.04228400 0.00552250 -0.00033600
v 0.04783300 0.01200987 -0.00033600
v 0.04596700 0.01396400 -0.00033600
v 0.07273669 0.02546888 -0.00033600
v 0.07007500 0.02241800 -0.00033600
v 0.11647050 0.04350300 -0.00033600
v 0.13923300 0.05363900 -0.00033600
v 0.15165600 0.06296000 -0.00033600
v 0.15006900 0.06887050 -0.00033600
v 0.15381987 0.06951388 -0.00033600
v 0.13943925 0.08867700 -0.00033600
v 0.14838200 0.08728400 -0.00033600
v 0.12069175 0.09260000 -0.00033600
v 0.14354800 0.09062700 -0.00033600
v 0.13860600 0.09199525 -0.00033600
v 0.13793800 0.09237700 -0.00033600
v 0.14081000 0.09171500 -0.00033600
v -0.00787200 0.09142000 -0.00033600
v -0.01022200 0.09205000 -0.00033600
v -0.01637800 0.09050500 -0.00033600
v -0.01585262 0.09179550 -0.00033600
v -0.02184700 0.09052900 -0.00033600
v -0.01909300 0.09167000 -0.00033600
v -0.02603812 0.08684012 -0.00033600
v -0.01783500 0.07687100 -0.00033600
v -0.01838400 0.07892100 -0.00033600
v -0.01838400 0.07482100 -0.00033600
v -0.02176181 0.07954900 -0.00033600
v -0.01806600 0.07600900 -0.00033600
v -0.01988500 0.08042200 -0.00033600
v -0.02193500 0.08097100 -0.00033600
v -0.02398500 0.08042200 -0.00033600
v -0.02548600 0.07892100 -0.00033600
v -0.02838900 0.07919600 -0.00033600
v -0.02575487 0.07373088 -0.00033600
v -0.01090375 0.07695212 -0.00033600
v -0.02435500 0.04832325 -0.00033600
v -0.03007200 0.01953000 -0.00033600
v -0.03179200 0.02125000 -0.00033600
v -0.03222200 0.02224300 -0.00033600
v -0.03179200 0.02595000 -0.00033600
v -0.03222200 0.02495600 -0.00033600
v -0.03184600 -0.00512500 -0.00033600
v -0.02863400 -0.00235700 -0.00033600
v -0.03222200 0.00001800 -0.00033600
v -0.01637800 -0.02477100 -0.00033600
v 0.04231000 -0.00376400 -0.00033600
v 0.03856500 -0.00572650 -0.00033600
v 0.04620600 0.00177800 -0.00033600
v 0.11347825 0.09052388 -0.00033600
v 0.11273500 0.08720900 -0.00033600
v 0.10333500 0.08720900 -0.00033600
v 0.10396500 0.08955900 -0.00033600
v 0.11124500 0.08399900 -0.00033600
v 0.11210500 0.08485900 -0.00033600
v 0.09590700 0.08612250 -0.00033600
v 0.10568500 0.08313900 -0.00033600
v 0.10803500 0.08250900 -0.00033600
v 0.10545188 0.08644600 -0.00033600
v 0.10568500 0.09127900 -0.00033600
v 0.09590700 0.09260000 -0.00033600
v 0.10803500 0.09190900 -0.00033600
v 0.11038500 0.09127900 -0.00033600
v 0.00279900 0.07905000 -0.00033600
v 0.00908044 0.08008275 -0.00033600
v 0.00430000 0.07754900 -0.00033600
v 0.00635000 0.07700000 -0.00033600
v 0.00497481 0.08282269 -0.00033600
v 0.00279900 0.08315000 -0.00033600
v 0.00840000 0.08465100 -0.00033600
v 0.00635000 0.08520000 -0.00033600
v 0.00430000 0.08465100 -0.00033600
v 0.06189887 0.07960350 -0.00033600
v 0.06025000 0.08110000 -0.00033600
v 0.06079900 0.07905000 -0.00033600
v 0.06230000 0.07754900 -0.00033600
v 0.06790100 0.07905000 -0.00033600
v 0.06579737 0.08283650 -0.00033600
v 0.06845000 0.08110000 -0.00033600
v 0.07653187 0.08468975 -0.00033600
v 0.06435000 0.08520000 -0.00033600
v 0.04231000 0.09050500 -0.00033600
v 0.06230000 0.08465100 -0.00033600
v 0.11647050 0.07574612 -0.00033600
v 0.11970137 0.07312525 -0.00033600
v 0.15036600 0.08510600 -0.00033600
v -0.00756825 0.05302450 -0.00033600
v 0.01434225 0.05502825 -0.00033600
v 0.01196156 0.04178600 -0.00033600
v 0.03889900 0.05363900 -0.00033600
v 0.02777800 0.05205000 -0.00033600
v 0.02777800 0.04265000 -0.00033600
v 0.03240325 0.04343075 -0.00033600
v 0.02542800 0.04328000 -0.00033600
v 0.02370800 0.04500000 -0.00033600
v 0.02307800 0.04735000 -0.00033600
v 0.02542800 0.05142000 -0.00033600
v 0.02370800 0.04970000 -0.00033600
v 0.03012800 0.04328000 -0.00033600
v 0.08142800 0.08328000 -0.00033600
v 0.08377800 0.08265000 -0.00033600
v 0.08952575 0.08894250 -0.00033600
v 0.08784900 0.08500000 -0.00033600
v 0.08117737 0.08555187 -0.00033600
v 0.07970800 0.08970000 -0.00033600
v 0.08847800 0.08735000 -0.00033600
v 0.07376400 0.09260000 -0.00033600
v 0.08377800 0.09205000 -0.00033600
v 0.08612800 0.09142000 -0.00033600
v 0.08193875 0.09164625 -0.00033600
v -0.00959500 0.08559812 -0.00033600
v -0.00787200 0.08328000 -0.00033600
v -0.00615100 0.08500000 -0.00033600
v -0.00552200 0.08735000 -0.00033600
v 0.00800612 0.05953500 -0.00033600
v 0.00811200 0.05751300 -0.00033600
v 0.00961200 0.05901400 -0.00033600
v 0.00961200 0.06311400 -0.00033600
v 0.00357325 0.05865575 -0.00033600
v 0.00251100 0.05901400 -0.00033600
v 0.00303525 0.06491450 -0.00033600
v 0.00401200 0.05751300 -0.00033600
v 0.00811200 0.06461500 -0.00033600
v 0.00606200 0.06516400 -0.00033600
v 0.00377400 0.06400175 -0.00033600
v 0.00401200 0.06461500 -0.00033600
v 0.00251100 0.06311400 -0.00033600
v 0.03470031 0.06782062 -0.00033600
v 0.03029700 0.07091800 -0.00033600
v 0.03084600 0.06886800 -0.00033600
v 0.03234700 0.06736700 -0.00033600
v 0.03234700 0.07446900 -0.00033600
v 0.03439700 0.06681800 -0.00033600
v 0.03487944 0.07273537 -0.00033600
v 0.03794800 0.06886800 -0.00033600
v 0.03849700 0.07091800 -0.00033600
v 0.06080488 0.06932337 -0.00033600
v -0.02398500 0.05332000 -0.00033600
v -0.02770538 0.05907625 -0.00033600
v -0.02548600 0.05482100 -0.00033600
v -0.02193500 0.06097100 -0.00033600
v -0.02398500 0.06042200 -0.00033600
v 0.11729275 0.06124100 -0.00033600
v 0.11598700 0.06217400 -0.00033600
v 0.11406425 0.06180950 -0.00033600
v 0.11207238 0.06721275 -0.00033600
v 0.11413094 0.06845169 -0.00033600
v 0.03170525 0.08431050 -0.00033600
v 0.03889900 0.05985062 -0.00033600
v 0.08483550 0.05595000 -0.00033600
v 0.02621700 0.09260000 -0.00033600
v -0.00135425 0.09260000 -0.00033600
v 0.03548800 0.09260000 -0.00033600
v 0.04231000 0.09260000 -0.00033600
v 0.01040975 0.07371037 -0.00033600
v 0.07914000 0.09045000 0.00266400
v 0.07937600 0.09010000 0.00266400
v -0.00558300 0.09045000 0.00266400
v -0.01022200 0.08975000 0.00196400
v -0.00902200 0.08942800 0.00196400
v -0.00814300 0.08855000 0.00196400
v -0.00782200 0.08735000 0.00196400
v -0.00814300 0.08615000 0.00196400
v -0.00902200 0.08527200 0.00196400
v 0.08170000 0.08855000 0.00196400
v 0.08377800 0.08975000 0.00196400
v 0.08497800 0.08942800 0.00196400
v 0.08617800 0.08735000 0.00196400
v 0.08585700 0.08615000 0.00196400
v 0.08377800 0.08495000 0.00196400
v 0.08257800 0.08527200 0.00196400
v 0.07907800 0.08735000 -0.00033600
v 0.07747000 0.03673000 0.00266400
v 0.08061725 0.05907487 0.00116400
v 0.11016538 0.05738812 0.00116400
v 0.08873675 0.03629625 0.00266400
v 0.10487100 0.04048000 0.00116400
v 0.10533300 0.04111000 0.00116400
v 0.10551800 0.04186800 0.00116400
v 0.09731750 0.03797788 0.00116400
v -0.01712800 -0.02450700 0.00666400
v 0.02977600 -0.00054400 0.00666400
v 0.03018100 -0.00229800 0.00666400
v 0.02977700 -0.00043900 0.00266400
v 0.05304437 0.06803150 0.00116400
v -0.02871600 -0.00060200 0.00266400
v -0.02642738 0.00614556 0.00266400
v -0.02834900 0.00484400 0.00266400
v -0.01245400 -0.02769000 0.00666400
v -0.00472200 0.09119800 0.00116400
v -0.00582000 0.09010000 0.00116400
v 0.04435812 0.07221625 0.00116400
v 0.10266825 0.09003100 0.00116400
v 0.10027400 0.09160000 0.00116400
v 0.09272569 0.08845475 0.00116400
v 0.00128625 0.05090300 0.00116400
v 0.00173200 0.06356400 0.00116400
v -0.02404400 0.02731800 0.00116400
v 0.01516575 0.06406875 0.00116400
v 0.01359275 0.07003650 0.00116400
v 0.03377200 0.07541550 0.00116400
v 0.07827800 0.09119800 0.00116400
v 0.06580506 0.08880950 0.00116400
v 0.00356200 0.06539400 0.00116400
v -0.03522200 0.07360000 0.00516400
v -0.03522200 0.07360000 0.00266400
v -0.03522200 0.00001800 0.00266400
v 0.03526700 -0.02041200 0.00266400
v 0.03526700 -0.02041200 0.00516400
v 0.03154900 -0.02535600 0.00266400
v 0.02964300 -0.02735300 0.00516400
v 0.01440800 -0.03645000 0.00516400
v 0.01638500 -0.03577000 0.00266400
v 0.02256100 -0.03279900 0.00516400
v 0.02198300 -0.03313700 0.00266400
v 0.02253400 -0.03275900 0.00266400
v -0.00188900 -0.03788900 0.00266400
v -0.00329300 -0.03768200 0.00516400
v 0.00429100 -0.03817700 0.00266400
v 0.00563000 -0.03810800 0.00516400
v 0.00562000 -0.03802300 0.00266400
v 0.01043600 -0.03746500 0.00266400
v -0.00794000 -0.03660600 0.00266400
v -0.01187300 -0.03519500 0.00516400
v -0.01183300 -0.03509200 0.00266400
v -0.01964100 -0.03078300 0.00516400
v -0.01903300 -0.03122100 0.00266400
v -0.01370500 -0.03436400 0.00266400
v -0.02378400 -0.02725800 0.00266400
v -0.02617200 -0.02468800 0.00516400
v -0.03110900 -0.01724300 0.00516400
v -0.03110300 -0.01724000 0.00266400
v -0.03107300 -0.01731200 0.00266400
v -0.02783300 -0.02258100 0.00266400
v -0.03342100 -0.01158900 0.00266400
v -0.03418100 -0.00885400 0.00516400
v -0.03406000 -0.00882600 0.00266400
v -0.03481400 -0.00556200 0.00266400
v 0.04417800 -0.00631800 0.00266400
v 0.07837900 0.02325700 0.00266400
v 0.07155800 0.01981000 0.00266400
v 0.06828200 0.01784000 0.00516400
v 0.06510700 0.01571200 0.00266400
v 0.05908800 0.01100200 0.00266400
v 0.05908800 0.01100200 0.00516400
v 0.05355900 0.00572600 0.00266400
v 0.05099500 0.00289100 0.00516400
v 0.04857300 -0.00006600 0.00266400
v 0.14415300 0.05254600 0.00266400
v 0.13500000 0.09560000 0.00266400
v 0.14170300 0.09457800 0.00266400
v 0.14486300 0.09332300 0.00266400
v 0.14779800 0.09160600 0.00266400
v 0.14779800 0.09160600 0.00516400
v 0.15044000 0.08946600 0.00266400
v 0.15273000 0.08695300 0.00516400
v 0.15273000 0.08695300 0.00266400
v 0.15461500 0.08412300 0.00266400
v 0.15605200 0.08104100 0.00516400
v 0.15605200 0.08104100 0.00266400
v 0.15576200 0.06443000 0.00266400
v 0.15683200 0.06765700 0.00516400
v 0.15740300 0.07100900 0.00266400
v 0.15746200 0.07440900 0.00516400
v 0.15746200 0.07440900 0.00266400
v 0.15700800 0.07777900 0.00266400
v 0.15421900 0.06140000 0.00266400
v 0.15421900 0.06140000 0.00516400
v 0.15223700 0.05863800 0.00266400
v 0.14986100 0.05620600 0.00516400
v 0.14986100 0.05620600 0.00266400
v 0.14714500 0.05416000 0.00266400
v -0.01322200 0.09560000 0.00516400
v -0.01322200 0.09560000 0.00266400
v -0.03495100 0.07704200 0.00266400
v -0.03414500 0.08039800 0.00516400
v -0.03414500 0.08039800 0.00266400
v -0.03282400 0.08358800 0.00266400
v -0.03102000 0.08653100 0.00266400
v -0.03102000 0.08653100 0.00516400
v -0.02877800 0.08915600 0.00266400
v -0.02615300 0.09139800 0.00516400
v -0.02615300 0.09139800 0.00266400
v -0.02320900 0.09320200 0.00266400
v -0.02002000 0.09452300 0.00516400
v -0.02002000 0.09452300 0.00266400
v -0.01666300 0.09532900 0.00266400
v 0.00243400 0.02902300 0.00266400
v 0.00332200 0.02926000 0.00266400
v 0.00397100 0.03168500 0.00266400
v 0.00332200 0.03233500 0.00266400
v 0.02932200 0.02391900 0.00266400
v 0.03020900 0.02545600 0.00266400
v 0.02665900 0.02545600 0.00266400
v 0.02689700 0.02456800 0.00266400
v 0.02997100 0.02634300 0.00266400
v 0.02843400 0.02723100 0.00266400
v 0.02754700 0.02699300 0.00266400
v 0.03466300 0.00099300 0.00266400
v 0.03377600 0.00123100 0.00266400
v 0.03200100 -0.00054400 0.00266400
v 0.03223900 -0.00143200 0.00266400
v 0.03531300 -0.00143200 0.00266400
v 0.03555100 -0.00054400 0.00266400
v 0.01092900 -0.02780400 0.00266400
v 0.01157900 -0.02715400 0.00266400
v 0.00513950 -0.02912906 0.00266400
v 0.01004100 -0.02449200 0.00266400
v 0.01092900 -0.02473000 0.00266400
v 0.01181600 -0.02626700 0.00266400
v -0.00076200 -0.02957100 0.00266400
v 0.00000000 -0.02977500 0.00266400
v 0.00000000 -0.02672500 0.00266400
v 0.00076200 -0.02692900 0.00266400
v 0.00132100 -0.02901300 0.00266400
v 0.00501450 -0.02770200 0.00266400
v 0.00826600 -0.02626700 0.00266400
v 0.00850400 -0.02537900 0.00266400
v 0.00915400 -0.02473000 0.00266400
v -0.02450100 0.00585050 0.00266400
v -0.02417600 0.00552600 0.00266400
v -0.02246837 0.00470525 0.00266400
v -0.02417600 0.00860000 0.00266400
v -0.02482600 0.00795000 0.00266400
v 0.11219350 0.06666150 0.00116400
v 0.02988400 0.02545600 0.00298900
v 0.02969000 0.02618100 0.00298900
v 0.02843400 0.02690600 0.00298900
v 0.02770900 0.02671200 0.00298900
v 0.02698400 0.02545600 0.00298900
v 0.02717800 0.02473100 0.00298900
v 0.02843400 0.02400600 0.00298900
v 0.02915900 0.02420000 0.00298900
v 0.03252000 -0.00126900 0.00298900
v 0.03232600 -0.00054400 0.00298900
v 0.03377600 0.00090600 0.00298900
v 0.03450100 0.00071200 0.00298900
v 0.03522600 -0.00054400 0.00298900
v 0.03503200 -0.00126900 0.00298900
v 0.00859100 -0.02626700 0.00298900
v 0.00878600 -0.02554200 0.00298900
v 0.00931600 -0.02501100 0.00298900
v 0.01004100 -0.02481700 0.00298900
v 0.01076600 -0.02501100 0.00298900
v 0.01149100 -0.02626700 0.00298900
v 0.01129700 -0.02699200 0.00298900
v 0.01143800 -0.02707300 0.00282650
v 0.01076600 -0.02752300 0.00298900
v -0.02401400 0.00580700 0.00298900
v -0.02454400 0.00633800 0.00298900
v -0.02454400 0.00778800 0.00298900
v -0.02401400 0.00831900 0.00298900
v 0.00315900 0.03205300 0.00298900
v 0.00243400 0.02934800 0.00298900
v 0.00315900 0.02954200 0.00298900
v 0.00369000 0.03152300 0.00298900
v 0.06585200 0.03063900 0.00117300
v 0.06442300 0.03146400 0.00216400
v 0.06442300 0.02981400 0.00216400
v 0.06502700 0.02921000 0.00216400
v 0.06420200 0.03063900 0.00216400
v 0.06728100 0.02981400 0.00216400
v 0.06585200 0.02898900 0.00216400
v 0.06728100 0.03146400 0.00216400
v 0.06750200 0.03063900 0.00216400
v 0.05490800 0.06071000 0.00117300
v 0.05408300 0.06213800 0.00216400
v 0.05347900 0.06153500 0.00216400
v 0.05490800 0.06236000 0.00216400
v 0.05347900 0.05988500 0.00216400
v 0.05408300 0.05928100 0.00216400
v 0.05325800 0.06071000 0.00216400
v 0.05633700 0.05988500 0.00216400
v 0.05490800 0.05906000 0.00216400
v 0.05633700 0.06153500 0.00216400
v 0.05573300 0.06213800 0.00216400
v 0.05655800 0.06071000 0.00216400
v 0.11370200 0.08303200 -0.00008700
v 0.11307700 0.08411400 0.00066400
v 0.11261900 0.08365600 0.00066400
v 0.11370200 0.08428200 0.00066400
v 0.11261900 0.08240700 0.00066400
v 0.11307700 0.08194900 0.00066400
v 0.11245200 0.08303200 0.00066400
v 0.11432700 0.08194900 0.00066400
v 0.11478400 0.08240700 0.00066400
v 0.11370200 0.08178100 0.00066400
v 0.11478400 0.08365600 0.00066400
v 0.11432700 0.08411400 0.00066400
v 0.11495200 0.08303200 0.00066400
v 0.12506800 0.05180200 -0.00008700
v 0.12444300 0.05288400 0.00066400
v 0.12398600 0.05242700 0.00066400
v 0.12506800 0.05305200 0.00066400
v 0.12398600 0.05117700 0.00066400
v 0.12444300 0.05071900 0.00066400
v 0.12381900 0.05180200 0.00066400
v 0.12569400 0.05071900 0.00066400
v 0.12615100 0.05117700 0.00066400
v 0.12615100 0.05242700 0.00066400
v 0.12569400 0.05288400 0.00066400
v 0.13500000 0.09372800 -0.00003400
v -0.01322200 0.09372800 -0.00003400
v 0.13500000 0.09410000 0.00006600
v -0.01322200 0.09410000 0.00006600
v 0.13500000 0.09519800 0.00116400
v -0.01322200 0.09519800 0.00116400
v 0.13500000 0.09529800 0.00153600
v -0.01322200 0.09529800 0.00153600
v 0.13816400 0.09386000 0.00006600
v 0.14125600 0.09314600 0.00006600
v 0.14420600 0.09197500 0.00006600
v 0.14694500 0.09037200 0.00006600
v 0.14941100 0.08837500 0.00006600
v 0.15154800 0.08602900 0.00006600
v 0.15330700 0.08338800 0.00006600
v 0.15554100 0.07746700 0.00006600
v 0.15464800 0.08051200 0.00006600
v 0.15596400 0.07432200 0.00006600
v 0.15590900 0.07114900 0.00006600
v 0.15437800 0.06500800 0.00006600
v 0.15108800 0.05960200 0.00006600
v 0.14887000 0.05733200 0.00006600
v 0.14158400 0.09419500 0.00116400
v 0.14468700 0.09296200 0.00116400
v 0.14756900 0.09127500 0.00116400
v 0.15016400 0.08917400 0.00116400
v 0.15241300 0.08670500 0.00116400
v 0.15426400 0.08392600 0.00116400
v 0.15567600 0.08090000 0.00116400
v 0.15661500 0.07769500 0.00116400
v 0.15706100 0.07438500 0.00116400
v 0.15700300 0.07104700 0.00116400
v 0.15539200 0.06458500 0.00116400
v 0.15387600 0.06160900 0.00116400
v 0.15192900 0.05889600 0.00116400
v 0.14959500 0.05650800 0.00116400
v 0.14692800 0.05449800 0.00116400
v 0.14633600 0.05542200 0.00006600
v -0.03482000 0.07360000 0.00116400
v -0.03455400 0.07697900 0.00116400
v -0.03491700 0.07360000 0.00152900
v -0.03271800 0.07993500 0.00006600
v -0.03148700 0.08290700 0.00006600
v -0.02980600 0.08565000 0.00006600
v -0.02252800 0.09186600 0.00006600
v -0.01955600 0.09309700 0.00006600
v -0.03376300 0.08027400 0.00116400
v -0.03246600 0.08340500 0.00116400
v -0.03069500 0.08629500 0.00116400
v -0.02849400 0.08887200 0.00116400
v -0.02591700 0.09107300 0.00116400
v -0.02302700 0.09284400 0.00116400
v -0.01989600 0.09414100 0.00116400
v -0.01660000 0.09493200 0.00116400
v 0.07802100 0.02406000 0.00054300
v 0.07828600 0.02346600 0.00151600
v -0.03241500 0.02360000 -0.00033000
v -0.03336700 0.00001800 -0.00010400
v -0.03433300 0.00001800 0.00053300
v -0.03499000 0.00001800 0.00150900
v -0.03499200 0.00001800 0.00151600
v 0.04788000 0.00047400 0.00054300
v 0.04711200 0.00107200 -0.00010800
v 0.05221700 0.00700200 -0.00010800
v 0.05787700 0.01240300 -0.00010800
v 0.05775800 0.01326500 -0.00030700
v 0.04259500 -0.00531700 -0.00011200
v 0.04261200 -0.00532800 -0.00010800
v 0.05292200 0.00633100 0.00054300
v 0.04343500 -0.00584800 0.00054300
v 0.04342500 -0.00584200 0.00053500
v 0.05339400 0.00588300 0.00151600
v 0.05893900 0.01117500 0.00151600
v 0.06497500 0.01589900 0.00151600
v 0.07144500 0.02000900 0.00151600
v 0.07112400 0.02057400 0.00054300
v -0.00165300 -0.03605200 -0.00010800
v 0.01607600 -0.03494700 0.00054300
v 0.01630500 -0.03555600 0.00151600
v 0.01039100 -0.03724100 0.00151600
v 0.00428300 -0.03794900 0.00151600
v 0.02186900 -0.03293900 0.00151600
v 0.02693800 -0.02945800 0.00151600
v -0.03335000 0.00001800 -0.00011600
v -0.03298200 -0.00529200 -0.00010800
v -0.03394500 -0.00543400 0.00054300
v -0.03458900 -0.00552900 0.00151600
v -0.01360600 -0.03415900 0.00151600
v -0.00787500 -0.03638700 0.00151600
v -0.01890200 -0.03103400 0.00151600
v -0.02362400 -0.02709500 0.00151600
v -0.02764800 -0.02244600 0.00151600
v -0.03087000 -0.01720900 0.00151600
v -0.03320400 -0.01152000 0.00151600
v 0.03507400 -0.02029000 0.00151600
v 0.03137800 -0.02520500 0.00151600
v 0.03089200 -0.02477300 0.00054300
v 0.02154500 -0.03237500 0.00054300
v -0.03258400 -0.01132300 0.00054300
v -0.03029000 -0.01691400 0.00054300
v -0.02712400 -0.02206200 0.00054300
v -0.02316800 -0.02663100 0.00054300
v -0.01852700 -0.03050200 0.00054300
v -0.00768900 -0.03576400 0.00054300
v 0.03451500 -0.01993700 0.00053500
v 0.03016400 -0.02412700 -0.00010800
v 0.03370200 -0.01942300 -0.00010800
v 0.01026400 -0.03660300 0.00054300
v 0.01007400 -0.03564900 -0.00010800
v 0.01573500 -0.03403600 -0.00010800
v 0.00422700 -0.03632700 -0.00010800
v 0.00426100 -0.03729900 0.00054300
v -0.00185900 -0.03766200 0.00151600
v -0.00177700 -0.03701700 0.00054300
v -0.02942300 -0.01647300 -0.00010800
v -0.02633900 -0.02148700 -0.00010800
v -0.02248600 -0.02593700 -0.00010800
v 0.02652800 -0.02895400 0.00054300
v 0.06088900 0.09360000 0.00516400
v 0.06330000 0.07928100 0.00166400
v 0.06253100 0.08005000 0.00166400
v 0.06225000 0.08110000 0.00166400
v 0.06330000 0.08291900 0.00166400
v 0.06435000 0.08320000 0.00166400
v 0.06645000 0.08110000 0.00166400
v 0.06616900 0.08005000 0.00166400
v 0.00635000 0.07900000 0.00166400
v 0.00530000 0.07928100 0.00166400
v 0.00453100 0.08005000 0.00166400
v 0.00453100 0.08215000 0.00166400
v 0.00530000 0.08291900 0.00166400
v 0.00635000 0.08320000 0.00166400
v 0.00740000 0.08291900 0.00166400
v 0.00840000 0.07754900 -0.00033600
v 0.07430488 0.03327963 0.00266400
v 0.10803500 0.08480900 0.00196400
v 0.10683500 0.08513100 0.00196400
v 0.10563500 0.08720900 0.00196400
v 0.10595700 0.08840900 0.00196400
v 0.10683500 0.08928800 0.00196400
v 0.10803500 0.08960900 0.00196400
v 0.10923500 0.08928800 0.00196400
v 0.11011400 0.08840900 0.00196400
v 0.11043500 0.08720900 0.00196400
v 0.11011400 0.08600900 0.00196400
v -0.02462200 0.02715400 0.00266400
v -0.02514500 0.02710800 0.00266400
v -0.02772200 0.01890000 -0.00033600
v -0.02892200 0.02152100 0.00196400
v -0.02980000 0.02240000 0.00196400
v -0.03012200 0.02360000 0.00196400
v -0.02980000 0.02480000 0.00196400
v 0.00703700 0.05937500 0.00181400
v 0.00508700 0.05937500 0.00181400
v 0.00437300 0.06008900 0.00181400
v 0.00437300 0.06203900 0.00181400
v 0.00508700 0.06275300 0.00181400
v 0.00606200 0.06301400 0.00181400
v 0.00703700 0.06275300 0.00181400
v 0.00775000 0.06203900 0.00181400
v 0.00775000 0.06008900 0.00181400
v 0.03634700 0.07091800 0.00181400
v 0.03608600 0.06994300 0.00181400
v 0.03244700 0.07091800 0.00181400
v 0.03270800 0.07189300 0.00181400
v 0.03342200 0.07260700 0.00181400
v 0.03439700 0.06896800 0.00181400
v 0.03342200 0.06922900 0.00181400
v 0.03270800 0.06994300 0.00181400
v -0.00826200 0.01967900 0.00266400
v -0.00750000 0.02252500 0.00266400
v -0.00673700 0.02232100 0.00266400
v -0.00617900 0.02023700 0.00266400
v 0.03126200 0.01332100 0.00266400
v 0.03182100 0.01276200 0.00266400
v 0.03202500 0.01200000 0.00266400
v 0.03050000 0.01047500 0.00266400
v 0.02973700 0.01067900 0.00266400
v 0.02917900 0.01276200 0.00266400
v 0.02973700 0.01332100 0.00266400
v 0.03050000 0.01352500 0.00266400
v 0.00062500 -0.02716700 0.00293900
v 0.00000000 -0.02700000 0.00293900
v -0.00062500 -0.02933300 0.00293900
v 0.00000000 -0.02950000 0.00293900
v 0.03175000 0.01200000 0.00293900
v 0.03158300 0.01262500 0.00293900
v 0.03112500 0.01308300 0.00293900
v 0.03050000 0.01325000 0.00293900
v 0.02987500 0.01308300 0.00293900
v 0.02941700 0.01262500 0.00293900
v 0.02897500 0.01200000 0.00266400
v 0.02987500 0.01091700 0.00293900
v 0.03050000 0.01075000 0.00293900
v -0.00812500 0.01991700 0.00293900
v -0.00858300 0.02037500 0.00293900
v -0.00750000 0.02225000 0.00293900
v -0.00687500 0.02208300 0.00293900
v -0.00641700 0.02037500 0.00293900
v -0.00687500 0.01991700 0.00293900
v 0.01930700 0.04441600 0.00416400
v 0.01813300 0.04726300 0.00416400
v 0.02336400 0.04149450 0.00416400
v 0.02777800 0.04510000 0.00211400
v 0.02665300 0.04540100 0.00211400
v 0.02583000 0.04622500 0.00211400
v 0.02552800 0.04735000 0.00211400
v 0.02583000 0.04847500 0.00211400
v 0.02665300 0.04929900 0.00211400
v 0.02777800 0.04960000 0.00211400
v 0.02890300 0.04540100 0.00211400
v -0.02291000 0.05518200 0.00181400
v -0.02362400 0.05589600 0.00181400
v -0.02291000 0.05856000 0.00181400
v -0.02193500 0.05882100 0.00181400
v -0.02362400 0.07784600 0.00181400
v -0.02291000 0.07856000 0.00181400
v -0.02193500 0.07882100 0.00181400
v -0.02096000 0.07856000 0.00181400
v -0.02024600 0.07784600 0.00181400
v -0.01998500 0.07687100 0.00181400
v -0.02024600 0.07589600 0.00181400
v 0.00968400 0.09360000 0.01319200
v 0.00530400 0.09360000 0.01611800
v 0.06745837 0.09360000 0.02008425
v 0.06592419 0.09360000 0.01732781
v 0.05585000 0.09360000 0.01216400
v 0.01485000 0.09360000 0.01216400
v 0.00316512 0.09360000 0.03131975
v 0.00530400 0.09360000 0.03521000
v 0.05585000 0.09360000 0.03916400
v 0.06404719 0.09360000 0.03575006
v 0.06832200 0.09360000 0.03083000
v 0.00900250 0.09360000 0.03762575
v 0.02615150 0.04572325 0.04766400
v 0.03000025 0.04744200 0.04766400
v 0.02718275 0.04957225 0.04766400
v 0.08155625 0.08794550 0.04766400
v 0.08496900 0.08547150 0.04766400
v 0.08540475 0.08897675 0.04766400
v -0.00962650 0.08512775 0.04766400
v -0.00765600 0.08803750 0.04766400
v -0.01210000 0.08794550 0.04766400
v 0.02681100 0.06508000 0.04254800
v 0.03306600 0.06399100 0.04254800
v 0.03047725 0.06017000 0.04254800
v 0.03380100 0.06751000 0.04254800
v -0.02799075 0.02553400 0.04266400
v -0.02571600 0.02413750 0.04266400
v -0.02705975 0.02232825 0.04266400
v -0.02958400 0.02467500 0.04266400
v 0.10917238 0.08724500 0.04266400
v 0.10676325 0.08593725 0.04266400
v 0.10656650 0.08867750 0.04266400
v 0.05444725 0.01640625 0.04266400
v 0.05244125 0.01432825 0.04266400
v 0.05185100 0.01667500 0.04266400
v 0.05263800 0.01746200 0.04266400
v -0.03014900 -0.00239200 0.04506400
v -0.02989900 -0.00145900 0.04506400
v -0.02910775 -0.00276250 0.04506400
v 0.00121600 0.03260450 0.04506400
v 0.00170700 0.03176300 0.04506400
v 0.00134100 0.03139700 0.04506400
v 0.00024950 0.03167150 0.04506400
v 0.03614075 0.00173725 0.04506400
v 0.03423525 0.00193525 0.04506400
v 0.03493250 0.00337250 0.04506400
v 0.03609900 0.00306000 0.04506400
v 0.00568450 -0.03209075 0.04506400
v 0.00518900 -0.03319900 0.04506400
v 0.00568900 -0.03306500 0.04506400
v 0.00438100 -0.03241550 0.04506400
v 0.04282050 0.07195550 0.04254800
v 0.03945575 0.06478900 0.03610400
v 0.04309275 0.06527175 0.03610400
v 0.04648150 0.07322850 0.03610400
v 0.03793900 0.07025800 0.03610400
v 0.03783450 0.06948862 0.03610400
v 0.04866913 0.07259800 0.03610400
v 0.04999525 0.06835675 0.03610400
v 0.04404050 0.07238000 0.03610400
v 0.04736100 0.06873125 0.03610400
v 0.04038000 0.07110700 0.03610400
v 0.00814050 0.09360000 0.01438525
v 0.00921025 0.09360000 0.01391200
v 0.00405738 0.09360000 0.01861225
v 0.00766300 0.09360000 0.03568963
v 0.00776650 0.09360000 0.01538050
v 0.01102625 0.09360000 0.01458975
v 0.01161000 0.09360000 0.01449900
v 0.01326400 0.09360000 0.01409850
v 0.01304988 0.09360000 0.01363463
v 0.01387162 0.09360000 0.01479887
v 0.01366900 0.09360000 0.01365400
v 0.01389400 0.09360000 0.01563600
v 0.01387000 0.09360000 0.01537400
v 0.01371900 0.09360000 0.01338200
v 0.01452400 0.09360000 0.01245563
v 0.01513700 0.09360000 0.01533500
v 0.01541400 0.09360000 0.01226300
v 0.01486300 0.09360000 0.01529700
v 0.01568400 0.09360000 0.01232400
v 0.01593800 0.09360000 0.01515200
v 0.01727750 0.09360000 0.01282250
v 0.01568400 0.09360000 0.01526100
v 0.01733713 0.09360000 0.01355175
v 0.01636900 0.09360000 0.01480800
v 0.01616900 0.09360000 0.01499900
v 0.01541400 0.09360000 0.01532200
v 0.01797300 0.09360000 0.01419000
v 0.01771000 0.09360000 0.01419000
v 0.01666000 0.09360000 0.01470613
v 0.01962100 0.09360000 0.01510600
v 0.01974300 0.09360000 0.01471100
v 0.02006700 0.09360000 0.01426500
v 0.01988500 0.09360000 0.01447300
v 0.02052700 0.09360000 0.01396100
v 0.02134100 0.09360000 0.01385100
v 0.04115913 0.09360000 0.01494437
v 0.02229600 0.09360000 0.01436500
v 0.02295550 0.09360000 0.01621712
v 0.02186500 0.09360000 0.01402100
v 0.01913650 0.09360000 0.01447837
v 0.00176525 0.09360000 0.02545413
v 0.00282500 0.09360000 0.02396700
v 0.00291500 0.09360000 0.02024375
v 0.00362050 0.09360000 0.03078550
v 0.00377100 0.09360000 0.02838500
v 0.00379500 0.09360000 0.02812300
v 0.00396525 0.09360000 0.02128175
v 0.00421250 0.09360000 0.02196350
v 0.00414300 0.09360000 0.02742500
v 0.00398400 0.09360000 0.02763400
v 0.00278338 0.09360000 0.02729150
v 0.00433700 0.09360000 0.02952200
v 0.00388988 0.09360000 0.02724187
v 0.00444900 0.09360000 0.02717800
v 0.00453300 0.09360000 0.02173700
v 0.00477800 0.09360000 0.02164200
v 0.00477325 0.09360000 0.02989100
v 0.00530000 0.09360000 0.02159400
v 0.00639150 0.09360000 0.01767075
v 0.00488725 0.09360000 0.02140637
v 0.00426938 0.09360000 0.03282150
v 0.00506400 0.09360000 0.02696600
v 0.00480600 0.09360000 0.02701400
v 0.00410675 0.09360000 0.02967675
v 0.01060500 0.09360000 0.03670500
v 0.01079800 0.09360000 0.03563800
v 0.01079800 0.09360000 0.03618900
v 0.01072500 0.09360000 0.03645600
v 0.01117475 0.09360000 0.03477775
v 0.00978150 0.09360000 0.03729800
v 0.01352425 0.09360000 0.03694000
v 0.01270400 0.09360000 0.03710400
v 0.01244100 0.09360000 0.03710400
v 0.01108925 0.09360000 0.03647750
v 0.01343100 0.09360000 0.03682200
v 0.01380500 0.09360000 0.03818950
v 0.01320700 0.09360000 0.03696100
v 0.01568400 0.09360000 0.03897000
v 0.01648613 0.09360000 0.03649300
v 0.01657350 0.09360000 0.03559763
v 0.01857900 0.09360000 0.03693300
v 0.01880300 0.09360000 0.03679500
v 0.01918250 0.09360000 0.03714575
v 0.02106500 0.09360000 0.03745500
v 0.02134100 0.09360000 0.03744300
v 0.01720875 0.09360000 0.03846200
v 0.02204587 0.09360000 0.03710887
v 0.02401688 0.09360000 0.03400275
v 0.01502850 0.09360000 0.03909600
v 0.00539700 0.09360000 0.02553100
v 0.00505600 0.09360000 0.02603275
v 0.00544700 0.09360000 0.02598800
v 0.00555800 0.09360000 0.02164200
v 0.00568300 0.09360000 0.02491200
v 0.00544700 0.09360000 0.02530600
v 0.00558600 0.09360000 0.02701400
v 0.00586000 0.09360000 0.02476200
v 0.00602700 0.09360000 0.02187500
v 0.00522575 0.09360000 0.02484400
v 0.00575150 0.09360000 0.02993750
v 0.00654900 0.09360000 0.02734400
v 0.00610300 0.09360000 0.03259000
v 0.00622100 0.09360000 0.02205200
v 0.00617550 0.09360000 0.02462300
v 0.00583100 0.09360000 0.02710900
v 0.00605500 0.09360000 0.02724700
v 0.00605500 0.09360000 0.02952200
v 0.00610300 0.09360000 0.03055900
v 0.00590300 0.09360000 0.03036700
v 0.00638600 0.09360000 0.03103200
v 0.00645900 0.09360000 0.03185000
v 0.00649700 0.09360000 0.02249800
v 0.00657425 0.09360000 0.03087775
v 0.00668062 0.09360000 0.02314200
v 0.00695825 0.09360000 0.02921575
v 0.00656900 0.09360000 0.02115800
v 0.00677275 0.09360000 0.02845988
v 0.00659700 0.09360000 0.02813000
v 0.00662100 0.09360000 0.02838500
v 0.00619587 0.09360000 0.02095713
v 0.00652500 0.09360000 0.02889900
v 0.00681550 0.09360000 0.03169513
v 0.00656900 0.09360000 0.02275100
v 0.00628125 0.09360000 0.02385300
v 0.00666463 0.09360000 0.02450313
v 0.00570450 0.09360000 0.02657300
v 0.00640700 0.09360000 0.02913500
v 0.00636475 0.09360000 0.03237087
v 0.00671600 0.09360000 0.02072200
v 0.00638000 0.09360000 0.02226200
v 0.00624900 0.09360000 0.02934500
v 0.00626600 0.09360000 0.03078200
v 0.00668550 0.09360000 0.02802450
v 0.00673200 0.09360000 0.02381400
v 0.00685500 0.09360000 0.02053800
v 0.00706937 0.09360000 0.02458500
v 0.00696900 0.09360000 0.02707200
v 0.00715287 0.09360000 0.02678063
v 0.00753312 0.09360000 0.02001050
v 0.00729100 0.09360000 0.02279200
v 0.00805125 0.09360000 0.03135488
v 0.00729100 0.09360000 0.02461100
v 0.00680425 0.09360000 0.02024325
v 0.00709900 0.09360000 0.02291300
v 0.00629163 0.09360000 0.03327575
v 0.00745800 0.09360000 0.02021900
v 0.00750400 0.09360000 0.02271800
v 0.00678588 0.09360000 0.02191563
v 0.00745800 0.09360000 0.03107500
v 0.00768900 0.09360000 0.02020600
v 0.00796750 0.09360000 0.02257000
v 0.00740700 0.09360000 0.02484300
v 0.00750300 0.09360000 0.02587700
v 0.00779475 0.09360000 0.02551650
v 0.00849500 0.09360000 0.02283200
v 0.00801400 0.09360000 0.02512800
v 0.00812300 0.09360000 0.02491225
v 0.00844662 0.09360000 0.02668975
v 0.00791700 0.09360000 0.02024400
v 0.00813200 0.09360000 0.02032900
v 0.00775013 0.09360000 0.02496463
v 0.00773175 0.09360000 0.02615650
v 0.00813200 0.09360000 0.02907600
v 0.00791700 0.09360000 0.03105000
v 0.00784463 0.09360000 0.01633487
v 0.00863513 0.09360000 0.01696587
v 0.00768900 0.09360000 0.03108800
v 0.00824550 0.09360000 0.02640350
v 0.00821300 0.09360000 0.01649600
v 0.00842900 0.09360000 0.01666900
v 0.00848200 0.09360000 0.02062700
v 0.00843800 0.09360000 0.02299300
v 0.00867500 0.09360000 0.03025000
v 0.00860100 0.09360000 0.03046900
v 0.00867300 0.09360000 0.01680000
v 0.00846600 0.09360000 0.01962200
v 0.00852725 0.09360000 0.02028650
v 0.00874475 0.09360000 0.02069950
v 0.00848200 0.09360000 0.02192000
v 0.00867550 0.09360000 0.02337050
v 0.00861475 0.09360000 0.03070775
v 0.00899625 0.09360000 0.02800900
v 0.00802938 0.09360000 0.02876537
v 0.00879900 0.09360000 0.03137500
v 0.00878725 0.09360000 0.02190288
v 0.01006500 0.09360000 0.02398400
v 0.00914700 0.09360000 0.02465300
v 0.00894450 0.09360000 0.02984350
v 0.00889750 0.09360000 0.01948875
v 0.00859987 0.09360000 0.02434512
v 0.00839425 0.09360000 0.02658000
v 0.00919075 0.09360000 0.02745838
v 0.00887400 0.09360000 0.03158800
v 0.00942487 0.09360000 0.01795562
v 0.00919300 0.09360000 0.02327200
v 0.00874200 0.09360000 0.02747700
v 0.00853562 0.09360000 0.02913362
v 0.00881712 0.09360000 0.03180875
v 0.00935325 0.09360000 0.01901062
v 0.00933100 0.09360000 0.03302300
v 0.00930700 0.09360000 0.03328500
v 0.00930700 0.09360000 0.03276100
v 0.00926475 0.09360000 0.02366338
v 0.00942100 0.09360000 0.02426100
v 0.01041125 0.09360000 0.02962325
v 0.00929200 0.09360000 0.02971150
v 0.00958600 0.09360000 0.02454400
v 0.00969375 0.09360000 0.02387087
v 0.00972200 0.09360000 0.02388800
v 0.00984700 0.09360000 0.02355500
v 0.00962112 0.09360000 0.02773588
v 0.00947900 0.09360000 0.02120800
v 0.00960150 0.09360000 0.02497063
v 0.00951250 0.09360000 0.02736100
v 0.00950150 0.09360000 0.02977450
v 0.00921000 0.09360000 0.01692300
v 0.00901100 0.09360000 0.02142963
v 0.00957825 0.09360000 0.02144275
v 0.00967600 0.09360000 0.02458200
v 0.00961850 0.09360000 0.02639225
v 0.01016638 0.09360000 0.02679938
v 0.00913500 0.09360000 0.03213700
v 0.00923500 0.09360000 0.03250800
v 0.00977100 0.09360000 0.01795600
v 0.00969088 0.09360000 0.03241938
v 0.00990400 0.09360000 0.02391200
v 0.00988500 0.09360000 0.02749000
v 0.01012600 0.09360000 0.02785525
v 0.00978800 0.09360000 0.02750200
v 0.00972000 0.09360000 0.02978750
v 0.00982000 0.09360000 0.01773000
v 0.00976800 0.09360000 0.02459400
v 0.01039275 0.09360000 0.02998775
v 0.00991700 0.09360000 0.01862300
v 0.01022662 0.09360000 0.01921175
v 0.01011350 0.09360000 0.02459988
v 0.01007250 0.09360000 0.02693100
v 0.00997100 0.09360000 0.02745400
v 0.00976750 0.09360000 0.02989450
v 0.00975600 0.09360000 0.01684900
v 0.00982000 0.09360000 0.01841300
v 0.00992800 0.09360000 0.02681950
v 0.00982400 0.09360000 0.01709550
v 0.00935200 0.09360000 0.02463250
v 0.01080825 0.09360000 0.02701588
v 0.01013700 0.09360000 0.02723800
v 0.01013700 0.09360000 0.02705400
v 0.01007250 0.09360000 0.02736100
v 0.01023000 0.09360000 0.02961000
v 0.01023500 0.09360000 0.02960700
v 0.01023300 0.09360000 0.01895600
v 0.01035675 0.09360000 0.02496550
v 0.01034600 0.09360000 0.02633500
v 0.00997063 0.09360000 0.02618075
v 0.01067250 0.09360000 0.02181625
v 0.01047925 0.09360000 0.03211962
v 0.01051300 0.09360000 0.02287900
v 0.01053400 0.09360000 0.02313800
v 0.01108887 0.09360000 0.03027425
v 0.01043700 0.09360000 0.01906400
v 0.01082825 0.09360000 0.02006200
v 0.01085150 0.09360000 0.02870800
v 0.01072125 0.09360000 0.02732700
v 0.01108938 0.09360000 0.02094775
v 0.01076900 0.09360000 0.02406300
v 0.01038275 0.09360000 0.02368000
v 0.01085700 0.09360000 0.02161500
v 0.01084500 0.09360000 0.02170800
v 0.01085700 0.09360000 0.02180000
v 0.01091100 0.09360000 0.02965200
v 0.01092300 0.09360000 0.02956000
v 0.01095900 0.09360000 0.02983000
v 0.01092300 0.09360000 0.02974400
v 0.01091200 0.09360000 0.02285400
v 0.01089100 0.09360000 0.03215500
v 0.01077550 0.09360000 0.01701050
v 0.01155000 0.09360000 0.02121500
v 0.01088125 0.09360000 0.02135925
v 0.01102300 0.09360000 0.02139900
v 0.01078150 0.09360000 0.02291012
v 0.01026125 0.09360000 0.02438400
v 0.01059100 0.09360000 0.02862600
v 0.01074225 0.09360000 0.02835050
v 0.01095963 0.09360000 0.03096812
v 0.01066000 0.09360000 0.03216800
v 0.01109000 0.09360000 0.01988950
v 0.01107700 0.09360000 0.02021575
v 0.01110900 0.09360000 0.02136400
v 0.01098750 0.09360000 0.02214500
v 0.01135600 0.09360000 0.02079700
v 0.01184312 0.09360000 0.02944250
v 0.01134600 0.09360000 0.01921550
v 0.01110900 0.09360000 0.01952250
v 0.01108850 0.09360000 0.02272150
v 0.01116100 0.09360000 0.02471100
v 0.01115800 0.09360000 0.02447450
v 0.01111600 0.09360000 0.03086000
v 0.01126175 0.09360000 0.03191450
v 0.01187437 0.09360000 0.02218263
v 0.01189037 0.09360000 0.02660012
v 0.01161000 0.09360000 0.01677300
v 0.01187962 0.09360000 0.01875513
v 0.01172500 0.09360000 0.02626100
v 0.01141600 0.09360000 0.01659600
v 0.01183400 0.09360000 0.01691200
v 0.01173200 0.09360000 0.01919800
v 0.01153250 0.09360000 0.01928450
v 0.01144675 0.09360000 0.02661238
v 0.01172500 0.09360000 0.02681400
v 0.01151000 0.09360000 0.02680100
v 0.01151000 0.09360000 0.02869800
v 0.01070100 0.09360000 0.02922225
v 0.01193425 0.09360000 0.03003112
v 0.01046425 0.09360000 0.01646275
v 0.01163375 0.09360000 0.01737950
v 0.01131500 0.09360000 0.02233350
v 0.01054925 0.09360000 0.02424725
v 0.01155925 0.09360000 0.02904537
v 0.01224075 0.09360000 0.02703613
v 0.01212800 0.09360000 0.02851400
v 0.01184625 0.09360000 0.02152075
v 0.01227537 0.09360000 0.02871113
v 0.01193075 0.09360000 0.03251400
v 0.01236300 0.09360000 0.02545700
v 0.01229200 0.09360000 0.02293400
v 0.01241000 0.09360000 0.02311300
v 0.01316800 0.09360000 0.02351225
v 0.01252200 0.09360000 0.01719825
v 0.01231100 0.09360000 0.02252800
v 0.01196238 0.09360000 0.02505088
v 0.01223162 0.09360000 0.03246238
v 0.01299550 0.09360000 0.02804338
v 0.01260000 0.09360000 0.01705500
v 0.01265813 0.09360000 0.02104337
v 0.01251400 0.09360000 0.02471200
v 0.01244900 0.09360000 0.02997800
v 0.01273600 0.09360000 0.01949700
v 0.01283300 0.09360000 0.02109400
v 0.01381750 0.09360000 0.03196412
v 0.01319350 0.09360000 0.03098050
v 0.01306050 0.09360000 0.03049300
v 0.01273400 0.09360000 0.03179900
v 0.01239038 0.09360000 0.02283212
v 0.01283050 0.09360000 0.02291400
v 0.01281900 0.09360000 0.02412325
v 0.01258850 0.09360000 0.02675700
v 0.01257350 0.09360000 0.03194950
v 0.01233800 0.09360000 0.01705500
v 0.01241400 0.09360000 0.02507900
v 0.01238850 0.09360000 0.02602600
v 0.01241900 0.09360000 0.03014850
v 0.01276650 0.09360000 0.02313850
v 0.01337700 0.09360000 0.01721400
v 0.01274763 0.09360000 0.01931487
v 0.01347050 0.09360000 0.02814725
v 0.01325850 0.09360000 0.02058713
v 0.01362000 0.09360000 0.03139400
v 0.01318688 0.09360000 0.01703138
v 0.01315388 0.09360000 0.02325175
v 0.01436200 0.09360000 0.02274138
v 0.01393775 0.09360000 0.02841375
v 0.01337300 0.09360000 0.03019400
v 0.01357400 0.09360000 0.03010750
v 0.01415687 0.09360000 0.03003225
v 0.01336425 0.09360000 0.03131725
v 0.01359000 0.09360000 0.01728900
v 0.01314762 0.09360000 0.01965800
v 0.01366950 0.09360000 0.03030687
v 0.01370600 0.09360000 0.03142900
v 0.01464062 0.09360000 0.03073325
v 0.01405100 0.09360000 0.01740150
v 0.01385088 0.09360000 0.01720388
v 0.01389000 0.09360000 0.02148300
v 0.01404150 0.09360000 0.02244850
v 0.01395000 0.09360000 0.02972000
v 0.01379800 0.09360000 0.03144100
v 0.01437237 0.09360000 0.01590562
v 0.01433800 0.09360000 0.03116325
v 0.01394800 0.09360000 0.02057600
v 0.01360062 0.09360000 0.02083613
v 0.01460087 0.09360000 0.03102300
v 0.01370800 0.09360000 0.01987700
v 0.01309300 0.09360000 0.02755900
v 0.01001100 0.09360000 0.01674000
v 0.01437500 0.09360000 0.01789950
v 0.01431300 0.09360000 0.01892800
v 0.01408188 0.09360000 0.02030563
v 0.01436325 0.09360000 0.02034550
v 0.01429625 0.09360000 0.01839800
v 0.01426400 0.09360000 0.01936300
v 0.01428850 0.09360000 0.02122350
v 0.01418575 0.09360000 0.02155700
v 0.01472900 0.09360000 0.03122300
v 0.01504025 0.09360000 0.02892400
v 0.01445875 0.09360000 0.02837875
v 0.01570975 0.09360000 0.01568237
v 0.01455600 0.09360000 0.02213300
v 0.01455200 0.09360000 0.03054100
v 0.01455600 0.09360000 0.03135100
v 0.01423825 0.09360000 0.01890375
v 0.01448300 0.09360000 0.01864400
v 0.01454750 0.09360000 0.02288100
v 0.01423550 0.09360000 0.03046550
v 0.01515150 0.09360000 0.03094825
v 0.01512213 0.09360000 0.02031338
v 0.01547725 0.09360000 0.01834600
v 0.01536700 0.09360000 0.02050500
v 0.01519450 0.09360000 0.02248850
v 0.01549200 0.09360000 0.02281100
v 0.01531200 0.09360000 0.02859125
v 0.01585831 0.09360000 0.02873663
v 0.01536700 0.09360000 0.02891700
v 0.01567700 0.09360000 0.02062300
v 0.01557900 0.09360000 0.02056700
v 0.01591663 0.09360000 0.01831125
v 0.01593100 0.09360000 0.03046700
v 0.01599400 0.09360000 0.03037350
v 0.01605300 0.09360000 0.01881900
v 0.01605050 0.09360000 0.01851600
v 0.01624400 0.09360000 0.01678100
v 0.01556850 0.09360000 0.01798275
v 0.01577500 0.09360000 0.02068000
v 0.01586700 0.09360000 0.02287500
v 0.01567700 0.09360000 0.03100350
v 0.01615700 0.09360000 0.02985300
v 0.01607050 0.09360000 0.01772250
v 0.01613100 0.09360000 0.02122200
v 0.01627350 0.09360000 0.02962250
v 0.01644000 0.09360000 0.01587000
v 0.01641800 0.09360000 0.02167700
v 0.01577650 0.09360000 0.02024400
v 0.01626775 0.09360000 0.02166900
v 0.01651200 0.09360000 0.01612300
v 0.01658600 0.09360000 0.02139850
v 0.01624806 0.09360000 0.02267644
v 0.01623100 0.09360000 0.02830600
v 0.01674550 0.09360000 0.02124800
v 0.01668250 0.09360000 0.03071400
v 0.01679400 0.09360000 0.01990000
v 0.01735525 0.09360000 0.02020388
v 0.01673850 0.09360000 0.03028550
v 0.01663000 0.09360000 0.01635900
v 0.01621337 0.09360000 0.01891388
v 0.01670800 0.09360000 0.01986500
v 0.01587488 0.09360000 0.02056075
v 0.01657600 0.09360000 0.02814600
v 0.01688362 0.09360000 0.02049050
v 0.01695450 0.09360000 0.01696550
v 0.01720600 0.09360000 0.01688400
v 0.01718800 0.09360000 0.02359800
v 0.01744113 0.09360000 0.02781444
v 0.01689550 0.09360000 0.01999400
v 0.01682888 0.09360000 0.02824731
v 0.01714450 0.09360000 0.03021850
v 0.01703400 0.09360000 0.03019800
v 0.01675100 0.09360000 0.01691450
v 0.01621425 0.09360000 0.02087137
v 0.01640738 0.09360000 0.01980175
v 0.01734325 0.09360000 0.03032550
v 0.01710425 0.09360000 0.02007875
v 0.01779225 0.09360000 0.02110800
v 0.01750613 0.09360000 0.01717387
v 0.01765900 0.09360000 0.02709900
v 0.01736300 0.09360000 0.03023150
v 0.01804400 0.09360000 0.02545700
v 0.01803100 0.09360000 0.02602700
v 0.01808912 0.09360000 0.02603456
v 0.01845100 0.09360000 0.02979050
v 0.01794100 0.09360000 0.01754000
v 0.01698175 0.09360000 0.01913725
v 0.01803050 0.09360000 0.01924050
v 0.01787800 0.09360000 0.02124300
v 0.01744300 0.09360000 0.02741300
v 0.01785625 0.09360000 0.01920225
v 0.01826000 0.09360000 0.02928900
v 0.01826000 0.09360000 0.02200400
v 0.01823400 0.09360000 0.02907000
v 0.01819650 0.09360000 0.02961150
v 0.01823400 0.09360000 0.02178600
v 0.01818900 0.09360000 0.02243888
v 0.01813400 0.09360000 0.01919700
v 0.01850550 0.09360000 0.01889100
v 0.01838413 0.09360000 0.01800762
v 0.01851800 0.09360000 0.01818700
v 0.01836300 0.09360000 0.01762600
v 0.01856800 0.09360000 0.01841300
v 0.01837100 0.09360000 0.02272300
v 0.01844600 0.09360000 0.02484250
v 0.01811650 0.09360000 0.02273550
v 0.01736369 0.09360000 0.02350919
v 0.01777550 0.09360000 0.01919300
v 0.01803800 0.09360000 0.02990000
v 0.01887500 0.09360000 0.02115600
v 0.01897200 0.09360000 0.02133100
v 0.01825100 0.09360000 0.02151800
v 0.01890300 0.09360000 0.02976400
v 0.01841512 0.09360000 0.02128375
v 0.01879000 0.09360000 0.02259600
v 0.01953200 0.09360000 0.02211200
v 0.01852500 0.09360000 0.02872000
v 0.01891712 0.09360000 0.02915325
v 0.01960062 0.09360000 0.02884288
v 0.01901250 0.09360000 0.02868550
v 0.01975175 0.09360000 0.02205550
v 0.01942525 0.09360000 0.02249037
v 0.01922100 0.09360000 0.02862400
v 0.01890550 0.09360000 0.02231050
v 0.01873025 0.09360000 0.02183100
v 0.01836112 0.09360000 0.01691550
v 0.01918500 0.09360000 0.01707900
v 0.01905100 0.09360000 0.01941950
v 0.01917750 0.09360000 0.02113637
v 0.01923800 0.09360000 0.02129800
v 0.01914600 0.09360000 0.02128500
v 0.01914512 0.09360000 0.02462463
v 0.01898100 0.09360000 0.01718700
v 0.01878200 0.09360000 0.01923500
v 0.01896800 0.09360000 0.01934300
v 0.01930550 0.09360000 0.02881900
v 0.01945400 0.09360000 0.02146400
v 0.01939800 0.09360000 0.02139000
v 0.01950200 0.09360000 0.02164200
v 0.01964600 0.09360000 0.01579100
v 0.01969500 0.09360000 0.02818100
v 0.01959600 0.09360000 0.01551900
v 0.01949000 0.09360000 0.02155000
v 0.01964250 0.09360000 0.02280388
v 0.01957900 0.09360000 0.02471200
v 0.01967300 0.09360000 0.02465025
v 0.01934037 0.09360000 0.02682038
v 0.01948650 0.09360000 0.01589362
v 0.01973250 0.09360000 0.01934563
v 0.01880400 0.09360000 0.01733700
v 0.01985300 0.09360000 0.02212600
v 0.01985300 0.09360000 0.02277000
v 0.01980300 0.09360000 0.02256100
v 0.01980300 0.09360000 0.02233600
v 0.01978500 0.09360000 0.02477300
v 0.01979000 0.09360000 0.02477500
v 0.02074488 0.09360000 0.02486013
v 0.02044275 0.09360000 0.02531637
v 0.02017513 0.09360000 0.02666287
v 0.02006700 0.09360000 0.01649600
v 0.02028400 0.09360000 0.01666900
v 0.02061950 0.09360000 0.02140900
v 0.02009600 0.09360000 0.02175600
v 0.02001625 0.09360000 0.01709787
v 0.01991688 0.09360000 0.02823900
v 0.02051100 0.09360000 0.02570300
v 0.02036300 0.09360000 0.02564700
v 0.02049900 0.09360000 0.02581300
v 0.02064550 0.09360000 0.02631400
v 0.02046475 0.09360000 0.02347800
v 0.02057500 0.09360000 0.02379800
v 0.01986963 0.09360000 0.02114975
v 0.02097687 0.09360000 0.01831538
v 0.02069000 0.09360000 0.02150050
v 0.02079900 0.09360000 0.02383900
v 0.02071200 0.09360000 0.02532000
v 0.02080800 0.09360000 0.02512800
v 0.02071300 0.09360000 0.02380400
v 0.02052700 0.09360000 0.01680000
v 0.02079000 0.09360000 0.01688600
v 0.02086550 0.09360000 0.01792550
v 0.02038387 0.09360000 0.01899900
v 0.02063000 0.09360000 0.01913400
v 0.01983825 0.09360000 0.02434762
v 0.02091000 0.09360000 0.02151300
v 0.02098900 0.09360000 0.02714800
v 0.02097700 0.09360000 0.02414800
v 0.02096500 0.09360000 0.02424000
v 0.02098900 0.09360000 0.02696400
v 0.01964938 0.09360000 0.02181338
v 0.02141950 0.09360000 0.02148200
v 0.02100100 0.09360000 0.02705600
v 0.02096500 0.09360000 0.02405600
v 0.02092900 0.09360000 0.02432600
v 0.02095300 0.09360000 0.02723400
v 0.02174625 0.09360000 0.01700313
v 0.02117900 0.09360000 0.01878500
v 0.02097250 0.09360000 0.02366150
v 0.02134100 0.09360000 0.01691000
v 0.02153900 0.09360000 0.01970500
v 0.02154400 0.09360000 0.02469900
v 0.02129600 0.09360000 0.01902100
v 0.02147100 0.09360000 0.02306300
v 0.02106500 0.09360000 0.01692300
v 0.02117900 0.09360000 0.01775600
v 0.02105762 0.09360000 0.01922587
v 0.02080062 0.09360000 0.02369412
v 0.02139500 0.09360000 0.02330700
v 0.02161100 0.09360000 0.01684900
v 0.02211275 0.09360000 0.02246313
v 0.02137237 0.09360000 0.02693100
v 0.02156950 0.09360000 0.02096550
v 0.02162688 0.09360000 0.02302950
v 0.02167100 0.09360000 0.02862600
v 0.02186600 0.09360000 0.02072200
v 0.02211700 0.09360000 0.01690000
v 0.02152562 0.09360000 0.02411913
v 0.02187475 0.09360000 0.02045413
v 0.02207400 0.09360000 0.02482850
v 0.02161400 0.09360000 0.01991900
v 0.02159600 0.09360000 0.01948525
v 0.02176900 0.09360000 0.02093200
v 0.02218200 0.09360000 0.02215800
v 0.02209750 0.09360000 0.02469300
v 0.02121850 0.09360000 0.02760850
v 0.02032263 0.09360000 0.02716013
v 0.02173500 0.09360000 0.02192200
v 0.02155000 0.09360000 0.02469900
v 0.02167338 0.09360000 0.02839213
v 0.02082300 0.09360000 0.02736400
v 0.02125875 0.09360000 0.02799100
v 0.02238600 0.09360000 0.02226600
v 0.02279100 0.09360000 0.02531737
v 0.02301600 0.09360000 0.02654850
v 0.02260900 0.09360000 0.02021900
v 0.02263900 0.09360000 0.01685200
v 0.02260300 0.09360000 0.02232600
v 0.02256688 0.09360000 0.02563525
v 0.02289100 0.09360000 0.02576200
v 0.02284000 0.09360000 0.02020600
v 0.02303800 0.09360000 0.02509600
v 0.02306800 0.09360000 0.02024400
v 0.02257488 0.09360000 0.01996087
v 0.02313550 0.09360000 0.02470700
v 0.02314300 0.09360000 0.01699500
v 0.02265500 0.09360000 0.02460200
v 0.02294100 0.09360000 0.02598800
v 0.02317800 0.09360000 0.02638200
v 0.02289700 0.09360000 0.01690000
v 0.02335000 0.09360000 0.02652800
v 0.02406075 0.09360000 0.01758000
v 0.02355800 0.09360000 0.02465400
v 0.02381600 0.09360000 0.02316400
v 0.02379200 0.09360000 0.02290900
v 0.02381700 0.09360000 0.02264700
v 0.02398500 0.09360000 0.01930900
v 0.02375812 0.09360000 0.01994962
v 0.02391600 0.09360000 0.02776700
v 0.02415100 0.09360000 0.01837313
v 0.02392213 0.09360000 0.01896163
v 0.02403075 0.09360000 0.02191738
v 0.02388900 0.09360000 0.02239500
v 0.02372800 0.09360000 0.02326950
v 0.02398500 0.09360000 0.02013000
v 0.02445400 0.09360000 0.02138338
v 0.02341800 0.09360000 0.02262375
v 0.02367875 0.09360000 0.02444775
v 0.02336600 0.09360000 0.01713400
v 0.02335400 0.09360000 0.02476200
v 0.02408200 0.09360000 0.02038900
v 0.02424000 0.09360000 0.02461700
v 0.02419200 0.09360000 0.02732100
v 0.02475050 0.09360000 0.02668600
v 0.02462300 0.09360000 0.02100800
v 0.02462300 0.09360000 0.01843100
v 0.02440600 0.09360000 0.02083500
v 0.02464600 0.09360000 0.02483200
v 0.02405450 0.09360000 0.02704787
v 0.02461000 0.09360000 0.02700600
v 0.02422400 0.09360000 0.02062700
v 0.02445500 0.09360000 0.02470300
v 0.02486600 0.09360000 0.02113900
v 0.02512900 0.09360000 0.02122500
v 0.02552400 0.09360000 0.02578600
v 0.02552400 0.09360000 0.02550800
v 0.02557300 0.09360000 0.02523600
v 0.02557300 0.09360000 0.02605800
v 0.02560700 0.09360000 0.02153900
v 0.02512900 0.09360000 0.01821500
v 0.02565713 0.09360000 0.02673287
v 0.02486600 0.09360000 0.01830000
v 0.02585300 0.09360000 0.02163400
v 0.02581300 0.09360000 0.02473800
v 0.02576788 0.09360000 0.02138438
v 0.02621100 0.09360000 0.02435900
v 0.02627000 0.09360000 0.02194900
v 0.02612875 0.09360000 0.02695000
v 0.02395225 0.09360000 0.01614675
v 0.02599400 0.09360000 0.02676300
v 0.02661800 0.09360000 0.02264700
v 0.02654600 0.09360000 0.02239500
v 0.02669950 0.09360000 0.02340225
v 0.02671800 0.09360000 0.02414200
v 0.02740300 0.09360000 0.02414800
v 0.02842400 0.09360000 0.02499075
v 0.02851925 0.09360000 0.02604925
v 0.02680362 0.09360000 0.02137950
v 0.03954150 0.09360000 0.01884450
v 0.02607550 0.09360000 0.02423538
v 0.02645400 0.09360000 0.02422700
v 0.02568000 0.09360000 0.01819000
v 0.02470162 0.09360000 0.02414162
v 0.02501850 0.09360000 0.02556313
v 0.02567100 0.09360000 0.02631800
v 0.02408200 0.09360000 0.01905000
v 0.02403300 0.09360000 0.02753100
v 0.02224950 0.09360000 0.02495900
v 0.01391550 0.09360000 0.01886625
v 0.00751600 0.09360000 0.03439400
v 0.00777400 0.09360000 0.03444200
v 0.00808875 0.09360000 0.03467987
v 0.00829600 0.09360000 0.03439400
v 0.00853500 0.09360000 0.03430100
v 0.00860700 0.09360000 0.03439650
v 0.00892325 0.09360000 0.03422525
v 0.00948700 0.09360000 0.03438300
v 0.00979550 0.09360000 0.03345100
v 0.00975600 0.09360000 0.03444500
v 0.01024200 0.09360000 0.03470600
v 0.01044200 0.09360000 0.03489800
v 0.01025437 0.09360000 0.03415975
v 0.01001100 0.09360000 0.03455400
v 0.01072500 0.09360000 0.03537100
v 0.01152500 0.09360000 0.03403700
v 0.01203200 0.09360000 0.03404187
v 0.01168400 0.09360000 0.03386900
v 0.01133400 0.09360000 0.03416700
v 0.01187700 0.09360000 0.03345200
v 0.01280500 0.09360000 0.03413650
v 0.01263200 0.09360000 0.03391400
v 0.01265375 0.09360000 0.03208313
v 0.01338125 0.09360000 0.03445425
v 0.01427850 0.09360000 0.03564975
v 0.01436763 0.09360000 0.03285925
v 0.01426700 0.09360000 0.03365575
v 0.01374037 0.09360000 0.03406125
v 0.01414400 0.09360000 0.03439450
v 0.01419400 0.09360000 0.03473500
v 0.01410038 0.09360000 0.03146812
v 0.01443100 0.09360000 0.03512900
v 0.01455600 0.09360000 0.03273600
v 0.01530887 0.09360000 0.03306138
v 0.01460700 0.09360000 0.03527900
v 0.01473100 0.09360000 0.03286600
v 0.01429100 0.09360000 0.03494500
v 0.01493350 0.09360000 0.03295350
v 0.01558725 0.09360000 0.03294025
v 0.01514700 0.09360000 0.03299200
v 0.01537900 0.09360000 0.03334550
v 0.01503400 0.09360000 0.03544900
v 0.01549300 0.09360000 0.03542400
v 0.01553313 0.09360000 0.03578575
v 0.01481100 0.09360000 0.03538700
v 0.01599400 0.09360000 0.03152350
v 0.01589900 0.09360000 0.03520900
v 0.01615700 0.09360000 0.03204400
v 0.01639787 0.09360000 0.03130338
v 0.01613100 0.09360000 0.03226300
v 0.01617700 0.09360000 0.03394500
v 0.01605600 0.09360000 0.03161800
v 0.01605450 0.09360000 0.03247250
v 0.01605700 0.09360000 0.03374700
v 0.01605700 0.09360000 0.03504100
v 0.01621350 0.09360000 0.03473350
v 0.01606750 0.09360000 0.03273875
v 0.01635163 0.09360000 0.03383825
v 0.01642775 0.09360000 0.03002825
v 0.01620900 0.09360000 0.03062400
v 0.01585300 0.09360000 0.03135600
v 0.01589900 0.09360000 0.03358000
v 0.01625000 0.09360000 0.03416400
v 0.01670600 0.09360000 0.03141700
v 0.01732675 0.09360000 0.03079575
v 0.01688400 0.09360000 0.03137000
v 0.01701400 0.09360000 0.03123900
v 0.01703600 0.09360000 0.03408000
v 0.01695800 0.09360000 0.03131300
v 0.01679800 0.09360000 0.03140500
v 0.01722625 0.09360000 0.03426250
v 0.01711562 0.09360000 0.03171600
v 0.01785663 0.09360000 0.03034637
v 0.01756100 0.09360000 0.03428600
v 0.01817100 0.09360000 0.03353300
v 0.01807600 0.09360000 0.03423900
v 0.01781300 0.09360000 0.03423900
v 0.01854350 0.09360000 0.03299100
v 0.01845975 0.09360000 0.03024475
v 0.01829025 0.09360000 0.03269125
v 0.01877338 0.09360000 0.03239112
v 0.02005913 0.09360000 0.03012187
v 0.01867275 0.09360000 0.03209175
v 0.01775662 0.09360000 0.03407950
v 0.01837512 0.09360000 0.03338200
v 0.01903400 0.09360000 0.02989500
v 0.01896000 0.09360000 0.02983800
v 0.01967350 0.09360000 0.03050325
v 0.01915700 0.09360000 0.03201500
v 0.01898100 0.09360000 0.03233800
v 0.01880300 0.09360000 0.03452000
v 0.01899700 0.09360000 0.03469800
v 0.01875625 0.09360000 0.03002850
v 0.01570700 0.09360000 0.03533800
v 0.01950050 0.09360000 0.03178512
v 0.01950150 0.09360000 0.03551500
v 0.01946400 0.09360000 0.02983800
v 0.01970100 0.09360000 0.03107000
v 0.01972600 0.09360000 0.03084600
v 0.01883662 0.09360000 0.03426050
v 0.01939000 0.09360000 0.02989500
v 0.01972600 0.09360000 0.03129500
v 0.01974300 0.09360000 0.03524300
v 0.01988500 0.09360000 0.03500600
v 0.02008100 0.09360000 0.03186000
v 0.02006700 0.09360000 0.03479700
v 0.01966312 0.09360000 0.02973350
v 0.02037150 0.09360000 0.02971150
v 0.01990837 0.09360000 0.03429200
v 0.02085987 0.09360000 0.03228987
v 0.02027200 0.09360000 0.03198000
v 0.02048600 0.09360000 0.03205400
v 0.02093288 0.09360000 0.03328612
v 0.02052700 0.09360000 0.03449400
v 0.02028400 0.09360000 0.03462500
v 0.02058150 0.09360000 0.02977450
v 0.02071000 0.09360000 0.03208000
v 0.02115800 0.09360000 0.03294800
v 0.02118200 0.09360000 0.03320900
v 0.02153175 0.09360000 0.03418500
v 0.02153000 0.09360000 0.03390800
v 0.02169700 0.09360000 0.02884500
v 0.02172487 0.09360000 0.02936838
v 0.02200600 0.09360000 0.02928600
v 0.02238600 0.09360000 0.02902800
v 0.02172100 0.09360000 0.03166537
v 0.02218200 0.09360000 0.02913600
v 0.02229600 0.09360000 0.03489800
v 0.02194800 0.09360000 0.03167200
v 0.02172400 0.09360000 0.03408500
v 0.02172400 0.09360000 0.03181100
v 0.02079000 0.09360000 0.03440800
v 0.02265300 0.09360000 0.03563800
v 0.02245100 0.09360000 0.03152900
v 0.02257900 0.09360000 0.03537100
v 0.02287450 0.09360000 0.02876450
v 0.02271400 0.09360000 0.03152900
v 0.02264700 0.09360000 0.02878350
v 0.02220163 0.09360000 0.03455425
v 0.02245900 0.09360000 0.03512200
v 0.02267800 0.09360000 0.03591300
v 0.02297300 0.09360000 0.03157700
v 0.02379725 0.09360000 0.02934775
v 0.02247600 0.09360000 0.03102950
v 0.02393712 0.09360000 0.02987700
v 0.02371812 0.09360000 0.02793287
v 0.02382812 0.09360000 0.03085963
v 0.02374738 0.09360000 0.03197212
v 0.02391200 0.09360000 0.03346200
v 0.02408200 0.09360000 0.03090400
v 0.02398500 0.09360000 0.03198500
v 0.02393500 0.09360000 0.03171300
v 0.02379400 0.09360000 0.03369800
v 0.02402287 0.09360000 0.02906050
v 0.02474450 0.09360000 0.03022050
v 0.02518700 0.09360000 0.02988450
v 0.02442500 0.09360000 0.03310150
v 0.02595000 0.09360000 0.03010600
v 0.02568000 0.09360000 0.03004400
v 0.03766950 0.09360000 0.03381650
v 0.02540400 0.09360000 0.03003200
v 0.02644200 0.09360000 0.02721500
v 0.02645700 0.09360000 0.02753100
v 0.02697975 0.09360000 0.03171000
v 0.02664950 0.09360000 0.02865175
v 0.02684550 0.09360000 0.02760375
v 0.02589288 0.09360000 0.03327225
v 0.02669650 0.09360000 0.03068500
v 0.02422400 0.09360000 0.03066700
v 0.01960800 0.09360000 0.03128150
v 0.03827700 0.09360000 0.02406250
v 0.04270100 0.09360000 0.02435900
v 0.04348200 0.09360000 0.02410500
v 0.04320800 0.09360000 0.02414200
v 0.04309750 0.09360000 0.02968387
v 0.03927362 0.09360000 0.02000313
v 0.04389900 0.09360000 0.02382200
v 0.04384975 0.09360000 0.02782162
v 0.04294075 0.09360000 0.02722787
v 0.04418400 0.09360000 0.02763400
v 0.04394463 0.09360000 0.03003150
v 0.04407300 0.09360000 0.03045800
v 0.04431550 0.09360000 0.02981550
v 0.04453600 0.09360000 0.02724700
v 0.04432950 0.09360000 0.02172512
v 0.04434200 0.09360000 0.02742500
v 0.04373900 0.09360000 0.02205137
v 0.04473200 0.09360000 0.02173700
v 0.04497700 0.09360000 0.02164200
v 0.04500500 0.09360000 0.02701400
v 0.04492113 0.09360000 0.03339838
v 0.04523600 0.09360000 0.02159400
v 0.04559600 0.09360000 0.02553100
v 0.04521775 0.09360000 0.02140637
v 0.04525525 0.09360000 0.02603275
v 0.04552700 0.09360000 0.02696600
v 0.04724100 0.09360000 0.01671725
v 0.04564600 0.09360000 0.02598800
v 0.04575700 0.09360000 0.02164200
v 0.04588300 0.09360000 0.02491200
v 0.04642100 0.09360000 0.02205200
v 0.04637450 0.09360000 0.02462300
v 0.04625400 0.09360000 0.02724700
v 0.04622600 0.09360000 0.02187500
v 0.04542500 0.09360000 0.02484400
v 0.04605900 0.09360000 0.02476200
v 0.04578500 0.09360000 0.02701400
v 0.04603000 0.09360000 0.02710900
v 0.04564600 0.09360000 0.02530600
v 0.04445300 0.09360000 0.02707350
v 0.04662875 0.09360000 0.03236825
v 0.04668000 0.09360000 0.03302300
v 0.04648050 0.09360000 0.02385300
v 0.04670400 0.09360000 0.03276100
v 0.04669600 0.09360000 0.02249800
v 0.04686375 0.09360000 0.02450313
v 0.04637200 0.09360000 0.02990938
v 0.04687975 0.09360000 0.02314200
v 0.04691500 0.09360000 0.02072200
v 0.04639550 0.09360000 0.02095713
v 0.04681800 0.09360000 0.02967900
v 0.04681800 0.09360000 0.03036200
v 0.04650000 0.09360000 0.03333725
v 0.04693150 0.09360000 0.02381400
v 0.04685550 0.09360000 0.02835537
v 0.04691500 0.09360000 0.02947000
v 0.04678050 0.09360000 0.03100538
v 0.04705200 0.09360000 0.03206300
v 0.04605125 0.09360000 0.03344150
v 0.04702912 0.09360000 0.02039063
v 0.04676800 0.09360000 0.02115800
v 0.04657900 0.09360000 0.02226200
v 0.04676800 0.09360000 0.02275100
v 0.04614125 0.09360000 0.02660600
v 0.04705500 0.09360000 0.02928600
v 0.04676800 0.09360000 0.03013600
v 0.04705500 0.09360000 0.03075600
v 0.04677600 0.09360000 0.03250800
v 0.04729900 0.09360000 0.02291300
v 0.04726850 0.09360000 0.02458500
v 0.04732800 0.09360000 0.02691200
v 0.04710800 0.09360000 0.02823500
v 0.04723100 0.09360000 0.02913600
v 0.04773238 0.09360000 0.02001050
v 0.04799950 0.09360000 0.01661975
v 0.04749000 0.09360000 0.02279200
v 0.04749000 0.09360000 0.02461100
v 0.04751900 0.09360000 0.02679200
v 0.04723100 0.09360000 0.03090500
v 0.04770300 0.09360000 0.02271800
v 0.04698538 0.09360000 0.02191563
v 0.04771500 0.09360000 0.03165300
v 0.04788800 0.09360000 0.02020600
v 0.04760600 0.09360000 0.02484300
v 0.04770200 0.09360000 0.02587700
v 0.04761987 0.09360000 0.02880425
v 0.04811600 0.09360000 0.02024400
v 0.04799375 0.09360000 0.02551650
v 0.04809500 0.09360000 0.03498350
v 0.04816650 0.09360000 0.02257000
v 0.04775450 0.09360000 0.02619925
v 0.04806950 0.09360000 0.02670450
v 0.04797400 0.09360000 0.03160400
v 0.04771500 0.09360000 0.03439400
v 0.04808800 0.09360000 0.01605000
v 0.04765800 0.09360000 0.02021900
v 0.04716800 0.09360000 0.02707200
v 0.04724600 0.09360000 0.03188600
v 0.04674800 0.09360000 0.02734400
v 0.04869425 0.09360000 0.02283200
v 0.04870238 0.09360000 0.02901113
v 0.04821400 0.09360000 0.02512800
v 0.04832275 0.09360000 0.02491225
v 0.04817375 0.09360000 0.02638050
v 0.04879488 0.09360000 0.02724338
v 0.04862800 0.09360000 0.01666900
v 0.04841200 0.09360000 0.01649600
v 0.04833100 0.09360000 0.02032900
v 0.04872625 0.09360000 0.02028650
v 0.04863700 0.09360000 0.02299300
v 0.04912612 0.09360000 0.03063963
v 0.04849500 0.09360000 0.03165300
v 0.04894375 0.09360000 0.02069950
v 0.04887450 0.09360000 0.02337050
v 0.04868100 0.09360000 0.02062700
v 0.04887200 0.09360000 0.01680000
v 0.04866500 0.09360000 0.01962200
v 0.04868100 0.09360000 0.02192000
v 0.04852200 0.09360000 0.03083500
v 0.04897862 0.09360000 0.02786900
v 0.04897300 0.09360000 0.02917000
v 0.04909675 0.09360000 0.01948875
v 0.04898637 0.09360000 0.02190288
v 0.04879887 0.09360000 0.02434512
v 0.04934625 0.09360000 0.02465300
v 0.04972987 0.09360000 0.02674038
v 0.04921600 0.09360000 0.02815300
v 0.04899250 0.09360000 0.02952812
v 0.04903162 0.09360000 0.03176813
v 0.05002413 0.09360000 0.03412287
v 0.04998912 0.09360000 0.01911119
v 0.04983275 0.09360000 0.03348437
v 0.04959250 0.09360000 0.02975500
v 0.04921013 0.09360000 0.02142963
v 0.04939300 0.09360000 0.02327200
v 0.05026450 0.09360000 0.02398400
v 0.04955100 0.09360000 0.02463250
v 0.04980063 0.09360000 0.02497063
v 0.04966725 0.09360000 0.02652300
v 0.04949150 0.09360000 0.02797975
v 0.04914025 0.09360000 0.03001812
v 0.04939350 0.09360000 0.03245375
v 0.04935200 0.09360000 0.03200100
v 0.04962400 0.09360000 0.01795562
v 0.04940900 0.09360000 0.01692300
v 0.04962000 0.09360000 0.02426100
v 0.04886063 0.09360000 0.02666063
v 0.04968300 0.09360000 0.02696800
v 0.04978600 0.09360000 0.02454400
v 0.04974000 0.09360000 0.02689400
v 0.05004625 0.09360000 0.02355500
v 0.04992150 0.09360000 0.02388800
v 0.04990000 0.09360000 0.02680200
v 0.04975662 0.09360000 0.02750775
v 0.04985600 0.09360000 0.02769350
v 0.05002313 0.09360000 0.01709550
v 0.04967800 0.09360000 0.02120800
v 0.04989288 0.09360000 0.02387087
v 0.05007250 0.09360000 0.02621400
v 0.04981400 0.09360000 0.02683700
v 0.04997000 0.09360000 0.01795600
v 0.04997000 0.09360000 0.03310700
v 0.05010300 0.09360000 0.02391200
v 0.05032512 0.09360000 0.02785525
v 0.05001900 0.09360000 0.01773000
v 0.04996800 0.09360000 0.02459400
v 0.04998700 0.09360000 0.02750200
v 0.05059850 0.09360000 0.02977050
v 0.04986325 0.09360000 0.02979025
v 0.05001900 0.09360000 0.03288100
v 0.04997000 0.09360000 0.03333800
v 0.05008400 0.09360000 0.02749000
v 0.05001900 0.09360000 0.01841300
v 0.05020700 0.09360000 0.03016600
v 0.05010325 0.09360000 0.03239675
v 0.04995600 0.09360000 0.01684900
v 0.05011600 0.09360000 0.01862300
v 0.04987500 0.09360000 0.02458200
v 0.04999200 0.09360000 0.02679000
v 0.05046025 0.09360000 0.02438400
v 0.05046563 0.09360000 0.02688663
v 0.05034800 0.09360000 0.02714600
v 0.05093025 0.09360000 0.02699212
v 0.05023550 0.09360000 0.02970675
v 0.05043400 0.09360000 0.02960700
v 0.05043200 0.09360000 0.01895600
v 0.05042000 0.09360000 0.03024100
v 0.05043200 0.09360000 0.03233800
v 0.05040500 0.09360000 0.02616600
v 0.05014800 0.09360000 0.02598525
v 0.05027200 0.09360000 0.02736100
v 0.05063700 0.09360000 0.01906400
v 0.05102750 0.09360000 0.02006200
v 0.05096425 0.09360000 0.02180813
v 0.05073300 0.09360000 0.02313800
v 0.05071200 0.09360000 0.02287900
v 0.05060025 0.09360000 0.03206900
v 0.05098050 0.09360000 0.02291012
v 0.05151875 0.09360000 0.02108137
v 0.05020300 0.09360000 0.02634638
v 0.05072200 0.09360000 0.02646800
v 0.05104400 0.09360000 0.03069050
v 0.05055625 0.09360000 0.02496550
v 0.05024400 0.09360000 0.02689400
v 0.05087000 0.09360000 0.02998425
v 0.05043200 0.09360000 0.03410700
v 0.05066975 0.09360000 0.03461963
v 0.05021000 0.09360000 0.01674000
v 0.05031262 0.09360000 0.02459988
v 0.05017000 0.09360000 0.02745400
v 0.05025600 0.09360000 0.03248700
v 0.04977750 0.09360000 0.02144275
v 0.04946400 0.09360000 0.02366338
v 0.04964800 0.09360000 0.02705400
v 0.04883425 0.09360000 0.01696587
v 0.04794963 0.09360000 0.02496463
v 0.04762213 0.09360000 0.03140225
v 0.04823700 0.09360000 0.03160400
v 0.05096600 0.09360000 0.03137500
v 0.05104400 0.09360000 0.02170800
v 0.05105700 0.09360000 0.02161500
v 0.05096800 0.09360000 0.02406300
v 0.05058187 0.09360000 0.02368000
v 0.05091950 0.09360000 0.02732825
v 0.05108725 0.09360000 0.03098400
v 0.05121850 0.09360000 0.03186563
v 0.05085900 0.09360000 0.03427700
v 0.05128900 0.09360000 0.01988950
v 0.05127650 0.09360000 0.02021575
v 0.05101712 0.09360000 0.02953450
v 0.05111100 0.09360000 0.02285400
v 0.05128750 0.09360000 0.02272150
v 0.05096012 0.09360000 0.02437325
v 0.05134050 0.09360000 0.03037875
v 0.05120825 0.09360000 0.03131475
v 0.05117800 0.09360000 0.03573600
v 0.05134600 0.09360000 0.03568500
v 0.05118675 0.09360000 0.02214500
v 0.05144300 0.09360000 0.03517100
v 0.05137100 0.09360000 0.03594700
v 0.05151450 0.09360000 0.02233350
v 0.05164613 0.09360000 0.03012388
v 0.05168150 0.09360000 0.02993250
v 0.05207350 0.09360000 0.02218263
v 0.05171800 0.09360000 0.02940000
v 0.05171800 0.09360000 0.03472500
v 0.05066337 0.09360000 0.01646275
v 0.05183275 0.09360000 0.01737950
v 0.05161500 0.09360000 0.01659600
v 0.05173150 0.09360000 0.01928450
v 0.05154500 0.09360000 0.01921550
v 0.05155500 0.09360000 0.02079700
v 0.05163750 0.09360000 0.03205225
v 0.05172400 0.09360000 0.03240800
v 0.05156000 0.09360000 0.03493500
v 0.05144300 0.09360000 0.03620000
v 0.05130825 0.09360000 0.01952250
v 0.05089200 0.09360000 0.03071200
v 0.05142962 0.09360000 0.03663550
v 0.05181100 0.09360000 0.02956000
v 0.05179300 0.09360000 0.02978700
v 0.05233000 0.09360000 0.02669725
v 0.05200200 0.09360000 0.03367100
v 0.05203300 0.09360000 0.01436100
v 0.05180900 0.09360000 0.01677300
v 0.05207875 0.09360000 0.01875513
v 0.05192400 0.09360000 0.02626100
v 0.05192900 0.09360000 0.03407462
v 0.05053763 0.09360000 0.03719512
v 0.05203150 0.09360000 0.02656650
v 0.05214100 0.09360000 0.02862200
v 0.05213500 0.09360000 0.02862400
v 0.05204525 0.09360000 0.02152075
v 0.05241000 0.09360000 0.02896450
v 0.05213025 0.09360000 0.03251400
v 0.05203300 0.09360000 0.01691200
v 0.05272100 0.09360000 0.01719825
v 0.05193100 0.09360000 0.01919800
v 0.05193000 0.09360000 0.02868500
v 0.05177500 0.09360000 0.02947400
v 0.05217275 0.09360000 0.02980875
v 0.05213600 0.09360000 0.03441000
v 0.05213600 0.09360000 0.03696100
v 0.05251000 0.09360000 0.02252800
v 0.05247875 0.09360000 0.02527475
v 0.05256200 0.09360000 0.02545700
v 0.05256200 0.09360000 0.02583700
v 0.05241663 0.09360000 0.02870125
v 0.05250900 0.09360000 0.02876800
v 0.05248900 0.09360000 0.03323425
v 0.05285750 0.09360000 0.02104337
v 0.05305075 0.09360000 0.03423900
v 0.05293500 0.09360000 0.01949700
v 0.05303200 0.09360000 0.02109400
v 0.05274188 0.09360000 0.03207600
v 0.05305400 0.09360000 0.03161700
v 0.05302300 0.09360000 0.03403400
v 0.05280000 0.09360000 0.01705500
v 0.05316300 0.09360000 0.02365100
v 0.05253700 0.09360000 0.01705500
v 0.05317400 0.09360000 0.02388450
v 0.05271400 0.09360000 0.02471200
v 0.05329000 0.09360000 0.03163425
v 0.05264000 0.09360000 0.03426600
v 0.05244975 0.09360000 0.02279725
v 0.05237100 0.09360000 0.03212250
v 0.05255100 0.09360000 0.03268700
v 0.05180900 0.09360000 0.01449900
v 0.05173475 0.09360000 0.02666962
v 0.05191300 0.09360000 0.03454800
v 0.05402894 0.09360000 0.03505200
v 0.05288163 0.09360000 0.02348413
v 0.05307600 0.09360000 0.02794200
v 0.05357138 0.09360000 0.03166525
v 0.05316100 0.09360000 0.03705600
v 0.05378900 0.09360000 0.01728900
v 0.05334688 0.09360000 0.01965800
v 0.05345800 0.09360000 0.02058713
v 0.05347700 0.09360000 0.03060075
v 0.05348100 0.09360000 0.03125300
v 0.05407062 0.09360000 0.01479887
v 0.05357600 0.09360000 0.01721400
v 0.05294700 0.09360000 0.01931487
v 0.05371900 0.09360000 0.02335800
v 0.05367250 0.09360000 0.02842825
v 0.05305600 0.09360000 0.03161300
v 0.05368500 0.09360000 0.03214100
v 0.05375250 0.09360000 0.03740100
v 0.05406900 0.09360000 0.01537400
v 0.05405037 0.09360000 0.01720388
v 0.05315525 0.09360000 0.01348513
v 0.05389900 0.09360000 0.03221500
v 0.05346912 0.09360000 0.03766513
v 0.05442375 0.09360000 0.02947125
v 0.05379987 0.09360000 0.02083613
v 0.05415050 0.09360000 0.02971750
v 0.05427975 0.09360000 0.03059825
v 0.05409300 0.09360000 0.01563600
v 0.05425000 0.09360000 0.01740150
v 0.05408900 0.09360000 0.02148300
v 0.05409800 0.09360000 0.02292438
v 0.05401950 0.09360000 0.02868525
v 0.05440800 0.09360000 0.02906888
v 0.05402700 0.09360000 0.02990300
v 0.05403100 0.09360000 0.02990000
v 0.05386850 0.09360000 0.03005250
v 0.05409000 0.09360000 0.03233600
v 0.05338600 0.09360000 0.01703138
v 0.05390700 0.09360000 0.01987700
v 0.05335000 0.09360000 0.02750963
v 0.05457137 0.09360000 0.01590562
v 0.05443725 0.09360000 0.01890375
v 0.05411475 0.09360000 0.01886625
v 0.05436875 0.09360000 0.03117288
v 0.05457400 0.09360000 0.01789950
v 0.05439300 0.09360000 0.03473500
v 0.05393937 0.09360000 0.03406125
v 0.05434300 0.09360000 0.03439450
v 0.05451200 0.09360000 0.01892800
v 0.05449525 0.09360000 0.01839800
v 0.05456225 0.09360000 0.02034550
v 0.05448725 0.09360000 0.03006900
v 0.05426675 0.09360000 0.03190562
v 0.05484294 0.09360000 0.03294819
v 0.05463000 0.09360000 0.03512900
v 0.05468250 0.09360000 0.01864400
v 0.05475200 0.09360000 0.03135500
v 0.05468250 0.09360000 0.03265000
v 0.05446300 0.09360000 0.01936300
v 0.05428088 0.09360000 0.02030563
v 0.05448750 0.09360000 0.02122350
v 0.05438475 0.09360000 0.02155700
v 0.05456100 0.09360000 0.02292500
v 0.05465650 0.09360000 0.02876650
v 0.05470750 0.09360000 0.03092100
v 0.05475500 0.09360000 0.03273600
v 0.05449000 0.09360000 0.03494500
v 0.05590900 0.09360000 0.01568237
v 0.05506200 0.09360000 0.01529700
v 0.05490800 0.09360000 0.03533300
v 0.05493200 0.09360000 0.02902900
v 0.05533700 0.09360000 0.01533500
v 0.05532175 0.09360000 0.02031338
v 0.05513213 0.09360000 0.02876062
v 0.05556600 0.09360000 0.02050500
v 0.05567625 0.09360000 0.01834600
v 0.05561300 0.09360000 0.01532200
v 0.05529025 0.09360000 0.02260050
v 0.05569100 0.09360000 0.02281100
v 0.05556900 0.09360000 0.02891750
v 0.05548256 0.09360000 0.03561738
v 0.05587600 0.09360000 0.02062300
v 0.05577800 0.09360000 0.02056700
v 0.05578050 0.09360000 0.02898000
v 0.05569200 0.09360000 0.03542400
v 0.05915106 0.09360000 0.01329594
v 0.05547500 0.09360000 0.03903750
v 0.05484150 0.09360000 0.02909650
v 0.05414700 0.09360000 0.02057600
v 0.05425000 0.09360000 0.03249500
v 0.05323600 0.09360000 0.03214100
v 0.05097450 0.09360000 0.01701050
v 0.06846619 0.09360000 0.02628606
v 0.06154050 0.09360000 0.03770450
v 0.06167500 0.09360000 0.03741200
v 0.06364650 0.09360000 0.01675050
v 0.05994200 0.09360000 0.01471100
v 0.06026600 0.09360000 0.01426500
v 0.06086575 0.09360000 0.01394175
v 0.06289725 0.09360000 0.01673044
v 0.05739850 0.09360000 0.01378675
v 0.05709137 0.09360000 0.01431913
v 0.05817200 0.09360000 0.01419000
v 0.05835006 0.09360000 0.01722775
v 0.05979600 0.09360000 0.01524200
v 0.05979600 0.09360000 0.01551900
v 0.05938400 0.09360000 0.01707900
v 0.05984500 0.09360000 0.01497000
v 0.05994200 0.09360000 0.01605000
v 0.05965294 0.09360000 0.01533137
v 0.06048300 0.09360000 0.01666900
v 0.06008012 0.09360000 0.01660600
v 0.06070619 0.09360000 0.01906650
v 0.06117638 0.09360000 0.01831538
v 0.06072600 0.09360000 0.01680000
v 0.06137587 0.09360000 0.01912344
v 0.06087700 0.09360000 0.01772475
v 0.06137800 0.09360000 0.01878500
v 0.06186825 0.09360000 0.02094875
v 0.06207400 0.09360000 0.02045413
v 0.06231700 0.09360000 0.01690000
v 0.06198844 0.09360000 0.01682381
v 0.06176706 0.09360000 0.01959513
v 0.06206500 0.09360000 0.02072200
v 0.06181300 0.09360000 0.01991900
v 0.06280200 0.09360000 0.02232600
v 0.06326700 0.09360000 0.02024400
v 0.06303900 0.09360000 0.02020600
v 0.06417987 0.09360000 0.02049125
v 0.06257500 0.09360000 0.01685200
v 0.06129725 0.09360000 0.01718200
v 0.06401500 0.09360000 0.02316400
v 0.06399200 0.09360000 0.02290900
v 0.06423594 0.09360000 0.02186063
v 0.06392700 0.09360000 0.02326950
v 0.06424700 0.09360000 0.01873550
v 0.06413500 0.09360000 0.01958100
v 0.06413500 0.09360000 0.01985800
v 0.06305950 0.09360000 0.01982956
v 0.06418400 0.09360000 0.01930900
v 0.06418400 0.09360000 0.02013000
v 0.06408800 0.09360000 0.02239500
v 0.06460500 0.09360000 0.01860400
v 0.06455800 0.09360000 0.02177200
v 0.06525425 0.09360000 0.02129513
v 0.06465400 0.09360000 0.02470300
v 0.06484500 0.09360000 0.02483200
v 0.06460500 0.09360000 0.02083500
v 0.06466994 0.09360000 0.02437931
v 0.06577200 0.09360000 0.02605800
v 0.06601200 0.09360000 0.02473800
v 0.06547025 0.09360000 0.02553556
v 0.06587000 0.09360000 0.02631800
v 0.06627500 0.09360000 0.02177200
v 0.06647000 0.09360000 0.02194900
v 0.06640131 0.09360000 0.02147800
v 0.06649700 0.09360000 0.02732100
v 0.06780137 0.09360000 0.02401288
v 0.06677300 0.09360000 0.02776700
v 0.06686900 0.09360000 0.02828100
v 0.06665600 0.09360000 0.02753100
v 0.06678381 0.09360000 0.02734831
v 0.06659606 0.09360000 0.02418869
v 0.06572300 0.09360000 0.02578600
v 0.06381656 0.09360000 0.02263537
v 0.05588300 0.09360000 0.01526100
v 0.05576750 0.09360000 0.01798275
v 0.05606700 0.09360000 0.02287500
v 0.05597150 0.09360000 0.02908950
v 0.05625200 0.09360000 0.01881900
v 0.05625200 0.09360000 0.02187200
v 0.05624950 0.09360000 0.01851600
v 0.05644375 0.09360000 0.01678100
v 0.05611575 0.09360000 0.01831125
v 0.05597400 0.09360000 0.02068000
v 0.05639188 0.09360000 0.03208075
v 0.05654219 0.09360000 0.03515244
v 0.05626950 0.09360000 0.01772250
v 0.05646350 0.09360000 0.03298300
v 0.05661100 0.09360000 0.03256200
v 0.05636800 0.09360000 0.01499900
v 0.05613700 0.09360000 0.01515200
v 0.05655138 0.09360000 0.02181250
v 0.05635000 0.09360000 0.02208400
v 0.05664000 0.09360000 0.01587000
v 0.05637250 0.09360000 0.02910300
v 0.05661700 0.09360000 0.02896200
v 0.05671450 0.09360000 0.02876800
v 0.05653637 0.09360000 0.02997188
v 0.05681500 0.09360000 0.03514300
v 0.05690700 0.09360000 0.01986500
v 0.05602488 0.09360000 0.02040238
v 0.05690156 0.09360000 0.03057725
v 0.05700006 0.09360000 0.03669625
v 0.05682900 0.09360000 0.01485800
v 0.05671200 0.09360000 0.01612300
v 0.05641250 0.09360000 0.01891388
v 0.05694450 0.09360000 0.02124800
v 0.05614025 0.09360000 0.02234938
v 0.05685500 0.09360000 0.02860100
v 0.05681300 0.09360000 0.03071700
v 0.05663425 0.09360000 0.03126875
v 0.05719512 0.09360000 0.03190688
v 0.05652350 0.09360000 0.03383500
v 0.05674300 0.09360000 0.03591900
v 0.05709500 0.09360000 0.01999400
v 0.05720313 0.09360000 0.03448175
v 0.05726000 0.09360000 0.03106600
v 0.05740500 0.09360000 0.01688400
v 0.05728500 0.09360000 0.03679500
v 0.05715400 0.09360000 0.01696550
v 0.05723800 0.09360000 0.02291500
v 0.05769400 0.09360000 0.02338950
v 0.05734400 0.09360000 0.02836050
v 0.05770700 0.09360000 0.03198250
v 0.05695000 0.09360000 0.01691450
v 0.05699300 0.09360000 0.01990000
v 0.05693413 0.09360000 0.02094450
v 0.05755425 0.09360000 0.02020388
v 0.05709600 0.09360000 0.02335300
v 0.05713400 0.09360000 0.02842350
v 0.05725544 0.09360000 0.03069825
v 0.05712000 0.09360000 0.03134150
v 0.05723600 0.09360000 0.03211100
v 0.05702200 0.09360000 0.03400500
v 0.05709000 0.09360000 0.03661800
v 0.05682900 0.09360000 0.01635900
v 0.05677588 0.09360000 0.02306675
v 0.05677500 0.09360000 0.02314800
v 0.05694450 0.09360000 0.02853300
v 0.05683100 0.09360000 0.03388500
v 0.05693200 0.09360000 0.03490800
v 0.05693200 0.09360000 0.03640800
v 0.05656800 0.09360000 0.01480800
v 0.05669000 0.09360000 0.03078100
v 0.05730350 0.09360000 0.02007875
v 0.05775487 0.09360000 0.02398062
v 0.05764200 0.09360000 0.02741300
v 0.05745500 0.09360000 0.03122350
v 0.05743700 0.09360000 0.03126950
v 0.05810725 0.09360000 0.02847725
v 0.05809000 0.09360000 0.03230600
v 0.05823419 0.09360000 0.03424456
v 0.05770512 0.09360000 0.01717387
v 0.05769625 0.09360000 0.02318825
v 0.05785800 0.09360000 0.02709900
v 0.05777800 0.09360000 0.02838500
v 0.05810775 0.09360000 0.02829125
v 0.05797450 0.09360000 0.01919300
v 0.05824300 0.09360000 0.02545700
v 0.05823000 0.09360000 0.02602700
v 0.05815500 0.09360000 0.02742800
v 0.05820575 0.09360000 0.02732575
v 0.05775850 0.09360000 0.02783175
v 0.05684375 0.09360000 0.02826475
v 0.05845900 0.09360000 0.02200400
v 0.05852944 0.09360000 0.03334544
v 0.05839550 0.09360000 0.02232650
v 0.05884894 0.09360000 0.02962131
v 0.05872975 0.09360000 0.02237275
v 0.05835800 0.09360000 0.02886300
v 0.05833300 0.09360000 0.01919700
v 0.05822950 0.09360000 0.01924050
v 0.05839400 0.09360000 0.02423200
v 0.05839400 0.09360000 0.02706100
v 0.05827500 0.09360000 0.03707700
v 0.05689381 0.09360000 0.01946950
v 0.05807700 0.09360000 0.02124300
v 0.05809850 0.09360000 0.02713637
v 0.05861325 0.09360000 0.02564700
v 0.05900550 0.09360000 0.03232425
v 0.05801200 0.09360000 0.03707700
v 0.05831919 0.09360000 0.01860494
v 0.05871700 0.09360000 0.01818700
v 0.05870450 0.09360000 0.01889100
v 0.05811863 0.09360000 0.03210375
v 0.05900400 0.09360000 0.01733700
v 0.05886400 0.09360000 0.03377300
v 0.05900400 0.09360000 0.03395700
v 0.05856200 0.09360000 0.01762600
v 0.05876700 0.09360000 0.01841300
v 0.05861975 0.09360000 0.02868775
v 0.05905500 0.09360000 0.02958600
v 0.05830275 0.09360000 0.02119587
v 0.05906700 0.09360000 0.02949400
v 0.05915900 0.09360000 0.02933400
v 0.05845000 0.09360000 0.02151800
v 0.05910300 0.09360000 0.02940800
v 0.05907400 0.09360000 0.02115600
v 0.05917100 0.09360000 0.02133100
v 0.05942794 0.09360000 0.02899956
v 0.05934500 0.09360000 0.02128500
v 0.05993150 0.09360000 0.01934563
v 0.05943700 0.09360000 0.02129800
v 0.05868113 0.09360000 0.02180850
v 0.05920900 0.09360000 0.01938125
v 0.05923300 0.09360000 0.02927800
v 0.05924550 0.09360000 0.03020750
v 0.05929900 0.09360000 0.02991550
v 0.05918000 0.09360000 0.03410700
v 0.05938400 0.09360000 0.03421500
v 0.05918000 0.09360000 0.01718700
v 0.05898100 0.09360000 0.01923500
v 0.05750800 0.09360000 0.03693300
v 0.05955400 0.09360000 0.03118700
v 0.05959700 0.09360000 0.02139000
v 0.05952900 0.09360000 0.03140600
v 0.05968900 0.09360000 0.02155000
v 0.05954175 0.09360000 0.03606850
v 0.05965400 0.09360000 0.02146400
v 0.05955800 0.09360000 0.02469900
v 0.05982850 0.09360000 0.02930612
v 0.06022200 0.09360000 0.02184250
v 0.06022175 0.09360000 0.03005187
v 0.06006500 0.09360000 0.03425200
v 0.06141625 0.09360000 0.02472375
v 0.06012000 0.09360000 0.03044100
v 0.05985200 0.09360000 0.03094256
v 0.06029500 0.09360000 0.02175600
v 0.05954600 0.09360000 0.02926000
v 0.05956775 0.09360000 0.03179925
v 0.05983200 0.09360000 0.03442225
v 0.05961125 0.09360000 0.02119594
v 0.06068500 0.09360000 0.03008600
v 0.06066425 0.09360000 0.02347800
v 0.06077400 0.09360000 0.02379800
v 0.06063000 0.09360000 0.03386900
v 0.06049650 0.09360000 0.03209750
v 0.06058994 0.09360000 0.03412094
v 0.06084050 0.09360000 0.02985100
v 0.06136525 0.09360000 0.02149750
v 0.06095581 0.09360000 0.02374906
v 0.06102200 0.09360000 0.02736400
v 0.06099900 0.09360000 0.02150650
v 0.06117600 0.09360000 0.02414800
v 0.06137988 0.09360000 0.02703950
v 0.06116400 0.09360000 0.02424000
v 0.06118800 0.09360000 0.02696400
v 0.06116400 0.09360000 0.02405600
v 0.06112800 0.09360000 0.02432600
v 0.05968962 0.09360000 0.02211613
v 0.06108350 0.09360000 0.03338525
v 0.06135700 0.09360000 0.03294800
v 0.06120000 0.09360000 0.02705600
v 0.06145300 0.09360000 0.03243300
v 0.05969875 0.09360000 0.02443094
v 0.06145300 0.09360000 0.03346200
v 0.06089775 0.09360000 0.02138863
v 0.06157100 0.09360000 0.03219800
v 0.06198769 0.09360000 0.02891306
v 0.06122113 0.09360000 0.03235750
v 0.06209544 0.09360000 0.03449763
v 0.06141800 0.09360000 0.02760850
v 0.06198650 0.09360000 0.03410975
v 0.06238100 0.09360000 0.02913600
v 0.06262700 0.09360000 0.02467450
v 0.06255800 0.09360000 0.02492800
v 0.06220500 0.09360000 0.02928600
v 0.06258600 0.09360000 0.02226600
v 0.06299025 0.09360000 0.02531737
v 0.06338219 0.09360000 0.02653825
v 0.06272881 0.09360000 0.03121144
v 0.06280800 0.09360000 0.03107500
v 0.06125525 0.09360000 0.02456450
v 0.06131600 0.09360000 0.02465700
v 0.06295294 0.09360000 0.02581162
v 0.06234394 0.09360000 0.02231088
v 0.06144806 0.09360000 0.02389031
v 0.06309100 0.09360000 0.02576200
v 0.06326700 0.09360000 0.02899100
v 0.06303900 0.09360000 0.03108800
v 0.06355300 0.09360000 0.02476200
v 0.06337700 0.09360000 0.02638200
v 0.06348200 0.09360000 0.02907600
v 0.06348200 0.09360000 0.03096500
v 0.06373800 0.09360000 0.03189950
v 0.06367300 0.09360000 0.03083500
v 0.06366687 0.09360000 0.02819306
v 0.06402500 0.09360000 0.02979100
v 0.06395100 0.09360000 0.03046900
v 0.06360619 0.09360000 0.02457737
v 0.06395100 0.09360000 0.02957200
v 0.06398100 0.09360000 0.03124875
v 0.06375800 0.09360000 0.02465400
v 0.06382019 0.09360000 0.02911225
v 0.06423300 0.09360000 0.02753100
v 0.06458500 0.09360000 0.02714400
v 0.06480900 0.09360000 0.02700600
v 0.06426038 0.09360000 0.03015956
v 0.06422056 0.09360000 0.03307138
v 0.06548875 0.09360000 0.02679800
v 0.06435475 0.09360000 0.02709906
v 0.06634487 0.09360000 0.02955987
v 0.06663313 0.09360000 0.03203700
v 0.06671450 0.09360000 0.02891400
v 0.06411500 0.09360000 0.02776700
v 0.06008400 0.09360000 0.03682100
v 0.05988125 0.09360000 0.03638550
v 0.06026600 0.09360000 0.03702900
v 0.05814294 0.09360000 0.03780806
v 0.06317200 0.09360000 0.03431800
v 0.05033525 0.09360000 0.01360875
v 0.03501150 0.09360000 0.01408850
v 0.05122538 0.09360000 0.01458975
v 0.04982100 0.09360000 0.01388150
v 0.04770912 0.09360000 0.03506325
v 0.04799100 0.09360000 0.03632400
v 0.03832600 0.09360000 0.03082100
v 0.04725900 0.09360000 0.03586625
v 0.05328375 0.09360000 0.03841000
v 0.04940900 0.09360000 0.03745500
v 0.04887200 0.09360000 0.03733300
v 0.05479900 0.09360000 0.03892100
v 0.05506200 0.09360000 0.03900600
v 0.05506200 0.09360000 0.01228700
v 0.05547500 0.09360000 0.01225650
f 1 2 3
f 5 6 7
f 7 8 9
f 9 8 11
f 4 16 3
f 31 27 29
f 33 31 32
f 31 33 27
f 27 33 12
f 32 24 36
f 32 36 33
f 32 20 22
f 32 22 24
f 47 48 46
f 46 48 13
f 47 49 48
f 49 47 59
f 59 47 60
f 57 58 59
f 59 60 63
f 63 60 29
f 61 63 62
f 27 28 29
f 29 28 63
f 63 28 66
f 70 40 69
f 70 20 40
f 40 20 32
f 40 32 69
f 69 32 71
f 31 72 32
f 32 72 71
f 29 72 31
f 60 73 29
f 29 73 72
f 73 60 47
f 73 47 76
f 17 41 13
f 13 41 46
f 46 76 47
f 76 46 41
f 92 94 30
f 54 106 53
f 53 106 107
f 53 107 100
f 100 108 55
f 55 108 109
f 56 110 111
f 111 112 56
f 52 119 120
f 52 120 103
f 51 129 130
f 51 130 50
f 130 131 50
f 2 136 4
f 4 136 137
f 138 139 45
f 143 144 75
f 74 145 42
f 136 18 44
f 136 44 146
f 146 44 43
f 35 34 153
f 35 153 9
f 5 155 156
f 156 157 37
f 39 38 159
f 160 161 94
f 94 161 30
f 160 65 164
f 165 64 166
f 67 169 68
f 77 175 78
f 208 83 175
f 89 177 178
f 173 88 179
f 185 81 181
f 177 82 178
f 177 80 82
f 185 95 182
f 191 185 172
f 172 93 191
f 172 96 93
f 194 99 172
f 172 99 98
f 172 98 96
f 195 97 101
f 195 101 194
f 194 101 99
f 206 197 171
f 206 14 197
f 175 214 208
f 208 214 207
f 19 214 175
f 175 21 19
f 83 78 175
f 21 175 23
f 25 180 87
f 25 23 180
f 180 23 175
f 180 175 87
f 87 175 77
f 88 173 26
f 88 26 91
f 173 225 26
f 26 225 10
f 10 225 173
f 10 173 179
f 179 95 10
f 174 90 171
f 171 90 206
f 90 174 206
f 85 174 84
f 79 185 182
f 88 89 179
f 179 89 178
f 179 178 79
f 95 179 182
f 182 179 79
f 185 79 178
f 185 178 81
f 81 178 82
f 86 83 176
f 176 83 208
f 176 208 15
f 15 208 207
f 191 95 185
f 172 185 181
f 171 84 174
f 85 86 174
f 174 86 176
f 174 176 206
f 206 176 14
f 14 176 15
f 240 181 195
f 181 240 172
f 240 234 172
f 172 234 194
f 194 234 240
f 194 240 195
f 81 80 181
f 181 80 177
f 181 177 195
f 195 177 97
f 97 177 171
f 97 171 102
f 89 84 177
f 177 84 171
f 102 171 197
f 146 213 212
f 215 144 216
f 216 142 217
f 209 141 210
f 141 140 210
f 210 140 139
f 210 139 211
f 211 137 212
f 135 134 198
f 198 134 133
f 133 132 199
f 199 132 131
f 199 131 200
f 200 129 201
f 129 128 201
f 201 128 127
f 196 126 202
f 202 125 203
f 125 124 203
f 203 124 123
f 203 123 204
f 123 122 204
f 204 122 121
f 204 121 205
f 205 120 170
f 117 229 230
f 117 116 229
f 229 116 114
f 229 114 232
f 232 115 113
f 232 113 233
f 235 112 236
f 236 110 237
f 110 109 237
f 237 109 108
f 237 108 238
f 238 106 239
f 106 105 239
f 239 105 104
f 239 104 241
f 231 118 230
f 169 186 189
f 186 168 184
f 183 167 187
f 188 163 192
f 193 162 190
f 228 158 222
f 223 155 224
f 155 154 224
f 224 154 153
f 226 152 221
f 220 151 218
f 151 150 218
f 218 150 149
f 218 149 219
f 148 147 227
f 227 147 159
f 245 253 246
f 246 254 255
f 252 245 256
f 244 258 259
f 242 262 243
f 250 267 268
f 250 268 251
f 269 250 249
f 270 249 248
f 270 248 271
f 247 246 255
f 247 272 248
f 248 272 273
f 278 277 257
f 280 259 281
f 281 259 258
f 282 258 263
f 284 261 285
f 285 261 260
f 287 264 288
f 288 264 265
f 289 266 290
f 300 274 301
f 301 274 275
f 302 276 303
f 304 278 279
f 304 279 305
f 305 279 280
f 306 281 307
f 307 281 282
f 309 308 283
f 309 283 310
f 310 283 284
f 311 285 312
f 312 285 286
f 315 289 316
f 316 289 290
f 317 291 318
f 318 291 292
f 319 293 320
f 320 293 294
f 321 295 322
f 322 296 323
f 323 296 297
f 324 298 325
f 325 298 299
f 313 326 312
f 312 326 311
f 327 307 328
f 329 304 305
f 329 305 327
f 301 330 300
f 300 330 325
f 320 331 332
f 315 333 334
f 315 334 314
f 314 334 335
f 341 342 337
f 337 342 343
f 337 343 339
f 338 344 337
f 337 344 345
f 336 340 346
f 348 350 351
f 358 354 355
f 359 355 356
f 360 357 361
f 348 351 349
f 363 359 360
f 363 360 364
f 364 360 361
f 364 361 365
f 365 361 362
f 365 362 366
f 378 367 368
f 378 368 379
f 381 383 384
f 385 369 370
f 385 370 386
f 387 371 372
f 387 372 388
f 388 373 389
f 390 374 375
f 390 375 391
f 392 376 377
f 392 377 393
f 396 389 390
f 396 390 397
f 381 384 382
f 400 395 401
f 402 396 397
f 402 397 403
f 403 397 398
f 404 353 352
f 410 405 411
f 413 406 407
f 413 407 414
f 417 408 409
f 417 409 418
f 421 410 411
f 421 411 422
f 422 411 412
f 422 412 423
f 424 414 425
f 426 415 416
f 426 416 427
f 427 416 348
f 427 348 347
f 399 394 429
f 430 419 420
f 430 420 431
f 431 420 421
f 431 421 432
f 399 429 428
f 435 430 431
f 436 431 432
f 436 432 437
f 438 433 434
f 438 434 439
f 380 440 441
f 454 447 446
f 443 459 444
f 445 460 461
f 445 461 456
f 457 443 462
f 463 442 464
f 465 452 466
f 467 452 451
f 469 451 450
f 472 449 473
f 473 449 448
f 477 475 453
f 478 453 454
f 479 455 480
f 483 482 456
f 484 459 485
f 485 459 458
f 486 458 457
f 486 457 487
f 488 463 489
f 489 463 464
f 490 466 491
f 491 466 467
f 491 467 492
f 492 467 468
f 493 468 469
f 494 469 470
f 495 471 496
f 498 497 472
f 499 473 500
f 500 473 474
f 506 476 507
f 507 476 477
f 507 477 508
f 508 477 478
f 509 480 481
f 510 484 511
f 511 484 485
f 512 487 513
f 513 487 488
f 516 492 517
f 520 498 521
f 521 498 499
f 523 501 524
f 524 501 502
f 506 525 505
f 505 526 504
f 504 527 503
f 522 523 528
f 528 523 527
f 521 529 530
f 531 532 518
f 531 519 530
f 515 533 534
f 515 534 514
f 535 540 541
f 539 542 537
f 537 542 535
f 537 535 543
f 543 535 536
f 538 544 539
f 539 544 545
f 546 548 549
f 558 552 559
f 560 553 561
f 562 554 563
f 563 554 555
f 563 555 564
f 564 555 556
f 564 556 565
f 546 549 547
f 566 557 558
f 566 558 567
f 568 559 560
f 568 560 569
f 572 562 563
f 572 563 573
f 578 567 568
f 578 568 579
f 580 569 570
f 580 570 581
f 582 571 572
f 583 572 573
f 583 573 584
f 585 574 575
f 585 575 586
f 591 576 577
f 591 577 592
f 593 580 594
f 595 582 596
f 598 584 585
f 598 585 599
f 601 597 598
f 601 598 602
f 604 602 605
f 586 575 606
f 607 608 609
f 607 609 610
f 614 551 550
f 615 611 616
f 617 612 613
f 617 613 618
f 623 616 617
f 625 618 619
f 625 619 626
f 627 620 621
f 627 621 628
f 628 621 548
f 628 548 546
f 586 606 629
f 629 606 622
f 629 622 630
f 631 623 624
f 631 624 632
f 603 600 636
f 639 632 633
f 639 633 640
f 603 636 635
f 635 636 637
f 635 637 643
f 644 638 639
f 644 639 645
f 647 641 642
f 647 642 648
f 648 642 590
f 648 590 589
f 649 646 647
f 649 647 650
f 587 634 588
f 667 661 668
f 666 660 665
f 700 697 699
f 699 697 698
f 695 700 701
f 702 703 689
f 702 692 704
f 687 658 708
f 709 686 713
f 734 722 718
f 718 722 719
f 734 726 722
f 722 726 732
f 734 733 726
f 746 699 745
f 745 699 698
f 745 698 747
f 747 698 697
f 757 754 800
f 757 800 748
f 734 763 853
f 683 766 734
f 853 763 846
f 846 763 766
f 778 776 780
f 782 783 841
f 841 783 659
f 782 657 783
f 707 658 687
f 707 687 708
f 707 708 706
f 787 785 786
f 788 787 786
f 702 695 692
f 692 695 791
f 692 791 788
f 788 791 787
f 809 734 718
f 809 718 719
f 734 809 683
f 683 809 681
f 819 813 823
f 819 826 847
f 846 832 853
f 835 832 846
f 787 735 785
f 819 735 837
f 848 843 841
f 841 843 842
f 680 844 835
f 782 845 680
f 680 845 844
f 752 748 782
f 782 748 686
f 686 748 713
f 842 845 841
f 841 845 782
f 771 776 778
f 754 778 802
f 754 802 800
f 709 657 686
f 686 657 782
f 782 680 778
f 778 680 835
f 778 835 771
f 826 832 847
f 847 832 835
f 778 754 782
f 782 754 757
f 782 757 752
f 835 846 771
f 766 683 846
f 846 780 776
f 846 776 771
f 813 819 786
f 786 819 847
f 848 835 844
f 848 844 843
f 813 786 785
f 788 847 835
f 788 835 848
f 692 848 841
f 692 841 659
f 692 659 705
f 683 681 849
f 683 849 846
f 846 849 780
f 780 849 808
f 780 808 778
f 778 808 802
f 734 766 763
f 819 853 832
f 819 832 826
f 819 823 817
f 785 819 817
f 785 817 813
f 735 819 785
f 786 847 788
f 692 788 848
f 692 705 704
f 853 819 734
f 734 819 837
f 734 837 733
f 663 674 664
f 662 675 676
f 857 717 858
f 717 716 858
f 859 682 860
f 860 682 812
f 860 812 861
f 861 812 811
f 861 811 862
f 862 811 810
f 864 806 865
f 806 807 865
f 866 804 867
f 867 804 801
f 868 799 869
f 869 799 798
f 863 870 803
f 882 881 880
f 884 742 886
f 744 879 887
f 892 893 891
f 669 670 894
f 901 899 890
f 895 902 669
f 669 902 898
f 890 897 883
f 883 897 894
f 908 907 909
f 910 911 912
f 912 913 914
f 912 914 909
f 916 915 917
f 916 917 918
f 910 919 920
f 921 922 923
f 924 925 922
f 922 925 926
f 922 926 923
f 927 924 928
f 929 931 928
f 928 931 932
f 930 929 933
f 933 934 935
f 934 936 935
f 941 940 942
f 944 943 945
f 945 937 946
f 953 952 954
f 956 954 957
f 960 961 962
f 959 960 965
f 967 966 968
f 968 947 970
f 973 903 974
f 976 974 977
f 979 978 980
f 982 980 983
f 985 983 971
f 1005 1013 1014
f 1018 1020 885
f 878 875 876
f 878 876 877
f 873 1023 872
f 1029 993 1028
f 1028 993 992
f 1027 996 1026
f 1026 996 995
f 1025 994 1024
f 1024 994 991
f 1031 990 1030
f 1032 1000 1033
f 1033 1000 999
f 1034 998 1035
f 1035 998 997
f 1036 1002 1037
f 1037 1002 1001
f 1038 1015 1039
f 1039 1015 1016
f 1040 1016 1017
f 1041 1006 1042
f 1042 1006 1007
f 1043 1008 1044
f 1044 1008 1004
f 1046 1045 1003
f 1047 1019 1048
f 1049 1022 1050
f 1050 1022 1021
f 1051 989 1054
f 1054 989 988
f 1053 987 1052
f 1052 987 986
f 1059 1057 1055
f 1056 1059 1055
f 1058 1061 1055
f 1063 1062 1055
f 1060 1063 1055
f 1067 1065 1064
f 1064 1068 1069
f 1070 1068 1064
f 1066 1070 1064
f 1069 1072 1064
f 1064 1073 1074
f 1075 1073 1064
f 1071 1075 1064
f 1074 1067 1064
f 1076 1077 1078
f 1079 1077 1076
f 1076 1080 1081
f 1078 1082 1076
f 1076 1083 1084
f 1085 1083 1076
f 1081 1085 1076
f 1076 1086 1087
f 1088 1086 1076
f 1087 1079 1076
f 1092 1090 1089
f 1089 1093 1094
f 1095 1093 1089
f 1091 1095 1089
f 1089 1096 1097
f 1089 1098 1099
f 1099 1092 1089
f 1100 711 759
f 805 852 1101
f 1101 852 851
f 1101 851 850
f 759 805 1100
f 1100 805 1101
f 1100 1101 1102
f 1102 1101 1103
f 1104 1105 1106
f 1105 1107 1106
f 1106 1107 972
f 1106 972 948
f 714 1108 1109
f 714 1109 715
f 715 1109 1110
f 715 1110 712
f 710 1112 1113
f 710 1113 784
f 1110 1123 1124
f 1110 1124 1111
f 1112 1125 1126
f 1112 1126 1113
f 1114 1128 1116
f 1116 1128 1129
f 1116 1129 1115
f 1117 1130 1131
f 1117 1131 1118
f 1119 1132 1133
f 1120 1134 1135
f 1120 1135 1121
f 1121 1135 1136
f 1121 1136 1137
f 970 1136 1135
f 970 1135 969
f 969 1135 1134
f 969 1134 967
f 967 1134 1133
f 967 1133 965
f 961 1131 1130
f 961 1130 963
f 963 1130 1129
f 963 1129 964
f 958 1128 1127
f 958 1127 956
f 955 1126 1125
f 955 1125 953
f 953 1125 1124
f 953 1124 951
f 950 1123 1122
f 950 1122 949
f 720 1144 1145
f 720 1145 721
f 1141 1146 1147
f 1141 1147 1142
f 1142 1147 1148
f 1142 1148 1143
f 1144 1151 1152
f 1144 1152 1145
f 985 1153 1152
f 985 1152 984
f 984 1152 1151
f 984 1151 982
f 981 1150 1149
f 981 1149 979
f 977 1148 1147
f 977 1147 976
f 975 1146 1139
f 975 1139 973
f 1138 1158 1159
f 1138 1159 1140
f 1140 1159 904
f 904 1159 1160
f 904 1160 905
f 1161 1162 1163
f 691 1164 1165
f 1161 1163 1168
f 1162 1169 1170
f 1172 942 944
f 1172 944 1171
f 1174 1173 1175
f 1175 1154 1174
f 1174 1154 1155
f 1174 1155 939
f 939 1155 938
f 920 917 1180
f 1183 743 741
f 1159 1158 1185
f 1187 926 925
f 1187 925 1189
f 905 1160 936
f 936 1160 1186
f 906 908 1194
f 1194 908 1195
f 1181 1178 1197
f 1197 1178 1177
f 1159 1185 1186
f 1186 1185 1198
f 1186 1198 1193
f 1193 1198 1199
f 1192 1199 1200
f 1192 1200 1191
f 1190 1201 1202
f 1190 1202 1189
f 1204 1196 1205
f 1204 1205 1206
f 1207 1208 1209
f 1210 1208 1211
f 1211 1208 1207
f 1211 1207 1180
f 1180 1212 1211
f 1211 1212 1213
f 1157 1184 1185
f 1199 1214 1215
f 1199 1215 1200
f 1200 1215 1216
f 1200 1216 1201
f 1195 1182 1196
f 1196 1182 1217
f 1182 1181 1217
f 1217 1181 1197
f 920 1180 1179
f 1179 1180 1207
f 1177 1207 1209
f 1203 1176 1213
f 1203 1213 1188
f 1188 1213 1212
f 1206 1166 1167
f 1218 677 679
f 1218 679 678
f 1222 781 1223
f 1223 781 779
f 1224 777 1225
f 1225 777 775
f 1219 774 1220
f 1220 774 773
f 1220 773 1221
f 1221 773 772
f 1229 767 1230
f 1230 767 770
f 1231 769 1232
f 1232 769 768
f 1226 1233 765
f 1227 764 1228
f 1228 764 762
f 1234 874 871
f 1239 758 1240
f 1240 758 760
f 1240 760 1241
f 760 761 1241
f 1242 685 684
f 1243 749 1244
f 1244 749 753
f 1235 756 1236
f 1236 756 755
f 1237 750 1238
f 1238 750 751
f 856 889 888
f 855 854 900
f 738 1156 1250
f 1250 1156 740
f 1251 740 739
f 1248 1247 736
f 1249 737 738
f 1245 896 1246
f 655 691 656
f 656 691 1165
f 651 694 652
f 652 694 696
f 652 696 653
f 653 696 693
f 654 688 655
f 655 688 690
f 655 690 691
f 1253 820 1254
f 1254 820 818
f 1255 825 1256
f 1256 825 824
f 1256 824 1257
f 1257 824 822
f 1258 821 1259
f 1259 821 816
f 1260 815 1252
f 1252 815 814
f 1261 834 1262
f 1262 834 833
f 1265 1264 830
f 1266 831 1267
f 1267 831 829
f 1267 829 1268
f 1268 829 828
f 1268 828 1263
f 1263 828 827
f 1282 1011 1281
f 1281 1011 1012
f 1284 1010 1283
f 1283 1010 1009
f 1290 1291 1278
f 1289 1279 1288
f 1288 1280 1287
f 1287 1280 1273
f 1287 1273 1286
f 1286 1273 1274
f 1286 1274 1285
f 1285 1274 1275
f 1293 1276 1292
f 1292 1276 1277
f 1294 1269 1295
f 1296 1270 1297
f 1297 1270 1271
f 1298 1272 1299
f 1302 671 1300
f 1300 671 1301
f 673 671 672
f 1305 793 1306
f 1306 793 794
f 1307 796 1308
f 1308 795 1309
f 1309 795 789
f 1310 797 1303
f 1303 790 1304
f 1304 790 792
f 1313 840 1314
f 1314 840 839
f 1311 836 1312
f 1312 836 838
f 1315 731 1316
f 1316 731 730
f 1316 730 1317
f 1317 730 729
f 1318 728 1319
f 1319 728 724
f 1320 723 727
f 1320 727 1321
f 1321 727 725
f 1850 1871 1873
f 1806 1818 1792
f 1818 1791 1792
f 1794 1836 1819
f 1795 1794 1793
f 1818 1833 1873
f 1829 1819 1836
f 1850 1848 1849
f 1846 1856 1834
f 1850 1846 1834
f 1330 2658 2964
f 2650 2665 2667
f 2836 2964 2830
f 2758 2964 2836
f 2634 2565 2645
f 2565 2634 2619
f 2565 2619 2631
f 2612 2611 2565
f 2610 2612 2565
f 2631 2610 2565
f 2649 2645 2741
f 2741 2645 2769
f 2650 2674 2662
f 2769 2645 2758
f 2650 2662 2663
f 2630 2622 2618
f 2768 2741 2795
f 2668 2844 2841
f 2668 2841 2866
f 2831 2755 2781
f 2831 2781 2770
f 2831 2770 2800
f 2831 2800 2813
f 2756 2637 2639
f 2756 2647 2646
f 2756 2646 2739
f 2800 2782 2783
f 2782 2762 2783
f 2867 2860 2857
f 2839 2845 2837
f 2826 2839 2837
f 2845 2838 2837
f 2827 2826 2837
f 2741 2754 2796
f 2668 2866 2671
f 2668 2671 2676
f 2676 2673 2674
f 2757 2753 2740
f 2676 2681 2679
f 2675 2676 2679
f 2765 2757 2799
f 2677 2680 2682
f 2677 2682 2678
f 2695 2679 2681
f 2767 2766 2740
f 2674 2670 2669
f 2669 2672 2674
f 2672 2661 2674
f 2786 2772 2803
f 2767 2804 2787
f 2779 2767 2788
f 1325 2650 2660
f 2744 2767 2740
f 2743 2744 2740
f 2664 2686 2685
f 2771 2789 2741
f 2789 2795 2741
f 2796 2771 2741
f 2664 2685 2694
f 2790 2797 2758
f 2774 2790 2758
f 2660 2700 2707
f 2868 2774 2758
f 2687 2689 2684
f 2687 2684 2703
f 2887 2870 2874
f 2853 2854 2887
f 2887 2856 2858
f 2887 2874 2872
f 2848 2832 2851
f 2859 2820 2822
f 2859 2822 2824
f 2905 2877 2883
f 2688 2684 2683
f 2873 2964 2962
f 2964 2963 2961
f 2931 2690 2923
f 2895 2683 2912
f 2898 2895 2912
f 2703 2692 2691
f 2703 2691 2693
f 2703 2693 2702
f 2701 2703 2702
f 2703 2701 2704
f 2961 2962 2964
f 2729 2696 2697
f 2729 2706 2698
f 2698 2708 2709
f 2698 2709 2712
f 2698 2712 2693
f 2659 2964 2658
f 2705 2702 2693
f 2916 1331 2965
f 2965 1331 2954
f 2807 2886 2865
f 2879 2886 2893
f 2842 2821 2807
f 2843 2842 2807
f 2864 2843 2807
f 2865 2864 2807
f 2893 2916 2918
f 2891 2893 2906
f 2835 2840 2806
f 2871 2885 2869
f 2869 2885 2882
f 2885 2892 2882
f 2823 2847 2849
f 2823 2846 2825
f 2855 2823 2850
f 2884 2876 2855
f 2861 2855 2850
f 2852 2850 2823
f 2849 2852 2823
f 2888 2894 2878
f 2878 2863 2862
f 2881 2878 2882
f 2878 2862 2882
f 2718 2719 2720
f 2909 2913 2915
f 2907 2915 2906
f 1324 2720 2722
f 2911 2906 2893
f 2948 2945 2936
f 2932 2903 2899
f 2932 2899 2901
f 2932 2901 2904
f 2890 2896 2889
f 2910 2875 2928
f 2929 2880 2920
f 2937 2930 2925
f 2930 2933 2924
f 2920 2921 2945
f 2713 2710 2711
f 2713 2711 2716
f 2713 2716 2715
f 2713 2715 2727
f 2956 2942 2960
f 2956 2960 2950
f 2956 2951 2952
f 2716 2956 2955
f 2956 2952 2955
f 2955 2717 2716
f 2717 2714 2716
f 2714 2728 2716
f 2954 1331 2958
f 1324 2722 2657
f 2958 1331 1332
f 2726 2724 2657
f 2725 2726 2721
f 2726 2725 2723
f 2958 1332 2959
f 1332 2657 2959
f 2958 2959 2957
f 2943 2953 2946
f 2953 2944 2947
f 2946 2953 2949
f 2926 2940 2947
f 2949 2942 2938
f 2900 2902 2908
f 2917 2900 2897
f 2927 2926 2935
f 2939 2926 2947
f 2941 2939 2947
f 2914 2922 2919
f 2938 2942 2934
f 2385 2431 2427
f 2385 2427 2398
f 2448 2474 2475
f 2303 2314 2304
f 2371 2328 2363
f 2376 2371 2363
f 2362 2363 2328
f 2367 2363 2369
f 2492 2452 2495
f 2452 2485 2486
f 2498 2559 2538
f 2341 2362 2328
f 2337 2341 2328
f 2350 2337 2328
f 2315 2304 2335
f 2335 2304 2283
f 2283 2304 2278
f 2335 2288 2285
f 2388 2372 2377
f 2388 2466 2411
f 2344 2335 2334
f 2335 2285 2316
f 2527 2506 2453
f 2440 2385 2446
f 2452 2450 2449
f 2477 2405 2476
f 2487 2389 2390
f 2504 2532 2520
f 2504 2520 2505
f 2511 2385 2447
f 2482 2511 2447
f 2483 2482 2447
f 2392 2457 2463
f 2420 2432 2392
f 2463 2420 2392
f 2398 2415 2419
f 2398 2419 2410
f 2399 2398 2410
f 2398 2399 2469
f 2410 2656 2501
f 2430 2410 2462
f 2412 2434 2390
f 2406 2417 2412
f 2502 2531 2530
f 2552 2554 2531
f 2656 2502 2501
f 2502 2530 2519
f 2502 2519 2503
f 2400 2467 2379
f 2503 2501 2502
f 2501 2462 2410
f 2392 2403 2391
f 2469 2370 2360
f 2469 2360 2361
f 2469 2361 2329
f 2329 2349 2281
f 1419 2967 1422
f 2379 2467 2378
f 2968 2562 2518
f 2968 2518 2585
f 2602 2576 2570
f 2602 2570 2584
f 2583 2592 2613
f 2592 2593 2613
f 2593 2606 2613
f 2577 2547 2571
f 2607 2603 2624
f 2607 2624 2606
f 2572 2545 2548
f 2589 2572 2548
f 2624 2653 2594
f 2594 2626 2624
f 2624 2625 2615
f 2615 2623 2624
f 2583 2613 2614
f 2368 2378 2467
f 2364 2368 2467
f 2354 2364 2467
f 2736 2734 2761
f 2738 2742 2731
f 2738 2731 2640
f 2302 2323 2317
f 2317 2323 2335
f 2323 2330 2335
f 2299 2317 2335
f 2330 2334 2335
f 2316 2299 2335
f 2620 2609 2614
f 2583 2614 2605
f 2583 2605 2575
f 2605 2632 2633
f 2633 2632 2636
f 2775 2808 2773
f 2737 2780 2791
f 2737 2791 2760
f 2737 2760 2749
f 2737 2749 2632
f 2632 2746 2730
f 2632 2745 2746
f 2632 2759 2798
f 2632 2798 2745
f 2759 2666 2798
f 2730 2641 2632
f 2641 2636 2632
f 2969 2585 2966
f 2276 2278 2273
f 2273 2278 2272
f 2272 2278 2269
f 2980 2650 1326
f 1327 1398 1400
f 2979 2980 1326
f 1326 1327 1400
f 1326 1400 2979
f 1400 1402 2979
f 2979 1402 2966
f 1402 1404 1418
f 2966 1402 1418
f 2967 2966 1418
f 2261 2271 2257
f 2257 2271 2258
f 2256 2271 2260
f 2293 2289 2277
f 2297 2289 2286
f 2289 2284 2290
f 2277 2289 2279
f 2302 2297 2308
f 2300 2308 2297
f 2286 2300 2297
f 2290 2286 2289
f 2282 2279 2318
f 2318 2279 2274
f 2274 2279 2294
f 2318 2280 2291
f 2331 2324 2338
f 2470 2342 2356
f 2470 2339 2342
f 2356 2357 2470
f 2358 2345 2332
f 2345 2318 2351
f 2332 2345 2325
f 2318 2291 2292
f 1411 1410 1406
f 1410 1423 1406
f 2444 2413 2443
f 2454 2393 2455
f 2418 2478 2445
f 2464 2426 2418
f 2445 2464 2418
f 1892 1852 1868
f 1892 1868 1916
f 1914 1892 1930
f 1892 1916 1899
f 1866 1857 1869
f 1853 1841 1827
f 1853 1827 1822
f 1853 1822 1835
f 1853 1835 1843
f 1853 1843 1874
f 1828 1814 1790
f 1814 1788 1790
f 1828 1797 1796
f 1828 1796 1805
f 1840 1810 1830
f 1810 1815 1830
f 1815 1813 1830
f 1830 1817 1820
f 1843 1830 1823
f 1830 1820 1823
f 2436 2437 2435
f 2380 2458 2435
f 2433 2380 2407
f 2407 2380 2414
f 2414 2380 2404
f 2404 2380 2402
f 2402 2380 2468
f 2468 2380 2401
f 1901 1894 1915
f 1900 1901 1915
f 1865 1869 1857
f 1864 1865 1857
f 1869 1867 1866
f 1854 1864 1857
f 2408 2401 2394
f 2418 2421 2409
f 1892 1899 1893
f 1892 1893 1930
f 1423 1914 1413
f 1914 1906 1908
f 1926 1930 1927
f 2394 2401 2359
f 2374 2381 2394
f 1948 1949 1972
f 1948 1972 1963
f 1948 1963 1939
f 1972 1968 1963
f 1930 1947 1971
f 1930 1971 1962
f 1930 1962 1970
f 2359 2374 2394
f 1962 1965 1970
f 1962 1975 1965
f 1930 1970 1946
f 1946 1945 1930
f 1945 1927 1930
f 1914 1908 1413
f 1423 1413 1414
f 1423 1414 1416
f 1423 1416 1415
f 2346 2359 2401
f 2358 2346 2401
f 2353 2351 2318
f 2287 2353 2318
f 2351 2325 2345
f 2292 2287 2318
f 2268 2294 2270
f 2270 2294 2264
f 2264 2294 2262
f 2267 2265 2266
f 2265 2263 2259
f 1423 1417 1406
f 2320 2301 2306
f 2309 2301 2319
f 2301 2305 2310
f 2306 2301 2311
f 2340 2326 2309
f 2327 2340 2309
f 2319 2327 2309
f 2310 2319 2301
f 2321 2311 2333
f 2333 2311 2471
f 2311 2295 2312
f 2311 2352 2471
f 2352 2311 2312
f 2365 2471 2472
f 2375 2355 2382
f 2387 2395 2423
f 2395 2373 2423
f 2439 2438 2373
f 2074 1419 1420
f 2074 1420 2064
f 2259 2255 2972
f 2077 1421 2017
f 1421 2034 2017
f 1962 1982 1421
f 2533 2439 2526
f 2439 2373 2526
f 2525 2526 2373
f 2525 2373 2365
f 2002 2015 1421
f 2015 2011 1421
f 2528 2543 2542
f 2011 2034 1421
f 1987 1966 1986
f 1987 1986 1984
f 1987 1984 2009
f 1984 1978 1988
f 2026 2009 2023
f 2009 2001 2006
f 1938 1895 1904
f 1938 1904 1903
f 1876 1877 1895
f 1895 1897 1896
f 1938 1903 1909
f 1938 1909 1905
f 2535 2542 2534
f 1880 1844 1855
f 1880 1855 1878
f 1891 1862 1859
f 1891 1859 1863
f 1891 1863 1890
f 1863 1872 1870
f 1928 1956 1882
f 1956 1881 1882
f 1910 1918 1919
f 1888 1920 1917
f 2496 2535 2515
f 1882 1887 1929
f 1928 1940 1951
f 1981 1984 1988
f 2515 2497 2496
f 1989 1976 1998
f 1976 2003 1998
f 1976 1989 1993
f 1957 1978 1928
f 1951 1957 1928
f 2514 2535 2534
f 2009 2006 2008
f 2009 2008 2023
f 2026 2023 2022
f 2023 2031 2036
f 2026 2022 2081
f 2030 2023 2036
f 2534 2542 2499
f 2499 2542 2484
f 2032 2021 2028
f 2021 2032 2020
f 2032 2019 2020
f 2032 2028 2027
f 2031 2060 2049
f 2484 2542 2525
f 2031 2048 2040
f 2031 2049 2048
f 2031 2040 2042
f 2042 2046 2031
f 2046 2036 2031
f 2017 2025 2055
f 2025 2041 2057
f 2025 2057 2055
f 2973 2259 2972
f 2255 2073 2972
f 2073 2067 2066
f 2073 2060 2062
f 2060 2054 2058
f 2066 2068 2073
f 2073 2068 2070
f 2456 2488 2459
f 2512 2479 2456
f 2441 2459 2428
f 2428 2459 2422
f 2078 2033 2037
f 2033 2010 2035
f 2018 2033 2035
f 2078 2037 2047
f 1979 1969 1974
f 1983 1964 1959
f 1973 1944 1941
f 1983 1959 1953
f 1983 1953 1954
f 1983 1954 1960
f 1937 1973 1936
f 1950 1898 1912
f 2012 1911 1994
f 1911 1921 1994
f 1921 1922 1994
f 2365 2484 2525
f 1924 1942 1943
f 2383 2365 2366
f 2472 2366 2365
f 2347 2472 2471
f 2336 2347 2471
f 2322 2295 2298
f 2298 2295 2296
f 2296 2295 2307
f 2313 2275 2970
f 1922 1923 1967
f 1922 1967 1994
f 2012 1994 1990
f 2000 2016 2014
f 2014 2004 2000
f 2004 2013 2005
f 2004 2005 1999
f 2083 1999 2007
f 2083 2007 1990
f 1990 2007 2010
f 1985 2083 1990
f 2343 2348 2970
f 2970 2275 2971
f 2078 2047 2043
f 2078 2043 2079
f 2078 2079 2059
f 2078 2059 2075
f 2052 2079 2051
f 2051 2079 2050
f 2044 2230 2024
f 2044 2024 2082
f 2079 2039 2056
f 2082 2038 2044
f 2044 2045 2039
f 2079 2056 2080
f 2056 2063 2065
f 2396 2386 2424
f 2460 2384 2461
f 2386 2425 2416
f 2429 2397 2396
f 2451 2429 2442
f 2080 2053 2079
f 2053 2050 2079
f 2442 2429 2465
f 2424 2429 2396
f 2416 2424 2386
f 2481 2461 2522
f 2522 2461 2509
f 2461 2493 2509
f 2493 2461 2490
f 2522 2509 2500
f 2480 2508 2507
f 2480 2489 2473
f 2560 2529 2549
f 2550 2549 2517
f 2580 2550 2517
f 2573 2580 2600
f 2075 2061 2076
f 2580 2517 2598
f 2600 2580 2598
f 2599 2598 2517
f 2590 2599 2561
f 2599 2517 2561
f 2075 2076 2069
f 2075 2069 2068
f 2972 2071 2072
f 2972 2072 2249
f 2976 2972 2244
f 2972 2249 2244
f 2250 2246 2247
f 2244 2249 2242
f 2249 2240 2245
f 2242 2249 2243
f 2243 2249 2245
f 2616 2588 2590
f 2227 2238 2220
f 1952 1977 1958
f 1977 1952 1961
f 1977 1955 1958
f 1991 1977 1996
f 1925 1935 1934
f 1997 1992 1913
f 2621 2629 2608
f 2206 2207 2211
f 2207 2208 2211
f 1980 2206 1995
f 2206 2211 1995
f 1995 2211 2209
f 1995 2209 2222
f 2228 2210 2218
f 2215 2213 2210
f 2228 2218 2221
f 2228 2221 2226
f 2228 2226 2232
f 2228 2232 2231
f 2235 2236 2232
f 2231 2234 2253
f 2231 2253 2229
f 2229 2239 2227
f 2574 2591 2590
f 2239 2240 2227
f 2244 2252 2248
f 2244 2248 2251
f 1471 2241 2233
f 1471 2233 2237
f 2975 2244 1470
f 1471 2219 2217
f 1471 2223 2224
f 1471 2224 2219
f 2223 2212 2224
f 1471 2217 2225
f 2244 2251 1470
f 2975 1470 1468
f 2975 1468 2977
f 1468 1467 2977
f 1466 1465 1464
f 2155 2152 2142
f 1463 2155 2140
f 2155 2142 2140
f 2147 2142 2135
f 1463 2140 2139
f 2135 2142 2138
f 2156 2150 2154
f 2156 2154 2148
f 2156 2151 2153
f 2156 2153 2150
f 2141 2156 2137
f 2156 2148 2133
f 2132 2156 2133
f 2156 2132 2134
f 2156 2134 2137
f 1821 2149 1842
f 2149 2157 1842
f 2164 2162 2165
f 2167 2164 2165
f 2165 2174 2173
f 2179 2194 2195
f 2254 2179 2189
f 2189 2179 2195
f 2586 2617 2581
f 2581 2617 2568
f 2618 2617 2654
f 2654 2617 2601
f 2601 2617 2586
f 2655 2568 2557
f 2169 2159 2168
f 2184 2169 2168
f 2160 2168 2161
f 2168 2158 2161
f 2184 2175 2176
f 2184 2176 2193
f 2193 2188 2190
f 2193 2190 2199
f 2193 2180 2187
f 2188 2193 2187
f 2193 2199 2198
f 2193 2198 2216
f 2193 2216 2204
f 2193 2204 2197
f 2214 2205 2204
f 2197 2203 2202
f 2197 2202 2194
f 2194 2201 2196
f 2196 2195 2194
f 2254 2186 2182
f 2254 2182 2183
f 2254 2183 2172
f 2166 2200 2192
f 2163 2166 2191
f 2166 2192 2191
f 2191 2181 2185
f 2177 2170 2171
f 2177 2171 1879
f 2177 1879 1851
f 1885 1931 1907
f 1885 1907 1902
f 1884 1889 1886
f 2561 2574 2590
f 2544 2561 2517
f 2522 2544 2517
f 2551 2522 2546
f 2546 2522 2558
f 2564 2536 2522
f 2500 2564 2522
f 2491 2490 2494
f 2494 2490 2510
f 2510 2490 2513
f 2537 2523 2587
f 2582 2569 2587
f 2587 2523 2974
f 2974 2975 2977
f 2978 2977 1467
f 2651 2978 1330
f 2978 1467 1461
f 1330 2978 1461
f 1330 2964 2651
f 1472 1330 1461
f 1469 1461 1467
f 1462 1463 2128
f 1884 1883 1860
f 1858 1884 1860
f 1884 1858 1861
f 2119 2109 2129
f 2129 2109 2126
f 2109 2119 2116
f 2126 2109 2128
f 2108 2109 2114
f 2109 2116 2121
f 2113 2112 2108
f 1884 1875 1851
f 1842 1847 1837
f 1842 1837 1838
f 1842 1838 1824
f 2143 1811 1808
f 2114 2113 2108
f 2121 2114 2109
f 2127 2128 2178
f 2133 2144 1800
f 2178 2128 1463
f 2131 2178 1463
f 1799 1807 2133
f 1807 2145 2133
f 1800 1799 2133
f 2145 2130 2133
f 2139 2131 1463
f 2130 2136 2133
f 2138 2142 2146
f 2125 2142 2123
f 2142 2141 2123
f 2111 2118 2110
f 2118 2124 2122
f 2110 2118 2122
f 2110 2122 2120
f 2120 2117 2110
f 2699 2696 2729
f 2777 2809 2776
f 2747 2735 2748
f 2763 2732 2792
f 2732 2763 2643
f 2763 2642 2643
f 2792 2793 2784
f 2829 2834 2817
f 2834 2828 2817
f 2828 2801 2814
f 2816 2817 2828
f 2833 2816 2815
f 2816 2828 2815
f 2828 2814 2815
f 2833 2810 2802
f 2833 2802 2818
f 2819 2638 2644
f 2819 2644 2648
f 2819 2648 2733
f 2811 2805 2812
f 2819 2733 2750
f 2785 2778 2819
f 2794 2785 2819
f 2764 2794 2819
f 2819 2750 2751
f 2752 2764 2819
f 2819 2751 2752
f 2553 2566 2556
f 2556 2566 2539
f 2521 2563 2524
f 2627 2642 2595
f 2555 2578 2595
f 2553 2555 2595
f 2516 2567 2579
f 2540 2539 2541
f 2516 2579 2596
f 2604 2539 2516
f 2604 2516 2596
f 2604 2596 2597
f 2638 2628 2652
f 2652 2635 2638
f 1386 1442 1323
f 1582 1618 1617
f 1582 1617 1624
f 1582 1624 1577
f 1638 1652 1651
f 1638 1651 1650
f 1661 1662 1671
f 1660 1647 1682
f 1518 1526 1512
f 1512 1526 1503
f 1559 1522 1560
f 1572 1559 1560
f 1543 1560 1522
f 1561 1560 1554
f 1672 1663 1699
f 1663 1657 1677
f 1682 1726 1712
f 1542 1543 1522
f 1533 1542 1522
f 1529 1533 1522
f 1499 1503 1531
f 1503 1443 1441
f 1531 1503 1476
f 1476 1503 1441
f 1531 1481 1486
f 1600 1562 1568
f 1600 1601 1595
f 1534 1531 1530
f 1531 1486 1513
f 1704 1673 1660
f 1634 1618 1643
f 1663 1640 1641
f 1649 1593 1648
f 1678 1679 1700
f 1700 1578 1569
f 1690 1689 1685
f 1690 1685 1675
f 1676 1618 1644
f 1669 1676 1644
f 1670 1669 1644
f 1596 1635 1619
f 1615 1602 1596
f 1619 1615 1596
f 1577 1607 1614
f 1577 1614 1626
f 1599 1577 1626
f 1577 1599 1549
f 1626 1659 1697
f 1623 1626 1767
f 1591 1664 1569
f 1592 1609 1591
f 1698 1711 1688
f 1716 1731 1711
f 1659 1698 1697
f 1698 1688 1684
f 1698 1684 1687
f 1587 1586 1570
f 1687 1697 1698
f 1697 1767 1626
f 1596 1590 1627
f 1549 1558 1553
f 1549 1553 1552
f 1549 1552 1548
f 1442 1548 1388
f 1323 1442 1388
f 1388 1384 1323
f 1570 1586 1573
f 1389 1390 1392
f 1385 1389 1322
f 1389 1392 1322
f 1397 1392 1394
f 1741 1736 1749
f 1741 1749 1755
f 1396 1395 1769
f 1395 1754 1769
f 1754 1783 1769
f 1737 1720 1750
f 2084 1765 1770
f 2084 1770 1783
f 1739 1717 1721
f 1763 1739 1721
f 1770 1762 1756
f 1756 1775 1770
f 1770 1774 1771
f 1771 1773 1770
f 1396 1769 1772
f 1563 1573 1586
f 1555 1563 1586
f 1538 1555 1586
f 1802 1801 1826
f 1798 1809 1804
f 1798 1804 1789
f 1497 1527 1506
f 1506 1527 1531
f 1527 1523 1531
f 1495 1506 1531
f 1523 1530 1531
f 1513 1495 1531
f 1784 1768 1772
f 1396 1772 1760
f 1396 1760 1393
f 1760 1779 1401
f 1401 1779 1399
f 1831 1845 1832
f 1803 1839 1825
f 1803 1825 1816
f 1803 1816 1812
f 1803 1812 1779
f 1779 1403 1405
f 1779 1408 1403
f 1779 1412 1407
f 1779 1407 1408
f 1405 1409 1779
f 1409 1399 1779
f 1392 1391 1394
f 1392 1398 1322
f 1322 1398 1327
f 1333 1472 1459
f 1384 1385 1322
f 1384 1322 1323
f 1386 1323 1426
f 1459 1455 1456
f 1459 1454 1455
f 1458 1460 1454
f 1333 1459 1453
f 1443 1430 1431
f 1439 1443 1438
f 2105 2106 2101
f 2101 1714 1706
f 2101 2102 2100
f 2104 2101 1706
f 2101 2100 2103
f 1752 1722 1759
f 1722 1752 1740
f 1722 2115 1759
f 1722 1740 1748
f 1722 1748 2107
f 1761 1782 1776
f 1753 1764 1787
f 1753 1781 1786
f 1747 1758 1751
f 1431 1438 1443
f 1745 1724 1751
f 1724 1723 1751
f 1746 1745 1751
f 1430 1426 1425
f 2107 1725 1730
f 2107 1730 1714
f 1639 1668 1658
f 1681 1639 1658
f 2101 2103 1452
f 1452 2097 2099
f 1452 2099 1449
f 1424 1425 1426
f 2096 2097 2095
f 2095 2097 2098
f 1585 1608 1606
f 1608 1605 1606
f 1583 1608 1585
f 2093 1608 1584
f 1608 1583 1584
f 2093 1584 2097
f 2097 2091 2092
f 1424 1328 1434
f 2097 2092 2094
f 2094 2098 2097
f 1436 1434 1429
f 1429 1434 1428
f 1436 1433 1432
f 1452 1449 1457
f 1478 1482 1473
f 1507 1482 1487
f 1482 1477 1480
f 1473 1482 1474
f 1497 1507 1517
f 1508 1517 1507
f 1450 1451 1457
f 1487 1508 1507
f 1480 1487 1482
f 1475 1474 1509
f 1451 1448 1457
f 1509 1474 1445
f 1474 1436 1437
f 1445 1474 1446
f 1521 1509 1489
f 1509 1479 1488
f 1525 1519 1535
f 1544 1537 1539
f 1544 1536 1537
f 1539 1540 1544
f 1551 1545 1574
f 1329 1333 1387
f 1637 1603 1636
f 2087 2085 1387
f 2087 2090 2089
f 2087 2089 2088
f 1611 1646 1631
f 1621 1610 1611
f 1631 1621 1611
f 1629 1646 1628
f 1629 1631 1646
f 1630 1628 1620
f 1620 1628 1604
f 2087 2086 2085
f 1625 1620 1604
f 1329 1387 1528
f 1528 1511 1485
f 1575 1604 1541
f 1581 1576 1567
f 1581 1567 1524
f 1564 1622 1556
f 1667 1680 1642
f 1616 1655 1656
f 1616 1656 1653
f 1616 1653 1654
f 1674 1696 1719
f 1696 1734 1719
f 1701 1705 1703
f 1666 1665 1645
f 1694 1695 1588
f 1695 1633 1588
f 1611 1612 1594
f 1594 1597 1575
f 1588 1632 1622
f 1622 1613 1598
f 1524 1547 1550
f 1580 1566 1546
f 1571 1556 1622
f 1589 1571 1622
f 1556 1557 1564
f 1598 1589 1622
f 1524 1550 1532
f 1524 1532 1505
f 1505 1494 1511
f 1565 1575 1579
f 1498 1500 1504
f 1500 1501 1502
f 1498 1504 1510
f 1498 1510 1514
f 1496 1498 1492
f 1498 1514 1490
f 1493 1496 1515
f 1490 1483 1498
f 1483 1492 1498
f 1492 1491 1496
f 1491 1515 1496
f 1509 1488 1489
f 1484 1520 1521
f 1489 1484 1521
f 1329 1528 1444
f 1446 1474 1437
f 1328 1329 1444
f 1432 1437 1436
f 1328 1427 1447
f 1447 1434 1328
f 1435 1447 1440
f 1516 1501 1500
f 1726 1708 1709
f 1727 1726 1735
f 1757 1742 1780
f 1742 1710 1780
f 1710 1713 1728
f 1713 1732 1718
f 1713 1707 1732
f 1733 1713 1702
f 1691 1693 1692
f 1686 1691 1683
f 1713 1733 1707
f 1785 1791 1743
f 1766 1715 1738
f 1718 1728 1713
f 1729 1733 1702
f 1744 1777 1778
f 1793 1778 1777
f 1715 1729 1702
f 1932 1924 1933
f 2029 2019 2032
f 1343 1346 1344
f 1339 1337 1338
f 1353 1352 1351
f 1341 1342 1340
f 1334 1335 1336
f 1357 1356 1354
f 1356 1355 1354
f 1347 1350 1349
f 1347 1349 1348
f 1358 1359 1360
f 1371 1370 1369
f 1370 1372 1369
f 1368 1367 1365
f 1366 1365 1367
f 1362 1363 1361
f 1363 1364 1361
f 1345 1343 1344
f 1383 1381 1373
f 1382 1380 1379
f 1382 1377 1378
f 1374 1375 1382
f 1382 1378 1374
f 1379 1376 1382

