# https://github.com/mikedh/trimesh

o link_head_pan_1.obj
v 0.00569600 -0.00188500 -0.00200200
v 0.00594900 -0.00078300 -0.00200000
v 0.00569600 -0.00188500 0.00000000
v 0.00600000 0.00000000 -0.00185000
v 0.00730000 0.00000000 -0.00055000
v 0.00599300 0.00029200 0.00000000
v 0.00598100 0.00029200 -0.00190600
v 0.00577500 0.00162800 -0.00225000
v 0.00594900 0.00078300 -0.00215200
v 0.00594900 0.00078300 -0.00200000
v 0.00548600 0.00243100 0.00000000
v 0.00451200 0.00385000 0.00000000
v 0.00548600 0.00243100 -0.00236500
v 0.00492900 0.00342000 -0.00253800
v 0.00458100 0.00383700 -0.00237000
v 0.00424300 0.00424300 -0.00220600
v 0.00424300 0.00424300 0.00000000
v 0.00385000 0.00451200 0.00000000
v 0.00243100 0.00548600 0.00000000
v 0.00029200 0.00598100 -0.00190600
v 0.00000000 0.00600000 -0.00185000
v 0.00029200 0.00599300 0.00000000
v 0.00136150 0.00573950 0.00000000
v 0.00078300 0.00594900 -0.00200000
v -0.00078300 0.00594900 -0.00200000
v -0.00188500 0.00569600 0.00000000
v -0.00305000 0.02229200 -0.00200000
v -0.00124000 0.01980125 -0.00200000
v -0.00340700 0.02224100 -0.00201800
v -0.00340400 0.02222700 0.00000000
v -0.00456500 0.02202500 -0.00870100
v -0.00414200 0.02211600 -0.00892800
v -0.00572300 0.02176000 -0.00849400
v -0.01680000 0.01496700 -0.00599900
v -0.01674800 0.01502500 -0.00746400
v -0.01846200 0.01284900 -0.00607500
v 0.02238500 -0.00227600 -0.00200000
v 0.02158900 -0.00633900 0.00000000
v 0.02146800 -0.00673600 -0.00200000
v 0.02144400 -0.00672700 0.00000000
v 0.01967300 -0.01091900 -0.00200000
v 0.02046700 -0.00934700 0.00000000
v 0.01962300 -0.01089200 0.00000000
v 0.01892800 -0.01216400 0.00000000
v 0.01707200 -0.01465600 -0.00200000
v 0.01706600 -0.01465200 0.00000000
v 0.01700400 -0.01473400 0.00000000
v 0.01377200 -0.01779200 -0.00200000
v 0.01473400 -0.01700400 0.00000000
v 0.00989200 -0.02016900 0.00000000
v 0.00990900 -0.02020100 -0.00200000
v 0.01216400 -0.01892800 0.00000000
v 0.00934700 -0.02046700 0.00000000
v 0.00633900 -0.02158900 0.00000000
v 0.00564000 -0.02178200 -0.00200000
v 0.00563100 -0.02174300 0.00000000
v 0.00114000 -0.02247100 -0.00200000
v 0.00320200 -0.02227100 0.00000000
v 0.00629600 -0.02144200 0.00076500
v 0.00113600 -0.02241900 0.00000000
v 0.00000000 -0.02250000 0.00000000
v -0.00320200 -0.02227100 0.00000000
v -0.00340700 -0.02224100 -0.00200000
v -0.00170350 -0.01719550 -0.00200000
v -0.00340400 -0.02222700 0.00000000
v -0.00781400 -0.02109900 -0.00200000
v -0.00633900 -0.02158900 0.00000000
v -0.01189200 -0.01907700 0.00000000
v -0.00673850 -0.01541100 -0.00200000
v -0.01190200 -0.01909400 -0.00200000
v -0.00934700 -0.02046700 0.00000000
v -0.00779400 -0.02104600 0.00000000
v -0.01216400 -0.01892800 0.00000000
v -0.01473400 -0.01700400 0.00000000
v -0.01550200 -0.01630800 -0.00200000
v -0.01080850 -0.01092700 -0.00200000
v -0.01846700 -0.01285400 -0.00200000
v -0.01700400 -0.01473400 0.00000000
v -0.01546600 -0.01627200 0.00000000
v -0.01843200 -0.01282700 0.00000000
v -0.01892800 -0.01216400 0.00000000
v -0.02032800 -0.00928400 0.00076500
v -0.02046700 -0.00934700 0.00000000
v -0.02067700 -0.00887300 -0.00200000
v -0.02064700 -0.00886200 0.00000000
v -0.02203900 -0.00452900 -0.00200000
v -0.02158900 -0.00633900 0.00000000
v -0.02198500 -0.00451700 0.00000000
v -0.02238800 -0.00223700 -0.00200000
v -0.01680250 -0.00223700 -0.00200000
v -0.02227100 -0.00320200 0.00000000
v -0.02250000 0.00000000 -0.00208400
v -0.02250000 0.00000000 0.00000000
v -0.02245000 0.00149200 -0.00223300
v -0.02227100 0.00320200 0.00000000
v -0.02203900 0.00452900 -0.00277300
v -0.02198500 0.00451700 0.00000000
v -0.02159600 0.00631300 -0.00324400
v -0.02158900 0.00633900 0.00000000
v -0.02102100 0.00802300 -0.00380900
v -0.02064700 0.00886200 0.00000000
v -0.02067700 0.00887300 -0.00413300
v -0.02046700 0.00934700 0.00000000
v -0.01892800 0.01216400 0.00000000
v -0.01968500 0.01089600 -0.00502800
v -0.01843200 0.01282700 0.00000000
v -0.01853000 0.01276200 -0.00601900
v -0.01693400 0.01481500 -0.00220800
v -0.01189200 0.01907700 0.00000000
v -0.01189700 0.01908800 -0.00564200
v -0.01327900 0.01816400 -0.00479200
v -0.01216400 0.01892800 0.00000000
v -0.01476400 0.01697800 -0.00379600
v -0.01497200 0.01679500 -0.00365000
v -0.01473400 0.01700400 0.00000000
v -0.01510000 0.01663800 0.00000000
v -0.01548900 0.01629400 -0.00327600
v -0.01546600 0.01627200 0.00000000
v -0.01633100 0.01547700 -0.00266500
v -0.01880000 0.01208200 0.00076500
v -0.01700400 0.01473400 0.00000000
v -0.01171200 0.01921100 -0.00575500
v -0.00934700 0.02046700 0.00000000
v -0.01007800 0.02011700 -0.00666000
v -0.00624800 0.02161500 -0.00400900
v -0.00651100 0.02153700 -0.00476000
v -0.00779400 0.02104600 0.00000000
v -0.00582500 0.02173300 -0.00333700
v -0.00633900 0.02158900 0.00000000
v -0.00459000 0.02202700 -0.00235200
v -0.00526300 0.02187600 -0.00277400
v -0.00838500 0.02087900 -0.00747700
v -0.00781200 0.02109300 -0.00771800
v -0.00660000 0.02151000 -0.00554900
v -0.00651100 0.02153700 -0.00634000
v -0.00624700 0.02161500 -0.00709200
v -0.00730500 0.02128100 -0.00793100
v -0.00582500 0.02173300 -0.00776300
v -0.00526200 0.02187600 -0.00832700
v 0.00563100 0.02174300 0.00000000
v 0.00564000 0.02178200 -0.00312200
v -0.00320200 0.02227100 0.00000000
v 0.00000000 0.02250000 0.00000000
v 0.00114000 0.02247100 -0.00200000
v 0.00113600 0.02241900 0.00000000
v 0.00305000 0.02229200 -0.00200000
v 0.00320200 0.02227100 0.00000000
v 0.00384400 0.02216900 -0.00209000
v 0.00651100 0.02153700 -0.00476000
v 0.00624700 0.02161500 -0.00400800
v 0.00989200 0.02016900 0.00000000
v 0.00580000 0.02174000 -0.00846900
v 0.00563800 0.02177600 -0.00851400
v 0.00563900 0.02178000 -0.00794200
v 0.00747600 0.02122200 -0.00786300
v 0.00582500 0.02173300 -0.00776300
v 0.00624800 0.02161500 -0.00709100
v 0.00901700 0.02061400 -0.00718700
v 0.00651100 0.02153700 -0.00634000
v 0.01021000 0.02003850 -0.00658250
v 0.00990200 0.02018700 -0.00673800
v 0.00660000 0.02151000 -0.00555100
v 0.00579900 0.02173800 -0.00335500
v 0.00633900 0.02158900 0.00000000
v 0.00934700 0.02046700 0.00000000
v 0.00414200 0.02211600 -0.00892800
v 0.00459000 0.02202700 -0.00874800
v 0.00514900 0.02190300 -0.00841300
v 0.01051800 0.01989000 -0.00642700
v 0.00928400 0.02032800 0.00076500
v 0.01216400 0.01892800 0.00000000
v 0.01467500 0.01704300 -0.00902300
v 0.01451600 0.01719100 -0.00814700
v 0.01448000 0.01722100 -0.00916700
v 0.01592300 0.01589600 -0.00810100
v 0.01700400 0.01473400 0.00000000
v 0.01466800 0.01706100 -0.00386300
v 0.01374000 0.01774900 0.00000000
v 0.01473400 0.01700400 0.00000000
v 0.01376500 0.01778300 -0.00446800
v 0.01339700 0.01807700 -0.00471500
v 0.01197900 0.01904600 -0.00559700
v 0.01707200 0.01465600 -0.00720900
v 0.01706600 0.01465200 0.00000000
v 0.01853000 0.01276200 -0.00601900
v 0.01892800 0.01216400 0.00000000
v 0.01967300 0.01091900 -0.00503900
v 0.01962300 0.01089200 0.00000000
v 0.02039500 0.00950300 -0.00439300
v 0.02102100 0.00802300 -0.00380900
v 0.02046700 0.00934700 0.00000000
v 0.02146800 0.00673600 -0.00337300
v 0.02144400 0.00672700 0.00000000
v 0.02196200 0.00489000 -0.00285900
v 0.02158900 0.00633900 0.00000000
v 0.02230300 0.00297200 -0.00245600
v 0.02227100 0.00320200 0.00000000
v 0.02238500 0.00227600 -0.00234200
v 0.02233700 0.00227300 0.00000000
v 0.02250000 0.00003300 -0.00208600
v 0.02250000 0.00000000 0.00000000
v 0.02212000 0.00318000 0.00076500
v 0.02238800 -0.00223700 -0.00200000
v 0.02233700 -0.00227300 0.00000000
v 0.02227100 -0.00320200 0.00000000
v -0.00569600 0.00188500 -0.00228500
v -0.00594900 0.00078300 -0.00200000
v -0.00569600 0.00188500 0.00000000
v -0.00600000 0.00000000 -0.00185000
v -0.00599300 -0.00029200 0.00000000
v -0.00548600 -0.00243100 0.00000000
v -0.00594900 -0.00078300 -0.00200000
v -0.00598100 -0.00029200 -0.00190600
v -0.00556700 -0.00223700 -0.00200000
v -0.00513950 -0.00346200 -0.00200000
v -0.00527450 -0.00273850 0.00000000
v -0.00438050 -0.00450550 0.00000000
v -0.00342450 -0.00531450 -0.00200000
v -0.00243100 -0.00548600 0.00000000
v -0.00274500 -0.00527050 0.00000000
v -0.00078300 -0.00594900 -0.00200000
v -0.00048900 -0.00594600 0.00000000
v -0.00029200 -0.00598100 -0.00190600
v -0.00029200 -0.00599300 0.00000000
v 0.00000000 -0.00600000 -0.00185000
v 0.00004900 -0.00594600 0.00000000
v -0.00012150 -0.00596950 0.00000000
v 0.00078300 -0.00594900 -0.00200000
v 0.00188500 -0.00569600 0.00000000
v 0.00188500 -0.00569600 -0.00200000
v 0.00678300 -0.00223700 -0.00200000
v 0.00570600 -0.00223700 -0.00200000
v 0.00627000 -0.00157100 -0.00200700
v -0.01165200 -0.00170000 -0.00200500
v -0.01121700 -0.00223700 -0.00200000
v 0.00620900 0.00146000 -0.00222900
v 0.01349400 0.01841100 -0.01023700
v 0.01393900 0.01776600 -0.00964200
v 0.00380600 0.01704600 -0.00901900
v 0.01338000 0.01863900 -0.01045800
v 0.01292000 0.02039800 -0.01231200
v 0.00305000 0.01714300 -0.00910000
v 0.01303000 0.01960300 -0.01143300
v 0.01328900 0.01882100 -0.01063300
v -0.00380600 0.01704600 -0.00901900
v -0.01563000 0.01780600 -0.00967800
v -0.00305000 0.01714300 -0.00910000
v 0.00459000 0.01671900 -0.00874800
v 0.00530600 0.01614400 -0.00829100
v 0.00614400 0.00802300 -0.00380900
v 0.00651100 0.01330500 -0.00634000
v 0.00626900 0.01441600 -0.00704700
v 0.00582500 0.01544300 -0.00776300
v 0.01004400 0.00297200 -0.00245600
v 0.00921600 0.00314300 -0.00248600
v 0.00795600 0.00297200 -0.00245600
v 0.00582500 0.00661700 -0.00333700
v 0.00857600 0.00312100 -0.00248200
v 0.00780000 0.00289000 -0.00244200
v 0.00715600 0.00255400 -0.00238500
v 0.00661900 0.00206200 -0.00231000
v 0.01121700 -0.00223700 -0.00200000
v 0.01165200 -0.00170000 -0.00200500
v 0.01196000 -0.00107800 -0.00202200
v 0.01212800 -0.00037000 -0.00205800
v 0.01213000 0.00035700 -0.00211200
v 0.01164100 0.00171700 -0.00226200
v 0.01117800 0.00227600 -0.00234100
v 0.01196400 0.00106700 -0.00218200
v 0.01059700 0.00271500 -0.00241200
v -0.00877150 0.02776200 -0.03450000
v -0.01300750 0.02776200 -0.03615900
v 0.00234800 0.02776200 -0.03200000
v 0.00525800 0.02776200 -0.03200000
v 0.00659300 0.02776200 -0.03450000
v 0.01034350 0.02776200 -0.03424350
v -0.00459000 0.01671900 -0.00874800
v -0.01573500 0.01704500 -0.00902000
v -0.01570200 0.01715800 -0.00911300
v -0.00656900 0.01276200 -0.00601900
v -0.01624200 0.01571700 -0.00796600
v -0.00647800 0.01326400 -0.00633100
v -0.01594900 0.01630900 -0.00842000
v -0.00627100 0.01441100 -0.00704300
v -0.00582500 0.01544300 -0.00776300
v -0.00530400 0.01614600 -0.00829300
v -0.00921600 0.00314300 -0.00248600
v -0.00614400 0.00802300 -0.00380900
v -0.00857600 0.00312100 -0.00248200
v -0.00582500 0.00661700 -0.00333700
v -0.00513300 0.00409200 -0.00267500
v -0.00544200 0.00337000 -0.00253400
v -0.00561200 0.00297200 -0.00245600
v -0.00659500 0.01156000 -0.00536100
v -0.01004400 0.00297200 -0.00245600
v -0.01059700 0.00271500 -0.00241200
v -0.01117800 0.00227600 -0.00234100
v -0.01164100 0.00171700 -0.00226200
v -0.01196400 0.00106600 -0.00218200
v -0.01213000 0.00035700 -0.00211200
v -0.01212800 -0.00037000 -0.00205800
v -0.01196000 -0.00107800 -0.00202200
v -0.00715600 0.00255400 -0.00238500
v -0.00779000 0.00290900 -0.00244500
v -0.00620900 0.00146000 -0.00222900
v -0.00627000 -0.00157100 -0.00200700
v -0.00678300 -0.00223700 -0.00200000
v -0.00616300 -0.00336500 -0.00200000
v 0.00305000 0.00821300 -0.00200000
v 0.00305000 0.00978700 -0.00200000
v 0.00343200 0.02223700 -0.00907900
v 0.00305000 0.02229200 -0.00910000
v 0.00378700 0.02217600 -0.00900400
v -0.00403500 0.00516900 -0.00213900
v -0.00458800 0.00473000 -0.00235800
v -0.00315000 0.00899700 -0.00200100
v -0.00305000 0.00978700 -0.00200000
v -0.00338900 0.00548600 -0.00201600
v -0.00305000 0.00821300 -0.00200000
v -0.00305000 0.00559200 -0.00200000
v -0.00466700 0.00466700 -0.00239000
v -0.00305000 0.02229200 -0.00910000
v -0.00343200 0.02223700 -0.00907900
v -0.00347100 0.02223100 -0.00907500
v -0.00378700 0.02217600 -0.00900600
v -0.00157500 0.00627200 -0.00200000
v -0.00272800 0.00742500 -0.00200000
v -0.00272800 0.01057500 -0.00200000
v -0.00288900 0.01018100 -0.00200000
v 0.00272800 0.01057500 -0.00200000
v 0.00157500 0.01172800 -0.00200000
v 0.00000000 0.01215000 -0.00200000
v -0.00157500 0.01172800 -0.00200000
v -0.01360600 0.03076200 -0.03200000
v -0.01305950 0.03076200 -0.03585900
v -0.00816950 0.03056250 -0.02944100
v -0.00142600 0.03076200 -0.03585900
v -0.00848100 0.03076200 -0.03200000
v -0.01550200 0.02456600 -0.01274900
v 0.01290200 0.02456600 -0.01274900
v -0.00795400 0.02172100 -0.00930600
v -0.00623200 0.02221200 -0.00983700
v -0.00451000 0.02257700 -0.01024600
v -0.00412500 0.02264200 -0.01032100
v -0.00373700 0.02270200 -0.01038900
v -0.00214900 0.02288300 -0.01060000
v -0.00083100 0.02295900 -0.01068900
v 0.00079800 0.02296000 -0.01069100
v 0.00211800 0.02288600 -0.01060300
v 0.00373700 0.02270200 -0.01038900
v 0.00412500 0.02264200 -0.01032100
v 0.00451000 0.02257700 -0.01024600
v 0.00631600 0.02219100 -0.00981400
v 0.00814100 0.02166000 -0.00924200
v 0.01306500 0.02125600 -0.00882500
v 0.01304400 0.01942600 -0.00710600
v 0.01324600 0.01930500 -0.00700200
v 0.01310600 0.02024200 -0.00784100
v 0.00923200 0.02125400 -0.00882700
v 0.00981800 0.02103600 -0.00860500
v 0.01145300 0.02029300 -0.00788800
v -0.01275300 0.01959600 -0.00725500
v -0.01097300 0.02052600 -0.00810800
v -0.01566500 0.02125600 -0.00882500
v -0.00925500 0.02125500 -0.00882600
v -0.00913000 0.02130800 -0.00887900
v -0.01445900 0.01852000 -0.00634600
v -0.01579800 0.01761900 -0.00564200
v -0.01580200 0.01752500 -0.00557200
v 0.01310100 0.02024700 -0.00798100
v 0.01175200 0.02776200 -0.04031800
v 0.01150000 0.02776200 -0.04638300
v 0.00996650 0.02776200 -0.05051100
v 0.01118900 0.03076200 -0.05383100
v 0.01018050 0.02776200 -0.05314600
v 0.01065500 0.02776200 -0.05695900
v -0.01579000 0.01762800 -0.00583300
v -0.01278050 0.02776200 -0.05399600
v -0.01404150 0.02776200 -0.04778300
v 0.00234800 0.02776200 -0.06520700
v -0.00974700 0.02776200 -0.06248400
v -0.00859900 0.03076200 -0.06333400
v -0.00848100 0.03076200 -0.06342100
v -0.01251300 0.03076200 -0.05860700
v -0.01298600 0.03076200 -0.05755900
v -0.01251300 0.03076200 -0.05540100
v -0.01194800 0.02776200 -0.05985900
v -0.00995300 0.03076200 -0.06233200
v -0.00739900 0.03076200 -0.06422200
v 0.00599900 0.03076200 -0.06333400
v 0.00500250 0.03076200 -0.06112150
v 0.00735300 0.03076200 -0.06233200
v 0.00619200 0.03076200 -0.06080300
v 0.00934800 0.02926200 -0.05985900
v 0.00659600 0.03076200 -0.05993200
v 0.00642500 0.03076200 -0.05929500
v 0.00595900 0.03076200 -0.05882800
v 0.00532100 0.03076200 -0.05865700
v 0.00468400 0.03076200 -0.05882800
v 0.00991200 0.03076200 -0.05540100
v 0.01042800 0.03076200 -0.05488600
v 0.01100550 0.03076200 -0.03392950
v -0.00757200 0.03076200 -0.05488600
v -0.00786300 0.03076200 -0.04928900
v -0.00848100 0.03076200 -0.05082700
v -0.00757200 0.03076200 -0.05173600
v -0.00607600 0.02926200 -0.05299900
v -0.00692200 0.03076200 -0.05437200
v -0.00692200 0.02926200 -0.05437200
v -0.00708900 0.03076200 -0.05597700
v -0.00673600 0.02776200 -0.05695900
v -0.00655900 0.03076200 -0.05094700
v -0.00694850 0.03076200 -0.05056400
v -0.00614100 0.03076200 -0.05154400
v -0.00596500 0.03076200 -0.05225300
v -0.00715000 0.03076200 -0.05331100
v -0.00580000 0.03076200 -0.04682200
v -0.00647100 0.03076200 -0.04682800
v -0.00736300 0.03076200 -0.04735300
v -0.00402800 0.03076200 -0.04273600
v -0.00435500 0.03076200 -0.04395800
v -0.00402800 0.03076200 -0.04588600
v -0.00543500 0.03076200 -0.04681900
v 0.00126500 0.03076200 -0.04747600
v 0.00027500 0.03076200 -0.04703900
v 0.00142800 0.03076200 -0.04588600
v 0.00185000 0.03076200 -0.04431100
v -0.00287500 0.03076200 -0.04703900
v -0.00375600 0.03076200 -0.04809300
v -0.00453400 0.03076200 -0.04732800
v -0.00171600 0.03076200 -0.04856300
v -0.00243900 0.03076200 -0.04866500
v -0.00130000 0.03076200 -0.04746100
v -0.00315000 0.03076200 -0.04850200
v -0.00033700 0.03076200 -0.04767100
v 0.00448900 0.03076200 -0.05064500
v 0.00396300 0.02776200 -0.04918300
v 0.00294800 0.03076200 -0.05416000
v 0.00347600 0.02926200 -0.05362300
v 0.00347600 0.03076200 -0.05362300
v 0.00432200 0.03076200 -0.05224900
v 0.00432200 0.02926200 -0.05224900
v -0.00402800 0.03076200 -0.06073600
v -0.00445000 0.03076200 -0.06231100
v -0.00417600 0.03076200 -0.06333400
v -0.00402800 0.03076200 -0.06388600
v -0.00445100 0.03076200 -0.06540700
v -0.00287500 0.03076200 -0.06503900
v -0.00130000 0.03076200 -0.06581100
v -0.00130000 0.02926200 -0.06581100
v 0.00185100 0.03076200 -0.06540700
v 0.00185100 0.02926200 -0.06540700
v 0.00027500 0.03076200 -0.06503900
v 0.00085150 0.03076200 -0.06446250
v 0.00157600 0.03076200 -0.06333400
v 0.00185000 0.03076200 -0.06231100
v -0.00039200 0.03076200 -0.05755900
v 0.00142800 0.03076200 -0.06073600
v 0.00027500 0.03076200 -0.05958300
v -0.00130000 0.03076200 -0.05916100
v -0.00226300 0.03076200 -0.05895100
v -0.00386500 0.03076200 -0.05914500
v -0.00539200 0.03076200 -0.05862600
v -0.00872500 0.03076200 -0.05058300
v -0.01030000 0.03076200 -0.05016100
v -0.01187500 0.03076200 -0.05058300
v -0.01251300 0.03076200 -0.05122000
v -0.01345000 0.03076200 -0.05331100
v -0.01302800 0.03076200 -0.05488600
v -0.01187500 0.03076200 -0.05603900
v -0.01030000 0.03076200 -0.05646100
v -0.00872500 0.03076200 -0.05603900
v 0.00175500 0.03076200 -0.04395800
v 0.00142800 0.03076200 -0.04273600
v -0.00287500 0.03076200 -0.04158300
v -0.00580000 0.03076200 -0.03971800
v -0.00130000 0.03076200 -0.04116100
v 0.00027500 0.03076200 -0.04158300
v 0.00770000 0.03076200 -0.05016100
v 0.00612500 0.03076200 -0.05058300
v 0.01065400 0.03076200 -0.05696300
v 0.01085000 0.03076200 -0.05331100
v 0.01042800 0.03076200 -0.05173600
v 0.00497200 0.03076200 -0.05488600
v 0.00455000 0.03076200 -0.05331100
v 0.00497200 0.03076200 -0.05173600
v 0.00612500 0.03076200 -0.05603900
v 0.00770000 0.03076200 -0.05646100
v 0.00927500 0.03076200 -0.05603900
v 0.00428950 0.03076200 -0.05945550
v 0.00421700 0.03076200 -0.06057000
v 0.00453300 0.03076200 -0.06088500
v 0.00619675 0.03076200 -0.03515500
v 0.00770000 0.03076200 -0.03572500
v 0.00833700 0.03076200 -0.03589600
v 0.00897500 0.03076200 -0.03700000
v 0.00880400 0.03076200 -0.03636200
v -0.00848100 0.03076200 -0.03971800
v -0.01093700 0.03076200 -0.03589600
v -0.00925050 0.03076200 -0.03527175
v -0.01140400 0.03076200 -0.03636200
v -0.01157500 0.03076200 -0.03700000
v -0.01204500 -0.00584300 0.00000000
v -0.01209700 -0.00574000 0.00000000
v -0.00665000 -0.00629800 0.00000000
v 0.01272200 -0.00450100 0.00000000
v 0.01144300 -0.00225900 0.00000000
v 0.01303600 -0.00304600 0.00000000
v 0.01168200 -0.00637500 0.00000000
v 0.01156975 -0.00595525 0.00000000
v 0.01151500 -0.00575000 0.00000000
v 0.00665000 -0.00449600 0.00000000
v 0.01205650 -0.00485475 0.00000000
v 0.01168200 -0.00512500 0.00000000
v 0.00665000 -0.01168000 0.00000000
v 0.01010050 -0.00849450 0.00000000
v 0.00710700 -0.01147200 0.00000000
v 0.00976900 -0.00931000 0.00000000
v 0.00525000 -0.00665000 0.00000000
v 0.01180100 -0.00654600 0.00100000
v -0.00170000 -0.00900000 -0.00027500
v -0.00170000 -0.00900000 0.00000000
v -0.00305900 -0.00665000 0.00000000
v -0.00147200 -0.00815000 0.00000000
v -0.00147200 -0.00815000 -0.00027500
v -0.00116100 -0.00783900 0.00000000
v -0.00085000 -0.00752800 0.00000000
v -0.00085000 -0.00752800 -0.00027500
v 0.00000000 -0.00730000 -0.00027500
v 0.00000000 -0.00730000 0.00000000
v 0.00100550 -0.00799450 0.00000000
v 0.00085000 -0.00752800 0.00000000
v 0.00085000 -0.00752800 -0.00027500
v 0.00147200 -0.00815000 0.00000000
v 0.00147200 -0.00815000 -0.00027500
v 0.00170000 -0.00900000 0.00000000
v 0.00170000 -0.00900000 -0.00027500
v 0.00269475 -0.01137750 0.00000000
v 0.00398500 -0.01289300 0.00000000
v 0.00385000 -0.01291700 0.00000000
v 0.00147200 -0.00985000 -0.00027500
v 0.00147200 -0.00985000 0.00000000
v 0.00085000 -0.01047200 0.00000000
v 0.00085000 -0.01047200 -0.00027500
v 0.00060500 -0.01348100 0.00000000
v 0.00000000 -0.01070000 0.00000000
v 0.00000000 -0.01070000 -0.00027500
v -0.00305900 -0.01311200 0.00000000
v -0.00112825 -0.01121075 0.00000000
v -0.00281300 -0.01319900 0.00000000
v -0.00085000 -0.01047200 0.00000000
v -0.00085000 -0.01047200 -0.00027500
v -0.00147200 -0.00985000 0.00000000
v -0.00147200 -0.00985000 -0.00027500
v -0.00958700 -0.00900875 0.00000000
v -0.01116700 -0.00757800 0.00000000
v -0.01163600 -0.00665000 0.00000000
v -0.00421475 -0.01155950 0.00000000
v -0.00605000 -0.01206300 0.00000000
v -0.01209700 0.00385000 0.00000000
v -0.01312525 -0.00161700 0.00000000
v -0.01330400 0.00226200 0.00000000
v -0.01209700 -0.00304600 0.00000000
v -0.01344500 -0.00116600 0.00000000
v -0.01251025 0.00478050 0.00000000
v -0.01044825 0.00815200 0.00000000
v -0.00803600 0.01084200 0.00000000
v -0.00665000 0.01161800 0.00000000
v -0.00665000 0.00525000 0.00000000
v -0.00170000 0.00900000 -0.00027500
v -0.00371125 0.01176750 0.00000000
v -0.00170000 0.00900000 0.00000000
v -0.00305900 0.00665000 0.00000000
v -0.00504300 0.01251700 0.00000000
v 0.00000000 0.00730000 0.00000000
v 0.00000000 0.00730000 -0.00027500
v -0.00094850 0.00778200 0.00000000
v -0.00085000 0.00752800 -0.00027500
v -0.00085000 0.00752800 0.00000000
v -0.00147200 0.00815000 -0.00027500
v -0.00147200 0.00815000 0.00000000
v 0.00137350 0.00863200 0.00000000
v 0.00147200 0.00985000 -0.00027500
v 0.00147200 0.00985000 0.00000000
v 0.00170000 0.00900000 -0.00027500
v 0.00170000 0.00900000 0.00000000
v 0.00385000 0.00665000 0.00000000
v 0.00147200 0.00815000 0.00000000
v 0.00147200 0.00815000 -0.00027500
v 0.00085000 0.00752800 -0.00027500
v 0.00085000 0.00752800 0.00000000
v -0.00147200 0.00985000 -0.00027500
v -0.00147200 0.00985000 0.00000000
v -0.00085000 0.01047200 0.00000000
v -0.00085000 0.01047200 -0.00027500
v -0.00128700 0.01192800 0.00000000
v 0.00085150 0.01125775 0.00000000
v 0.00170600 0.01338700 0.00000000
v 0.00502600 0.01252400 0.00200000
v 0.00000000 0.01070000 -0.00027500
v 0.00000000 0.01070000 0.00000000
v 0.00085000 0.01047200 -0.00027500
v 0.00085000 0.01047200 0.00000000
v 0.00385000 0.01283000 0.00000000
v 0.00502600 0.01252400 0.00000000
v 0.00443800 0.01267700 0.00000000
v 0.00665000 0.00525000 0.00000000
v 0.00919850 0.00940000 0.00000000
v 0.01049800 0.00848000 0.00000000
v 0.01160350 0.00416700 0.00000000
v 0.00985000 -0.00147200 -0.00027500
v 0.00985000 -0.00147200 0.00000000
v 0.00900000 -0.00170000 -0.00027500
v 0.00900000 -0.00170000 0.00000000
v 0.00815000 -0.00147200 -0.00027500
v 0.00815000 -0.00147200 0.00000000
v 0.00752800 0.00085000 -0.00027500
v 0.00752800 0.00085000 0.00000000
v 0.00730000 0.00000000 -0.00027500
v 0.00730000 0.00000000 0.00000000
v 0.00752800 -0.00085000 0.00000000
v 0.00752800 -0.00085000 -0.00027500
v 0.00815000 0.00147200 0.00000000
v 0.00815000 0.00147200 -0.00027500
v 0.00900000 0.00170000 -0.00027500
v 0.00900000 0.00170000 0.00000000
v 0.00985000 0.00147200 0.00000000
v 0.00985000 0.00147200 -0.00027500
v 0.01047200 0.00085000 -0.00027500
v 0.01047200 0.00085000 0.00000000
v 0.01344600 -0.00114800 0.00000000
v 0.01272200 -0.00450100 0.00200000
v 0.01195900 -0.00014900 0.00000000
v 0.01070000 0.00000000 0.00000000
v 0.01070000 0.00000000 -0.00027500
v 0.01047200 -0.00085000 0.00000000
v 0.01047200 -0.00085000 -0.00027500
v -0.00305900 0.00553200 0.00000000
v -0.00247200 0.00561400 0.00000000
v -0.00519000 0.00385000 0.00000000
v -0.00466700 0.00466700 0.00000000
v -0.00402800 0.00507650 0.00000000
v -0.00665000 -0.00304600 0.00000000
v -0.00548600 0.00338900 0.00000000
v -0.00441800 -0.00514300 0.00000000
v -0.00441800 -0.00514300 -0.00100000
v -0.00446800 -0.00533050 0.00000000
v -0.00451800 -0.00551800 0.00000000
v -0.00451800 -0.00551800 -0.00100000
v -0.00305900 -0.00594600 0.00000000
v -0.00581700 -0.00551800 0.00000000
v -0.00581700 -0.00551800 -0.00100000
v -0.00586750 -0.00533050 0.00000000
v -0.00591800 -0.00514300 0.00000000
v -0.00591800 -0.00514300 -0.00100000
v -0.01303600 -0.00304600 0.00000000
v -0.01271600 -0.00451800 0.00000000
v -0.00451800 -0.00476800 0.00000000
v -0.00451800 -0.00476800 -0.00100000
v -0.00479300 -0.00579200 0.00000000
v -0.00479300 -0.00579200 -0.00100000
v -0.00498050 -0.00584250 0.00000000
v -0.00516800 -0.00589300 -0.00100000
v -0.00516800 -0.00589300 0.00000000
v -0.00554300 -0.00579200 0.00000000
v -0.00554300 -0.00579200 -0.00100000
v -0.00581700 -0.00476800 -0.00100000
v -0.00568000 -0.00463050 0.00000000
v -0.00581700 -0.00476800 0.00000000
v -0.00554300 -0.00449300 0.00000000
v -0.00554300 -0.00449300 -0.00100000
v -0.00516800 -0.00439300 0.00000000
v -0.00516800 -0.00439300 -0.00100000
v -0.00479300 -0.00449300 0.00000000
v -0.00479300 -0.00449300 -0.00100000
v 0.00385000 -0.00594600 0.00000000
v 0.00263700 -0.00559100 0.00000000
v 0.00385000 -0.00519000 0.00000000
v 0.00338900 -0.00548600 0.00000000
v 0.00553400 -0.00304600 0.00000000
v 0.00548600 -0.00338900 0.00000000
v 0.00425850 -0.00492850 0.00000000
v 0.00466700 -0.00466700 0.00000000
v -0.00741400 -0.00042500 0.00000000
v -0.00730000 0.00000000 0.00000000
v -0.00730000 0.00000000 -0.00027500
v -0.00752800 -0.00085000 -0.00027500
v -0.00752800 -0.00085000 0.00000000
v -0.01016100 0.00116100 0.00000000
v -0.01047200 0.00085000 -0.00027500
v -0.01047200 0.00085000 0.00000000
v -0.00985000 0.00147200 0.00000000
v -0.00985000 0.00147200 -0.00027500
v -0.00900000 0.00170000 0.00000000
v -0.00900000 0.00170000 -0.00027500
v -0.00815000 0.00147200 0.00000000
v -0.00815000 0.00147200 -0.00027500
v -0.00752800 0.00085000 -0.00027500
v -0.00752800 0.00085000 0.00000000
v -0.01070000 0.00000000 -0.00027500
v -0.01070000 0.00000000 0.00000000
v -0.01047200 -0.00085000 0.00000000
v -0.01047200 -0.00085000 -0.00027500
v -0.01058600 -0.00042500 0.00000000
v -0.00857500 -0.00158600 0.00000000
v -0.00815000 -0.00147200 -0.00027500
v -0.00815000 -0.00147200 0.00000000
v -0.00900000 -0.00170000 0.00000000
v -0.00900000 -0.00170000 -0.00027500
v -0.00985000 -0.00147200 0.00000000
v -0.00985000 -0.00147200 -0.00027500
v -0.00479300 -0.00579200 -0.00200000
v -0.00465550 -0.00565500 -0.00200000
v -0.00451800 -0.00551800 -0.00200000
v -0.00441800 -0.00514300 -0.00200000
v -0.00451800 -0.00476800 -0.00200000
v -0.00479300 -0.00449300 -0.00200000
v -0.00516800 -0.00439300 -0.00200000
v -0.00554300 -0.00449300 -0.00200000
v -0.01057500 -0.00272800 -0.00200000
v 0.01191100 -0.00660400 -0.00200000
v 0.01168200 -0.00637500 -0.00200000
v 0.01214000 -0.00683300 -0.00200000
v 0.00315000 -0.00900000 -0.00200000
v 0.00117900 -0.00611050 -0.00200000
v 0.00157500 -0.00627200 -0.00200000
v -0.00742500 -0.00272800 -0.00200000
v -0.00662100 -0.00374800 -0.00200000
v -0.00581700 -0.00476800 -0.00200000
v -0.00900000 -0.00315000 -0.00200000
v -0.01397850 -0.00483600 -0.00200000
v -0.00591800 -0.00514300 -0.00200000
v 0.00272800 -0.00742500 -0.00200000
v 0.01168200 -0.00512500 -0.00200000
v 0.01034100 -0.00413750 -0.00200000
v 0.01168200 -0.00512500 -0.00100000
v 0.01214000 -0.00466800 -0.00100000
v 0.01276500 -0.00450000 -0.00200000
v 0.01339000 -0.00466800 -0.00200000
v 0.01384700 -0.00512500 -0.00200000
v 0.01401500 -0.00575000 -0.00200000
v 0.01384700 -0.00637500 -0.00200000
v 0.01339000 -0.00683300 -0.00200000
v 0.01523100 -0.01074450 -0.00200000
v 0.01276500 -0.00700000 -0.00200000
v 0.00645550 -0.00305850 -0.00200000
v 0.00548600 -0.00338900 -0.00200000
v 0.00742500 -0.00272800 -0.00200000
v 0.00466700 -0.00466700 -0.00200000
v 0.00466700 -0.00466700 -0.00100000
v 0.00369750 -0.00604600 -0.00200000
v 0.00263700 -0.00559100 -0.00200000
v 0.00338900 -0.00548600 -0.00200000
v -0.00272800 -0.01057500 -0.00200000
v -0.00157500 -0.01172800 -0.00200000
v -0.00272800 -0.00742500 -0.00200000
v -0.00535550 -0.00584250 -0.00200000
v -0.00554300 -0.00579200 -0.00200000
v -0.01324700 -0.00719550 -0.00200000
v -0.00581700 -0.00551800 -0.00200000
v -0.00516800 -0.00589300 -0.00200000
v -0.00157500 -0.00627200 -0.00200000
v 0.00000000 -0.01215000 -0.00200000
v 0.00157500 -0.01172800 -0.00200000
v 0.00272800 -0.01057500 -0.00200000
v 0.01151500 -0.00575000 -0.00200000
v 0.01156700 -0.00594600 0.00000000
v 0.00073200 0.02248800 -0.00939900
v 0.00076300 0.02260900 -0.01008700
v 0.00000000 0.02248800 -0.00939800
v 0.00000000 0.02250000 -0.00910000
v 0.00194500 0.02241600 -0.00930600
v -0.00076300 0.02248700 -0.00939800
v -0.00197300 0.02241300 -0.00930300
v 0.01276500 -0.00700000 0.00200000
v 0.01276500 -0.00700000 0.00000000
v 0.01342500 -0.01549300 0.00200000
v 0.01549300 -0.01342500 0.00200000
v 0.01308400 -0.00282450 0.00200000
v 0.01344600 -0.00114800 0.00200000
v 0.01272200 -0.00450100 0.00100000
v 0.01276500 -0.00450000 0.00200000
v 0.01276500 -0.00450000 0.00000000
v 0.01715300 -0.00433350 0.00200000
v 0.01401500 -0.00575000 0.00000000
v 0.01401500 -0.00575000 0.00200000
v 0.02029100 -0.00291700 0.00200000
v 0.01384700 -0.00512500 0.00200000
v 0.01384700 -0.00512500 0.00000000
v 0.02050000 0.00000000 0.00200000
v 0.01684050 -0.00087550 0.00200000
v 0.01339000 -0.00466800 0.00000000
v 0.01339000 -0.00466800 0.00200000
v 0.02029100 0.00291700 0.00200000
v 0.01967000 0.00577600 0.00200000
v 0.01339000 -0.00683300 0.00200000
v 0.01339000 -0.00683300 0.00000000
v 0.01724600 -0.01108300 0.00200000
v 0.01384700 -0.00637500 0.00200000
v 0.01554650 -0.00872900 0.00200000
v 0.01384700 -0.00637500 0.00000000
v 0.01864700 -0.00851600 0.00200000
v 0.01967000 -0.00577600 0.00200000
v 0.01108300 -0.01724600 0.00200000
v 0.01161150 -0.01203950 0.00200000
v 0.01214000 -0.00683300 0.00200000
v 0.00851600 -0.01864700 0.00200000
v 0.01180100 -0.00654600 0.00200000
v 0.00843800 -0.01039100 0.00200000
v 0.00488050 -0.01628150 0.00200000
v 0.00577600 -0.01967000 0.00200000
v 0.00710700 -0.01147200 0.00200000
v 0.00398500 -0.01289300 0.00200000
v 0.00291700 -0.02029100 0.00200000
v 0.00030250 -0.01699050 0.00200000
v 0.00060500 -0.01348100 0.00200000
v 0.00060500 -0.01348100 0.00100000
v -0.00591300 -0.01586650 0.00200000
v -0.00605000 -0.01206300 0.00200000
v -0.00577600 -0.01967000 0.00200000
v -0.00281300 -0.01319900 0.00200000
v -0.00291700 -0.02029100 0.00200000
v 0.00000000 -0.02050000 0.00200000
v -0.00889500 -0.01014800 0.00100000
v -0.01116000 -0.01282050 0.00200000
v -0.01108300 -0.01724600 0.00200000
v -0.00851600 -0.01864700 0.00200000
v -0.01648700 0.00401900 0.00200000
v -0.01967000 0.00577600 0.00200000
v -0.01330400 0.00226200 0.00200000
v -0.01230400 0.00554300 0.00200000
v -0.01387750 0.00977450 0.00200000
v -0.01050900 0.00846600 0.00100000
v -0.01549300 0.01342500 0.00200000
v -0.01864700 0.00851600 0.00200000
v -0.01724600 0.01108300 0.00200000
v -0.01116700 -0.00757800 0.00200000
v -0.01333000 -0.01050150 0.00200000
v -0.01549300 -0.01342500 0.00200000
v -0.01342500 -0.01549300 0.00200000
v -0.01271600 -0.00451800 0.00200000
v -0.01650350 -0.00371750 0.00200000
v -0.01864700 -0.00851600 0.00200000
v -0.01724600 -0.01108300 0.00200000
v -0.02029100 0.00291700 0.00200000
v -0.02050000 0.00000000 0.00200000
v -0.01344500 -0.00116600 0.00100000
v -0.01344500 -0.00116600 0.00200000
v -0.01697250 -0.00058300 0.00200000
v -0.02029100 -0.00291700 0.00200000
v -0.01967000 -0.00577600 0.00200000
v 0.01049800 0.00848000 0.00200000
v 0.01196150 0.01198650 0.00200000
v 0.01342500 0.01549300 0.00200000
v 0.00802100 0.01085200 0.00100000
v 0.01108300 0.01724600 0.00200000
v 0.00677100 0.01558550 0.00200000
v 0.01648550 0.00402750 0.00200000
v 0.01330100 0.00227900 0.00100000
v 0.01547200 0.00703750 0.00200000
v -0.00955950 0.01404400 0.00200000
v -0.00803600 0.01084200 0.00200000
v -0.01342500 0.01549300 0.00200000
v 0.00851600 0.01864700 0.00200000
v 0.00577600 0.01967000 0.00200000
v 0.00434650 0.01998050 0.00200000
v 0.00170600 0.01338700 0.00200000
v 0.01864700 0.00851600 0.00200000
v 0.01724600 0.01108300 0.00200000
v 0.01549300 0.01342500 0.00200000
v -0.00172400 0.01338400 0.00100000
v -0.00375000 0.01652700 0.00200000
v -0.00577600 0.01967000 0.00200000
v -0.00504300 0.01251700 0.00200000
v -0.00851600 0.01864700 0.00200000
v -0.01108300 0.01724600 0.00200000
v 0.00291700 0.02029100 0.00200000
v 0.00000000 0.02050000 0.00200000
v -0.00291700 0.02029100 0.00200000
v -0.01193600 0.02776200 -0.05987350
v -0.01194800 0.03076200 -0.05985900
v -0.01192400 0.02776200 -0.05988800
v 0.01065450 0.02776200 -0.05696100
v 0.01065400 0.02776200 -0.05696300
v 0.00934800 0.02776200 -0.05985900
v 0.00735300 0.02776200 -0.06233200
v 0.00714700 0.02776200 -0.06248400
v 0.00725000 0.02776200 -0.06240800
v 0.00588450 0.02776200 -0.06341850
v 0.00357350 0.02776200 -0.06471450
v 0.00101150 0.02776200 -0.06428400
v 0.00185100 0.02776200 -0.06540700
v -0.00130000 0.02776200 -0.06581100
v -0.00580000 0.03076200 -0.06486500
v -0.00445100 0.02776200 -0.06540700
v -0.00287550 0.02776200 -0.06470900
v -0.00783350 0.02776200 -0.06390050
v -0.00739900 0.02776200 -0.06422200
v -0.00517650 0.02776200 -0.06335300
v -0.00826800 0.02776200 -0.06357900
v -0.00900750 0.02776200 -0.06303150
v -0.00995300 0.02776200 -0.06233200
v -0.01166200 0.02776200 -0.06021200
v -0.01080750 0.02776200 -0.06127200
v -0.01325450 0.02776200 -0.05696100
v 0.00019700 0.02776200 -0.05695900
v 0.00234800 0.02776200 -0.05695900
v 0.00127250 0.02776200 -0.05586450
v -0.01177200 0.02776200 -0.05246100
v -0.01171700 0.02776200 -0.05240600
v -0.01166200 0.02776200 -0.05235100
v -0.00996500 0.02776200 -0.05988800
v 0.00651100 0.02776200 -0.05695900
v 0.00668050 0.02776200 -0.05461350
v 0.00668050 0.02853700 -0.05461350
v 0.00636950 0.02776200 -0.05231950
v 0.00622800 0.02776200 -0.05246100
v 0.00685000 0.02776200 -0.05183900
v 0.00727500 0.02776200 -0.05172500
v 0.00770000 0.02776200 -0.05161100
v 0.00855000 0.02776200 -0.05183900
v 0.00917200 0.02776200 -0.05246100
v 0.00940000 0.02776200 -0.05331100
v 0.00917200 0.02776200 -0.05416100
v 0.00812500 0.02776200 -0.05489700
v 0.00855000 0.02776200 -0.05478300
v 0.00770000 0.02776200 -0.05501100
v 0.00651100 0.02776200 -0.05988800
v 0.00651100 0.02776200 -0.06248400
v 0.00525800 0.02776200 -0.06248400
v 0.00234800 0.02776200 -0.06248400
v -0.00826800 0.02776200 -0.06248400
v -0.01166200 0.02776200 -0.05695900
v -0.01166200 0.02776200 -0.04778300
v 0.00651100 0.02776200 -0.04031800
v 0.00770000 0.02776200 -0.03802500
v 0.00744350 0.02776200 -0.03795650
v 0.00770000 0.02913700 -0.03802500
v 0.00718700 0.02776200 -0.03788800
v 0.00718700 0.02913700 -0.03788800
v 0.00858800 0.02776200 -0.03751200
v 0.00840000 0.02776200 -0.03770000
v 0.00858800 0.02913700 -0.03751200
v 0.00821200 0.02776200 -0.03788800
v 0.00821200 0.02913700 -0.03788800
v 0.00681200 0.02776200 -0.03648700
v 0.00681200 0.02913700 -0.03648700
v 0.00667500 0.02913700 -0.03700000
v 0.00667500 0.02776200 -0.03700000
v 0.00681200 0.02776200 -0.03751200
v 0.00681200 0.02913700 -0.03751200
v 0.00718700 0.02776200 -0.03611200
v 0.00718700 0.02913700 -0.03611200
v 0.00770000 0.02776200 -0.03597500
v 0.00770000 0.02913700 -0.03597500
v 0.00795600 0.02776200 -0.03604350
v 0.00821200 0.02913700 -0.03611200
v 0.00821200 0.02776200 -0.03611200
v 0.00858800 0.02913700 -0.03648700
v 0.00858800 0.02776200 -0.03648700
v 0.00872500 0.02776200 -0.03700000
v 0.00872500 0.02913700 -0.03700000
v 0.00651100 0.02776200 -0.04778300
v -0.00101600 0.02776200 -0.04810600
v -0.00169500 0.02926200 -0.04854100
v -0.00033700 0.02926200 -0.04767100
v -0.00033700 0.02776200 -0.04767100
v -0.00453400 0.02776200 -0.04732800
v -0.00543500 0.02776200 -0.04681900
v -0.00543500 0.02926200 -0.04681900
v -0.00736300 0.02926200 -0.04735300
v -0.00736300 0.02776200 -0.04735300
v -0.00691700 0.02776200 -0.04709050
v -0.00647100 0.02776200 -0.04682800
v -0.00826800 0.02776200 -0.04638300
v 0.00380300 0.02776200 -0.04638300
v 0.00126500 0.02776200 -0.04747600
v -0.00207750 0.02776200 -0.04861400
v -0.00243900 0.02776200 -0.04866500
v -0.00243900 0.02926200 -0.04866500
v -0.00171600 0.02776200 -0.04856300
v -0.00315000 0.02926200 -0.04850200
v -0.00315000 0.02776200 -0.04850200
v -0.00375600 0.02776200 -0.04809300
v -0.00375600 0.02926200 -0.04809300
v -0.00733800 0.02776200 -0.05018100
v -0.00733800 0.02926200 -0.05018100
v -0.00760050 0.02776200 -0.04973500
v -0.00786300 0.02776200 -0.04928900
v -0.00826800 0.02776200 -0.04918300
v -0.00786800 0.02776200 -0.04871850
v -0.00787200 0.02926200 -0.04825400
v -0.00708900 0.02776200 -0.05597700
v -0.00700550 0.02776200 -0.05517450
v -0.00692200 0.02776200 -0.05437200
v -0.00605300 0.02776200 -0.05189850
v -0.00596500 0.02776200 -0.05225300
v -0.00596500 0.02926200 -0.05225300
v -0.00614100 0.02926200 -0.05154400
v -0.00614100 0.02776200 -0.05154400
v -0.00631750 0.02776200 -0.05197300
v -0.00655900 0.02776200 -0.05094700
v -0.00605500 0.02776200 -0.05297700
v -0.00605500 0.02926200 -0.05297700
v -0.00826800 0.02776200 -0.05695900
v -0.00663950 0.02776200 -0.05722700
v -0.00539200 0.02776200 -0.05862600
v -0.00386500 0.02776200 -0.05914500
v -0.00386500 0.02926200 -0.05914500
v -0.00462850 0.02776200 -0.05888550
v -0.00158400 0.02776200 -0.05851550
v -0.00090500 0.02776200 -0.05808000
v -0.00090500 0.02926200 -0.05808000
v -0.00226300 0.02776200 -0.05895100
v -0.00226300 0.02926200 -0.05895100
v 0.00234800 0.02776200 -0.05988800
v 0.00347600 0.02776200 -0.05362300
v 0.00525800 0.02776200 -0.05695900
v 0.00432200 0.02776200 -0.05224900
v 0.00389900 0.02776200 -0.05293600
v 0.00257000 0.02776200 -0.04792050
v 0.00395300 0.02776200 -0.04915500
v 0.00525800 0.02776200 -0.04918300
v 0.00448900 0.02776200 -0.05064500
v -0.00288600 0.02776200 -0.06188600
v -0.00300000 0.02776200 -0.06231100
v -0.00277200 0.02776200 -0.06146100
v -0.00172500 0.02776200 -0.06072500
v -0.00215000 0.02776200 -0.06083900
v -0.00130000 0.02776200 -0.06061100
v -0.00045000 0.02776200 -0.06083900
v -0.00013900 0.02776200 -0.06115000
v 0.00017200 0.02776200 -0.06146100
v 0.00040000 0.02776200 -0.06231100
v 0.00037700 0.02776200 -0.06239750
v 0.00017200 0.02776200 -0.06316100
v 0.00035400 0.02776200 -0.06248400
v -0.00045000 0.02776200 -0.06378300
v -0.00130000 0.02776200 -0.06401100
v -0.00215000 0.02776200 -0.06378300
v -0.00277200 0.02776200 -0.06316100
v -0.00871400 0.02776200 -0.05373600
v -0.00860000 0.02776200 -0.05331100
v -0.00882800 0.02776200 -0.05416100
v -0.00987500 0.02776200 -0.05489700
v -0.00945000 0.02776200 -0.05478300
v -0.01030000 0.02776200 -0.05501100
v -0.01115000 0.02776200 -0.05183900
v -0.01072500 0.02776200 -0.05172500
v -0.01030000 0.02776200 -0.05161100
v -0.00945000 0.02776200 -0.05183900
v -0.00913900 0.02776200 -0.05215000
v -0.00882800 0.02776200 -0.05246100
v -0.01115000 0.02776200 -0.05478300
v -0.01140600 0.02776200 -0.05452700
v -0.01171700 0.02853700 -0.05421600
v -0.01177200 0.02776200 -0.05416100
v -0.01200000 0.02776200 -0.05331100
v 0.00622800 0.02776200 -0.05416100
v 0.00611400 0.02776200 -0.05373600
v 0.00600000 0.02776200 -0.05331100
v 0.00602150 0.02776200 -0.05923200
v 0.00583400 0.02776200 -0.05904400
v 0.00620900 0.02776200 -0.05942000
v 0.00634000 0.02776200 -0.05991000
v 0.00525800 0.02776200 -0.05892400
v 0.00532100 0.02776200 -0.05890700
v 0.00437100 0.02776200 -0.05965400
v 0.00443400 0.02776200 -0.05942000
v 0.00480900 0.02776200 -0.05904400
v 0.00503350 0.02776200 -0.05898400
v 0.00503350 0.02776200 -0.06088000
v 0.00480900 0.02776200 -0.06082000
v 0.00436500 0.02776200 -0.06018850
v 0.00443400 0.02776200 -0.06044500
v 0.00429600 0.02776200 -0.05993200
v 0.00634600 0.02776200 -0.05993200
v 0.00620900 0.02776200 -0.06044500
v 0.00602150 0.02776200 -0.06063250
v 0.00583400 0.02776200 -0.06082000
v 0.00532100 0.02776200 -0.06095700
v -0.01081200 0.02913700 -0.03611200
v -0.01081200 0.02776200 -0.03611200
v -0.01030000 0.02913700 -0.03597500
v -0.01030000 0.02776200 -0.03597500
v -0.00996500 0.02776200 -0.04031800
v -0.00927500 0.02913700 -0.03700000
v -0.00927500 0.02776200 -0.03700000
v -0.00941200 0.02776200 -0.03648700
v -0.00941200 0.02913700 -0.03648700
v -0.00941200 0.02776200 -0.03751200
v -0.00941200 0.02913700 -0.03751200
v -0.00959950 0.02776200 -0.03770000
v -0.00978700 0.02776200 -0.03788800
v -0.00978700 0.02913700 -0.03788800
v -0.01030000 0.02776200 -0.03802500
v -0.01030000 0.02913700 -0.03802500
v -0.01055600 0.02776200 -0.03795650
v -0.01081200 0.02913700 -0.03788800
v -0.01081200 0.02776200 -0.03788800
v -0.00978700 0.02913700 -0.03611200
v -0.00978700 0.02776200 -0.03611200
v -0.01118800 0.02913700 -0.03751200
v -0.01118800 0.02776200 -0.03751200
v -0.01125650 0.02776200 -0.03725600
v -0.01132500 0.02776200 -0.03700000
v -0.01132500 0.02913700 -0.03700000
v -0.01118800 0.02913700 -0.03648700
v -0.01118800 0.02776200 -0.03648700
v -0.00288600 0.02776200 -0.04473600
v -0.00277200 0.02853700 -0.04516100
v -0.00277200 0.02776200 -0.04516100
v -0.00300000 0.02776200 -0.04431100
v -0.00300000 0.02853700 -0.04431100
v -0.00277200 0.02853700 -0.04346100
v -0.00277200 0.02776200 -0.04346100
v -0.00246100 0.02776200 -0.04315000
v -0.00215000 0.02776200 -0.04283900
v -0.00215000 0.02853700 -0.04283900
v 0.00380300 0.02776200 -0.04031800
v -0.00130000 0.02853700 -0.04261100
v -0.00087500 0.02776200 -0.04272500
v -0.00130000 0.02776200 -0.04261100
v -0.00013900 0.02776200 -0.04547200
v 0.00017200 0.02776200 -0.04516100
v 0.00017200 0.02853700 -0.04516100
v -0.00045000 0.02776200 -0.04578300
v -0.00045000 0.02853700 -0.04578300
v -0.00172500 0.02776200 -0.04589700
v -0.00130000 0.02776200 -0.04601100
v -0.00130000 0.02853700 -0.04601100
v -0.00215000 0.02853700 -0.04578300
v -0.00215000 0.02776200 -0.04578300
v -0.00045000 0.02776200 -0.04283900
v -0.00045000 0.02853700 -0.04283900
v 0.00017200 0.02853700 -0.04346100
v 0.00028600 0.02776200 -0.04388600
v 0.00017200 0.02776200 -0.04346100
v 0.00040000 0.02853700 -0.04431100
v 0.00040000 0.02776200 -0.04431100
v 0.01208200 -0.01880000 0.00076500
v 0.01880000 -0.01208200 0.00076500
v 0.02032800 -0.00928400 0.00076500
v 0.02032800 0.00928400 0.00076500
v 0.00318000 0.02212000 0.00076500
v -0.00629600 0.02144200 0.00076500
v -0.00928400 0.02032800 0.00076500
v -0.01208200 0.01880000 0.00076500
v -0.02144200 0.00629600 0.00076500
v -0.00928400 -0.02032800 0.00076500
v -0.01463500 -0.01688900 0.00076500
v -0.01435100 -0.01656200 0.00141400
v -0.01656200 -0.01435100 0.00141400
v -0.01392600 -0.01607100 0.00184800
v -0.01607100 -0.01392600 0.00184800
v -0.01789000 -0.01149700 0.00184800
v -0.01934400 -0.00883400 0.00184800
v -0.02040400 -0.00599100 0.00184800
v -0.02104900 -0.00302600 0.00184800
v -0.02126500 0.00000000 0.00184800
v -0.02104900 0.00302600 0.00184800
v -0.02040400 0.00599100 0.00184800
v -0.01843500 -0.01184800 0.00141400
v -0.01993400 -0.00910300 0.00141400
v -0.02102600 -0.00617400 0.00141400
v -0.02169100 -0.00311900 0.00141400
v -0.02191400 0.00000000 0.00141400
v -0.02169100 0.00311900 0.00141400
v -0.02102600 0.00617400 0.00141400
v 0.00000000 -0.02126500 0.00184800
v -0.00302600 -0.02104900 0.00184800
v -0.00311900 -0.02169100 0.00141400
v 0.00000000 -0.02191400 0.00141400
v 0.00000000 -0.02234800 0.00076500
v -0.00318000 -0.02212000 0.00076500
v -0.00599100 -0.02040400 0.00184800
v -0.00883400 -0.01934400 0.00184800
v -0.00617400 -0.02102600 0.00141400
v -0.00910300 -0.01993400 0.00141400
v -0.00629600 -0.02144200 0.00076500
v -0.01688900 -0.01463500 0.00076500
v -0.01880000 -0.01208200 0.00076500
v -0.02144200 -0.00629600 0.00076500
v -0.02212000 -0.00318000 0.00076500
v -0.02234800 0.00000000 0.00076500
v -0.02212000 0.00318000 0.00076500
v -0.01789000 0.01149700 0.00184800
v -0.01607100 0.01392600 0.00184800
v -0.01843500 0.01184800 0.00141400
v -0.01656200 0.01435100 0.00141400
v -0.01688900 0.01463500 0.00076500
v -0.01392600 0.01607100 0.00184800
v -0.01435100 0.01656200 0.00141400
v -0.01463500 0.01688900 0.00076500
v -0.01149700 0.01789000 0.00184800
v -0.01184800 0.01843500 0.00141400
v 0.00000000 0.02126500 0.00184800
v 0.00302600 0.02104900 0.00184800
v 0.00000000 0.02191400 0.00141400
v 0.00311900 0.02169100 0.00141400
v 0.00000000 0.02234800 0.00076500
v 0.00883400 0.01934400 0.00184800
v 0.01149700 0.01789000 0.00184800
v 0.00910300 0.01993400 0.00141400
v 0.01184800 0.01843500 0.00141400
v 0.01208200 0.01880000 0.00076500
v 0.01392600 0.01607100 0.00184800
v 0.01435100 0.01656200 0.00141400
v 0.01463500 0.01688900 0.00076500
v 0.01607100 0.01392600 0.00184800
v 0.01656200 0.01435100 0.00141400
v 0.01688900 0.01463500 0.00076500
v 0.01789000 0.01149700 0.00184800
v 0.01934400 0.00883400 0.00184800
v 0.01843500 0.01184800 0.00141400
v 0.01993400 0.00910300 0.00141400
v 0.01880000 0.01208200 0.00076500
v 0.02126500 0.00000000 0.00184800
v 0.02169100 0.00311900 0.00141400
v 0.02191400 0.00000000 0.00141400
v 0.02234800 0.00000000 0.00076500
v 0.02040400 -0.00599100 0.00184800
v 0.02104900 -0.00302600 0.00184800
v 0.02169100 -0.00311900 0.00141400
v 0.02212000 -0.00318000 0.00076500
v 0.02102600 -0.00617400 0.00141400
v 0.02144200 -0.00629600 0.00076500
v 0.01392600 -0.01607100 0.00184800
v 0.01149700 -0.01789000 0.00184800
v 0.01435100 -0.01656200 0.00141400
v 0.01184800 -0.01843500 0.00141400
v 0.01463500 -0.01688900 0.00076500
v 0.00599100 -0.02040400 0.00184800
v 0.00302600 -0.02104900 0.00184800
v 0.00617400 -0.02102600 0.00141400
v 0.00311900 -0.02169100 0.00141400
v 0.00318000 -0.02212000 0.00076500
v -0.01208200 -0.01880000 0.00076500
v -0.01184800 -0.01843500 0.00141400
v -0.01149700 -0.01789000 0.00184800
v -0.02032800 0.00928400 0.00076500
v -0.01993400 0.00910300 0.00141400
v -0.01934400 0.00883400 0.00184800
v -0.00910300 0.01993400 0.00141400
v -0.00883400 0.01934400 0.00184800
v -0.00617400 0.02102600 0.00141400
v -0.00599100 0.02040400 0.00184800
v -0.00318000 0.02212000 0.00076500
v -0.00311900 0.02169100 0.00141400
v -0.00302600 0.02104900 0.00184800
v 0.00629600 0.02144200 0.00076500
v 0.00617400 0.02102600 0.00141400
v 0.00599100 0.02040400 0.00184800
v 0.02144200 0.00629600 0.00076500
v 0.02102600 0.00617400 0.00141400
v 0.02040400 0.00599100 0.00184800
v 0.01993400 -0.00910300 0.00141400
v 0.01934400 -0.00883400 0.00184800
v 0.01843500 -0.01184800 0.00141400
v 0.01789000 -0.01149700 0.00184800
v 0.01688900 -0.01463500 0.00076500
v 0.01656200 -0.01435100 0.00141400
v 0.01607100 -0.01392600 0.00184800
v 0.00928400 -0.02032800 0.00076500
v 0.00910300 -0.01993400 0.00141400
v 0.00883400 -0.01934400 0.00184800
v 0.00257950 0.00645550 -0.00200000
v 0.00272800 0.00742500 -0.00200000
v 0.00157500 0.00627200 -0.00200000
v 0.00170000 0.00900000 -0.00055000
v 0.00147200 0.00815000 -0.00055000
v 0.00085000 0.00752800 -0.00055000
v 0.00000000 0.00730000 -0.00055000
v -0.00085000 0.00752800 -0.00055000
v -0.00121250 0.00690000 -0.00127500
v -0.00147200 0.00815000 -0.00055000
v -0.00170000 0.00900000 -0.00055000
v -0.00147200 0.00985000 -0.00055000
v -0.00085000 0.01047200 -0.00055000
v 0.00000000 0.01070000 -0.00055000
v 0.00085000 0.01047200 -0.00055000
v 0.00121250 0.01110000 -0.00127500
v 0.00147200 0.00985000 -0.00055000
v -0.00315000 0.00900000 -0.00200000
v 0.00315000 0.00900000 -0.00200000
v 0.01070000 0.00000000 -0.00055000
v 0.01047200 -0.00085000 -0.00055000
v 0.00985000 -0.00147200 -0.00055000
v 0.00900000 -0.00170000 -0.00055000
v 0.00815000 -0.00147200 -0.00055000
v 0.00752800 -0.00085000 -0.00055000
v 0.00752800 0.00085000 -0.00055000
v 0.00815000 0.00147200 -0.00055000
v 0.00781100 0.00283100 -0.00200000
v 0.00900000 0.00170000 -0.00055000
v 0.00985000 0.00147200 -0.00055000
v 0.00920400 0.00309500 -0.00200000
v 0.01047200 0.00085000 -0.00055000
v 0.00627000 -0.00157100 -0.00200000
v 0.01205900 0.00033800 -0.00200000
v 0.01057500 0.00272800 -0.00200000
v 0.01059200 0.00271100 -0.00200000
v 0.01161400 0.00168900 -0.00200000
v 0.01172800 0.00157500 -0.00200000
v 0.00900000 0.00315000 -0.00200000
v 0.00742500 0.00272800 -0.00200000
v 0.00668900 0.00199200 -0.00200000
v 0.00627200 0.00157500 -0.00200000
v 0.00627200 -0.00157500 -0.00200000
v 0.01215000 0.00000000 -0.00200000
v 0.01186800 -0.00105300 -0.00200000
v 0.01172800 -0.00157500 -0.00200000
v 0.00170000 -0.00900000 -0.00055000
v 0.00147200 -0.00985000 -0.00055000
v 0.00085000 -0.01047200 -0.00055000
v 0.00000000 -0.01070000 -0.00055000
v -0.00085000 -0.01047200 -0.00055000
v -0.00121250 -0.01110000 -0.00127500
v -0.00147200 -0.00985000 -0.00055000
v -0.00315000 -0.00900000 -0.00200000
v -0.00170000 -0.00900000 -0.00055000
v -0.00147200 -0.00815000 -0.00055000
v -0.00085000 -0.00752800 -0.00055000
v 0.00000000 -0.00730000 -0.00055000
v 0.00121250 -0.00690000 -0.00127500
v 0.00085000 -0.00752800 -0.00055000
v 0.00147200 -0.00815000 -0.00055000
v -0.00730000 0.00000000 -0.00055000
v -0.00752800 -0.00085000 -0.00055000
v -0.00815000 -0.00147200 -0.00055000
v -0.00900000 -0.00170000 -0.00055000
v -0.00985000 -0.00147200 -0.00055000
v -0.01047200 -0.00085000 -0.00055000
v -0.01205900 0.00033800 -0.00200000
v -0.01070000 0.00000000 -0.00055000
v -0.01047200 0.00085000 -0.00055000
v -0.00985000 0.00147200 -0.00055000
v -0.00900000 0.00170000 -0.00055000
v -0.00920400 0.00309500 -0.00200000
v -0.00815000 0.00147200 -0.00055000
v -0.00752800 0.00085000 -0.00055000
v -0.00627000 -0.00157100 -0.00200000
v -0.00627200 0.00157500 -0.00200000
v -0.00668900 0.00199200 -0.00200000
v -0.00742500 0.00272800 -0.00200000
v -0.00900000 0.00315000 -0.00200000
v -0.01057500 0.00272800 -0.00200000
v -0.01161400 0.00168900 -0.00200000
v -0.01059200 0.00271100 -0.00200000
v -0.01172800 0.00157500 -0.00200000
v -0.01186800 -0.00105300 -0.00200000
v -0.01215000 0.00000000 -0.00200000
v -0.01172800 -0.00157500 -0.00200000
v -0.00627200 -0.00157500 -0.00200000
v 0.01077600 0.01986000 -0.00698100
v 0.01226500 0.01899200 -0.00618100
v 0.01263300 0.01912300 -0.00670200
v 0.01338400 0.01887300 -0.00658800
v 0.01370500 0.01799800 -0.00533000
v 0.01383000 0.01802400 -0.00551200
v 0.01375800 0.01812100 -0.00566500
v 0.01356500 0.01851000 -0.00614200
v 0.01355000 0.01854000 -0.00617900
v 0.01466200 0.01706700 -0.00387300
v 0.01421900 0.01750400 -0.00469600
v 0.01401200 0.01778100 -0.00513100
v 0.00425100 0.02215600 -0.00940500
v 0.00431400 0.02223500 -0.00962900
v 0.00595200 0.02176800 -0.00896000
v 0.00437600 0.02231400 -0.00985400
v 0.00612700 0.02192200 -0.00941800
v 0.00789500 0.02138200 -0.00884300
v 0.00766800 0.02123200 -0.00837200
v 0.00951800 0.02075000 -0.00820300
v 0.00924400 0.02060600 -0.00771700
v 0.01109800 0.01999800 -0.00748400
v 0.00394600 0.02228900 -0.00971700
v 0.00357400 0.02234700 -0.00978000
v -0.00357400 0.02234700 -0.00978000
v -0.00205500 0.02253100 -0.00999500
v -0.00079400 0.02260800 -0.01008600
v 0.00202600 0.02253400 -0.00999800
v -0.00394600 0.02228900 -0.00971700
v -0.00412900 0.02225500 -0.00967600
v -0.00437800 0.02233900 -0.00983800
v -0.00431200 0.02222100 -0.00963500
v -0.00425600 0.02218600 -0.00940000
v -0.01692900 0.01482100 -0.00221800
v -0.01595300 0.01663600 -0.00474700
v -0.01604600 0.01632300 -0.00440000
v -0.01613400 0.01613500 -0.00414900
v -0.01529900 0.01668700 -0.00430600
v -0.01633100 0.01571700 -0.00359200
v -0.01642800 0.01551100 -0.00331900
v -0.01652600 0.01537700 -0.00310500
v -0.01590700 0.01679300 -0.00492100
v -0.01576400 0.01679900 -0.00487200
v -0.01589700 0.01686700 -0.00498700
v -0.01554700 0.01698800 -0.00500800
v -0.01585400 0.01716600 -0.00525300
v -0.01508900 0.01687400 -0.00444600
v -0.01358500 0.01808700 -0.00540400
v -0.01199300 0.01916200 -0.00633300
v -0.01399400 0.01821100 -0.00594300
v -0.01235200 0.01929400 -0.00685100
v -0.01063500 0.02023400 -0.00770500
v -0.01032700 0.02009300 -0.00720700
v -0.00749300 0.02129400 -0.00843800
v -0.00771500 0.02144400 -0.00890800
v -0.00859800 0.02087900 -0.00799800
v -0.00587300 0.02178900 -0.00898400
v -0.00604600 0.02194300 -0.00944100
v -0.00885300 0.02102600 -0.00847800
v -0.01030000 0.03051200 -0.03597500
v -0.00978700 0.03051200 -0.03611200
v -0.00941200 0.03051200 -0.03648700
v -0.00927500 0.03051200 -0.03700000
v -0.00941200 0.03051200 -0.03751200
v -0.00978700 0.03051200 -0.03788800
v -0.01030000 0.03051200 -0.03802500
v -0.01081200 0.03051200 -0.03788800
v -0.01118800 0.03051200 -0.03751200
v -0.01132500 0.03051200 -0.03700000
v -0.01118800 0.03051200 -0.03648700
v -0.01081200 0.03051200 -0.03611200
v 0.00770000 0.03051200 -0.03597500
v 0.00821200 0.03051200 -0.03611200
v 0.00858800 0.03051200 -0.03648700
v 0.00872500 0.03051200 -0.03700000
v 0.00858800 0.03051200 -0.03751200
v 0.00821200 0.03051200 -0.03788800
v 0.00770000 0.03051200 -0.03802500
v 0.00718700 0.03051200 -0.03788800
v 0.00681200 0.03051200 -0.03751200
v 0.00667500 0.03051200 -0.03700000
v 0.00681200 0.03051200 -0.03648700
v 0.00718700 0.03051200 -0.03611200
v 0.01347100 0.01856200 -0.00805500
v -0.01605000 0.01620400 -0.00591000
v -0.00300000 0.02931200 -0.06231100
v -0.00295400 0.02776200 -0.06248400
v -0.00277200 0.02931200 -0.06316100
v -0.00277200 0.02853700 -0.06316100
v -0.00215000 0.02931200 -0.06378300
v -0.00215000 0.02853700 -0.06378300
v -0.00130000 0.02931200 -0.06401100
v -0.00130000 0.03076200 -0.06546100
v -0.00130000 0.02853700 -0.06401100
v -0.00045000 0.02931200 -0.06378300
v -0.00045000 0.02853700 -0.06378300
v 0.00017200 0.02931200 -0.06316100
v 0.00040000 0.02931200 -0.06231100
v 0.00040000 0.02853700 -0.06231100
v 0.00017200 0.02931200 -0.06146100
v 0.00017200 0.02853700 -0.06146100
v -0.00045000 0.02931200 -0.06083900
v -0.00045000 0.02853700 -0.06083900
v -0.00130000 0.02931200 -0.06061100
v -0.00130000 0.02853700 -0.06061100
v -0.00215000 0.02931200 -0.06083900
v -0.00215000 0.02853700 -0.06083900
v -0.00287500 0.03076200 -0.05958300
v -0.00277200 0.02931200 -0.06146100
v -0.00277200 0.02853700 -0.06146100
v -0.01115000 0.02931200 -0.05183900
v -0.01177200 0.02853700 -0.05246100
v -0.01177200 0.02931200 -0.05246100
v -0.01200000 0.02931200 -0.05331100
v -0.01200000 0.02853700 -0.05331100
v -0.01177200 0.02931200 -0.05416100
v -0.01115000 0.02931200 -0.05478300
v -0.01115000 0.02853700 -0.05478300
v -0.01030000 0.02853700 -0.05501100
v -0.01030000 0.02931200 -0.05501100
v -0.00945000 0.02931200 -0.05478300
v -0.00945000 0.02853700 -0.05478300
v -0.00882800 0.02931200 -0.05416100
v -0.00848100 0.03076200 -0.05579400
v -0.00882800 0.02853700 -0.05416100
v -0.00860000 0.02853700 -0.05331100
v -0.00860000 0.02931200 -0.05331100
v -0.00882800 0.02931200 -0.05246100
v -0.00882800 0.02853700 -0.05246100
v -0.00945000 0.02853700 -0.05183900
v -0.00945000 0.02931200 -0.05183900
v -0.01030000 0.02931200 -0.05161100
v -0.01030000 0.02853700 -0.05161100
v -0.00130000 0.02931200 -0.04261100
v -0.00045000 0.02931200 -0.04283900
v 0.00017200 0.02931200 -0.04346100
v 0.00040000 0.02931200 -0.04431100
v 0.00017200 0.02931200 -0.04516100
v -0.00045000 0.02931200 -0.04578300
v -0.00130000 0.02931200 -0.04601100
v -0.00215000 0.02931200 -0.04578300
v -0.00277200 0.02931200 -0.04516100
v -0.00300000 0.02931200 -0.04431100
v -0.00277200 0.02931200 -0.04346100
v -0.00215000 0.02931200 -0.04283900
v 0.00685000 0.02931200 -0.05183900
v 0.00651100 0.02776200 -0.05217800
v 0.00622800 0.02931200 -0.05246100
v 0.00622800 0.02853700 -0.05246100
v 0.00600000 0.02931200 -0.05331100
v 0.00600000 0.02853700 -0.05331100
v 0.00622800 0.02931200 -0.05416100
v 0.00685000 0.02853700 -0.05478300
v 0.00685000 0.02931200 -0.05478300
v 0.00770000 0.02931200 -0.05501100
v 0.00770000 0.02853700 -0.05501100
v 0.00855000 0.02931200 -0.05478300
v 0.00855000 0.02853700 -0.05478300
v 0.00917200 0.02931200 -0.05416100
v 0.00917200 0.02853700 -0.05416100
v 0.00940000 0.02931200 -0.05331100
v 0.00940000 0.02853700 -0.05331100
v 0.00917200 0.02853700 -0.05246100
v 0.00917200 0.02931200 -0.05246100
v 0.00991200 0.03076200 -0.05122000
v 0.00855000 0.02931200 -0.05183900
v 0.00855000 0.02853700 -0.05183900
v 0.00770000 0.02931200 -0.05161100
v 0.00770000 0.02853700 -0.05161100
v 0.00633400 0.02776200 -0.05988800
v 0.00634600 0.03051200 -0.05993200
v 0.00620900 0.03051200 -0.05942000
v 0.00620900 0.02913700 -0.05942000
v 0.00583400 0.03051200 -0.05904400
v 0.00583400 0.02913700 -0.05904400
v 0.00532100 0.03051200 -0.05890700
v 0.00525800 0.02776200 -0.06094000
v 0.00480900 0.03051200 -0.06082000
v 0.00532100 0.02913700 -0.06095700
v 0.00532100 0.03051200 -0.06095700
v 0.00583400 0.03051200 -0.06082000
v 0.00583400 0.02913700 -0.06082000
v 0.00620900 0.03051200 -0.06044500
v 0.00620900 0.02913700 -0.06044500
v 0.00443400 0.03051200 -0.05942000
v 0.00430800 0.02776200 -0.05988800
v 0.00429600 0.03051200 -0.05993200
v 0.00429600 0.02913700 -0.05993200
v 0.00443400 0.03051200 -0.06044500
v 0.00443400 0.02913700 -0.06044500
v 0.00480900 0.03051200 -0.05904400
v 0.00480900 0.02913700 -0.05904400
v 0.01245600 0.00098000 0.01138700
v 0.01202600 0.00339200 0.00594350
v 0.01113300 0.00567300 0.00050000
v 0.01113300 0.00567300 0.01138700
v 0.01113300 0.00567300 0.00594350
v 0.00981300 0.00773600 0.00050000
v 0.00981300 0.00773600 0.01138700
v 0.00981300 0.00773600 0.00594350
v 0.00901900 0.00784300 0.00000000
v 0.00811500 0.00950100 0.00050000
v 0.00811500 0.00950100 0.00594350
v 0.00811500 0.00950100 0.01138700
v 0.00610500 0.01090200 0.00050000
v 0.00610500 0.01090200 0.00594350
v 0.00610500 0.01090200 0.01138700
v 0.00386100 0.01188300 0.00050000
v 0.00386100 0.01188300 0.00594350
v 0.00386100 0.01188300 0.01138700
v 0.00146900 0.01240800 0.00050000
v 0.00031500 0.01193300 0.00000000
v 0.00146900 0.01240800 0.01138700
v 0.00146900 0.01240800 0.00594350
v -0.00098000 0.01245600 0.00050000
v -0.00098000 0.01245600 0.01138700
v -0.00098000 0.01245600 0.00594350
v -0.00339200 0.01202600 0.00050000
v -0.00339200 0.01202600 0.01138700
v -0.00339200 0.01202600 0.00594350
v -0.00567300 0.01113300 0.00050000
v -0.00567300 0.01113300 0.00594350
v -0.00567300 0.01113300 0.01138700
v -0.00773600 0.00981300 0.00050000
v -0.00773600 0.00981300 0.00594350
v -0.00773600 0.00981300 0.01138700
v -0.00784300 0.00901900 0.00000000
v -0.00950100 0.00811500 0.00050000
v -0.00950100 0.00811500 0.00594350
v -0.00950100 0.00811500 0.01138700
v -0.01090200 0.00610500 0.00050000
v -0.01090200 0.00610500 0.01138700
v -0.01090200 0.00610500 0.00594350
v -0.01188300 0.00386100 0.00050000
v -0.01188300 0.00386100 0.00594350
v -0.01188300 0.00386100 0.01138700
v -0.01240800 0.00146900 0.00050000
v -0.01240800 0.00146900 0.01138700
v -0.01240800 0.00146900 0.00594350
v -0.01245600 -0.00098000 0.00050000
v -0.01245600 -0.00098000 0.00594350
v -0.01245600 -0.00098000 0.01138700
v -0.01202600 -0.00339200 0.00050000
v -0.01202600 -0.00339200 0.00594350
v -0.01202600 -0.00339200 0.01138700
v -0.01113300 -0.00567300 0.00050000
v -0.01125900 -0.00398400 0.00000000
v -0.01113300 -0.00567300 0.00594350
v -0.01113300 -0.00567300 0.01138700
v -0.00981300 -0.00773600 0.00050000
v -0.00981300 -0.00773600 0.01138700
v -0.00981300 -0.00773600 0.00594350
v -0.00811500 -0.00950100 0.00050000
v -0.00901900 -0.00784300 0.00000000
v -0.00811500 -0.00950100 0.00594350
v -0.00811500 -0.00950100 0.01138700
v -0.00610500 -0.01090200 0.00050000
v -0.00610500 -0.01090200 0.00594350
v -0.00610500 -0.01090200 0.01138700
v -0.00386100 -0.01188300 0.00050000
v -0.00386100 -0.01188300 0.01138700
v -0.00386100 -0.01188300 0.00594350
v -0.00146900 -0.01240800 0.00050000
v -0.00146900 -0.01240800 0.01138700
v -0.00146900 -0.01240800 0.00594350
v 0.00098000 -0.01245600 0.00050000
v 0.00098000 -0.01245600 0.00594350
v 0.00218600 -0.01224100 0.01138700
v 0.00098000 -0.01245600 0.01138700
v 0.00339200 -0.01202600 0.00050000
v 0.00339200 -0.01202600 0.00594350
v 0.00339200 -0.01202600 0.01138700
v 0.00567300 -0.01113300 0.00050000
v 0.00567300 -0.01113300 0.00594350
v 0.00567300 -0.01113300 0.01138700
v 0.00773600 -0.00981300 0.00050000
v 0.00773600 -0.00981300 0.01138700
v 0.00773600 -0.00981300 0.00594350
v 0.00950100 -0.00811500 0.00050000
v 0.00950100 -0.00811500 0.01138700
v 0.00950100 -0.00811500 0.00594350
v 0.01090200 -0.00610500 0.00050000
v 0.01090200 -0.00610500 0.01138700
v 0.01090200 -0.00610500 0.00594350
v 0.01188300 -0.00386100 0.00050000
v 0.01188300 -0.00386100 0.00594350
v 0.01188300 -0.00386100 0.01138700
v 0.01240800 -0.00146900 0.00050000
v 0.01240800 -0.00146900 0.01138700
v 0.01240800 -0.00146900 0.00594350
v 0.01245600 0.00098000 0.00050000
v 0.00978900 -0.00770200 0.04050000
v 0.00950100 -0.00811500 0.02148700
v 0.01090200 -0.00610500 0.02148700
v 0.00964500 -0.00790850 0.04050000
v 0.00913800 -0.00846400 0.04050000
v 0.00773600 -0.00981300 0.03099350
v 0.00773600 -0.00981300 0.02148700
v 0.00773600 -0.00981300 0.04050000
v 0.00843700 -0.00913850 0.04050000
v 0.00567300 -0.01113300 0.04050000
v 0.00459800 -0.01155400 0.04050000
v 0.00567300 -0.01113300 0.02148700
v 0.00339200 -0.01202600 0.03099350
v 0.00339200 -0.01202600 0.02148700
v 0.00339200 -0.01202600 0.04050000
v 0.00098000 -0.01245600 0.04050000
v 0.00098000 -0.01245600 0.03099350
v 0.00098000 -0.01245600 0.02148700
v -0.00024450 -0.01243200 0.04050000
v -0.00193400 -0.01230600 0.04050000
v -0.00146900 -0.01240800 0.04050000
v -0.00146900 -0.01240800 0.02148700
v -0.00386100 -0.01188300 0.02148700
v -0.00386100 -0.01188300 0.03099350
v -0.00289750 -0.01209450 0.04050000
v -0.00386100 -0.01188300 0.04050000
v -0.00610500 -0.01090200 0.04050000
v -0.00610500 -0.01090200 0.02148700
v -0.00770200 -0.00978900 0.04050000
v -0.00635400 -0.01072850 0.04050000
v -0.00811500 -0.00950100 0.02148700
v -0.00981300 -0.00773600 0.03099350
v -0.00846400 -0.00913800 0.04050000
v -0.00790850 -0.00964500 0.04050000
v -0.00811500 -0.00950100 0.04050000
v -0.00960250 -0.00795450 0.04050000
v -0.01113300 -0.00567300 0.04050000
v -0.01113300 -0.00567300 0.03099350
v -0.01113300 -0.00567300 0.02148700
v -0.01157950 -0.00453250 0.04050000
v -0.01202600 -0.00339200 0.04050000
v -0.01202600 -0.00339200 0.03099350
v -0.01202600 -0.00339200 0.02148700
v -0.01245600 -0.00098000 0.04050000
v -0.01245600 -0.00098000 0.03099350
v -0.01245600 -0.00098000 0.02148700
v -0.01243200 0.00024450 0.04050000
v -0.01240800 0.00146900 0.04050000
v -0.01240800 0.00146900 0.02148700
v -0.01240800 0.00146900 0.03099350
v -0.01188300 0.00386100 0.04050000
v -0.01146800 0.00481100 0.04050000
v -0.01188300 0.00386100 0.02148700
v -0.01090200 0.00610500 0.02148700
v -0.01090200 0.00610500 0.04050000
v -0.00978900 0.00770200 0.04050000
v -0.01118500 0.00545800 0.04050000
v -0.00950100 0.00811500 0.02148700
v -0.00773600 0.00981300 0.03099350
v -0.00913800 0.00846400 0.04050000
v -0.00952500 0.00808050 0.04050000
v -0.00795450 0.00960250 0.04050000
v -0.00567300 0.01113300 0.04050000
v -0.00383500 0.01185200 0.04050000
v -0.00567300 0.01113300 0.02148700
v -0.00475400 0.01149250 0.04050000
v -0.00339200 0.01202600 0.03099350
v -0.00339200 0.01202600 0.02148700
v -0.00339200 0.01202600 0.04050000
v -0.00218600 0.01224100 0.04050000
v -0.00098000 0.01245600 0.04050000
v 0.00024450 0.01243200 0.02148700
v -0.00098000 0.01245600 0.02148700
v -0.00098000 0.01245600 0.03099350
v 0.00146900 0.01240800 0.04050000
v 0.00069550 0.01170250 0.04050000
v 0.00273400 0.01213100 0.04050000
v 0.00146900 0.01240800 0.02148700
v 0.00386100 0.01188300 0.02148700
v 0.00811500 0.00950100 0.04050000
v 0.00770200 0.00978900 0.04050000
v 0.00610500 0.01090200 0.04050000
v 0.00610500 0.01090200 0.03099350
v 0.00386100 0.01188300 0.04050000
v 0.00817300 0.00944000 0.04050000
v 0.00811500 0.00950100 0.02148700
v 0.00846400 0.00913800 0.04050000
v 0.00981300 0.00773600 0.02148700
v 0.01057400 0.00654600 0.04050000
v 0.00981300 0.00773600 0.04050000
v 0.01113300 0.00567300 0.02148700
v 0.01113300 0.00567300 0.03099350
v 0.01085350 0.00610950 0.04050000
v 0.01113300 0.00567300 0.04050000
v 0.01202600 0.00339200 0.04050000
v 0.01202600 0.00339200 0.03099350
v 0.01202600 0.00339200 0.02148700
v 0.01224100 0.00218600 0.04050000
v 0.01245600 0.00098000 0.04050000
v 0.01245600 0.00098000 0.03099350
v 0.01245600 0.00098000 0.02148700
v 0.01240800 -0.00146900 0.04050000
v 0.01240800 -0.00146900 0.02148700
v 0.01240800 -0.00146900 0.03099350
v 0.01214550 -0.00266500 0.04050000
v 0.01188300 -0.00386100 0.04050000
v 0.01188300 -0.00386100 0.02148700
v 0.01188300 -0.00386100 0.03099350
v 0.01090200 -0.00610500 0.04050000
v 0.01055500 -0.00660300 0.04050000
v 0.01072850 -0.00635400 0.04050000
v -0.00517800 0.00383400 0.00000000
v -0.00580200 0.00293100 0.04050000
v -0.00479600 0.00438800 0.04050000
v -0.00479600 0.00438800 0.00000000
v -0.00353400 0.00543600 0.04050000
v -0.00477150 0.00606550 0.04050000
v -0.00334000 0.00556100 0.04050000
v -0.00367650 0.00531750 0.00000000
v -0.00257900 0.00590100 0.04050000
v -0.00181800 0.00624100 0.00000000
v -0.00181800 0.00624100 0.02025000
v -0.00181800 0.00624100 0.04050000
v -0.00006700 0.00650000 0.04050000
v 0.00250450 0.00593250 0.00000000
v 0.00332000 0.00558800 0.00000000
v 0.00332000 0.00558800 0.04050000
v 0.00456000 0.00460000 0.00000000
v 0.00168900 0.00627700 0.00000000
v 0.00324700 0.00561900 0.04050000
v 0.00328350 0.00560350 0.04050000
v -0.00094250 0.00637050 0.00000000
v -0.00006700 0.00650000 0.00000000
v 0.00075100 0.00639600 0.00000000
v 0.00211850 0.00609550 0.04050000
v 0.00254800 0.00591400 0.04050000
v 0.00419700 0.00488950 0.00000000
v 0.00470500 0.00448500 0.04050000
v 0.00470500 0.00448500 0.02025000
v 0.00470500 0.00448500 0.00000000
v 0.00574000 0.00304900 0.02025000
v 0.00574000 0.00304900 0.04050000
v 0.00604500 0.00221850 0.04050000
v 0.00574000 0.00304900 0.00000000
v 0.00522250 0.00376700 0.00000000
v 0.00635000 0.00138800 0.04050000
v 0.00635000 0.00138800 0.00000000
v 0.00698300 -0.00224450 0.04050000
v 0.00641950 0.00050550 0.00000000
v 0.00648900 -0.00037700 0.04050000
v 0.00641600 -0.00074900 0.00000000
v 0.00614700 -0.00211400 0.04050000
v 0.00628150 -0.00143150 0.00000000
v 0.00614700 -0.00211400 0.00000000
v 0.00588300 -0.00263500 0.00000000
v 0.00534800 -0.00369400 0.04050000
v 0.00579900 -0.00477150 0.04050000
v 0.00561550 -0.00316450 0.00000000
v 0.00534800 -0.00369400 0.00000000
v 0.00459600 -0.00451600 0.00000000
v 0.00415300 -0.00500000 0.04050000
v 0.00437450 -0.00475800 0.00000000
v 0.00408600 -0.00504200 0.04050000
v 0.00415300 -0.00500000 0.00000000
v 0.00336800 -0.00548850 0.04050000
v 0.00265000 -0.00593500 0.00000000
v 0.00265000 -0.00593500 0.04050000
v 0.00174200 -0.00620000 0.00000000
v 0.00219600 -0.00606750 0.00000000
v 0.00095100 -0.00643000 0.04050000
v 0.00095100 -0.00643000 0.02025000
v 0.00006600 -0.00643900 0.04050000
v 0.00095100 -0.00643000 0.00000000
v -0.00081900 -0.00644800 0.04050000
v -0.00081900 -0.00644800 0.00000000
v 0.00006600 -0.00643900 0.00000000
v -0.00247850 -0.00600150 0.04050000
v -0.00252800 -0.00598800 0.04050000
v -0.00252800 -0.00598800 0.00000000
v -0.00279950 -0.00582700 0.00000000
v -0.00307100 -0.00566600 0.00000000
v -0.00405000 -0.00508400 0.04050000
v -0.00405000 -0.00508400 0.02025000
v -0.00405000 -0.00508400 0.00000000
v -0.00440300 -0.00497150 0.00000000
v -0.00561400 -0.00513950 0.04050000
v -0.00527200 -0.00380300 0.04050000
v -0.00621100 -0.00174300 0.00000000
v -0.00648000 -0.00051000 0.00000000
v -0.00648000 -0.00051000 0.04050000
v -0.00642850 0.00037350 0.04050000
v -0.00638500 0.00111900 0.00000000
v -0.00643250 0.00030450 0.00000000
v -0.00637700 0.00125700 0.02025000
v -0.00637700 0.00125700 0.04050000
v -0.00637700 0.00125700 0.00000000
v -0.00580200 0.00293100 0.00000000
v -0.00608950 0.00209400 0.00000000
v -0.00527200 -0.00380300 0.00000000
v -0.00536150 -0.00426700 0.00000000
v -0.00541900 -0.00352500 0.00000000
v -0.00610200 -0.00223900 0.00000000
v -0.00610200 -0.00223900 0.04050000
v -0.00617100 -0.00192400 0.00000000
v -0.00611650 -0.00217200 0.00000000
v 0.00586100 0.01046600 0.00000000
v 0.00609800 0.01030050 0.00000000
v 0.00633500 0.01013500 0.00000000
v 0.00653100 0.00764700 0.00000000
v 0.01075700 0.00526950 0.00000000
v 0.01068800 0.00544600 0.00000000
v 0.01082600 0.00509300 0.00000000
v 0.00675700 0.00477300 0.00000000
v 0.00848200 -0.00840450 0.00000000
v 0.00912100 -0.00779000 0.00000000
v 0.00764700 -0.00653100 0.00000000
v -0.00546000 -0.01064100 0.00000000
v -0.00609800 -0.01030050 0.00000000
v -0.00633500 -0.01013500 0.00000000
v -0.00627350 -0.00560950 0.00000000
v 0.00775400 -0.00009800 0.00000000
v 0.00784800 -0.00036350 0.00000000
v 0.00365700 0.00742100 0.00000000
v -0.00691900 -0.00272050 0.00000000
v -0.00670300 0.00515950 0.00000000
v -0.00405300 0.00681400 0.00000000
v 0.00068800 0.00718700 0.00000000
v 0.00725900 -0.00160450 0.00000000
v 0.00180400 -0.00699100 0.00000000
v -0.00293700 -0.00736400 0.00000000
v -0.00570000 -0.00758200 0.00000000
v -0.00538300 -0.00559400 0.00000000
v -0.00525600 -0.00561750 0.00000000
v -0.00512900 -0.00564100 0.00000000
v -0.00488500 -0.00555500 0.00000000
v -0.00471700 -0.00535800 0.00000000
v -0.00469300 -0.00523050 0.00000000
v -0.00466900 -0.00510300 0.00000000
v -0.00475600 -0.00485900 0.00000000
v -0.00508000 -0.00466750 0.00000000
v -0.00495300 -0.00469100 0.00000000
v -0.00566600 -0.00518200 0.00000000
v -0.00562300 -0.00530400 0.00000000
v -0.00558000 -0.00542600 0.00000000
v -0.00520700 -0.00464400 0.00000000
v -0.00545100 -0.00473100 0.00000000
v -0.00561900 -0.00492700 0.00000000
v 0.00787200 0.00053800 0.00000000
v 0.00829200 0.00103000 0.00000000
v 0.00808200 0.00078400 0.00000000
v 0.01108950 -0.00010850 0.00000000
v 0.01024600 0.00009800 0.00000000
v 0.01195800 0.00094100 0.00000000
v 0.01099400 0.00082450 0.00000000
v 0.01003000 0.00070800 0.00000000
v 0.01154500 0.00325600 0.00000000
v 0.00953800 0.00112800 0.00000000
v 0.00922000 0.00118700 0.00000000
v 0.00890200 0.00124600 0.00000000
v 0.00794200 -0.00062900 0.00000000
v 0.00797000 -0.00070800 0.00000000
v 0.00846200 -0.00112800 0.00000000
v 0.00909800 -0.00124600 0.00000000
v 0.01042100 -0.00171000 0.00000000
v 0.00970800 -0.00103000 0.00000000
v 0.01081000 -0.00122000 0.00000000
v 0.01193300 -0.00031500 0.00000000
v 0.01191200 -0.00141000 0.00000000
v 0.01012800 -0.00053800 0.00000000
v 0.01014400 -0.00045600 0.00000000
v -0.00022000 0.00781300 0.00000000
v -0.00053800 0.00787200 0.00000000
v 0.00009800 0.00775400 0.00000000
v 0.00010850 0.01108950 0.00000000
v -0.00009800 0.01024600 0.00000000
v -0.00082450 0.01099400 0.00000000
v -0.00094100 0.01195800 0.00000000
v -0.00070800 0.01003000 0.00000000
v -0.00325600 0.01154500 0.00000000
v -0.00439000 0.01110100 0.00000000
v -0.00112800 0.00953800 0.00000000
v -0.00118700 0.00922000 0.00000000
v -0.00124600 0.00890200 0.00000000
v -0.00103000 0.00829200 0.00000000
v 0.00333700 0.01148900 0.00000000
v 0.00218350 0.01059850 0.00000000
v 0.00103000 0.00970800 0.00000000
v 0.00141000 0.01191200 0.00000000
v 0.00053800 0.01012800 0.00000000
v 0.00045600 0.01014400 0.00000000
v 0.00066850 0.00795600 0.00000000
v 0.00062900 0.00794200 0.00000000
v 0.00070800 0.00797000 0.00000000
v 0.00112800 0.00846200 0.00000000
v 0.00118700 0.00878000 0.00000000
v 0.00124600 0.00909800 0.00000000
v -0.00742100 0.00365700 0.00000000
v -0.00786200 0.00040300 0.00000000
v -0.00775400 0.00009800 0.00000000
v -0.00797000 0.00070800 0.00000000
v -0.00859700 -0.00113800 0.00000000
v -0.00890200 -0.00124600 0.00000000
v -0.00829200 -0.00103000 0.00000000
v -0.00787200 -0.00053800 0.00000000
v -0.00878000 0.00118700 0.00000000
v -0.00846200 0.00112800 0.00000000
v -0.00909800 0.00124600 0.00000000
v -0.01148900 0.00333700 0.00000000
v -0.01059850 0.00218350 0.00000000
v -0.00970800 0.00103000 0.00000000
v -0.01191200 0.00141000 0.00000000
v -0.01012800 0.00053800 0.00000000
v -0.01024600 -0.00009800 0.00000000
v -0.01173700 -0.00217800 0.00000000
v -0.01088350 -0.00144300 0.00000000
v -0.01003000 -0.00070800 0.00000000
v -0.00953800 -0.00112800 0.00000000
v -0.01154500 -0.00325600 0.00000000
v -0.01068800 -0.00544600 0.00000000
v -0.00840450 -0.00848200 0.00000000
v -0.00779000 -0.00912100 0.00000000
v -0.00942000 -0.00742600 0.00000000
v -0.00370700 -0.01140800 0.00000000
v -0.00458350 -0.01102450 0.00000000
v -0.00361700 -0.01142800 0.00000000
v -0.00262300 -0.01134900 0.00000000
v -0.00310850 -0.01153950 0.00000000
v -0.00141000 -0.01191200 0.00000000
v 0.00417450 -0.01118550 0.00000000
v 0.00509300 -0.01082600 0.00000000
v 0.00325600 -0.01154500 0.00000000
v 0.00211800 -0.01097600 0.00000000
v 0.00155950 -0.01184750 0.00000000
v 0.00094100 -0.01195800 0.00000000
v 0.00493000 -0.00875000 0.00000000
v 0.00536000 -0.01072100 0.00000000
v 0.00544600 -0.01068800 0.00000000
v 0.00742600 -0.00942000 0.00000000
v 0.00784300 -0.00901900 0.00000000
v 0.01174400 -0.00217400 0.00000000
v 0.01140800 -0.00370700 0.00000000
v 0.01046600 -0.00586100 0.00000000
v 0.01030050 -0.00609800 0.00000000
v 0.01013500 -0.00633500 0.00000000
v 0.00779000 0.00912100 0.00000000
v 0.00840450 0.00848200 0.00000000
v 0.00942000 0.00742600 0.00000000
v 0.00370700 0.01140800 0.00000000
v -0.00544600 0.01068800 0.00000000
v -0.00491800 0.01089450 0.00000000
v -0.00742600 0.00942000 0.00000000
v -0.00705700 0.00965600 0.00000000
v -0.01093700 0.00478400 0.00000000
v -0.01140800 0.00370700 0.00000000
v -0.01046600 0.00586100 0.00000000
v -0.00764700 0.00653100 0.00000000
v -0.01013500 0.00633500 0.00000000
v -0.00962800 0.00706250 0.00000000
v -0.00912100 0.00779000 0.00000000
v 0.00113800 -0.00859700 0.00000000
v 0.00124600 -0.00890200 0.00000000
v 0.00103000 -0.00829200 0.00000000
v -0.00070800 -0.00797000 0.00000000
v -0.00009800 -0.00775400 0.00000000
v -0.00040300 -0.00786200 0.00000000
v 0.00053800 -0.00787200 0.00000000
v 0.00040300 -0.01013800 0.00000000
v 0.00009800 -0.01024600 0.00000000
v 0.00070800 -0.01003000 0.00000000
v 0.00112800 -0.00953800 0.00000000
v -0.00053800 -0.01012800 0.00000000
v -0.00112800 -0.00846200 0.00000000
v -0.00118700 -0.00878000 0.00000000
v -0.00124600 -0.00909800 0.00000000
v -0.00078400 -0.00991800 0.00000000
v -0.00103000 -0.00970800 0.00000000
v 0.00000000 -0.00900000 0.00755100
v -0.00112800 -0.00846200 0.00340000
v -0.00112800 -0.00846200 0.00680000
v -0.00070800 -0.00797000 0.00340000
v -0.00070800 -0.00797000 0.00680000
v -0.00124600 -0.00909800 0.00680000
v -0.00124600 -0.00909800 0.00340000
v 0.00053800 -0.00787200 0.00680000
v 0.00053800 -0.00787200 0.00340000
v 0.00103000 -0.00829200 0.00680000
v 0.00103000 -0.00829200 0.00340000
v -0.00009800 -0.00775400 0.00340000
v -0.00009800 -0.00775400 0.00680000
v 0.00112800 -0.00953800 0.00680000
v 0.00112800 -0.00953800 0.00340000
v 0.00070800 -0.01003000 0.00680000
v 0.00070800 -0.01003000 0.00340000
v 0.00124600 -0.00890200 0.00340000
v 0.00124600 -0.00890200 0.00680000
v -0.00053800 -0.01012800 0.00680000
v -0.00053800 -0.01012800 0.00340000
v -0.00103000 -0.00970800 0.00680000
v -0.00103000 -0.00970800 0.00340000
v 0.00009800 -0.01024600 0.00340000
v 0.00009800 -0.01024600 0.00680000
v -0.00900000 0.00000000 0.00755100
v -0.01012800 0.00053800 0.00340000
v -0.01012800 0.00053800 0.00680000
v -0.00970800 0.00103000 0.00340000
v -0.00970800 0.00103000 0.00680000
v -0.01024600 -0.00009800 0.00340000
v -0.01024600 -0.00009800 0.00680000
v -0.00846200 0.00112800 0.00680000
v -0.00846200 0.00112800 0.00340000
v -0.00797000 0.00070800 0.00680000
v -0.00797000 0.00070800 0.00340000
v -0.00909800 0.00124600 0.00340000
v -0.00909800 0.00124600 0.00680000
v -0.00787200 -0.00053800 0.00680000
v -0.00787200 -0.00053800 0.00340000
v -0.00829200 -0.00103000 0.00680000
v -0.00829200 -0.00103000 0.00340000
v -0.00775400 0.00009800 0.00680000
v -0.00775400 0.00009800 0.00340000
v -0.00953800 -0.00112800 0.00680000
v -0.00953800 -0.00112800 0.00340000
v -0.01003000 -0.00070800 0.00680000
v -0.01003000 -0.00070800 0.00340000
v -0.00890200 -0.00124600 0.00680000
v -0.00890200 -0.00124600 0.00340000
v 0.00000000 0.00900000 0.00755100
v -0.00112800 0.00953800 0.00340000
v -0.00112800 0.00953800 0.00680000
v -0.00070800 0.01003000 0.00680000
v -0.00070800 0.01003000 0.00340000
v -0.00124600 0.00890200 0.00340000
v -0.00124600 0.00890200 0.00680000
v 0.00053800 0.01012800 0.00680000
v 0.00053800 0.01012800 0.00340000
v 0.00103000 0.00970800 0.00680000
v 0.00103000 0.00970800 0.00340000
v -0.00009800 0.01024600 0.00680000
v 0.00112800 0.00846200 0.00680000
v 0.00112800 0.00846200 0.00340000
v 0.00070800 0.00797000 0.00680000
v 0.00124600 0.00909800 0.00680000
v 0.00124600 0.00909800 0.00340000
v -0.00053800 0.00787200 0.00680000
v -0.00053800 0.00787200 0.00340000
v -0.00103000 0.00829200 0.00680000
v -0.00103000 0.00829200 0.00340000
v 0.00009800 0.00775400 0.00340000
v 0.00009800 0.00775400 0.00680000
v 0.00900000 0.00000000 0.00755100
v 0.00787200 0.00053800 0.00680000
v 0.00787200 0.00053800 0.00340000
v 0.00829200 0.00103000 0.00680000
v 0.00829200 0.00103000 0.00340000
v 0.00775400 -0.00009800 0.00680000
v 0.00775400 -0.00009800 0.00340000
v 0.00953800 0.00112800 0.00680000
v 0.00953800 0.00112800 0.00340000
v 0.01003000 0.00070800 0.00340000
v 0.01003000 0.00070800 0.00680000
v 0.00890200 0.00124600 0.00340000
v 0.00890200 0.00124600 0.00680000
v 0.01012800 -0.00053800 0.00680000
v 0.01012800 -0.00053800 0.00340000
v 0.00970800 -0.00103000 0.00680000
v 0.00970800 -0.00103000 0.00340000
v 0.01024600 0.00009800 0.00680000
v 0.00846200 -0.00112800 0.00680000
v 0.00846200 -0.00112800 0.00340000
v 0.00797000 -0.00070800 0.00680000
v 0.00909800 -0.00124600 0.00680000
v 0.00909800 -0.00124600 0.00340000
v -0.00516800 -0.00514300 0.00280000
v -0.00561900 -0.00492700 0.00125000
v -0.00561900 -0.00492700 0.00250000
v -0.00545100 -0.00473100 0.00125000
v -0.00545100 -0.00473100 0.00250000
v -0.00566600 -0.00518200 0.00250000
v -0.00566600 -0.00518200 0.00125000
v -0.00495300 -0.00469100 0.00125000
v -0.00495300 -0.00469100 0.00250000
v -0.00475600 -0.00485900 0.00250000
v -0.00475600 -0.00485900 0.00125000
v -0.00520700 -0.00464400 0.00250000
v -0.00520700 -0.00464400 0.00125000
v -0.00471700 -0.00535800 0.00125000
v -0.00471700 -0.00535800 0.00250000
v -0.00488500 -0.00555500 0.00125000
v -0.00488500 -0.00555500 0.00250000
v -0.00466900 -0.00510300 0.00125000
v -0.00466900 -0.00510300 0.00250000
v -0.00538300 -0.00559400 0.00250000
v -0.00538300 -0.00559400 0.00125000
v -0.00558000 -0.00542600 0.00250000
v -0.00558000 -0.00542600 0.00125000
v -0.00512900 -0.00564100 0.00250000
v -0.00512900 -0.00564100 0.00125000
v 0.00299100 0.00887050 0.04050000
v -0.00357200 0.00851600 0.04050000
v -0.00811500 0.00785100 0.04050000
v -0.00807600 0.00816200 0.04050000
v -0.00639600 -0.00885000 0.04050000
v -0.00656900 -0.00881800 0.04050000
v -0.00672500 -0.00900100 0.04050000
v 0.00884000 -0.00564500 0.04050000
v 0.00888900 -0.00578300 0.04050000
v 0.00842000 0.00066300 0.04050000
v 0.00322000 0.00596700 0.04050000
v 0.00797300 0.00634100 0.04050000
v -0.00354700 0.00819300 0.04050000
v -0.00610900 0.00661200 0.04050000
v -0.00650200 0.00555350 0.04050000
v -0.00625000 0.00584900 0.04050000
v -0.00591350 0.00477400 0.04050000
v -0.00710250 0.00787500 0.04050000
v -0.00695800 0.00784800 0.04050000
v -0.00636800 0.00734400 0.04050000
v -0.00664400 0.00396500 0.04050000
v -0.00720200 -0.00657400 0.04050000
v -0.00706300 -0.00652450 0.04050000
v -0.00738800 -0.00058100 0.04050000
v -0.00659300 -0.00635800 0.04050000
v -0.00634750 -0.00429850 0.04050000
v -0.00230300 -0.00761500 0.04050000
v 0.00428850 -0.00761500 0.04050000
v 0.00748600 -0.00499900 0.04050000
v 0.00825000 -0.00514100 0.04050000
v 0.00622600 -0.00694300 0.04050000
v 0.00610900 -0.00661200 0.04050000
v 0.00513100 -0.00580600 0.04050000
v 0.00625000 -0.00584900 0.04050000
v 0.00675400 -0.00525800 0.04050000
v -0.00757400 -0.00817250 0.04050000
v -0.00752500 -0.00831200 0.04050000
v -0.00783900 -0.00805000 0.04050000
v -0.00768200 -0.00738400 0.04050000
v -0.00762300 -0.00803300 0.04050000
v -0.00774100 -0.00770200 0.04050000
v -0.00842000 -0.00066300 0.04050000
v -0.00762300 -0.00706600 0.04050000
v -0.00775700 -0.00908300 0.04050000
v -0.00703300 -0.00873200 0.04050000
v -0.00674200 -0.00878600 0.04050000
v -0.00595600 -0.00647600 0.04050000
v -0.00546400 -0.00689600 0.04050000
v -0.00528000 -0.00767900 0.04050000
v -0.00222200 -0.00864700 0.04050000
v -0.00557600 -0.00838800 0.04050000
v -0.00536600 -0.00814200 0.04050000
v -0.00578600 -0.00863400 0.04050000
v 0.00909900 -0.00637700 0.04050000
v 0.00710250 -0.00787500 0.04050000
v 0.00695800 -0.00784800 0.04050000
v 0.00724700 -0.00790200 0.04050000
v 0.00636800 -0.00734400 0.04050000
v 0.00908300 -0.00775700 0.04050000
v 0.00772200 -0.00799000 0.04050000
v 0.00817700 -0.00782900 0.04050000
v 0.00898450 -0.00699600 0.04050000
v 0.00895800 -0.00714000 0.04050000
v 0.00831550 -0.00778000 0.04050000
v 0.00845400 -0.00773100 0.04050000
v -0.00901100 0.00685200 0.04050000
v -0.00895800 0.00714000 0.04050000
v -0.00870600 0.00743550 0.04050000
v -0.00909550 0.00791850 0.04050000
v -0.00893800 0.00592100 0.04050000
v -0.00909900 0.00637700 0.04050000
v -0.00783200 0.00506300 0.04050000
v -0.00789650 0.00507500 0.04050000
v -0.00825000 0.00514100 0.03550000
v -0.00886700 0.00501600 0.04050000
v -0.00854500 0.00539300 0.04050000
v -0.00825000 0.00514100 0.04050000
v 0.00903500 -0.00672200 0.04050000
v 0.00099700 0.01007800 0.04050000
v 0.00090300 0.00956900 0.04050000
v -0.00090300 0.01043100 0.04050000
v -0.00099700 0.00992100 0.04050000
v -0.00091050 0.00967750 0.04050000
v -0.00082400 0.00943400 0.04050000
v 0.00082400 0.01056600 0.04050000
v -0.00056600 0.01082400 0.04050000
v -0.00007800 0.01099700 0.04050000
v 0.00062750 0.01073450 0.04050000
v 0.00043100 0.01090300 0.04050000
v 0.00056600 0.00917600 0.04050000
v 0.00007800 0.00900300 0.04050000
v -0.00017650 0.00905000 0.04050000
v -0.00043100 0.00909700 0.04050000
v 0.00774450 0.00924450 0.04050000
v -0.00772200 0.00799000 0.04050000
v 0.00639600 0.00885000 0.04050000
v 0.00703300 0.00873200 0.04050000
v 0.00762300 0.00706600 0.04050000
v 0.00774100 0.00770200 0.04050000
v 0.00768200 0.00738400 0.04050000
v 0.00752500 0.00831200 0.04050000
v 0.00595600 0.00647600 0.04050000
v 0.00659300 0.00635800 0.04050000
v 0.00627450 0.00641700 0.04050000
v 0.00720200 0.00657400 0.04050000
v 0.00546400 0.00689600 0.04050000
v 0.00524800 0.00750600 0.04050000
v 0.00536600 0.00814200 0.04050000
v 0.00578600 0.00863400 0.04050000
v -0.00760400 0.00649400 0.03459900
v -0.00636800 0.00734400 0.03800000
v -0.00636800 0.00734400 0.03550000
v -0.00695800 0.00784800 0.03550000
v -0.00610900 0.00661200 0.03550000
v -0.00610900 0.00661200 0.03800000
v -0.00845400 0.00773100 0.03800000
v -0.00845400 0.00773100 0.03550000
v -0.00895800 0.00714000 0.03550000
v -0.00724700 0.00790200 0.04050000
v -0.00772200 0.00799000 0.03550000
v -0.00884000 0.00564500 0.03550000
v -0.00884000 0.00564500 0.03800000
v -0.00909900 0.00637700 0.03550000
v -0.00675400 0.00525800 0.03800000
v -0.00675400 0.00525800 0.03550000
v -0.00625000 0.00584900 0.03800000
v -0.00625000 0.00584900 0.03550000
v -0.00748600 0.00499900 0.03550000
v 0.00760400 -0.00649400 0.03459900
v 0.00884000 -0.00564500 0.03550000
v 0.00884000 -0.00564500 0.03800000
v 0.00825000 -0.00514100 0.03550000
v 0.00825000 -0.00514100 0.03800000
v 0.00893800 -0.00592100 0.04050000
v 0.00909900 -0.00637700 0.03550000
v 0.00675400 -0.00525800 0.03550000
v 0.00675400 -0.00525800 0.03800000
v 0.00625000 -0.00584900 0.03550000
v 0.00625000 -0.00584900 0.03800000
v 0.00748600 -0.00499900 0.03550000
v 0.00748600 -0.00499900 0.03800000
v 0.00636800 -0.00734400 0.03550000
v 0.00636800 -0.00734400 0.03800000
v 0.00695800 -0.00784800 0.03550000
v 0.00610900 -0.00661200 0.03550000
v 0.00845400 -0.00773100 0.03550000
v 0.00845400 -0.00773100 0.03800000
v 0.00895800 -0.00714000 0.03550000
v 0.00772200 -0.00799000 0.03550000
v 0.00649400 0.00760400 0.03274900
v 0.00752500 0.00831200 0.03350000
v 0.00752500 0.00831200 0.03700000
v 0.00703300 0.00873200 0.03350000
v 0.00703300 0.00873200 0.03700000
v 0.00774100 0.00770200 0.03350000
v 0.00774100 0.00770200 0.03700000
v 0.00578600 0.00863400 0.03350000
v 0.00578600 0.00863400 0.03700000
v 0.00536600 0.00814200 0.03350000
v 0.00536600 0.00814200 0.03700000
v 0.00639600 0.00885000 0.03350000
v 0.00639600 0.00885000 0.03700000
v 0.00546400 0.00689600 0.03350000
v 0.00546400 0.00689600 0.03700000
v 0.00595600 0.00647600 0.03350000
v 0.00595600 0.00647600 0.03700000
v 0.00524800 0.00750600 0.03700000
v 0.00524800 0.00750600 0.03350000
v 0.00720200 0.00657400 0.03700000
v 0.00720200 0.00657400 0.03350000
v 0.00762300 0.00706600 0.03350000
v 0.00762300 0.00706600 0.03700000
v 0.00659300 0.00635800 0.03350000
v 0.00659300 0.00635800 0.03700000
v -0.00649400 -0.00760400 0.03274900
v -0.00546400 -0.00689600 0.03350000
v -0.00546400 -0.00689600 0.03700000
v -0.00595600 -0.00647600 0.03350000
v -0.00595600 -0.00647600 0.03700000
v -0.00524800 -0.00750600 0.03700000
v -0.00720200 -0.00657400 0.03700000
v -0.00720200 -0.00657400 0.03350000
v -0.00762300 -0.00706600 0.03350000
v -0.00762300 -0.00706600 0.03700000
v -0.00692400 -0.00647500 0.04050000
v -0.00659300 -0.00635800 0.03350000
v -0.00752500 -0.00831200 0.03350000
v -0.00752500 -0.00831200 0.03700000
v -0.00703300 -0.00873200 0.03350000
v -0.00774100 -0.00770200 0.03350000
v -0.00578600 -0.00863400 0.03350000
v -0.00578600 -0.00863400 0.03700000
v -0.00536600 -0.00814200 0.03350000
v -0.00639600 -0.00885000 0.03350000
v -0.00639600 -0.00885000 0.03700000
v 0.00000000 0.01000000 0.03789900
v 0.00082400 0.01056600 0.03850000
v 0.00082400 0.01056600 0.03950000
v 0.00043100 0.01090300 0.03850000
v 0.00043100 0.01090300 0.03950000
v 0.00099700 0.01007800 0.03950000
v 0.00099700 0.01007800 0.03850000
v -0.00056600 0.01082400 0.03850000
v -0.00056600 0.01082400 0.03950000
v -0.00090300 0.01043100 0.03950000
v -0.00090300 0.01043100 0.03850000
v -0.00007800 0.01099700 0.03950000
v -0.00007800 0.01099700 0.03850000
v -0.00082400 0.00943400 0.03850000
v -0.00082400 0.00943400 0.03950000
v -0.00043100 0.00909700 0.03850000
v -0.00043100 0.00909700 0.03950000
v -0.00099700 0.00992100 0.03850000
v -0.00099700 0.00992100 0.03950000
v 0.00056600 0.00917600 0.03850000
v 0.00056600 0.00917600 0.03950000
v 0.00090300 0.00956900 0.03850000
v 0.00090300 0.00956900 0.03950000
v 0.00007800 0.00900300 0.03850000
v 0.00007800 0.00900300 0.03950000
v 0.00298850 0.01193200 0.02148700
v 0.00211600 0.01198100 0.02148700
v 0.00448500 0.01131000 0.02148700
v 0.00666900 0.01017600 0.02148700
v 0.00858100 0.00862500 0.02148700
v 0.01014200 0.00672100 0.02148700
v 0.01128700 0.00454200 0.02148700
v 0.01197000 0.00217700 0.02148700
v 0.01216300 -0.00027700 0.02148700
v 0.01185900 -0.00272000 0.02148700
v 0.01106800 -0.00505200 0.02148700
v 0.00982500 -0.00717600 0.02148700
v 0.00817900 -0.00900700 0.02148700
v 0.00619900 -0.01046900 0.02148700
v 0.00396400 -0.01150300 0.02148700
v 0.00156800 -0.01206500 0.02148700
v -0.00089300 -0.01213400 0.02148700
v -0.00331700 -0.01170600 0.02148700
v -0.00560600 -0.01079800 0.02148700
v -0.00766500 -0.00944900 0.02148700
v -0.00941000 -0.00771200 0.02148700
v -0.01077000 -0.00566000 0.02148700
v -0.01168900 -0.00337700 0.02148700
v -0.01212900 -0.00095500 0.02148700
v -0.01152300 0.00390600 0.02148700
v -0.01050000 0.00614500 0.02148700
v -0.00904800 0.00813300 0.02148700
v -0.00722600 0.00978800 0.02148700
v -0.00510800 0.01104300 0.02148700
v -0.00278000 0.01184500 0.02148700
v -0.00308600 0.01193550 0.02148700
v -0.00033900 0.01216200 0.02148700
v -0.01212900 -0.00095500 0.02082700
v -0.01207300 0.00150700 0.02115700
v -0.01152300 0.00390600 0.02082700
v -0.01152300 0.00390600 0.02115700
v -0.01050000 0.00614500 0.02082700
v -0.01050000 0.00614500 0.02115700
v -0.00904800 0.00813300 0.02082700
v -0.00904800 0.00813300 0.02115700
v -0.00722600 0.00978800 0.02082700
v -0.00722600 0.00978800 0.02115700
v -0.00510800 0.01104300 0.02115700
v -0.00510800 0.01104300 0.02082700
v -0.00278000 0.01184500 0.02082700
v -0.00278000 0.01184500 0.02115700
v -0.00033900 0.01216200 0.02115700
v -0.00033900 0.01216200 0.02082700
v 0.00211600 0.01198100 0.02115700
v 0.00211600 0.01198100 0.02082700
v 0.00448500 0.01131000 0.02082700
v 0.00448500 0.01131000 0.02115700
v 0.00666900 0.01017600 0.02082700
v 0.00666900 0.01017600 0.02115700
v 0.00858100 0.00862500 0.02082700
v 0.00858100 0.00862500 0.02115700
v 0.01014200 0.00672100 0.02115700
v 0.01014200 0.00672100 0.02082700
v 0.01128700 0.00454200 0.02082700
v 0.01128700 0.00454200 0.02115700
v 0.01197000 0.00217700 0.02115700
v 0.01197000 0.00217700 0.02082700
v 0.01216300 -0.00027700 0.02115700
v 0.01216300 -0.00027700 0.02082700
v 0.01185900 -0.00272000 0.02082700
v 0.01185900 -0.00272000 0.02115700
v 0.01106800 -0.00505200 0.02115700
v 0.01106800 -0.00505200 0.02082700
v 0.00982500 -0.00717600 0.02082700
v 0.00982500 -0.00717600 0.02115700
v 0.00817900 -0.00900700 0.02082700
v 0.00817900 -0.00900700 0.02115700
v 0.00619900 -0.01046900 0.02115700
v 0.00619900 -0.01046900 0.02082700
v 0.00396400 -0.01150300 0.02115700
v 0.00396400 -0.01150300 0.02082700
v 0.00481850 -0.01131800 0.02082700
v 0.00156800 -0.01206500 0.02115700
v 0.00156800 -0.01206500 0.02082700
v -0.00118100 -0.01227100 0.02082700
v -0.00089300 -0.01213400 0.02115700
v -0.00089300 -0.01213400 0.02082700
v -0.00331700 -0.01170600 0.02115700
v -0.00331700 -0.01170600 0.02082700
v -0.00560600 -0.01079800 0.02082700
v -0.00560600 -0.01079800 0.02115700
v -0.00766500 -0.00944900 0.02082700
v -0.00766500 -0.00944900 0.02115700
v -0.00941000 -0.00771200 0.02082700
v -0.00941000 -0.00771200 0.02115700
v -0.01077000 -0.00566000 0.02082700
v -0.01077000 -0.00566000 0.02115700
v -0.01168900 -0.00337700 0.02115700
v -0.01168900 -0.00337700 0.02082700
v 0.00098000 -0.01245600 0.02082700
v 0.00218600 -0.01224100 0.02082700
v 0.00098000 -0.01245600 0.01643750
v 0.00339200 -0.01202600 0.01643750
v 0.00339200 -0.01202600 0.02082700
v 0.00567300 -0.01113300 0.02082700
v 0.00567300 -0.01113300 0.01643750
v 0.00773600 -0.00981300 0.01643750
v 0.00773600 -0.00981300 0.02082700
v 0.00950100 -0.00811500 0.02082700
v 0.00950100 -0.00811500 0.01643750
v 0.01090200 -0.00610500 0.02082700
v 0.01090200 -0.00610500 0.01643750
v 0.01188300 -0.00386100 0.02082700
v 0.01188300 -0.00386100 0.01643750
v 0.01240800 -0.00146900 0.01643750
v 0.01240800 -0.00146900 0.02082700
v 0.01245600 0.00098000 0.02082700
v 0.01202600 0.00339200 0.01643750
v 0.01113300 0.00567300 0.02082700
v 0.01113300 0.00567300 0.01643750
v 0.00981300 0.00773600 0.02082700
v 0.00981300 0.00773600 0.01643750
v 0.00811500 0.00950100 0.02082700
v 0.00811500 0.00950100 0.01643750
v 0.00610500 0.01090200 0.02082700
v 0.00610500 0.01090200 0.01643750
v 0.00386100 0.01188300 0.01643750
v 0.00386100 0.01188300 0.02082700
v 0.00146900 0.01240800 0.02082700
v 0.00146900 0.01240800 0.01643750
v -0.00098000 0.01245600 0.02082700
v -0.00098000 0.01245600 0.01643750
v -0.00339200 0.01202600 0.02082700
v -0.00339200 0.01202600 0.01643750
v -0.00567300 0.01113300 0.02082700
v -0.00567300 0.01113300 0.01643750
v -0.00773600 0.00981300 0.01643750
v -0.00773600 0.00981300 0.02082700
v -0.00950100 0.00811500 0.01643750
v -0.00950100 0.00811500 0.02082700
v -0.01090200 0.00610500 0.01643750
v -0.01090200 0.00610500 0.02082700
v -0.01188300 0.00386100 0.02082700
v -0.01188300 0.00386100 0.01643750
v -0.01240800 0.00146900 0.02082700
v -0.01240800 0.00146900 0.01643750
v -0.01245600 -0.00098000 0.02082700
v -0.01245600 -0.00098000 0.01643750
v -0.01202600 -0.00339200 0.02082700
v -0.01202600 -0.00339200 0.01643750
v -0.01113300 -0.00567300 0.01643750
v -0.01113300 -0.00567300 0.02082700
v -0.00981300 -0.00773600 0.02082700
v -0.00981300 -0.00773600 0.01643750
v -0.00811500 -0.00950100 0.01643750
v -0.00811500 -0.00950100 0.02082700
v -0.00610500 -0.01090200 0.01643750
v -0.00610500 -0.01090200 0.02082700
v -0.00386100 -0.01188300 0.02082700
v -0.00386100 -0.01188300 0.01643750
v -0.00146900 -0.01240800 0.02082700
v -0.00146900 -0.01240800 0.01643750
v 0.00396400 -0.01150300 0.01138700
v 0.00481850 -0.01131800 0.01138700
v 0.00396400 -0.01150300 0.01171750
v 0.00619900 -0.01046900 0.01138700
v 0.00619900 -0.01046900 0.01171750
v 0.00817900 -0.00900700 0.01171750
v 0.00817900 -0.00900700 0.01138700
v 0.00982500 -0.00717600 0.01138700
v 0.00982500 -0.00717600 0.01171750
v 0.01106800 -0.00505200 0.01138700
v 0.01106800 -0.00505200 0.01171750
v 0.01185900 -0.00272000 0.01138700
v 0.01185900 -0.00272000 0.01171750
v 0.01216300 -0.00027700 0.01171750
v 0.01216300 -0.00027700 0.01138700
v 0.01197000 0.00217700 0.01138700
v 0.01197000 0.00217700 0.01171750
v 0.01128700 0.00454200 0.01138700
v 0.01128700 0.00454200 0.01171750
v 0.01014200 0.00672100 0.01171750
v 0.01014200 0.00672100 0.01138700
v 0.00858100 0.00862500 0.01138700
v 0.00858100 0.00862500 0.01171750
v 0.00666900 0.01017600 0.01171750
v 0.00666900 0.01017600 0.01138700
v 0.00448500 0.01131000 0.01171750
v 0.00448500 0.01131000 0.01138700
v 0.00211600 0.01198100 0.01138700
v 0.00211600 0.01198100 0.01171750
v -0.00033900 0.01216200 0.01171750
v -0.00033900 0.01216200 0.01138700
v -0.00278000 0.01184500 0.01138700
v -0.00278000 0.01184500 0.01171750
v -0.00510800 0.01104300 0.01138700
v -0.00510800 0.01104300 0.01171750
v -0.00722600 0.00978800 0.01138700
v -0.00722600 0.00978800 0.01171750
v -0.00904800 0.00813300 0.01138700
v -0.00904800 0.00813300 0.01171750
v -0.01050000 0.00614500 0.01138700
v -0.01050000 0.00614500 0.01171750
v -0.01152300 0.00390600 0.01138700
v -0.01152300 0.00390600 0.01171750
v -0.01207300 0.00150700 0.01171750
v -0.01212900 -0.00095500 0.01138700
v -0.01168900 -0.00337700 0.01171750
v -0.01168900 -0.00337700 0.01138700
v -0.01077000 -0.00566000 0.01171750
v -0.01077000 -0.00566000 0.01138700
v -0.00941000 -0.00771200 0.01138700
v -0.00941000 -0.00771200 0.01171750
v -0.00766500 -0.00944900 0.01171750
v -0.00766500 -0.00944900 0.01138700
v -0.00560600 -0.01079800 0.01138700
v -0.00560600 -0.01079800 0.01171750
v -0.00331700 -0.01170600 0.01138700
v -0.00331700 -0.01170600 0.01171750
v -0.00118100 -0.01227100 0.01138700
v -0.00089300 -0.01213400 0.01138700
v -0.00089300 -0.01213400 0.01171750
v 0.00156800 -0.01206500 0.01171750
v 0.00156800 -0.01206500 0.01138700
v -0.01152300 0.00390600 0.01204800
v -0.01050000 0.00614500 0.01204800
v -0.00904800 0.00813300 0.01204800
v -0.00722600 0.00978800 0.01204800
v -0.00510800 0.01104300 0.01204800
v -0.00278000 0.01184500 0.01204800
v -0.00308600 0.01193550 0.01204800
v -0.00033900 0.01216200 0.01204800
v 0.00298850 0.01193200 0.01204800
v 0.00211600 0.01198100 0.01204800
v 0.00448500 0.01131000 0.01204800
v 0.00666900 0.01017600 0.01204800
v 0.00858100 0.00862500 0.01204800
v 0.01014200 0.00672100 0.01204800
v 0.01128700 0.00454200 0.01204800
v 0.01197000 0.00217700 0.01204800
v 0.01216300 -0.00027700 0.01204800
v 0.01185900 -0.00272000 0.01204800
v 0.01106800 -0.00505200 0.01204800
v 0.00982500 -0.00717600 0.01204800
v 0.00817900 -0.00900700 0.01204800
v 0.00619900 -0.01046900 0.01204800
v 0.00396400 -0.01150300 0.01204800
v 0.00156800 -0.01206500 0.01204800
v -0.00089300 -0.01213400 0.01204800
v -0.00331700 -0.01170600 0.01204800
v -0.00560600 -0.01079800 0.01204800
v -0.00766500 -0.00944900 0.01204800
v -0.00941000 -0.00771200 0.01204800
v -0.01077000 -0.00566000 0.01204800
v -0.01168900 -0.00337700 0.01204800
v -0.01212900 -0.00095500 0.01204800
v -0.00098000 0.01245600 0.01204800
v 0.00024450 0.01243200 0.01204800
v 0.00146900 0.01240800 0.01204800
v 0.00386100 0.01188300 0.01204800
v 0.00610500 0.01090200 0.01204800
v 0.00811500 0.00950100 0.01204800
v 0.00981300 0.00773600 0.01204800
v 0.01113300 0.00567300 0.01204800
v 0.01245600 0.00098000 0.01204800
v 0.01240800 -0.00146900 0.01204800
v 0.01188300 -0.00386100 0.01204800
v 0.01090200 -0.00610500 0.01204800
v 0.00950100 -0.00811500 0.01204800
v 0.00773600 -0.00981300 0.01204800
v 0.00567300 -0.01113300 0.01204800
v 0.00339200 -0.01202600 0.01204800
v 0.00098000 -0.01245600 0.01204800
v -0.00146900 -0.01240800 0.01204800
v -0.00386100 -0.01188300 0.01204800
v -0.00610500 -0.01090200 0.01204800
v -0.00811500 -0.00950100 0.01204800
v -0.00981300 -0.00773600 0.01204800
v -0.01113300 -0.00567300 0.01204800
v -0.01202600 -0.00339200 0.01204800
v -0.01245600 -0.00098000 0.01204800
v -0.01240800 0.00146900 0.01204800
v -0.01188300 0.00386100 0.01204800
v -0.01090200 0.00610500 0.01204800
v -0.00950100 0.00811500 0.01204800
v -0.00773600 0.00981300 0.01204800
v -0.00567300 0.01113300 0.01204800
v -0.00339200 0.01202600 0.01204800
v 0.00670200 0.03076200 -0.03587350
v 0.00667200 0.03076200 -0.03816000
v 0.00625100 0.03076200 -0.03755000
v 0.00616100 0.03076200 -0.03681300
v 0.00806000 0.03076200 -0.03553900
v 0.00897600 0.03076200 -0.03611900
v 0.00923900 0.03076200 -0.03681300
v 0.00914900 0.03076200 -0.03755000
v -0.01067100 0.03076200 -0.03850500
v -0.01132800 0.03076200 -0.03816000
v -0.00930200 0.03076200 -0.03587350
v -0.01102000 0.03076200 -0.03562800
v -0.00876100 0.03076200 -0.03681300
v 0.00872800 0.03076200 -0.03816000
v 0.00770000 0.03076200 -0.03850500
v -0.00927200 0.03076200 -0.03816000
v -0.00885100 0.03076200 -0.03755000
v -0.01102450 0.03076200 -0.03650000
v -0.01183900 0.03076200 -0.03681300
v -0.01157600 0.03076200 -0.03611900
v -0.01011450 0.03076200 -0.03852750
f 10 11 8
f 15 12 16
f 22 20 24
f 22 24 19
f 25 22 26
f 27 29 30
f 39 38 40
f 42 43 41
f 41 43 44
f 41 44 45
f 44 46 45
f 45 46 47
f 45 47 48
f 48 47 49
f 50 51 52
f 52 51 48
f 50 53 51
f 55 54 56
f 57 58 60
f 60 61 57
f 57 61 62
f 57 62 63
f 66 65 67
f 68 70 71
f 71 70 66
f 71 66 72
f 72 66 67
f 68 73 70
f 70 73 74
f 78 77 75
f 78 75 79
f 79 75 74
f 77 81 83
f 77 83 84
f 84 83 85
f 84 85 86
f 85 87 86
f 86 88 89
f 89 91 92
f 94 93 95
f 96 95 97
f 96 97 98
f 98 97 99
f 98 99 100
f 100 99 101
f 100 101 102
f 101 103 102
f 102 103 104
f 102 104 105
f 105 104 106
f 105 106 107
f 109 110 111
f 111 113 112
f 112 114 115
f 115 114 117
f 115 117 118
f 118 117 119
f 118 119 121
f 121 119 108
f 121 108 106
f 122 109 123
f 122 123 124
f 125 126 127
f 125 127 128
f 30 29 129
f 129 29 130
f 127 130 131
f 127 131 128
f 133 126 134
f 134 135 133
f 133 135 136
f 133 136 137
f 137 136 138
f 137 138 33
f 33 138 139
f 27 142 143
f 27 143 144
f 146 145 147
f 146 147 148
f 148 147 140
f 149 150 151
f 152 153 154
f 152 154 155
f 155 156 157
f 155 157 158
f 158 159 161
f 163 140 164
f 163 164 150
f 150 164 165
f 166 167 153
f 153 167 168
f 153 168 154
f 159 162 161
f 161 162 151
f 161 151 169
f 169 151 171
f 176 177 179
f 179 177 180
f 179 180 178
f 178 180 181
f 178 181 171
f 173 177 175
f 175 177 176
f 175 176 183
f 183 176 184
f 183 184 185
f 185 184 186
f 187 186 188
f 189 188 190
f 190 188 191
f 190 191 192
f 192 191 193
f 192 193 194
f 194 195 196
f 198 199 200
f 200 199 201
f 200 201 203
f 203 201 204
f 203 204 37
f 37 204 205
f 211 212 210
f 210 212 213
f 210 213 209
f 214 212 211
f 221 219 222
f 223 222 224
f 223 224 225
f 225 224 226
f 228 226 229
f 233 232 1
f 237 238 239
f 237 239 240
f 239 243 244
f 239 244 240
f 238 174 239
f 239 174 172
f 183 251 175
f 175 252 172
f 172 253 249
f 256 14 257
f 255 190 192
f 261 8 13
f 200 266 198
f 277 278 245
f 245 278 279
f 245 279 246
f 280 107 36
f 282 281 283
f 282 283 284
f 284 283 285
f 285 283 278
f 286 278 277
f 290 291 289
f 92 300 301
f 293 303 304
f 305 293 206
f 15 141 163
f 257 163 150
f 150 250 257
f 159 157 253
f 249 154 248
f 239 167 166
f 239 166 242
f 314 316 318
f 291 290 321
f 321 290 131
f 135 134 280
f 125 290 288
f 125 288 126
f 134 294 280
f 247 323 324
f 136 284 285
f 136 285 138
f 139 277 31
f 31 277 245
f 31 245 32
f 28 333 329
f 336 338 334
f 341 342 339
f 339 346 347
f 340 347 348
f 340 348 349
f 349 350 340
f 340 350 351
f 340 353 354
f 340 354 355
f 354 359 355
f 355 359 360
f 355 360 358
f 358 360 361
f 358 361 356
f 362 363 364
f 364 363 365
f 339 365 366
f 339 366 341
f 362 364 367
f 367 364 368
f 494 493 402
f 494 402 495
f 402 496 497
f 402 497 495
f 499 335 500
f 337 476 500
f 500 476 498
f 499 501 335
f 335 501 502
f 512 510 513
f 523 558 526
f 531 538 519
f 519 538 515
f 519 515 516
f 558 549 553
f 505 555 523
f 523 555 558
f 560 561 563
f 560 565 561
f 573 571 569
f 569 571 568
f 569 568 566
f 573 577 571
f 571 593 596
f 597 582 606
f 606 582 587
f 606 587 607
f 607 608 606
f 608 607 610
f 513 507 512
f 512 507 614
f 512 614 616
f 618 607 620
f 620 607 512
f 620 512 621
f 621 512 616
f 618 623 607
f 607 623 610
f 633 634 507
f 507 634 636
f 582 577 587
f 587 577 573
f 587 573 23
f 23 573 639
f 569 640 642
f 569 642 573
f 573 642 639
f 210 208 569
f 569 208 644
f 569 644 640
f 505 653 643
f 505 643 503
f 503 643 563
f 503 563 561
f 647 662 650
f 650 662 505
f 505 662 665
f 505 665 653
f 653 668 643
f 643 668 216
f 216 668 672
f 216 672 217
f 217 672 674
f 217 647 220
f 220 647 650
f 220 650 222
f 526 531 523
f 523 531 519
f 523 519 227
f 3 680 512
f 512 680 681
f 512 681 682
f 512 682 676
f 676 682 677
f 3 512 6
f 6 512 607
f 6 607 11
f 587 23 18
f 587 18 607
f 607 18 17
f 607 17 12
f 607 12 11
f 560 689 569
f 560 569 565
f 565 569 566
f 689 694 569
f 569 694 696
f 569 696 699
f 689 560 704
f 704 560 563
f 216 210 643
f 643 210 569
f 643 569 684
f 684 569 699
f 684 705 643
f 643 705 563
f 563 705 710
f 563 710 704
f 677 227 676
f 676 227 519
f 676 519 512
f 512 519 510
f 510 519 516
f 503 555 505
f 650 505 523
f 650 523 222
f 222 523 227
f 215 718 308
f 731 90 720
f 214 215 308
f 730 728 731
f 55 57 721
f 725 230 751
f 745 744 48
f 745 48 721
f 721 48 51
f 721 51 55
f 753 751 230
f 756 76 757
f 757 76 759
f 730 731 720
f 756 757 713
f 756 713 762
f 762 713 218
f 762 218 221
f 66 69 64
f 57 64 764
f 57 764 721
f 721 764 765
f 721 765 724
f 721 724 766
f 766 724 751
f 766 751 735
f 735 751 746
f 768 770 771
f 768 771 772
f 772 771 312
f 772 312 311
f 770 773 771
f 771 774 322
f 800 802 784
f 784 802 803
f 808 809 805
f 805 809 810
f 805 810 807
f 814 810 815
f 825 826 818
f 818 826 827
f 831 832 835
f 831 835 828
f 842 843 838
f 838 843 844
f 828 845 849
f 842 851 843
f 782 791 779
f 779 791 858
f 861 863 832
f 832 863 834
f 857 866 867
f 860 869 853
f 853 869 870
f 867 866 878
f 867 878 872
f 872 878 879
f 518 517 812
f 812 515 813
f 515 539 813
f 813 540 816
f 816 540 545
f 817 550 821
f 821 548 819
f 548 559 819
f 824 556 837
f 837 557 841
f 504 657 841
f 841 656 848
f 848 656 564
f 562 830 847
f 833 567 862
f 862 568 874
f 874 568 574
f 867 871 598
f 599 604 605
f 852 855 609
f 780 859 631
f 632 508 506
f 374 376 481
f 481 376 884
f 394 886 392
f 392 887 390
f 380 892 451
f 452 893 449
f 450 895 447
f 894 898 389
f 389 897 383
f 383 900 382
f 388 381 902
f 388 902 881
f 881 902 903
f 881 903 882
f 384 387 385
f 963 916 919
f 375 923 883
f 923 924 883
f 883 924 925
f 883 925 913
f 913 925 914
f 928 888 885
f 928 885 883
f 929 930 889
f 932 901 899
f 901 932 904
f 904 932 912
f 880 912 905
f 905 912 933
f 379 1086 272
f 275 935 950
f 950 935 937
f 946 952 275
f 275 952 956
f 275 956 276
f 371 276 961
f 371 961 942
f 919 373 963
f 963 373 372
f 963 372 371
f 963 371 935
f 935 371 942
f 935 942 937
f 968 964 969
f 975 973 969
f 975 969 976
f 976 969 964
f 976 964 977
f 983 978 964
f 983 964 984
f 984 964 968
f 990 988 991
f 990 994 988
f 988 994 1001
f 1001 1003 996
f 1006 1005 912
f 1006 912 1010
f 908 907 1020
f 1020 907 1018
f 976 1021 1022
f 976 1022 1023
f 1023 1022 1024
f 932 899 1025
f 932 1025 912
f 912 1025 1028
f 1011 1010 1016
f 1016 1010 912
f 1016 912 1028
f 1028 1032 1016
f 1016 1032 931
f 1032 1035 931
f 931 1035 890
f 890 1035 891
f 896 1040 899
f 899 1040 1041
f 910 1049 934
f 934 1049 990
f 990 1049 1052
f 1045 1055 933
f 933 1055 905
f 905 1055 378
f 378 1058 379
f 1006 994 1005
f 1005 994 990
f 1005 990 1042
f 1042 990 1052
f 914 1060 1018
f 1018 1060 1023
f 1018 1023 1020
f 1020 1023 1024
f 883 913 928
f 928 913 1062
f 928 1062 1065
f 914 1018 913
f 913 1018 1067
f 913 1067 1062
f 1068 907 1016
f 1016 907 908
f 1016 908 1011
f 907 1068 1071
f 907 1071 1018
f 1018 1071 1067
f 1072 931 930
f 930 931 890
f 930 890 889
f 931 1072 1074
f 931 1074 1016
f 1016 1074 1068
f 928 1065 929
f 928 929 888
f 888 929 889
f 1065 1079 929
f 929 1079 930
f 930 1079 1081
f 930 1081 1072
f 272 1083 1085
f 271 1093 1086
f 1086 1093 1098
f 272 1085 271
f 271 1085 1102
f 271 1102 1089
f 1098 1105 1086
f 1086 1105 272
f 272 1105 1109
f 272 1109 1083
f 1058 910 379
f 379 910 934
f 934 990 975
f 975 990 991
f 975 991 973
f 880 904 912
f 933 912 1005
f 933 1005 1045
f 1045 1005 1042
f 273 271 1120
f 1120 271 1086
f 1120 1086 1122
f 1122 1086 1117
f 976 1124 1129
f 976 1129 975
f 975 1129 1110
f 379 934 1086
f 1086 934 975
f 1086 975 1110
f 1086 1110 1117
f 1120 1122 1137
f 1120 1137 976
f 976 1137 1124
f 977 1021 976
f 273 1120 274
f 1060 916 1023
f 1023 916 963
f 1023 963 976
f 976 963 1120
f 1120 963 935
f 1120 935 274
f 274 935 275
f 1151 1152 1153
f 1155 839 844
f 1156 844 843
f 1156 843 1157
f 1157 851 1158
f 1158 850 1159
f 1160 846 845
f 1161 829 1162
f 1164 1158 1165
f 1165 1158 1159
f 1165 1159 1166
f 1167 1160 1161
f 1167 1161 1168
f 1168 1161 1162
f 1168 1162 1169
f 823 822 1170
f 1170 1171 1173
f 1173 1171 1172
f 1174 1172 1175
f 820 827 1176
f 1176 1177 1178
f 1178 1177 1179
f 1178 1179 1180
f 1151 1153 1181
f 1182 1163 1164
f 82 1164 1165
f 82 1165 1183
f 1183 1166 1184
f 1184 1167 1185
f 1185 1167 1168
f 1185 1168 1186
f 1187 834 1188
f 1187 1188 1189
f 1189 1188 1190
f 120 1190 1191
f 1190 1193 1191
f 1191 1193 1194
f 863 876 1192
f 1192 876 1195
f 1192 1195 1193
f 1193 1195 1196
f 1193 1196 1194
f 1194 1196 1148
f 878 877 1197
f 1197 1198 1199
f 1199 1198 1200
f 1201 1200 1145
f 1202 856 1203
f 1204 1203 1205
f 1204 1205 170
f 856 854 1203
f 1203 854 1207
f 1203 1207 1205
f 1205 1207 1208
f 1208 1211 1209
f 1209 1211 1212
f 1215 1216 1217
f 1217 1216 1144
f 1219 1218 1220
f 1219 1220 202
f 202 1220 1221
f 790 787 1218
f 1218 787 1223
f 1218 1223 1220
f 1220 1223 1224
f 1220 1224 1221
f 1224 1222 1226
f 1224 1226 1225
f 1225 1226 1227
f 777 804 1228
f 1228 804 1229
f 1228 1229 1230
f 1230 1229 1231
f 1230 1231 1232
f 1232 1231 1141
f 811 814 1233
f 1235 1234 1236
f 1235 1236 59
f 59 1236 1237
f 814 823 1234
f 1234 823 1170
f 1234 1170 1236
f 1236 1170 1173
f 1180 65 1175
f 1178 1172 1176
f 1176 1172 1171
f 820 1171 822
f 1180 71 72
f 1180 72 67
f 73 68 1238
f 1238 68 1150
f 1238 1150 1239
f 1239 1179 1240
f 1240 1179 1177
f 826 1177 827
f 826 840 1240
f 1240 840 1154
f 1240 1154 1239
f 1239 1154 1152
f 1238 1151 73
f 73 1151 74
f 1182 80 1181
f 1181 80 78
f 1181 79 1151
f 1151 79 74
f 85 82 87
f 87 82 1183
f 88 1184 91
f 91 1185 93
f 103 101 1241
f 1241 101 1149
f 1241 1149 1242
f 1243 836 1187
f 1242 1187 1189
f 1242 1189 1241
f 1241 1189 120
f 1241 120 103
f 103 120 104
f 1148 112 115
f 1148 115 1194
f 1194 116 1191
f 1191 116 121
f 120 106 104
f 123 109 1147
f 1147 109 1148
f 1244 1148 1196
f 1244 1196 1245
f 1245 1196 1195
f 875 1195 876
f 129 127 1146
f 1146 127 1147
f 1146 1147 1246
f 1246 1244 1247
f 1247 1244 1245
f 873 1245 875
f 142 30 1248
f 1248 30 1146
f 1249 1146 1246
f 1249 1246 1250
f 879 1247 873
f 879 878 1250
f 1250 878 1197
f 1250 1197 1249
f 1249 1197 1199
f 1248 1201 142
f 142 1201 143
f 164 140 1251
f 1251 140 1145
f 1252 1200 1253
f 1253 1200 1198
f 865 1198 877
f 865 864 1253
f 1253 1202 1252
f 1252 1202 1204
f 1252 1204 1251
f 1251 170 164
f 1212 176 179
f 1212 179 1209
f 1209 178 1206
f 1206 178 171
f 170 151 165
f 186 184 1217
f 1217 184 1212
f 1215 1212 1211
f 1215 1211 1213
f 1213 1211 1210
f 1213 1210 869
f 869 1210 870
f 1217 191 188
f 1217 188 186
f 195 193 1254
f 1254 193 1144
f 1254 1144 1255
f 1255 1216 1256
f 1256 1216 1214
f 795 1214 868
f 795 794 1256
f 1254 1219 202
f 195 202 197
f 1227 38 205
f 1225 204 1221
f 1221 204 201
f 202 199 197
f 42 40 1143
f 1143 40 1227
f 1143 1227 1257
f 44 43 1142
f 1142 43 1143
f 1259 1143 1257
f 1259 1257 1260
f 1260 1257 1258
f 47 46 1261
f 1261 46 1142
f 1262 1259 1263
f 1263 1259 1260
f 778 1260 798
f 1262 1230 1261
f 1261 1230 1232
f 53 50 1264
f 1264 50 1141
f 1265 1141 1231
f 1265 1231 1266
f 1266 1231 1229
f 807 1229 804
f 807 811 1266
f 1266 811 1233
f 1266 1233 1265
f 1265 1233 1235
f 1265 1235 1264
f 1264 1235 59
f 65 62 1175
f 1175 62 61
f 1175 61 1174
f 59 56 54
f 1269 1267 24
f 588 585 1271
f 591 589 1272
f 575 590 1273
f 579 576 1274
f 581 578 1276
f 572 580 1277
f 593 570 1278
f 594 592 1279
f 601 595 1280
f 603 600 1281
f 584 602 1283
f 586 583 1270
f 24 20 1272
f 1272 20 1273
f 1278 328 1279
f 1279 328 333
f 1279 333 1280
f 1280 333 332
f 1281 332 331
f 1283 1282 330
f 1276 319 1277
f 1277 1284 317
f 20 21 1273
f 1273 25 1274
f 1274 25 326
f 1276 1275 327
f 1276 327 319
f 310 1285 1270
f 1270 309 1271
f 1271 309 1268
f 1272 1269 24
f 636 635 1287
f 612 637 1288
f 614 611 1289
f 616 613 1290
f 621 615 1291
f 620 622 5
f 618 619 1292
f 623 617 1293
f 626 624 1295
f 627 625 1296
f 630 628 1298
f 634 629 1286
f 1299 2 4
f 1299 5 1291
f 1301 1302 1296
f 1296 1302 1298
f 1298 1302 1304
f 1298 1304 1300
f 1297 1295 1305
f 1294 1293 1306
f 1306 1293 1307
f 1307 1293 1308
f 1308 1292 7
f 1308 7 10
f 1290 231 1291
f 1291 231 1309
f 1287 262 1288
f 1290 748 231
f 1286 1311 1287
f 1287 1312 262
f 542 537 1314
f 543 541 1315
f 546 544 1316
f 551 547 1317
f 553 552 1319
f 522 554 1321
f 524 521 1322
f 527 525 1323
f 530 528 1324
f 532 529 1326
f 534 533 1327
f 536 535 1313
f 221 223 1323
f 1323 223 1324
f 223 225 1324
f 1324 228 1326
f 1326 228 726
f 1327 1325 733
f 1327 733 1313
f 1313 733 724
f 1314 724 765
f 1314 765 1315
f 1315 765 764
f 1315 764 1316
f 1316 764 763
f 1317 763 755
f 1319 1318 754
f 1322 1320 756
f 1323 762 221
f 688 686 1329
f 707 687 1330
f 708 706 1331
f 710 709 1332
f 702 711 1333
f 701 703 1335
f 691 700 1336
f 692 690 1337
f 694 693 1338
f 696 695 1340
f 699 697 1341
f 685 698 1328
f 212 1342 213
f 213 1342 1329
f 209 1328 207
f 207 1328 1341
f 1343 1341 1344
f 1344 1341 1340
f 1344 1340 1345
f 1339 1337 1347
f 1336 1349 1337
f 1337 1349 1347
f 1336 1334 1350
f 1336 1350 1349
f 1335 1351 1352
f 1332 235 1333
f 1333 235 1353
f 1335 1353 1351
f 1329 1354 307
f 1330 307 727
f 1330 727 1331
f 1331 727 730
f 1332 730 720
f 306 307 1354
f 306 1342 212
f 303 1344 1345
f 303 1345 304
f 287 1346 1339
f 287 1339 295
f 295 1347 296
f 296 1347 1349
f 297 1349 298
f 298 1349 1348
f 299 1348 1350
f 299 1350 300
f 1350 1334 300
f 300 1334 1352
f 302 1353 234
f 263 1312 264
f 264 1311 265
f 266 1310 1300
f 266 1300 269
f 267 1304 1303
f 268 1303 1302
f 268 1302 270
f 270 1302 1301
f 270 1301 254
f 255 1297 1305
f 1294 256 1305
f 1305 256 258
f 1308 9 236
f 1308 236 1307
f 1307 236 261
f 1307 261 1306
f 1306 261 260
f 1306 260 1294
f 1294 260 259
f 1294 259 256
f 233 1309 231
f 319 316 1284
f 648 646 714
f 660 649 712
f 664 661 761
f 665 663 758
f 651 666 760
f 654 652 732
f 669 655 729
f 670 667 719
f 672 671 718
f 674 673 717
f 658 675 716
f 645 659 715
f 1355 1356 1357
f 357 356 1358
f 1358 356 1357
f 1356 1359 1360
f 1360 1361 1356
f 1356 1362 1357
f 1357 1363 1358
f 1364 1365 1359
f 1359 1365 1366
f 1359 1366 1360
f 166 153 1367
f 1367 153 1369
f 352 1370 1371
f 352 1371 353
f 353 1371 1372
f 353 1372 354
f 158 160 1355
f 1370 1368 1371
f 1371 1369 1372
f 1372 1369 1373
f 1372 1373 1374
f 1374 1375 1376
f 354 1372 359
f 359 1372 1374
f 359 1374 360
f 360 1374 1376
f 360 1376 361
f 356 361 1357
f 1357 361 1376
f 1357 1376 1355
f 1355 1376 1375
f 158 1375 1373
f 158 1373 155
f 152 1369 153
f 1355 169 182
f 1355 182 1356
f 1356 182 181
f 1356 181 1359
f 1359 181 180
f 1364 180 177
f 313 166 1377
f 1377 166 1367
f 311 313 1378
f 1378 1377 350
f 350 1377 351
f 773 1380 774
f 774 1380 1379
f 774 1379 323
f 773 769 1381
f 769 768 772
f 345 1380 346
f 346 1380 1381
f 346 1381 347
f 347 1381 769
f 347 769 348
f 348 1382 349
f 349 1382 1378
f 343 1385 1383
f 1383 1385 1386
f 345 344 1379
f 1379 344 1383
f 1379 1383 325
f 325 1384 1387
f 1389 1390 1392
f 1392 1391 1393
f 1392 1393 117
f 117 1394 119
f 119 1395 1388
f 1396 1397 1398
f 1398 1399 1400
f 1392 114 113
f 1392 113 1401
f 1402 111 110
f 1400 1399 369
f 369 1399 1404
f 369 1404 367
f 367 1404 1405
f 362 1405 1406
f 362 1406 363
f 110 122 1403
f 1403 122 124
f 1403 124 1407
f 1407 124 132
f 133 1408 132
f 132 1408 1410
f 133 137 1408
f 1408 137 33
f 1411 1412 1408
f 1408 1412 1409
f 1410 1409 1413
f 1410 1413 1407
f 1407 1413 1406
f 1403 1406 1405
f 1403 1405 1402
f 1402 1405 1404
f 1402 1404 1401
f 1389 1397 1396
f 33 32 1411
f 1411 32 1387
f 1412 1387 1384
f 363 1406 365
f 365 1413 366
f 341 1409 1412
f 341 1412 342
f 342 1412 1385
f 985 434 983
f 982 432 979
f 980 431 981
f 968 429 984
f 1004 415 997
f 998 414 1000
f 999 412 1002
f 1002 413 986
f 989 987 404
f 972 992 419
f 971 418 974
f 974 417 969
f 969 417 423
f 968 970 430
f 1102 1084 1415
f 1089 1101 1416
f 1088 1090 1417
f 1091 1087 1418
f 1094 1092 1419
f 1096 1095 1420
f 1100 1097 1421
f 1104 1099 1422
f 1106 1103 1423
f 1109 1107 1424
f 1083 1108 1425
f 1085 1082 1414
f 958 955 1427
f 960 957 1428
f 961 959 1429
f 941 962 1430
f 944 943 1431
f 936 945 1432
f 939 938 1433
f 950 940 1434
f 949 951 1435
f 946 948 1436
f 952 947 1437
f 954 953 1426
f 243 241 370
f 1438 357 1358
f 173 174 1438
f 238 237 1438
f 1438 240 370
f 370 240 244
f 370 244 243
f 1358 1363 1438
f 1438 1362 173
f 173 1362 1361
f 173 1361 1360
f 1360 1365 173
f 173 1365 1364
f 173 1364 177
f 1390 1389 1439
f 1439 1389 1396
f 1439 1396 1398
f 368 377 369
f 369 377 1439
f 369 1439 1400
f 34 1394 1393
f 34 1393 1439
f 1439 1393 1391
f 1439 1391 1390
f 281 35 34
f 377 278 1439
f 1439 278 283
f 1439 283 34
f 34 283 281
f 229 679 752
f 753 678 749
f 749 678 683
f 750 681 747
f 291 641 640
f 291 640 292
f 292 640 644
f 292 644 293
f 320 26 638
f 315 641 321
f 722 767 509
f 734 737 514
f 766 736 511
f 782 781 738
f 793 783 739
f 788 792 740
f 786 789 741
f 799 785 742
f 796 801 743
f 775 797 745
f 806 776 723
f 806 723 520
f 1012 906 457
f 457 906 438
f 438 1017 440
f 1014 1013 461
f 1008 1015 462
f 1007 1009 463
f 408 407 995
f 410 409 993
f 410 993 411
f 967 965 435
f 977 966 424
f 441 439 1019
f 436 442 1024
f 436 1024 437
f 1442 1441 1041
f 1444 1443 1040
f 1446 1445 1039
f 1449 1448 1038
f 1450 1036 1451
f 1451 1037 1452
f 1452 1037 1034
f 1454 1453 1033
f 1456 1455 1031
f 1458 1457 1030
f 1460 1459 1029
f 1463 1461 1027
f 1440 1464 1026
f 1452 455 1451
f 1451 454 1449
f 1449 453 1446
f 1444 1447 448
f 1444 448 1442
f 448 446 1442
f 1442 446 445
f 1442 445 1440
f 1440 445 444
f 1440 444 1463
f 1463 443 1460
f 1458 1462 460
f 1456 460 459
f 1456 459 1454
f 1454 459 458
f 1452 456 455
f 1465 911 1467
f 1467 911 909
f 1468 1466 1058
f 1469 1057 1470
f 1471 1056 1054
f 1474 1472 1047
f 1475 1473 1046
f 1477 1476 1044
f 1481 1479 1043
f 1482 1480 1053
f 1485 1483 1051
f 1486 1484 1050
f 1465 1487 1048
f 1465 1048 911
f 1471 386 469
f 1470 469 1468
f 1468 469 468
f 1468 468 1467
f 1475 1478 472
f 1474 472 471
f 1471 471 470
f 1471 470 386
f 1485 405 1482
f 1482 405 406
f 1481 416 1477
f 1477 416 403
f 1467 467 1465
f 1465 467 466
f 1465 466 1486
f 1486 465 1485
f 1485 464 405
f 1134 1121 1489
f 1138 1135 1490
f 1140 1136 1491
f 1125 1139 1492
f 1127 1126 1493
f 1130 1128 1494
f 1133 1131 1495
f 1112 1132 1496
f 1113 1111 1497
f 1116 1114 1498
f 1118 1115 1499
f 1123 1119 1488
f 1491 427 1492
f 1492 427 426
f 1493 425 1494
f 1494 425 433
f 1494 433 1495
f 1495 428 1496
f 1496 428 422
f 1497 421 1498
f 1498 421 420
f 1498 420 1499
f 1499 420 475
f 1488 475 477
f 1489 477 478
f 1489 478 1490
f 1490 478 474
f 1490 474 473
f 1502 1501 917
f 1504 1503 1061
f 1505 1059 1506
f 1506 1059 915
f 1509 1507 927
f 1511 1510 926
f 1513 1512 924
f 1515 1514 923
f 1518 1516 922
f 1520 1517 921
f 1522 1521 920
f 1500 1523 918
f 1518 1519 483
f 1515 483 482
f 482 401 1513
f 1513 400 1511
f 1511 400 489
f 1509 489 488
f 1508 488 487
f 1506 487 484
f 1506 484 1504
f 1504 484 485
f 1504 485 1502
f 1502 486 1500
f 1500 486 480
f 1500 480 1522
f 1522 479 1520
f 1526 1524 1064
f 1528 1527 1063
f 1534 1531 1081
f 1535 1533 1080
f 1537 1536 1078
f 1525 1538 1077
f 1541 1540 1076
f 1543 1542 1075
f 1532 1544 1073
f 1529 1067 1530
f 1530 1066 1545
f 1545 1066 1070
f 1539 1546 1069
f 1548 1549 1550
f 1551 1552 1553
f 1554 1556 1558
f 1557 1559 1561
f 1560 1562 1564
f 1563 1565 1567
f 1568 1569 1570
f 1571 1572 1573
f 1574 1575 1577
f 1576 1578 1580
f 1579 1582 1584
f 1583 1585 1586
f 1587 1588 1590
f 1589 1591 1592
f 1593 1594 1596
f 1595 1597 1599
f 1598 1600 1603
f 1602 1604 1605
f 1606 1607 1610
f 1609 1611 1613
f 1612 1614 1615
f 1616 1617 1618
f 1619 1620 1623
f 1621 1624 1626
f 1625 1627 1629
f 1628 1630 1631
f 1632 1633 1634
f 1635 1636 1637
f 1638 1639 1641
f 1640 1642 1643
f 1644 1645 1547
f 1647 1650 1652
f 1650 1653 1652
f 1651 1655 1657
f 1657 1656 1659
f 1656 1660 1659
f 1658 1661 1663
f 1662 1666 1667
f 1667 1665 1668
f 1665 1671 1668
f 1669 1672 1673
f 1680 1676 1674
f 1677 1682 1684
f 1683 1686 1688
f 1687 1689 1691
f 1690 1693 1694
f 1695 1696 1698
f 1698 1697 1699
f 1699 1697 1700
f 1699 1701 1703
f 1704 1708 1710
f 1710 1709 1713
f 1709 1714 1713
f 1712 1716 1718
f 1719 1720 1723
f 1723 1722 1724
f 1728 1724 1729
f 1729 1724 1722
f 1731 1732 1733
f 1733 1734 1736
f 1734 1739 1736
f 1737 1740 1742
f 1741 1744 1746
f 1745 1747 1748
f 1749 1751 1752
f 1753 1754 1648
f 1648 1755 1646
f 1759 1757 1760
f 1763 1766 1768
f 1771 1772 1774
f 1774 1772 1775
f 1767 1778 1769
f 1781 1774 1775
f 1783 1773 1785
f 1787 1784 1789
f 1791 1786 1792
f 1796 1799 1797
f 1800 1804 1801
f 1806 1805 1809
f 1808 1811 1812
f 1815 1813 1818
f 1819 1816 1820
f 1820 1824 1823
f 1827 1826 1829
f 1849 1834 1835
f 1840 1837 1841
f 1758 1839 1842
f 1828 1844 1832
f 1848 1846 1847
f 1835 1847 1849
f 1777 1764 1871
f 1871 1764 1870
f 1870 1764 1760
f 1870 1760 1757
f 1870 1757 1843
f 1782 1770 1868
f 1868 1770 1872
f 1872 1770 1779
f 1872 1779 1777
f 1798 1794 1873
f 1873 1794 1858
f 1858 1794 1790
f 1803 1873 1861
f 1803 1861 1807
f 1807 1861 1980
f 1980 1814 1807
f 1821 1874 1875
f 1821 1875 1825
f 1876 1878 1875
f 1875 1878 1880
f 1875 1880 1825
f 1825 1880 1882
f 1825 1882 1830
f 1845 1830 1885
f 1865 1888 1876
f 1876 1888 1878
f 1865 1845 1892
f 1865 1892 1888
f 1865 1850 1846
f 1865 1846 1845
f 1867 1873 1895
f 1895 1873 1858
f 1901 1899 1855
f 1855 1899 1903
f 1855 1903 1858
f 1858 1903 1895
f 1867 1906 1873
f 1798 1873 1803
f 1906 1907 1873
f 1873 1907 1909
f 1911 1914 1896
f 1896 1914 1915
f 1777 1871 1872
f 1872 1871 1916
f 1924 1921 1995
f 1871 1927 1929
f 1871 1929 1916
f 1933 1931 1934
f 1933 1934 1919
f 1919 1934 1935
f 1916 1936 1872
f 1872 1936 1868
f 1868 1936 1940
f 1838 1869 1942
f 1942 1869 1943
f 1869 1946 1949
f 1869 1949 1943
f 1943 1950 1942
f 1942 1950 1954
f 1962 1946 1960
f 1960 1946 1869
f 1960 1869 1963
f 1963 1869 1601
f 1601 1869 1964
f 1863 1965 1865
f 1865 1965 1869
f 1869 1965 1967
f 1869 1967 1964
f 1969 1876 1875
f 1969 1875 1972
f 1972 1875 1971
f 1972 1971 1973
f 1977 1974 1978
f 1981 1980 1982
f 1861 1859 1980
f 1980 1859 1983
f 1980 1983 1982
f 1909 1986 1873
f 1873 1986 1988
f 1873 1988 1861
f 1861 1988 1859
f 1852 1991 1854
f 1854 1991 1858
f 1858 1991 1992
f 1858 1992 1855
f 1993 1868 1931
f 1931 1868 1940
f 1993 1852 1868
f 1868 1852 1854
f 1868 1854 1782
f 1782 1854 1858
f 1782 1858 1790
f 1921 1927 1995
f 1995 1927 1871
f 1995 1871 1870
f 1581 1996 1870
f 1870 1996 1997
f 1870 1997 1995
f 1954 1998 1942
f 1942 1998 2001
f 2001 1998 2003
f 2003 1581 2001
f 2001 1581 1870
f 2001 1870 1942
f 1942 1870 1838
f 1838 1870 1843
f 1838 1833 1869
f 1869 1833 1850
f 1869 1850 1865
f 1865 1876 1863
f 1863 1876 1969
f 1977 2005 1874
f 2010 1875 1874
f 2010 1874 2011
f 2011 1874 2005
f 1977 2012 2015
f 1977 2015 2005
f 1978 1973 1977
f 1977 1973 1971
f 1977 1971 2012
f 2012 1971 2020
f 2010 2018 1875
f 1875 2018 1971
f 1971 2018 2020
f 1821 1814 1874
f 1874 1814 1980
f 1874 1980 1977
f 1977 1980 1974
f 1974 1980 1981
f 2022 2024 2026
f 2027 2024 2022
f 2022 2029 2031
f 2022 2035 2037
f 2022 2041 2043
f 2046 2041 2022
f 2037 2046 2022
f 2024 2028 2017
f 2026 2023 2008
f 2034 2025 2009
f 2029 2033 2011
f 2031 2030 2007
f 2040 2032 2006
f 2035 2039 2015
f 2037 2036 2014
f 2046 2038 2013
f 2041 2045 2016
f 2043 2042 2021
f 2027 2044 2019
f 2047 2049 2051
f 2053 2049 2047
f 2047 2054 2056
f 2059 2054 2047
f 2047 2060 2062
f 2047 2066 2068
f 2070 2066 2047
f 2062 2070 2047
f 2068 2053 2047
f 2049 2052 1957
f 2051 2048 1955
f 2059 2050 1952
f 2054 2058 1951
f 2056 2055 1945
f 2064 2057 1944
f 2060 2065 1949
f 2062 2061 1948
f 2070 2063 1947
f 2066 2071 1962
f 2068 2067 1961
f 2053 2069 1958
f 2072 2074 2075
f 2072 2079 2081
f 2083 2079 2072
f 2075 2083 2072
f 2072 2084 2086
f 2087 2084 2072
f 2072 2089 2091
f 2079 1935 1934
f 2081 2080 1932
f 2087 2082 1941
f 2084 2088 1939
f 2085 1938 2086
f 2086 1937 2094
f 2094 1937 1918
f 2089 2093 1917
f 2091 2090 1929
f 2078 2092 1928
f 2074 2077 1926
f 2075 2073 1923
f 2083 2076 1920
f 2095 2096 2098
f 2095 2102 2105
f 2107 2102 2095
f 2098 2107 2095
f 2095 2108 2110
f 2112 2108 2095
f 2105 2112 2095
f 2095 2113 2115
f 2116 2113 2095
f 2108 1915 1914
f 2110 2109 1910
f 2116 2111 1908
f 2113 2117 1907
f 2114 1906 2115
f 2115 1905 2100
f 2100 1905 1866
f 2096 2101 1893
f 2098 2097 1894
f 2107 2099 1904
f 2102 2106 1902
f 2105 2103 1900
f 2112 2104 1897
f 1642 1639 1985
f 1986 1636 1987
f 1627 1982 1983
f 1630 1984 1633
f 1633 1984 1860
f 1636 1989 1987
f 1624 1978 1976
f 1624 1976 1627
f 1627 1976 1975
f 1627 1975 1981
f 1624 1620 1978
f 1979 1620 1617
f 1611 1862 1614
f 1614 1862 1968
f 1614 1968 1970
f 1864 1611 1966
f 1966 1611 1607
f 1608 1604 1967
f 1967 1604 1600
f 1967 1600 1964
f 1601 1597 1963
f 1597 1959 1963
f 1585 2000 1999
f 1591 1953 1956
f 2002 1585 2004
f 2004 1585 1582
f 1581 1578 1996
f 1572 1924 1575
f 1924 1925 1575
f 1575 1925 1994
f 1578 1997 1996
f 1569 1566 1922
f 1559 1851 1993
f 1559 1993 1562
f 1565 1930 1933
f 1853 1559 1990
f 1990 1559 1556
f 1555 1552 1992
f 1992 1552 1549
f 1992 1549 1856
f 1549 1857 1856
f 1985 1913 1642
f 1642 1912 1645
f 1645 1912 1898
f 2118 2120 2122
f 2123 2120 2118
f 2118 2132 2134
f 2118 2137 2139
f 2134 2141 2118
f 2139 2123 2118
f 2120 2124 1892
f 2122 2119 1891
f 2129 2121 1890
f 2126 2130 1886
f 2127 2125 1884
f 2136 2128 1883
f 2132 2135 1881
f 2134 2131 1880
f 2141 2133 1879
f 2137 2142 1877
f 2139 2138 1889
f 2123 2140 1887
f 2154 1788 2152
f 2152 1788 1793
f 1780 1776 2153
f 2153 1776 2154
f 2154 1776 1783
f 2154 1783 1788
f 1762 2157 1761
f 1761 2157 2159
f 2155 2160 2162
f 2155 2162 1765
f 1765 2162 1762
f 2166 2165 2168
f 2169 1817 1822
f 2152 1793 2172
f 2152 2172 2151
f 1810 2170 2175
f 1802 2177 1797
f 1797 2177 1793
f 1797 1793 1795
f 2180 2178 2181
f 2180 2181 2184
f 2184 2181 2165
f 2149 2148 2186
f 2186 2148 2187
f 2186 2187 2178
f 1836 2166 2168
f 1827 1831 2190
f 1827 2190 1822
f 1822 2190 2191
f 1822 2191 2169
f 2169 2191 2192
f 2192 2191 2193
f 2196 1756 2151
f 2151 1756 1750
f 2151 1750 2152
f 2152 1750 1743
f 2170 2197 2200
f 2170 2200 2173
f 2170 2173 2175
f 1654 2201 2206
f 2170 1655 2197
f 2197 1655 1654
f 2197 1654 2202
f 2202 1654 2206
f 2201 2204 2206
f 2211 2210 2145
f 2212 2213 1702
f 1702 2213 2208
f 1702 2208 1701
f 1836 2163 2166
f 2166 2163 2215
f 2165 2166 2184
f 2184 2166 2215
f 2184 2215 2217
f 2217 2215 2218
f 2196 2220 1756
f 1756 2220 2204
f 1756 2204 1649
f 1649 2204 2201
f 1649 2201 1654
f 1664 1660 2170
f 2170 1660 1656
f 2170 1656 1655
f 1675 1670 2192
f 2192 1670 1664
f 2186 1679 1675
f 2186 1675 2149
f 2149 1675 2192
f 2149 2192 2148
f 2148 2192 2193
f 2178 2180 2186
f 2186 2180 1678
f 2186 1678 1679
f 2184 1692 1685
f 2184 1685 1681
f 2184 1681 2180
f 2180 1681 1678
f 2218 2212 2217
f 2217 2212 1702
f 2217 1702 2184
f 2184 1702 1696
f 2184 1696 1692
f 2211 1706 1701
f 2211 1701 2208
f 2211 2208 2210
f 2145 2146 2211
f 2211 2146 1705
f 2211 1705 1706
f 2144 1711 1707
f 2144 1707 2146
f 2146 1707 1705
f 2221 2222 2143
f 2223 1715 1711
f 2223 1711 2225
f 2225 1711 2144
f 2221 2143 2230
f 2223 2228 1715
f 1715 2228 1721
f 1721 2230 1722
f 2222 2232 2143
f 2143 2232 2234
f 2143 2234 2144
f 2144 2234 2225
f 1726 1727 2143
f 1722 2230 2143
f 1722 2143 1729
f 1729 2143 1727
f 2236 1730 1725
f 2154 1735 2236
f 2236 1735 1732
f 2236 1732 1730
f 2152 1743 1738
f 2152 1738 2154
f 2154 1738 1735
f 2145 2237 2146
f 2146 2237 2160
f 2146 2160 2144
f 2144 2160 2155
f 2144 2155 2143
f 2143 2155 1765
f 2143 1765 1769
f 2238 2239 2236
f 2242 2154 2236
f 2242 2236 2243
f 2243 2236 2239
f 2246 2153 2154
f 2246 2154 2247
f 2247 2154 2242
f 2246 2248 2153
f 2153 2248 2143
f 2153 2143 1780
f 1780 2143 1769
f 2248 2249 2143
f 2143 2249 2250
f 2143 2250 2251
f 1725 1726 2236
f 2236 1726 2143
f 2236 2143 2238
f 2238 2143 2251
f 1810 1817 2170
f 2170 1817 2169
f 2170 2169 2192
f 2170 2192 1664
f 2256 2254 2252
f 2252 2259 2260
f 2262 2259 2252
f 2255 2262 2252
f 2252 2263 2216
f 2265 2263 2252
f 2260 2265 2252
f 2252 2267 2269
f 2270 2267 2252
f 2216 2270 2252
f 2269 2256 2252
f 2258 2209 2260
f 2260 2208 2265
f 2208 2213 2265
f 2216 2264 2219
f 2216 2214 2270
f 2269 2266 2158
f 2256 2268 2156
f 2254 2257 2162
f 2255 2253 2161
f 2255 2161 2261
f 2271 2272 2274
f 2277 2272 2271
f 2271 2278 2280
f 2282 2278 2271
f 2274 2282 2271
f 2287 2284 2271
f 2280 2287 2271
f 2271 2288 2290
f 2291 2288 2271
f 2286 2291 2271
f 2290 2277 2271
f 2272 2276 2150
f 2274 2273 2172
f 2282 2275 2171
f 2278 2283 2177
f 2280 2279 2176
f 2281 2174 2287
f 2287 2173 2284
f 2284 2173 2200
f 2285 2198 2286
f 2286 2199 2291
f 2199 2202 2291
f 2291 2203 2288
f 2288 2203 2207
f 2290 2289 2205
f 2292 2293 2295
f 2297 2293 2292
f 2292 2299 2301
f 2303 2299 2292
f 2295 2303 2292
f 2292 2305 2307
f 2292 2312 2313
f 2313 2297 2292
f 2293 2298 2243
f 2295 2294 2239
f 2303 2296 2238
f 2299 2304 2251
f 2301 2300 2250
f 2310 2302 2249
f 2305 2309 2248
f 2307 2306 2244
f 2315 2308 2245
f 2312 2316 2247
f 2313 2311 2240
f 2297 2314 2241
f 2317 2318 2320
f 2317 2324 2325
f 2317 2329 2331
f 2332 2329 2317
f 2325 2332 2317
f 2317 2333 2335
f 2336 2333 2317
f 2331 2336 2317
f 2324 2327 2164
f 2325 2323 2185
f 2326 2183 2332
f 2332 2182 2329
f 2329 2182 2179
f 2330 2187 2331
f 2331 2188 2336
f 2336 2188 2147
f 2333 2337 2195
f 2334 2194 2335
f 2318 2322 2190
f 2320 2319 2189
f 2328 2321 2167
f 2344 2339 2338
f 2338 2345 2348
f 2350 2345 2338
f 2341 2350 2338
f 2338 2351 2353
f 2338 2357 2359
f 2361 2357 2338
f 2353 2361 2338
f 2359 2344 2338
f 2339 2343 2227
f 2341 2340 2231
f 2350 2342 2229
f 2345 2349 2228
f 2348 2346 2223
f 2355 2347 2224
f 2351 2356 2226
f 2353 2352 2235
f 2361 2354 2233
f 2357 2362 2232
f 2359 2358 2222
f 2344 2360 2221
f 2394 2393 1717
f 2394 1717 2363
f 2396 2387 2397
f 2398 2388 2399
f 2400 2389 2401
f 2402 2390 2403
f 2404 2391 2406
f 2405 2392 2407
f 2408 2394 2410
f 2409 2364 2412
f 2411 2365 2413
f 2414 2366 2415
f 2416 2367 2417
f 2418 2368 2420
f 2419 2369 2421
f 2422 2370 2424
f 2423 2371 2426
f 2425 2372 2427
f 2428 2373 2430
f 2429 2374 2431
f 2432 2375 2433
f 2434 2376 2436
f 2435 2377 2438
f 2437 2378 2441
f 2440 2379 2444
f 2443 2380 2446
f 2445 2381 2447
f 2448 2382 2449
f 2450 2383 2451
f 2452 2384 2453
f 2454 2385 2456
f 2455 2386 2395
f 2441 2442 2458
f 2441 2458 2439
f 2581 2577 1622
f 2581 1622 2521
f 2563 2582 2561
f 2562 2583 2559
f 2560 2584 2557
f 2558 2585 2555
f 2556 2586 2553
f 2554 2587 2551
f 2552 2589 2550
f 2549 2591 2547
f 2548 2592 2546
f 2545 2593 2544
f 2543 2594 2541
f 2542 2595 2540
f 2539 2596 2537
f 2538 2597 2535
f 2536 2598 2534
f 2533 2599 2531
f 2532 2600 2529
f 2530 2601 2527
f 2528 2602 2526
f 2525 2603 2523
f 2524 2604 2520
f 2522 2605 2581
f 2580 2606 2578
f 2579 2607 2575
f 2576 2608 2573
f 2574 2609 2572
f 2571 2610 2569
f 2570 2611 2568
f 2567 2612 2566
f 2565 2613 2564
f 2589 2588 2615
f 2589 2615 2590
f 2475 2621 2476
f 2477 2620 2478
f 2479 2619 2480
f 2481 2618 2482
f 2483 2617 2485
f 2484 2616 2486
f 2487 2614 2488
f 2489 2645 2490
f 2491 2644 2492
f 2493 2643 2495
f 2494 2642 2497
f 2496 2641 2499
f 2498 2640 2500
f 2501 2639 2502
f 2503 2638 2504
f 2505 2637 2506
f 2507 2636 2509
f 2508 2635 2510
f 2511 2634 2513
f 2512 2633 2515
f 2514 2632 2516
f 2517 2631 2518
f 2519 2630 2457
f 2459 2629 2461
f 2460 2628 2462
f 2463 2627 2465
f 2464 2626 2466
f 2467 2625 2468
f 2469 2624 2470
f 2471 2623 2473
f 2472 2622 2474
f 2660 2647 2648
f 2648 2649 2660
f 2649 2646 2660
f 2651 2652 2660
f 2652 2653 2660
f 2653 2659 2660
f 2646 2650 2660
f 2650 2651 2660
f 2654 2655 2663
f 2663 2664 2665
f 2665 2657 2663
f 2663 2656 2662
f 2656 2658 2662
f 2662 2661 2666
f 2666 2654 2663
f 2662 2666 2663
f 393 395 492
f 395 396 490
f 396 397 490
f 397 398 490
f 398 399 490
f 391 393 492
f 490 491 492
f 395 490 492

