# https://github.com/mikedh/trimesh

o link_head_tilt_1.obj
v 0.01241700 -0.00182400 0.05051200
v -0.01251100 -0.00098500 0.05051200
v -0.01241700 0.00182400 0.05051200
v 0.01251100 0.00098500 0.05051200
v 0.00703100 0.01039600 0.01476200
v -0.00718400 0.01029000 0.03326200
v -0.00773700 0.00988200 0.03321800
v -0.00857000 0.00916800 0.04750000
v -0.00631600 0.01084500 0.03326200
v 0.00454100 0.01169900 0.03026200
v 0.00548600 0.01128700 0.03026200
v -0.00825400 0.00945400 0.03306200
v 0.00778948 0.01242057 0.00700000
v 0.00208900 0.01474050 0.00700000
v 0.00343875 0.01446550 0.00700000
v -0.00113153 0.01448053 0.00700000
v 0.01637800 0.00174000 0.01176200
v -0.01103400 0.01222700 0.01176200
v 0.00671600 0.01503900 0.01176200
v 0.00588500 0.01538300 0.01176200
v -0.01281100 0.01035100 0.01176200
v -0.00671600 -0.01503900 0.01176200
v -0.00588500 -0.01538300 0.01176200
v 0.01103400 -0.01222700 0.01176200
v 0.01637800 -0.00174000 0.01176200
v 0.01644900 -0.00084400 0.01176200
v -0.00588500 0.01538300 0.01176200
v -0.00671600 0.01503900 0.01176200
v 0.01281100 -0.01035100 0.01176200
v -0.00428100 0.01590400 0.01176200
v 0.00588500 -0.01538300 0.01176200
v 0.00671600 -0.01503900 0.01176200
v -0.01637800 0.00174000 0.01176200
v -0.01644900 0.00084400 0.01176200
v -0.01637800 -0.00174000 0.01176200
v 0.00428100 -0.01590400 0.01176200
v -0.00088700 -0.01654500 0.01173700
v -0.00170600 -0.01650000 0.01172400
v -0.00090500 -0.01658200 0.01170000
v -0.00168700 -0.01656200 0.01165200
v -0.00168600 -0.01656700 0.01163200
v -0.00092600 -0.01662600 0.01163100
v -0.00092000 -0.01661200 0.01167000
v -0.00346500 -0.01620200 0.01173700
v -0.00426600 -0.01603000 0.01172400
v -0.00348800 -0.01623600 0.01170000
v -0.00671800 -0.01507700 0.01175900
v -0.00672300 -0.01523500 0.01163200
v -0.00603100 -0.01553900 0.01156400
v -0.00603000 -0.01553800 0.01158600
v -0.00828000 -0.01432100 0.01174300
v -0.00827600 -0.01431800 0.01174500
v -0.00900000 -0.01387300 0.01174600
v -0.00899400 -0.01384000 0.01175900
v -0.00902300 -0.01399600 0.01163200
v -0.00838700 -0.01440400 0.01158600
v -0.00837300 -0.01439300 0.01163100
v -0.01047900 -0.01288300 0.01170000
v -0.01108500 -0.01236500 0.01170100
v -0.01110000 -0.01240700 0.01165200
v -0.01052200 -0.01290600 0.01163100
v -0.01050800 -0.01289900 0.01167000
v -0.01230000 -0.01106100 0.01174300
v -0.01229500 -0.01106000 0.01174500
v -0.01284700 -0.01041300 0.01174600
v -0.01232600 -0.01107100 0.01173700
v -0.01287300 -0.01046100 0.01172400
v -0.01236500 -0.01108500 0.01170000
v -0.01290400 -0.01051800 0.01165200
v -0.01290700 -0.01052300 0.01163200
v -0.01241100 -0.01110100 0.01163100
v -0.01387900 -0.00900100 0.01174300
v -0.01431800 -0.00827500 0.01174600
v -0.01390700 -0.00900700 0.01173700
v -0.01543600 -0.00593400 0.01174600
v -0.01514400 -0.00672000 0.01173700
v -0.01547600 -0.00597100 0.01172400
v -0.01518500 -0.00672200 0.01170000
v -0.01552300 -0.00601600 0.01165200
v -0.01525300 -0.00672300 0.01156400
v -0.01525100 -0.00672300 0.01158600
v -0.01523400 -0.00672300 0.01163100
v -0.01521900 -0.00672300 0.01167000
v -0.01644800 -0.00172100 0.01174500
v -0.01648300 -0.00085900 0.01175900
v -0.01648000 -0.00171200 0.01173700
v -0.01656400 -0.00089600 0.01172400
v -0.01651900 -0.00170000 0.01170000
v -0.01651400 0.00087400 0.01174500
v -0.01641500 0.00173000 0.01175900
v -0.01546100 0.00595700 0.01173700
v -0.01516500 0.00672100 0.01172400
v -0.01549100 0.00598500 0.01170000
v -0.01523500 0.00672300 0.01163200
v -0.01553900 0.00603100 0.01156400
v -0.01553800 0.00603000 0.01158600
v -0.01552600 0.00601800 0.01163100
v -0.01284700 0.01041400 0.01174500
v -0.01226300 0.01104800 0.01175900
v -0.01288300 0.01047900 0.01170000
v -0.01240700 0.01110000 0.01165200
v -0.01289900 0.01050800 0.01167000
v -0.01106000 0.01229500 0.01174500
v -0.01041300 0.01284700 0.01174600
v -0.01038400 0.01283000 0.01175900
v -0.01107100 0.01232600 0.01173700
v -0.01046100 0.01287300 0.01172400
v -0.01051800 0.01290400 0.01165200
v -0.01110100 0.01241100 0.01163100
v -0.01109700 0.01239700 0.01167000
v -0.00591100 0.01541100 0.01175900
v -0.00427200 0.01597600 0.01174500
v -0.00342700 0.01614600 0.01175900
v -0.00351600 0.01627700 0.01163200
v -0.00351300 0.01627300 0.01165200
v -0.00425400 0.01611700 0.01156400
v -0.00425500 0.01611500 0.01158600
v 0.00092700 -0.01662700 0.01163200
v 0.00168100 -0.01658400 0.01156400
v 0.00168100 -0.01658200 0.01158600
v 0.00427200 -0.01597600 0.01174500
v 0.00342700 -0.01614600 0.01175900
v 0.00351600 -0.01627700 0.01163200
v 0.00425400 -0.01611700 0.01156400
v 0.00425500 -0.01611500 0.01158600
v 0.00591100 -0.01541100 0.01175900
v 0.01106000 -0.01229500 0.01174500
v 0.01041300 -0.01284700 0.01174600
v 0.01038400 -0.01283000 0.01175900
v 0.01107100 -0.01232600 0.01173700
v 0.01046100 -0.01287300 0.01172400
v 0.01051800 -0.01290400 0.01165200
v 0.01110100 -0.01241100 0.01163100
v 0.01109700 -0.01239700 0.01167000
v 0.01284700 -0.01041400 0.01174500
v 0.01226300 -0.01104800 0.01175900
v 0.01288300 -0.01047900 0.01170000
v 0.01240700 -0.01110000 0.01165200
v 0.01289900 -0.01050800 0.01167000
v 0.01546100 -0.00595700 0.01173700
v 0.01516500 -0.00672100 0.01172400
v 0.01549100 -0.00598500 0.01170000
v 0.01523500 -0.00672300 0.01163200
v 0.01553900 -0.00603100 0.01156400
v 0.01553800 -0.00603000 0.01158600
v 0.01651400 -0.00087400 0.01174500
v 0.01641500 -0.00173000 0.01175900
v 0.01644800 0.00172100 0.01174500
v 0.01648300 0.00085900 0.01175900
v 0.01648000 0.00171200 0.01173700
v 0.01656400 0.00089600 0.01172400
v 0.01651900 0.00170000 0.01170000
v 0.01543600 0.00593400 0.01174600
v 0.01514400 0.00672000 0.01173700
v 0.01547600 0.00597100 0.01172400
v 0.01518500 0.00672200 0.01170000
v 0.01552300 0.00601600 0.01165200
v 0.01525300 0.00672300 0.01156400
v 0.01525100 0.00672300 0.01158600
v 0.01523400 0.00672300 0.01163100
v 0.01521900 0.00672300 0.01167000
v 0.01387900 0.00900100 0.01174300
v 0.01431800 0.00827500 0.01174600
v 0.01390700 0.00900700 0.01173700
v 0.01230000 0.01106100 0.01174300
v 0.01229500 0.01106000 0.01174500
v 0.01284700 0.01041300 0.01174600
v 0.01232600 0.01107100 0.01173700
v 0.01287300 0.01046100 0.01172400
v 0.01236500 0.01108500 0.01170000
v 0.01290400 0.01051800 0.01165200
v 0.01290700 0.01052300 0.01163200
v 0.01241100 0.01110100 0.01163100
v 0.01047900 0.01288300 0.01170000
v 0.01108500 0.01236500 0.01170100
v 0.01110000 0.01240700 0.01165200
v 0.01052200 0.01290600 0.01163100
v 0.01050800 0.01289900 0.01167000
v 0.00828000 0.01432100 0.01174300
v 0.00827600 0.01431800 0.01174500
v 0.00900000 0.01387300 0.01174600
v 0.00899400 0.01384000 0.01175900
v 0.00902300 0.01399600 0.01163200
v 0.00838700 0.01440400 0.01158600
v 0.00837300 0.01439300 0.01163100
v 0.00671800 0.01507700 0.01175900
v 0.00672300 0.01523500 0.01163200
v 0.00603100 0.01553900 0.01156400
v 0.00603000 0.01553800 0.01158600
v 0.00346500 0.01620200 0.01173700
v 0.00426600 0.01603000 0.01172400
v 0.00348800 0.01623600 0.01170000
v 0.00088700 0.01654500 0.01173700
v 0.00170600 0.01650000 0.01172400
v 0.00090500 0.01658200 0.01170000
v 0.00168700 0.01656200 0.01165200
v 0.00168600 0.01656700 0.01163200
v 0.00092600 0.01662600 0.01163100
v 0.00092000 0.01661200 0.01167000
v -0.00171900 0.01645300 0.01174300
v -0.00172100 0.01644800 0.01174500
v -0.00087300 0.01651400 0.01174600
v -0.00171200 0.01648000 0.01173700
v -0.00089600 0.01656400 0.01172400
v -0.00170000 0.01651900 0.01170000
v -0.00092700 0.01662700 0.01163200
v -0.00168100 0.01658400 0.01156400
v -0.00168100 0.01658200 0.01158600
v -0.00837600 -0.01439600 0.00713000
v -0.00902300 -0.01399500 0.00713200
v -0.00837500 -0.01439500 0.00712300
v -0.01523800 -0.00672300 0.00713000
v -0.01553900 -0.00603100 0.00719800
v -0.01553800 -0.00603000 0.00717500
v -0.01657000 -0.00168500 0.00713000
v -0.01664300 -0.00093400 0.00719800
v -0.01664100 -0.00093300 0.00717500
v -0.01552900 0.00602100 0.00713000
v -0.01553900 0.00603100 0.00719800
v -0.01523400 0.00672300 0.00713200
v -0.01552800 0.00602000 0.00712300
v -0.00352600 0.01629100 0.00719800
v -0.00352000 0.01628300 0.00715350
v -0.00350600 0.01626300 0.00708900
v 0.01552900 -0.00602100 0.00713000
v 0.01523400 -0.00672300 0.00713200
v 0.01552800 -0.00602000 0.00712300
v 0.01657000 0.00168500 0.00713000
v 0.01664300 0.00093400 0.00719800
v 0.01664100 0.00093300 0.00717500
v 0.01523800 0.00672300 0.00713000
v 0.01553900 0.00603100 0.00719800
v 0.01553800 0.00603000 0.00717500
v 0.00837600 0.01439600 0.00713000
v 0.00902300 0.01399500 0.00713200
v 0.00837500 0.01439500 0.00712300
v 0.00168100 0.01658300 0.00718650
v 0.00168600 0.01656600 0.00713200
v -0.01524300 -0.00672300 0.01159800
v -0.01521200 -0.00672200 0.00709500
v -0.01551000 0.00600300 0.00709500
v -0.01553300 0.00602500 0.01159800
v -0.00348100 0.01622600 0.01168900
v -0.00352100 0.01628400 0.00716500
v 0.01517700 0.00672100 0.00707500
v 0.01524300 0.00672300 0.01159800
v 0.00170400 0.01650700 0.01168900
v 0.00168400 0.01657500 0.00716500
v -0.01226200 -0.00096500 0.05076200
v -0.00813000 0.00260800 0.05076200
v -0.01216900 0.00178800 0.05076200
v -0.00853700 0.00367200 0.05076200
v -0.00725300 0.00049600 0.05076200
v -0.00775400 -0.00077500 0.05076200
v -0.00793900 -0.00212900 0.05076200
v -0.00734500 -0.00477700 0.05076200
v -0.00659800 -0.00592100 0.05076200
v -0.00275000 0.00808300 0.05076200
v -0.00183200 0.00740900 0.05076200
v -0.00062300 0.00724400 0.05076200
v -0.00309900 -0.00790700 0.05076200
v -0.00173400 -0.00796100 0.05076200
v 0.00785100 0.00323700 0.05076200
v 0.01226200 0.00096500 0.05076200
v 0.00792900 0.00187300 0.05076200
v 0.01216900 -0.00178800 0.05076200
v -0.00596000 0.00165100 0.05049400
v -0.00590100 0.00119300 0.05056700
v -0.00548800 0.00110500 0.05033000
v -0.00477200 0.00086800 0.04922600
v -0.00495100 0.00093400 0.04970100
v -0.00497600 0.00158100 0.04962600
v -0.00506300 0.00159600 0.04977000
v -0.00504000 0.00096600 0.04985200
v -0.00531100 0.00162700 0.05004900
v -0.00536900 0.00107200 0.05023300
v -0.00516200 0.00031400 0.04952500
v -0.00519100 0.00033300 0.04962600
v -0.00525600 0.00037400 0.04977000
v -0.00550000 0.00052100 0.05014300
v -0.00553000 0.00053800 0.05017600
v -0.00539400 0.00163800 0.05014300
v -0.00550000 0.00164600 0.05022700
v -0.00551700 0.00164800 0.05024200
v -0.00558900 0.00057100 0.05024200
v -0.00590400 0.00073200 0.05049400
v -0.00562600 -0.00037900 0.04952800
v -0.00684500 0.00112600 0.05076200
v -0.00627000 0.00089400 0.05066600
v -0.00612600 0.00083200 0.05061100
v -0.00657900 0.00013400 0.05061000
v -0.00600800 -0.00017400 0.05017700
v -0.00607700 -0.00415000 0.05017700
v -0.00551400 -0.00501300 0.05017700
v -0.00287600 -0.00651000 0.05017700
v -0.00184600 -0.00655100 0.05017700
v -0.00701300 -0.00096900 0.05061000
v -0.00665900 -0.00443800 0.05061000
v -0.00601100 -0.00543000 0.05061000
v -0.00297800 -0.00715100 0.05061000
v -0.00179500 -0.00719800 0.05061000
v -0.00535800 0.00173300 0.05005400
v -0.00505800 0.00191700 0.04945000
v -0.00559100 0.00202700 0.05005400
v -0.00613600 0.00118100 0.05065400
v -0.00617200 0.00152900 0.05061100
v -0.00630900 0.00145000 0.05066600
v -0.00628300 0.00117300 0.05069400
v -0.00684600 0.00113100 0.05076200
v -0.00690300 0.00224900 0.05061000
v -0.00675200 0.00240300 0.05046600
v -0.00100300 0.00625300 0.05066600
v -0.00093800 0.00611000 0.05061100
v -0.00024800 0.00657600 0.05061000
v -0.00083500 0.00589100 0.05049400
v -0.00124500 0.00682400 0.05076200
v -0.00066900 0.00557900 0.05024200
v -0.00063400 0.00552000 0.05017600
v 0.00203900 0.00656200 0.05017700
v 0.00306600 0.00647500 0.05017700
v 0.00404400 0.00614900 0.05017700
v 0.00491600 0.00560100 0.05017700
v 0.00563500 0.00486200 0.05017700
v 0.00201700 0.00721000 0.05061000
v 0.00319700 0.00711100 0.05061000
v 0.00432100 0.00673500 0.05061000
v 0.00532400 0.00610500 0.05061000
v 0.00615000 0.00525600 0.05061000
v 0.00709800 0.00310300 0.05061000
v 0.00716500 0.00192000 0.05061000
v -0.00129600 0.00587900 0.05056700
v -0.00120100 0.00546800 0.05033000
v -0.00116500 0.00534900 0.05023300
v -0.00173200 0.00536500 0.05014300
v -0.00174200 0.00547000 0.05022700
v -0.00174400 0.00548800 0.05024200
v -0.00175500 0.00593000 0.05049400
v -0.00672000 0.00608700 0.05017700
v -0.00620400 0.00661200 0.05017700
v -0.00410900 0.00708700 0.05017700
v -0.00341700 0.00683600 0.05017700
v -0.00746100 0.00298100 0.05061000
v -0.00282400 0.00640000 0.05017700
v -0.00779100 0.00384100 0.05061000
v -0.00724200 0.00647200 0.05061000
v -0.00659700 0.00712800 0.05061000
v -0.00397600 0.00772200 0.05061000
v -0.00236900 0.00686300 0.05061000
v -0.00128800 0.00611400 0.05065400
v -0.00128200 0.00626100 0.05069400
v -0.00125100 0.00682500 0.05076200
v -0.00156000 0.00628300 0.05066600
v -0.00212400 0.00555500 0.05005400
v -0.00182700 0.00532700 0.05005400
v -0.00835500 -0.00182100 0.00900000
v -0.01062425 -0.00081300 0.00900000
v -0.01099400 -0.00015700 0.00900000
v -0.01086400 0.00072400 0.00100000
v -0.00861800 0.00109137 0.00900000
v -0.01080500 0.00086100 0.00900000
v -0.00900000 0.00000000 0.00900000
v 0.00064500 0.00717900 0.00900000
v -0.00162425 0.00818700 0.00900000
v 0.00038200 0.01009137 0.00900000
v 0.00000000 0.00900000 0.00900000
v 0.00964500 -0.00182100 0.00900000
v 0.00737575 -0.00081300 0.00900000
v 0.00938200 0.00109137 0.00900000
v 0.00900000 0.00000000 0.00900000
v 0.00064500 -0.01082100 0.00900000
v -0.00162425 -0.00981300 0.00900000
v 0.00038200 -0.00790862 0.00900000
v 0.00000000 -0.00900000 0.00900000
v -0.01862300 -0.02042500 0.00372700
v -0.01931200 -0.01654200 0.00416200
v -0.01991500 -0.01741000 0.00374200
v -0.01932100 -0.01735900 0.00416200
v -0.01991900 -0.01755400 0.00374400
v -0.01922100 -0.01799500 0.00416200
v -0.01988600 -0.01627900 0.00372900
v -0.01989100 -0.01647600 0.00373100
v -0.01987600 -0.01591000 0.00372400
v -0.01364200 -0.01350500 0.00557000
v -0.01331250 -0.00431950 0.00357050
v -0.01619400 -0.01140100 0.00357300
v -0.01862900 -0.01605600 0.00557700
v -0.01838800 -0.01539200 0.00557600
v -0.01823900 -0.01513000 0.00557600
v -0.01865000 -0.01786100 0.00557700
v -0.01879800 -0.01789500 0.00481100
v -0.01873700 -0.01731000 0.00557700
v -0.01888900 -0.01732300 0.00481100
v -0.01766600 -0.01963700 0.00557500
v -0.01772400 -0.01957700 0.00557600
v -0.01783500 -0.01968100 0.00481000
v -0.01815900 -0.01902000 0.00557600
v -0.01828800 -0.01910200 0.00481000
v -0.01824000 -0.01887100 0.00557600
v -0.01417900 -0.02065900 0.00557100
v -0.01473000 -0.02074000 0.00557200
v -0.01500000 -0.02073400 0.00557200
v -0.01543600 -0.02072500 0.00557300
v -0.01854500 -0.02050500 0.00372700
v -0.01808300 -0.02004900 0.00416100
v -0.01815100 -0.01997900 0.00416100
v -0.01865400 -0.01933600 0.00416100
v -0.01301000 -0.01382100 0.00556900
v -0.01256100 -0.01415100 0.00556900
v 0.02225000 -0.08000000 0.02116300
v 0.02082200 -0.08160400 0.02571400
v 0.02025000 -0.08000000 0.02099400
v 0.02025000 -0.08162500 0.02571400
v -0.01062200 0.02249500 0.02477300
v -0.01058500 0.02292500 0.02927700
v -0.01567600 0.01905100 0.02933800
v 0.00812800 -0.05892200 0.00360400
v -0.01525100 -0.06978300 0.01099500
v -0.01581100 -0.06915000 0.01030500
v -0.01727200 -0.06870800 0.01034500
v -0.01677400 -0.06718900 0.00823600
v -0.01697400 -0.06608000 0.00724200
v -0.01738000 -0.06599000 0.00724600
v 0.00542900 -0.08000000 0.01893200
v 0.00484000 -0.08000000 0.01926200
v 0.00770700 -0.08061000 0.01926200
v 0.01482600 0.03427000 0.03152600
v 0.01002100 0.03321400 0.03153200
v 0.01210000 0.03374300 0.03176200
v -0.00307400 0.02413200 0.01565800
v -0.00552700 0.02460900 0.02010200
v -0.01631400 0.01543400 0.00861900
v -0.01982400 0.01395600 0.00867500
v -0.01617600 0.01620700 0.01026200
v -0.01984100 0.01405600 0.00888600
v -0.01606400 0.01670100 0.01214600
v -0.01997600 0.01453100 0.01116500
v -0.01837900 0.01597700 0.01647500
v -0.02015900 0.01474200 0.01631300
v -0.02001600 0.01457700 0.01226700
v -0.02030500 0.01489100 0.02509700
v -0.02026300 0.01485000 0.02076700
v -0.02016500 0.01474800 0.01656100
v -0.02035700 0.01494200 0.03176200
v -0.02034700 0.01493200 0.02939400
v -0.01064700 0.02293900 0.03176200
v -0.01057800 0.02298500 0.03176200
v -0.00637000 0.02568900 0.02922500
v -0.00566600 0.02303400 0.01581200
v -0.00403000 0.02500100 0.01891700
v 0.00454400 0.02350100 0.01070800
v 0.00442800 0.02346100 0.01069100
v 0.00440000 0.02345100 0.01068700
v 0.00621300 0.02452000 0.01147600
v 0.00543700 0.02393400 0.01098300
v 0.00580500 0.02421200 0.01121700
v 0.00972100 0.02781200 0.01477200
v 0.00782400 0.02819600 0.01609700
v 0.00979900 0.02917700 0.01692400
v 0.00996300 0.03215300 0.02398500
v 0.00782400 0.03153500 0.02408300
v 0.00999400 0.03272800 0.02647500
v 0.01001400 0.03308200 0.02899800
v 0.00782400 0.03239100 0.02903500
v 0.00782400 0.03220400 0.02723500
v 0.00782400 0.03163700 0.02441300
v 0.01480700 0.03374100 0.02631900
v 0.01482100 0.03412700 0.02891700
v 0.01471700 0.03116100 0.01884100
v 0.01853600 0.03251500 0.02099900
v 0.01475500 0.03225100 0.02125500
v 0.01853600 0.03342500 0.02355700
v 0.01478600 0.03311400 0.02375700
v 0.01400450 0.00303125 0.00354725
v 0.01404400 -0.00501400 0.00354700
v 0.01742600 -0.00836225 0.00354425
v 0.01283350 -0.00551900 0.00354850
v 0.01853600 -0.02153300 0.00354300
v 0.01844100 -0.02160500 0.00354400
v 0.01262575 -0.01967300 0.00354850
v 0.01664600 -0.06296400 0.00423200
v 0.01678100 -0.06410200 0.00451900
v 0.01853600 -0.06648500 0.00533100
v 0.01666700 -0.06555000 0.00495500
v 0.01853600 -0.06652400 0.00534600
v 0.01853600 -0.06884300 0.00638200
v 0.01535900 -0.06836500 0.00604000
v 0.01457400 -0.06916100 0.00641100
v 0.01853600 -0.07000400 0.00694000
v 0.01371900 -0.06975900 0.00671400
v 0.01853600 -0.07108200 0.00759800
v 0.01323400 -0.07362100 0.00922700
v 0.01321400 -0.07552700 0.01087400
v 0.01853600 -0.07453400 0.01002100
v 0.01853600 -0.07320600 0.00901900
v 0.01326200 -0.07155500 0.00776400
v 0.01853600 -0.07234800 0.00837100
v 0.01320200 -0.07878200 0.01464400
v 0.01853600 -0.07735800 0.01274500
v 0.01320300 -0.07725300 0.01268700
v 0.01853600 -0.07703000 0.01241600
v 0.01853600 -0.08064300 0.01723000
v 0.01853600 -0.08015500 0.01649000
v 0.01320800 -0.08014800 0.01676600
v 0.01853600 -0.07909900 0.01489100
v 0.01321000 -0.08134900 0.01902100
v 0.01600900 -0.08148800 0.01887800
v 0.01853600 -0.08147400 0.01874800
v 0.01370300 -0.08151100 0.01926200
v 0.01601200 -0.08164500 0.01926200
v 0.01745100 -0.08172700 0.01926200
v 0.01853600 -0.08173900 0.01926200
v 0.00770400 -0.07956600 0.01704900
v 0.00896200 -0.07989400 0.01726200
v 0.00828600 -0.08073300 0.01926200
v 0.00963700 -0.08000000 0.01726200
v 0.00770300 -0.08000000 0.01791200
v 0.00745400 -0.08000000 0.01799600
v 0.00058900 -0.07800000 0.01726200
v 0.00234700 -0.07743300 0.01517100
v 0.00235100 -0.07845300 0.01726200
v 0.00331200 -0.07870100 0.01726200
v -0.00283900 -0.07615000 0.01539600
v -0.00536000 -0.07539300 0.01550000
v -0.00284100 -0.07693400 0.01726200
v -0.00542800 -0.07521200 0.01512100
v -0.00282800 -0.07384400 0.01159400
v -0.00546500 -0.07323000 0.01170800
v -0.00542800 -0.07364300 0.01225800
v -0.00283800 -0.07511900 0.01344700
v -0.00542800 -0.07421000 0.01315900
v -0.00542800 -0.07441800 0.01356500
v -0.00551100 -0.07273500 0.01104700
v -0.00280900 -0.07233900 0.00987200
v -0.00568200 -0.07206900 0.01030300
v -0.00734300 -0.06970800 0.00834400
v -0.00278000 -0.07062000 0.00830600
v -0.00701800 -0.06998600 0.00852400
v -0.00636300 -0.07073100 0.00907500
v -0.00607200 -0.07118700 0.00945800
v -0.00599200 -0.07136900 0.00963300
v -0.00564000 -0.06628700 0.00581000
v -0.00764800 -0.06948700 0.00821200
v -0.00721500 -0.06906400 0.00778300
v -0.00660700 -0.06831400 0.00713000
v -0.00651900 -0.06816100 0.00702100
v -0.00599800 -0.06725700 0.00637600
v -0.00538500 -0.06502800 0.00519600
v -0.00557900 -0.06257400 0.00433600
v -0.00582900 -0.06184300 0.00415100
v -0.01543000 -0.06051800 0.00413700
v -0.01478000 -0.05979000 0.00393600
v -0.01921300 -0.05816100 0.00376800
v -0.01605300 -0.06147800 0.00446800
v -0.01644100 -0.06230500 0.00481600
v -0.01653800 -0.06260600 0.00497000
v -0.01679100 -0.06339900 0.00537300
v -0.01742100 -0.06431200 0.00599000
v -0.01696700 -0.06440100 0.00598500
v -0.01698800 -0.06600200 0.00717200
v -0.01701500 -0.06559200 0.00684100
v -0.01732800 -0.06746200 0.00870800
v -0.01508700 -0.06993000 0.01114500
v -0.01536300 -0.07002200 0.01146300
v -0.01721400 -0.06970400 0.01211900
v -0.01713800 -0.07061600 0.01473900
v -0.01696400 -0.07055800 0.01415100
v -0.01715800 -0.07043400 0.01399900
v -0.01688500 -0.07053200 0.01399100
v -0.01983700 -0.06940300 0.01432500
v -0.01990000 -0.06961100 0.01604600
v -0.01999000 -0.06974000 0.01887800
v -0.01777800 -0.07083100 0.01809400
v -0.01990600 -0.06962900 0.01620900
v -0.01990600 -0.06962900 0.01619400
v -0.02015600 -0.06994300 0.02934300
v -0.02016800 -0.06995700 0.03176200
v -0.01854400 -0.07108700 0.03176200
v -0.01853900 -0.07108500 0.03055800
v -0.02014300 -0.06992900 0.02686300
v -0.02010600 -0.06988300 0.02493300
v -0.01836850 -0.07102800 0.02485900
v -0.01836800 -0.07102800 0.02484200
v -0.02002100 -0.06977900 0.02050800
v -0.01802200 -0.07091200 0.02042300
v -0.01741100 -0.07070800 0.01565800
v -0.01982700 -0.06934100 0.01409600
v -0.01976000 -0.06891200 0.01251200
v -0.01974500 -0.06879400 0.01220100
v -0.01973200 -0.06868800 0.01192000
v -0.01965600 -0.06794500 0.01041800
v -0.01947600 -0.06547000 0.00730700
v -0.01953100 -0.06637400 0.00819100
v -0.01955800 -0.06676100 0.00865000
v -0.01934900 -0.06291300 0.00539100
v -0.01937100 -0.06342500 0.00569600
v -0.01939400 -0.06389500 0.00603900
v -0.01944700 -0.06499000 0.00683800
v -0.01390800 -0.05908500 0.00378200
v -0.01917900 -0.02580600 0.00357600
v -0.00870900 -0.01092200 0.00356700
v -0.01698700 -0.00534500 0.00357400
v -0.01809800 -0.00025450 0.00357500
v 0.00528500 -0.01296400 0.00355500
v 0.00368200 -0.01349000 0.00355600
v 0.00341700 -0.01357700 0.00355600
v -0.00104600 -0.01394700 0.00356000
v 0.00069600 -0.01398300 0.00355900
v 0.00601800 -0.01264100 0.00355400
v 0.00326450 -0.01360400 0.00355650
v 0.01186900 0.00742500 0.00354900
v 0.01231700 0.00665600 0.00354900
v 0.00940200 0.01037300 0.00369600
v 0.01024000 0.00950100 0.00362600
v 0.00721300 0.01199900 0.00394000
v 0.00788600 0.01152800 0.00386300
v -0.00827000 0.01129600 0.00407700
v 0.00527900 -0.06348800 0.00433600
v 0.00523700 -0.06390600 0.00444900
v 0.00253800 -0.06705600 0.00566000
v 0.00543800 -0.06607700 0.00515800
v 0.00525500 -0.06506000 0.00480000
v 0.00243200 -0.07126800 0.00813800
v 0.00248000 -0.06923700 0.00679300
v 0.00742800 -0.06924700 0.00654400
v 0.00692600 -0.06878000 0.00631600
v 0.00622900 -0.06789000 0.00590300
v 0.00583300 -0.06717100 0.00559200
v 0.01176700 -0.07044700 0.00710400
v 0.01075100 -0.07050900 0.00715800
v 0.00778700 -0.07160100 0.00795700
v 0.00845100 -0.05870600 0.00359000
v 0.00552250 -0.05741800 0.00355400
v 0.00689800 -0.05992600 0.00368700
v 0.00622100 -0.06082400 0.00379900
v -0.00585900 0.02107900 0.01176500
v -0.00812000 0.02320100 0.02023700
v -0.01069900 0.02167500 0.02036800
v -0.01082200 0.02051100 0.01609600
v -0.01589300 0.01758200 0.01635400
v -0.01577900 0.01829200 0.02061700
v -0.01126000 0.01724500 0.00851100
v 0.00791419 -0.03066207 0.00355267
v 0.00770400 -0.07833900 0.01492100
v 0.00770900 -0.07696100 0.01296400
v 0.00772500 -0.07536700 0.01113500
v 0.00775100 -0.07357500 0.00945900
v 0.00239500 -0.07312400 0.00967400
v 0.00236800 -0.07478100 0.01137500
v 0.00479000 -0.07908100 0.01726200
v 0.01853600 -0.01918300 0.00433500
v 0.01853600 -0.01932800 0.00423800
v 0.01853600 -0.02050500 0.00370500
v 0.01853600 -0.02051000 0.00370300
v 0.01853600 -0.01851100 0.00493100
v 0.01853600 -0.01824800 0.00554200
v 0.01853600 -0.01867200 0.00478800
v 0.01853600 -0.01868400 0.00477800
v 0.01853600 -0.02076900 0.00363000
v 0.01853600 0.03245400 0.03176200
v 0.01853600 -0.01509200 0.00455600
v 0.01853600 -0.01529500 0.00472200
v 0.01853600 -0.01565500 0.00517900
v 0.01875000 -0.07995100 0.02076200
v 0.01853600 -0.07995900 0.02076200
v 0.00117500 -0.07953900 0.02076200
v -0.00325000 -0.07800200 0.02076200
v 0.00248700 -0.07993800 0.02076200
v 0.00662200 -0.08101200 0.02076200
v 0.00734700 -0.08115000 0.02076200
v 0.01066600 -0.08178200 0.02076200
v 0.01295200 -0.08205300 0.02076200
v 0.01463300 -0.08225200 0.02076200
v 0.01579900 -0.08230200 0.02076200
v 0.01853600 -0.08242000 0.02076200
v 0.01875000 -0.08176700 0.02609500
v 0.01875000 -0.08239200 0.03176200
v -0.00325000 -0.08210400 0.03176200
v -0.00325000 -0.08209100 0.03076200
v -0.00325000 -0.07960800 0.03076200
v -0.00325000 -0.07959300 0.03029400
v -0.00325000 -0.07942600 0.02825200
v -0.00325000 -0.07933100 0.02709100
v -0.00325000 -0.07861400 0.02318100
v -0.00542800 -0.07500000 0.03176200
v 0.02082200 0.03694900 0.03176200
v 0.02282200 0.03230400 0.03176200
v -0.00525000 -0.07500000 0.03176200
v -0.00494100 -0.08137700 0.03176200
v 0.00991800 0.03555700 0.03176200
v -0.01803900 -0.07415700 0.03176200
v -0.01741600 -0.07457800 0.03176200
v 0.01069200 0.03575200 0.03176200
v 0.01454300 0.03654100 0.03176200
v 0.01590800 0.03669300 0.03176200
v -0.01330100 -0.07709600 0.03176200
v -0.01042800 -0.07607300 0.03176200
v -0.00921300 -0.07574700 0.03176200
v -0.00832300 -0.07242800 0.03176200
v -0.00597800 -0.07136300 0.03176200
v -0.00921300 -0.07153800 0.03176200
v -0.00750700 -0.06958500 0.03176200
v -0.01042800 -0.07121200 0.03176200
v -0.00967800 -0.06869900 0.03176200
v -0.01164300 -0.07153800 0.03176200
v -0.01201500 -0.06890100 0.03176200
v 0.00071900 0.02698100 0.03176200
v 0.00141300 0.02340000 0.03176200
v 0.00371000 0.02327500 0.03176200
v 0.00582000 0.02419300 0.03176200
v -0.00197700 0.03089000 0.03176200
v -0.00589600 0.02873500 0.03176200
v -0.02149000 -0.07182300 0.03176200
v -0.02239500 -0.07093600 0.03176200
v -0.02055600 -0.06957700 0.03176200
v -0.02080600 -0.06909500 0.03176200
v -0.02089200 0.01369900 0.03176200
v -0.02082900 0.01415700 0.03176200
v -0.02193100 0.01660100 0.03176200
v -0.02031500 0.01809800 0.03176200
v -0.01255800 0.02438300 0.03176200
v -0.01145300 0.02513400 0.03176200
v -0.00849000 0.02714900 0.03176200
v 0.01925000 -0.07795300 0.01726200
v 0.02003500 -0.07799000 0.01736700
v 0.02282200 -0.07654300 0.01555800
v 0.02138000 -0.07843700 0.01815000
v 0.02184800 -0.07878400 0.01876200
v 0.02282200 -0.07931400 0.01979500
v 0.02214800 -0.07917800 0.01948800
v 0.02225000 -0.07931400 0.01975200
v 0.02225000 -0.07957500 0.02026200
v -0.00542800 -0.07500000 0.01726200
v 0.01853600 -0.08177400 0.02609400
v 0.01853600 -0.08239900 0.03176200
v 0.00902500 -0.08242000 0.02350600
v 0.01046100 -0.08242000 0.02266500
v 0.00733900 -0.08185500 0.02278500
v 0.00186800 -0.08140400 0.02816900
v -0.00314900 -0.07962900 0.03013500
v 0.00188300 -0.08043600 0.02298900
v 0.00187500 -0.08102000 0.02555800
v 0.01072300 -0.08242000 0.02251100
v 0.01339200 -0.08242000 0.02148900
v 0.01793400 -0.08242000 0.02077700
v 0.00522600 -0.08242000 0.02811500
v 0.00559600 -0.08242000 0.02726300
v 0.00656100 -0.08242000 0.02579700
v 0.00691300 -0.08242000 0.02541900
v 0.00733500 -0.08242000 0.02496600
v 0.00774600 -0.08242000 0.02452400
v -0.00182900 -0.08009900 0.02884800
v -0.00125000 -0.08032200 0.02876200
v 0.02082200 0.03649200 0.02650000
v 0.02082200 0.03667100 0.02856700
v 0.02082200 0.03512100 0.02136200
v 0.02082200 0.03549700 0.02277100
v 0.02082200 -0.08333800 0.01759200
v 0.02082200 -0.06698500 0.00317200
v 0.02082200 -0.07194000 0.00553800
v 0.02082200 -0.07847100 0.01071600
v 0.02082200 -0.07636900 0.00886300
v 0.02082200 -0.07449400 0.00721000
v 0.02082200 -0.00547700 0.00125600
v -0.02317800 0.01352400 0.02081200
v -0.02317800 0.01330000 0.01565500
v -0.02317800 0.00539500 0.00528900
v -0.02317800 0.01286100 0.01032200
v -0.02317800 -0.05828400 0.00550300
v -0.02317800 -0.05911800 0.00568800
v -0.02317800 -0.06400300 0.00822000
v -0.02317800 -0.06563100 0.00991200
v -0.02317800 -0.06719400 0.01255300
v -0.02317800 -0.06650100 0.01118100
v -0.02317800 -0.06512700 0.00931300
v -0.02317800 0.01253600 0.00934500
v -0.02317800 0.01205400 0.00842700
v -0.02317800 0.01190400 0.00820300
v -0.02317800 -0.05666500 0.00530800
v -0.02317800 0.01123800 0.00739400
v -0.02317800 0.00688000 0.00532700
v 0.01775800 -0.08214400 0.01530100
v 0.01774500 -0.08353300 0.01774800
v 0.01469600 -0.08349600 0.01793300
v 0.01780800 -0.07681900 0.00895000
v 0.01481800 -0.07704100 0.00912300
v 0.01485500 -0.07494000 0.00734300
v -0.00820300 -0.07920700 0.02418000
v -0.00826300 -0.07973200 0.02907000
v -0.01332500 -0.07702500 0.02916200
v -0.00869500 0.02125300 0.00892400
v 0.01219800 -0.08389400 0.01932500
v 0.01166300 -0.08389400 0.01949600
v 0.01168100 -0.08329200 0.01811800
v 0.00887700 -0.08389400 0.02060400
v 0.00870500 -0.08293100 0.01830300
v 0.00850100 -0.08389400 0.02082600
v 0.00283200 -0.08265800 0.02113700
v 0.00288500 -0.08179500 0.01867300
v 0.00291300 -0.08389400 0.02621400
v 0.00275600 -0.08385400 0.02626200
v -0.01804200 -0.07414000 0.02925400
v -0.02171000 0.01661800 0.02070800
v -0.01956700 0.01831700 0.02058900
v -0.01955700 0.01792900 0.01627400
v 0.00905800 -0.06569700 0.00255700
v 0.00927800 -0.06585500 0.00260700
v 0.00921200 -0.06807600 0.00342200
v -0.01296500 -0.06567400 0.00358300
v -0.01250200 -0.06602700 0.00372600
v -0.01252000 -0.06641800 0.00394900
v -0.00062900 -0.01395100 0.00127400
v 0.00326290 -0.03501381 0.00127068
v -0.01482250 0.00526850 0.00128550
v -0.01678400 -0.00533200 0.00128700
v -0.00810500 0.01141500 0.00173900
v -0.00817900 0.01135500 0.00172800
v 0.00729400 0.01193400 0.00160800
v 0.00748600 0.01183000 0.00158800
v 0.00964300 0.01014900 0.00137500
v 0.01204900 0.00712900 0.00126300
v 0.01455812 0.00134500 0.00126088
v 0.01553300 -0.00509700 0.00126000
v 0.01330500 -0.01483400 0.00126200
v 0.01268400 -0.01551700 0.00126200
v 0.00570300 -0.01278600 0.00126800
v 0.01306125 -0.01532575 0.00126225
v 0.00311500 -0.01364700 0.00127100
v 0.00475500 -0.01315300 0.00126900
v 0.00496300 -0.01309100 0.00126900
v -0.00871600 -0.01093100 0.00128100
v -0.00847000 -0.01114700 0.00128000
v -0.01265300 -0.01556700 0.00128400
v -0.01129038 -0.01520150 0.00128275
v -0.01439600 -0.01968300 0.00128500
v -0.01231100 -0.01642500 0.00128400
v -0.01566275 -0.01469975 0.00128650
v -0.01325900 -0.01487100 0.00128400
v -0.01918100 -0.00549600 0.00128900
v -0.01588200 -0.01439500 0.00128700
v -0.01767600 -0.01636700 0.00128800
v -0.00721700 -0.06478500 0.00273500
v -0.00710200 -0.06228800 0.00194000
v -0.01233500 -0.06615400 0.00377800
v -0.01156800 -0.06644100 0.00385400
v -0.00733100 -0.06715000 0.00381700
v -0.01146500 -0.06646000 0.00385400
v -0.01099900 -0.06647100 0.00381100
v -0.01065500 -0.06647800 0.00377900
v -0.01048300 -0.06645100 0.00374600
v -0.00962500 -0.06613100 0.00349900
v -0.00970500 -0.06617600 0.00352800
v -0.00957000 -0.06609900 0.00347800
v -0.00892000 -0.06554900 0.00316400
v -0.00842500 -0.06471500 0.00277800
v -0.01372600 -0.06411200 0.00289200
v -0.01345200 -0.06499400 0.00328000
v -0.01750700 -0.06558100 0.00408100
v -0.01336600 -0.06511400 0.00333400
v -0.01367500 -0.06311300 0.00248300
v -0.01944000 -0.06212000 0.00248100
v -0.01370500 -0.06325500 0.00253800
v -0.01951200 -0.06311400 0.00296400
v -0.01957800 -0.06402800 0.00340900
v -0.01965300 -0.06490700 0.00395000
v -0.01968100 -0.06517500 0.00415500
v -0.01932800 -0.06011800 0.00181800
v -0.01267900 -0.06157200 0.00194400
v -0.01236200 -0.06139600 0.00188800
v -0.01257700 -0.06149700 0.00192000
v -0.00995200 -0.06120800 0.00176700
v -0.01083100 -0.06100500 0.00174700
v -0.00862000 -0.06237200 0.00201100
v -0.00882000 -0.06212900 0.00195600
v 0.01560400 -0.01968300 0.00126000
v 0.01503000 -0.01425000 0.00126000
v 0.01358600 -0.06468600 0.00226800
v 0.01099900 -0.06646300 0.00280100
v 0.01150200 -0.06645400 0.00279700
v 0.01497500 -0.06774700 0.00329000
v 0.00976800 -0.06620900 0.00271800
v 0.01060200 -0.06647100 0.00280400
v 0.01237500 -0.06613000 0.00269100
v 0.01247000 -0.06607400 0.00267300
v 0.00365900 -0.06550400 0.00257100
v 0.00853100 -0.06496100 0.00233900
v 0.00863800 -0.06511100 0.00238300
v 0.00891400 -0.06549500 0.00249700
v 0.00355800 -0.06804300 0.00355300
v 0.01276100 -0.06163800 0.00161400
v 0.01235600 -0.06140100 0.00157700
v 0.01197300 -0.06117800 0.00154300
v 0.01107600 -0.06100100 0.00151500
v -0.00029400 0.03161400 0.02897300
v -0.00589800 0.02865100 0.02907700
v -0.01692100 0.02098600 0.02928500
v -0.01146800 0.02509500 0.02918100
v -0.02190600 0.01660300 0.02938300
v -0.01957800 0.01873600 0.02933700
v -0.01954600 0.01744600 0.01197500
v -0.02141800 0.01660900 0.01547600
v -0.02113700 0.01656400 0.01212800
v -0.02094100 0.01643800 0.00994800
v -0.01953900 0.01711600 0.00982700
v -0.02091600 0.01641100 0.00968500
v -0.02089200 0.01637100 0.00946500
v -0.01684900 0.01437700 0.00403100
v -0.02005300 0.01346200 0.00417200
v -0.01918100 0.00503200 0.00128900
v -0.01918100 0.00613400 0.00128900
v -0.01757200 -0.06750900 0.00553800
v -0.02000200 -0.06803700 0.00669500
v -0.01763500 -0.06919500 0.00723700
v -0.01769500 -0.07061200 0.00913800
v -0.02029300 -0.06984800 0.00930600
v -0.02028500 -0.06980700 0.00922100
v -0.02009700 -0.06869100 0.00750500
v -0.02047100 -0.07068000 0.01107600
v -0.01775300 -0.07173400 0.01119800
v -0.02050100 -0.07079500 0.01140700
v -0.01780800 -0.07254400 0.01337500
v -0.02069300 -0.07139300 0.01362100
v -0.02056500 -0.07103400 0.01209500
v -0.02087800 -0.07169500 0.01607900
v -0.02087700 -0.07169400 0.01606300
v -0.01785800 -0.07303100 0.01562300
v -0.02086400 -0.07167700 0.01588900
v -0.02073000 -0.07149600 0.01405500
v -0.02107500 -0.07175100 0.01881000
v -0.01794500 -0.07356200 0.02015200
v -0.02114700 -0.07176400 0.02041800
v -0.01800800 -0.07394000 0.02468800
v -0.02143100 -0.07181700 0.02682700
v -0.02146100 -0.07182000 0.02932600
v -0.00289700 -0.08214900 0.02897800
v 0.00218600 -0.08389400 0.02786700
v 0.00191200 -0.08389400 0.02876200
v -0.00125000 -0.08278000 0.02876200
v -0.00287300 -0.08189000 0.02643800
v -0.00182100 -0.08256700 0.02884600
v -0.00200500 -0.08250100 0.02893500
v 0.00388500 -0.08389400 0.02468600
v 0.00278800 -0.08334900 0.02367200
v 0.00409700 -0.08389400 0.02440900
v 0.00538000 -0.08389400 0.02301700
v 0.00486000 -0.08389400 0.02358200
v 0.01092000 -0.08389400 0.01973300
v 0.01723100 -0.08389400 0.01850400
v 0.01982200 -0.08389400 0.01849900
v -0.00309500 0.03020900 0.02902500
v -0.00029800 0.03132500 0.02643000
v -0.00310200 0.02952500 0.02406200
v -0.00030400 0.03085500 0.02391600
v -0.00031200 0.03021200 0.02144400
v -0.00032200 0.02940400 0.01903000
v -0.00034700 0.02733400 0.01443000
v -0.00590100 0.02804700 0.02420800
v -0.00869300 0.02642500 0.02435400
v -0.01421000 0.02276800 0.02464600
v -0.00869400 0.02402600 0.01522000
v -0.00869500 0.02227500 0.01096200
v -0.01144900 0.02122300 0.01121500
v -0.01145600 0.02267500 0.01548400
v -0.01420300 0.02212200 0.02014400
v -0.01690800 0.02027900 0.02036600
v -0.01691600 0.02074200 0.02479200
v -0.00869600 0.01988900 0.00699500
v -0.01144100 0.01914800 0.00718200
v -0.01144500 0.02036500 0.00915000
v -0.01417400 0.01937700 0.00937600
v -0.01418100 0.02006600 0.01146800
v -0.01688200 0.01880500 0.01172200
v -0.01689600 0.01962200 0.01601100
v -0.01416700 0.01831500 0.00736800
v -0.01686600 0.01739200 0.00755500
v -0.01687400 0.01829300 0.00960100
v -0.01143300 0.01562200 0.00384100
v -0.01685800 0.01607500 0.00567100
v -0.01953200 0.01638300 0.00774200
v -0.02069900 0.01594200 0.00789900
v -0.00239300 -0.07578000 0.01016000
v -0.00248800 -0.07721800 0.01223200
v -0.00785500 -0.07586600 0.01261300
v -0.00544300 -0.07924100 0.01922800
v -0.00529000 -0.07763800 0.01462000
v -0.00257600 -0.07838500 0.01442000
v -0.00173400 -0.06267500 0.00189900
v -0.00184900 -0.06525100 0.00265300
v -0.00196400 -0.06771300 0.00368500
v -0.00744300 -0.06934800 0.00516300
v -0.00207600 -0.07002800 0.00497500
v -0.00755300 -0.07134600 0.00674800
v -0.00218600 -0.07216200 0.00650300
v -0.00765900 -0.07311400 0.00854000
v -0.00229200 -0.07408800 0.00824100
v -0.00776000 -0.07462700 0.01050600
v -0.00265600 -0.07934500 0.01669500
v -0.00272700 -0.08018800 0.01904300
v -0.00555400 -0.08038200 0.02405300
v -0.00278700 -0.08090200 0.02145700
v -0.00283600 -0.08147200 0.02392600
v -0.00809300 -0.07821300 0.01941200
v -0.00794300 -0.07681700 0.01482100
v -0.01067300 -0.07711900 0.01959700
v -0.01053000 -0.07593400 0.01502100
v -0.01261700 -0.06848500 0.00535100
v -0.01271200 -0.07033200 0.00699200
v -0.01280300 -0.07192800 0.00883900
v -0.01289000 -0.07325000 0.01085200
v -0.01297200 -0.07427800 0.01299400
v -0.01304800 -0.07500100 0.01522200
v -0.01317800 -0.07597100 0.01978200
v -0.01327300 -0.07666100 0.02443400
v -0.00282325 -0.05722850 0.00127475
v 0.01489400 -0.07267500 0.00576800
v 0.01493400 -0.07026800 0.00441300
v 0.01779000 -0.07878900 0.01089700
v 0.01777300 -0.08056400 0.01301700
v 0.01475100 -0.08066200 0.01321700
v 0.01472200 -0.08217100 0.01550000
v 0.00875200 -0.08174800 0.01589800
v 0.00880500 -0.08040200 0.01361800
v 0.00886400 -0.07885200 0.01146900
v 0.00892700 -0.07707200 0.00946900
v 0.00899400 -0.07508100 0.00764300
v 0.00906400 -0.07290100 0.00601300
v 0.00913700 -0.07055700 0.00460000
v 0.00294700 -0.08077400 0.01629600
v 0.00301800 -0.07961100 0.01401900
v 0.00309600 -0.07824300 0.01185000
v 0.00318000 -0.07662300 0.00981400
v 0.00326900 -0.07477000 0.00794200
v 0.00336200 -0.07270500 0.00625800
v 0.00345900 -0.07045400 0.00478800
v 0.01840100 0.03633000 0.02573000
v 0.01839100 0.03462500 0.02013000
v 0.01834200 0.02614800 0.00842900
v 0.01835400 0.02824500 0.01040600
v 0.01590400 0.03672600 0.03150500
v 0.01590300 0.03656900 0.02866200
v 0.01588000 0.03450300 0.02031800
v 0.01586700 0.03330300 0.01769500
v 0.01585200 0.03186700 0.01519700
v 0.01583600 0.03021700 0.01284800
v 0.01581800 0.02837300 0.01067200
v 0.01579800 0.02636000 0.00868200
v 0.01057400 0.02817900 0.01120300
v 0.01059900 0.02984700 0.01337600
v 0.01064100 0.03264200 0.01814000
v 0.01065800 0.03373200 0.02069300
v 0.01067200 0.03459600 0.02333100
v 0.01068200 0.03522500 0.02603000
v 0.01068900 0.03561200 0.02876600
v 0.00524700 0.03305000 0.02362300
v 0.00525600 0.03360500 0.02623000
v 0.00526200 0.03394700 0.02887000
v 0.00242700 0.02817400 0.01416600
v 0.00515900 0.02741100 0.01173400
v 0.00238800 0.02534800 0.00994900
v 0.00513500 0.02581400 0.00969600
v -0.02291800 0.01443100 0.01117300
v -0.02209900 0.01551500 0.00967400
v -0.02200100 0.01514400 0.00823700
v -0.02185300 0.01434600 0.00650400
v -0.02172300 0.01345500 0.00524800
v -0.02159200 0.01234400 0.00413500
v -0.02289800 0.01428700 0.00997400
v -0.02287200 0.01394800 0.00874500
v -0.02284000 0.01341100 0.00756500
v -0.02283100 0.01324100 0.00727300
v -0.02279600 0.01246300 0.00620800
v -0.02275900 0.01150300 0.00526400
v -0.02264200 0.00539500 0.00329000
v -0.02260500 0.01575900 0.03033000
v -0.02303200 0.01476700 0.03033400
v -0.02250100 0.01574900 0.02073700
v -0.02236000 0.01572000 0.01552400
v -0.02300500 0.01468700 0.02077300
v -0.02296800 0.01457700 0.01558600
v -0.02264600 -0.05677500 0.00331900
v -0.02123500 -0.05891400 0.00213100
v -0.02126400 -0.05997200 0.00238400
v -0.02140500 -0.06370600 0.00398200
v -0.02144600 -0.06453800 0.00451800
v -0.02153800 -0.06609700 0.00576100
v -0.02163700 -0.06747300 0.00720300
v -0.02168700 -0.06808000 0.00798600
v -0.02178700 -0.06910900 0.00963500
v -0.02188400 -0.06990700 0.01140300
v -0.02193300 -0.07022800 0.01237000
v -0.02201700 -0.07064400 0.01422600
v -0.02209200 -0.07081500 0.01611900
v -0.02265800 -0.05864600 0.00356500
v -0.02266700 -0.05960800 0.00379400
v -0.02268500 -0.06135000 0.00440000
v -0.02274400 -0.06517800 0.00684100
v -0.02277200 -0.06643200 0.00813900
v -0.02278600 -0.06698800 0.00884500
v -0.02281300 -0.06793600 0.01033000
v -0.02284000 -0.06867600 0.01192500
v -0.02285300 -0.06897700 0.01279900
v -0.02287600 -0.06937500 0.01448000
v -0.02289600 -0.06955100 0.01619900
v -0.02236600 -0.07092700 0.02684400
v -0.02219100 -0.07086200 0.01885600
v -0.02089200 0.01369600 0.03033800
v -0.02089200 -0.06390600 0.00813800
v -0.02089200 -0.06808000 0.01629300
v -0.02089200 -0.06207700 0.00687800
v -0.02089200 -0.06785500 0.01465300
v -0.02089200 -0.06739800 0.01306900
v -0.02089200 -0.06643500 0.01107200
v -0.02089200 -0.06512700 0.00931300
v -0.02089200 -0.05828400 0.00550300
v -0.02089200 -0.06823300 0.01895600
v -0.02089200 -0.05654000 0.00530200
v -0.02089200 0.00920100 0.00595700
v -0.02089200 0.01027000 0.00657000
v -0.02089200 0.01258900 0.00947200
v -0.02046200 0.01415100 0.01119700
v -0.02078100 0.01362400 0.01124200
v -0.02077300 0.01350400 0.01032600
v -0.02043500 0.01403100 0.01021000
v -0.02039400 0.01371000 0.00902400
v -0.02033800 0.01311900 0.00775000
v -0.02076200 0.01319500 0.00922900
v -0.02074700 0.01263500 0.00805800
v -0.02073000 0.01186200 0.00699500
v -0.02027600 0.01229300 0.00659400
v -0.02021200 0.01125500 0.00559600
v -0.02071000 0.01071000 0.00594000
v -0.02003600 -0.00237500 0.00380600
v -0.02055200 0.01436200 0.01633200
v -0.02060200 0.01447700 0.02078000
v -0.02081800 0.01402200 0.02079500
v -0.02080500 0.01387700 0.01635700
v -0.02039200 -0.06903900 0.01440300
v -0.02035200 -0.06857100 0.01263800
v -0.02033700 -0.06835700 0.01206000
v -0.02029200 -0.06754800 0.01039500
v -0.02066400 -0.05657800 0.00444800
v -0.02068000 -0.06081700 0.00537000
v -0.02069000 -0.06247300 0.00617500
v -0.02069300 -0.06295000 0.00646400
v -0.02009600 -0.06104200 0.00479100
v -0.02013200 -0.06277500 0.00563700
v -0.02014400 -0.06327400 0.00594100
v -0.02018600 -0.06479400 0.00707300
v -0.02070500 -0.06440500 0.00754000
v -0.02071800 -0.06568700 0.00881000
v -0.02023100 -0.06613200 0.00840900
v -0.02024600 -0.06650500 0.00886000
v -0.02072200 -0.06604400 0.00923900
v -0.02073500 -0.06704800 0.01069900
v -0.02074700 -0.06782900 0.01228400
v -0.02075100 -0.06803700 0.01283400
v -0.02076200 -0.06849600 0.01451800
v -0.02042600 -0.06925200 0.01621800
v -0.02077100 -0.06871000 0.01625300
v -0.02078200 -0.06883400 0.01892500
v -0.02046800 -0.06935900 0.01889800
v -0.02080200 -0.06905800 0.02688000
v -0.02054400 -0.06954700 0.02687000
v -0.01231000 -0.06900000 0.01064800
v -0.01201500 -0.06890100 0.01061400
v -0.01268300 -0.06912500 0.01069000
v -0.01491800 -0.06987300 0.01098700
v -0.01017000 -0.06864900 0.00949300
v -0.01084200 -0.06867300 0.01001500
v -0.01104100 -0.06868100 0.01017000
v -0.01115200 -0.06869500 0.01023900
v -0.01185900 -0.06886400 0.01054600
v -0.01153900 -0.06878800 0.01040700
v -0.00807000 -0.06923300 0.00815500
v -0.00824800 -0.06914900 0.00820000
v -0.00850500 -0.06902700 0.00826400
v -0.00893100 -0.06888500 0.00851500
v -0.00901400 -0.06885800 0.00856500
v -0.00919900 -0.06879600 0.00867400
v -0.01078800 -0.07498750 0.02476200
v -0.01114800 -0.07489100 0.02476200
v -0.01137400 -0.07528200 0.03122500
v -0.01042800 -0.07508400 0.02476200
v -0.01042800 -0.07553500 0.03122500
v -0.00921525 -0.07413500 0.02476200
v -0.00948100 -0.07528200 0.03122500
v -0.00918000 -0.07292200 0.02476200
v -0.01076400 -0.07288050 0.02476200
v -0.00878900 -0.07269600 0.03122500
v -0.00970700 -0.07239500 0.02476200
v -0.00948100 -0.07200300 0.03122500
v -0.01042800 -0.07175000 0.03122500
v -0.01114800 -0.07239500 0.02476200
v -0.01137400 -0.07200300 0.03122500
v -0.01042800 -0.07364300 0.02476200
v 0.00118500 0.02725000 0.03122500
v 0.00246400 0.02685200 0.02476200
v 0.00403675 0.02770425 0.02476200
v 0.00248800 0.02895850 0.02476200
v 0.00354500 0.02944400 0.02476200
v 0.00377100 0.02983600 0.03122500
v 0.00282400 0.02963700 0.02476200
v 0.00282400 0.03008900 0.03122500
v 0.00039400 0.02819600 0.03176200
v 0.00282400 0.02819600 0.02476200
v 0.01925000 -0.07500000 0.01726200
v 0.02075000 -0.07500000 0.01766400
v 0.00125675 -0.07500000 0.01897463
v -0.00525000 -0.07500000 0.02026200
v -0.01424800 -0.06187500 0.01276200
v -0.01342800 -0.06089200 0.00589000
v -0.01383800 -0.06129900 0.00606400
v -0.01287500 -0.06050200 0.01276200
v -0.01422300 -0.06183400 0.00635000
v -0.01424500 -0.06187600 0.00637800
v -0.00998800 -0.06013900 0.00562700
v -0.01100000 -0.06000000 0.01276200
v -0.01122800 -0.06000700 0.00562700
v -0.01174500 -0.06007500 0.00564400
v -0.01241400 -0.06027700 0.00569400
v -0.01287000 -0.06050000 0.00575600
v -0.01287500 -0.06050300 0.00575700
v -0.00885500 -0.06067400 0.00569600
v -0.00913000 -0.06051100 0.00567200
v -0.00912500 -0.06050200 0.01276200
v -0.00933300 -0.06039100 0.00565400
v -0.00775200 -0.06187500 0.01276200
v -0.00796700 -0.06154500 0.00588500
v -0.00832300 -0.06112300 0.00578200
v -0.00742200 -0.06262700 0.00625800
v -0.00727800 -0.06329100 0.00657100
v -0.00725000 -0.06375000 0.01276200
v -0.00835800 -0.06641100 0.00933500
v -0.00775200 -0.06562500 0.01276200
v -0.00762000 -0.06537500 0.00808900
v -0.01015700 -0.06740400 0.01152900
v -0.00951700 -0.06719400 0.01084100
v -0.00912500 -0.06699800 0.01276200
v -0.00913200 -0.06698600 0.01036900
v -0.00892600 -0.06687400 0.01011700
v -0.01279500 -0.06704200 0.01256800
v -0.01258900 -0.06714600 0.01266000
v -0.01287500 -0.06699800 0.01276200
v -0.01218000 -0.06730900 0.01272700
v -0.01100000 -0.06750000 0.01276200
v -0.01199600 -0.06736500 0.01271200
v -0.01153100 -0.06746200 0.01256800
v -0.01132100 -0.06748600 0.01246100
v -0.01100000 -0.06748900 0.01223800
v -0.01075200 -0.06749200 0.01206700
v -0.01419700 -0.06571000 0.01056100
v -0.01385800 -0.06617800 0.01131200
v -0.01424800 -0.06562500 0.01276200
v -0.01341900 -0.06661600 0.01200400
v -0.01319500 -0.06679000 0.01225800
v -0.01287300 -0.06699400 0.01250800
v -0.01473600 -0.06375000 0.00795300
v -0.01472800 -0.06415100 0.00839200
v -0.01469600 -0.06438500 0.00867600
v -0.01875000 -0.01700000 0.01276200
v -0.01824800 -0.01512500 0.01276200
v -0.01500000 -0.01325000 0.01276200
v -0.01312500 -0.01375200 0.01276200
v -0.01500000 -0.02075000 0.01276200
v -0.01687500 -0.02024800 0.01276200
v -0.01824800 -0.01887500 0.01276200
v 0.01811300 -0.01909100 0.00554200
v 0.01824800 -0.01887500 0.01276200
v 0.01830200 -0.01522300 0.00554200
v 0.01838900 -0.01860600 0.00554200
v 0.01664300 -0.02037100 0.00554400
v 0.01687500 -0.02024800 0.01276200
v 0.01724600 -0.02000300 0.00554400
v 0.01766600 -0.01963700 0.00554300
v 0.01500000 -0.02075000 0.01276200
v 0.01543400 -0.02072500 0.00554600
v 0.01612500 -0.02057700 0.00554500
v 0.01312500 -0.02024800 0.01276200
v 0.01364400 -0.02049600 0.00554800
v 0.01125000 -0.01700000 0.01276200
v 0.01175200 -0.01512500 0.01276200
v 0.01148900 -0.01568100 0.00555100
v 0.01133300 -0.01621600 0.00555100
v 0.01312700 -0.01375600 0.00554900
v 0.01308200 -0.01377700 0.00554900
v 0.01312500 -0.01375200 0.01276200
v 0.01262600 -0.01409700 0.00555000
v 0.01212400 -0.01459400 0.00555000
v 0.01425700 -0.01332400 0.00554700
v 0.01372100 -0.01347500 0.00554800
v 0.00775200 -0.06187500 0.01276200
v 0.00933700 -0.06038900 0.00558700
v 0.00913300 -0.06051500 0.00560000
v 0.00912500 -0.06050200 0.01276200
v 0.00874000 -0.06075800 0.00562500
v 0.00832700 -0.06112000 0.00567600
v 0.00788700 -0.06165900 0.00577900
v 0.00776300 -0.06188100 0.00583500
v 0.01107700 -0.06000100 0.00556200
v 0.01100000 -0.06000500 0.00556200
v 0.01100000 -0.06000000 0.01276200
v 0.01052600 -0.06003000 0.00556300
v 0.00983800 -0.06018500 0.00557200
v 0.01287500 -0.06050200 0.01276200
v 0.01231300 -0.06023700 0.00557900
v 0.01177800 -0.06008200 0.00556700
v 0.01340000 -0.06086800 0.00565400
v 0.01294500 -0.06054400 0.00561000
v 0.01424800 -0.06187500 0.01276200
v 0.01421100 -0.06181300 0.00584200
v 0.01389200 -0.06136300 0.00574200
v 0.01466300 -0.06294800 0.00618200
v 0.01467200 -0.06451300 0.00685200
v 0.01474900 -0.06381100 0.00652300
v 0.01475000 -0.06375000 0.01276200
v 0.01474900 -0.06375000 0.00649700
v 0.01474800 -0.06363600 0.00644800
v 0.01382500 -0.06621600 0.00785800
v 0.01417900 -0.06573900 0.00754500
v 0.01424800 -0.06562500 0.01276200
v 0.01423800 -0.06562000 0.00747400
v 0.01449800 -0.06510100 0.00716600
v 0.01100000 -0.06750000 0.01276200
v 0.01099900 -0.06749000 0.00887200
v 0.01287500 -0.06699800 0.01276200
v 0.01151500 -0.06746400 0.00883600
v 0.01215400 -0.06731800 0.00869900
v 0.01277000 -0.06705600 0.00847900
v 0.01287000 -0.06699000 0.00842900
v 0.01332000 -0.06669600 0.00820000
v 0.00928300 -0.06708400 0.00858300
v 0.00969000 -0.06726400 0.00872000
v 0.00912500 -0.06699800 0.01276200
v 0.01032100 -0.06743800 0.00884800
v 0.01086100 -0.06749700 0.00888200
v 0.00792600 -0.06589700 0.00771400
v 0.00838300 -0.06643600 0.00809600
v 0.00775200 -0.06562500 0.01276200
v 0.00871000 -0.06672000 0.00830600
v 0.00913100 -0.06698700 0.00851000
v 0.00725000 -0.06375000 0.01276200
v 0.00740100 -0.06480500 0.00702700
v 0.00766400 -0.06546300 0.00742700
v 0.00775900 -0.06562100 0.00753100
v -0.00962500 -0.06613200 0.00744000
v -0.01100000 -0.06650000 0.00744000
v -0.01237500 -0.06613200 0.00744000
v -0.01338200 -0.06512500 0.00744000
v -0.01237500 -0.06136800 0.00744000
v -0.01100000 -0.06100000 0.00744000
v -0.00962500 -0.06136800 0.00744000
v -0.00861800 -0.06237500 0.00744000
v -0.00825000 -0.06375000 0.00744000
v -0.00861800 -0.06512500 0.00744000
v -0.01500000 -0.01425000 0.00744000
v -0.01362500 -0.01461800 0.00744000
v -0.01261800 -0.01562500 0.00744000
v -0.01225000 -0.01700000 0.00744000
v -0.01362500 -0.01938200 0.00744000
v -0.01500000 -0.01975000 0.00744000
v -0.01775000 -0.01700000 0.00744000
v -0.01738200 -0.01562500 0.00744000
v -0.01637500 -0.01461800 0.00744000
v 0.01637500 -0.01938200 0.00744000
v 0.01500000 -0.01975000 0.00744000
v 0.01261800 -0.01562500 0.00744000
v 0.01362500 -0.01461800 0.00744000
v 0.01237500 -0.06613200 0.00744000
v 0.01100000 -0.06650000 0.00744000
v 0.00962500 -0.06613200 0.00744000
v 0.00861800 -0.06512500 0.00744000
v 0.00825000 -0.06375000 0.00744000
v 0.01100000 -0.06100000 0.00744000
v 0.01237500 -0.06136800 0.00744000
v 0.01375000 -0.06375000 0.00744000
v 0.01338200 -0.06512500 0.00744000
v -0.01483700 -0.06378500 0.00721800
v -0.01458700 -0.06244800 0.00620000
v -0.01628400 -0.06347900 0.00543800
v -0.01435100 -0.06193400 0.00589700
v -0.01563200 -0.06168500 0.00457800
v -0.01293900 -0.06047300 0.00528200
v -0.01366600 -0.05948200 0.00389900
v -0.01301400 -0.05911600 0.00382300
v -0.01051500 -0.05997000 0.00512900
v -0.00629400 -0.06192200 0.00424000
v -0.00586300 -0.06372700 0.00477900
v -0.00611700 -0.06602900 0.00579500
v -0.00651000 -0.06701000 0.00637700
v -0.01462700 -0.06949700 0.01053400
v -0.01266800 -0.06873500 0.01078900
v -0.01257300 -0.06876000 0.01078500
v -0.01227100 -0.06882400 0.01072200
v -0.01210000 -0.06884800 0.01066300
v -0.00770400 -0.06866700 0.00768300
v -0.00811700 -0.06818600 0.00775100
v -0.01001200 -0.06796700 0.00973900
v -0.01138800 -0.06817000 0.01077300
v -0.01075900 -0.06813500 0.01034000
v -0.01189600 -0.06812300 0.01104700
v -0.01569000 -0.06811600 0.00911100
v -0.01521700 -0.06885100 0.00987200
v -0.01457200 -0.06842800 0.00975300
v -0.01405000 -0.06786000 0.00987100
v -0.01352400 -0.06831900 0.01040300
v -0.01330100 -0.06846600 0.01056600
v -0.01366300 -0.06664200 0.01071500
v -0.01319700 -0.06702700 0.01132100
v -0.01298700 -0.06716100 0.01152800
v -0.01299200 -0.06862500 0.01072600
v -0.01287100 -0.06867200 0.01076300
v -0.01205200 -0.06809400 0.01111000
v -0.01233000 -0.06802300 0.01118000
v -0.01242000 -0.06799600 0.01118400
v -0.01261500 -0.06793500 0.01115200
v -0.01273000 -0.06789300 0.01110700
v -0.01302400 -0.06775500 0.01092800
v -0.01323400 -0.06762900 0.01075500
v -0.01373100 -0.06723300 0.01020900
v -0.01162000 -0.06764000 0.01168500
v -0.01178900 -0.06761000 0.01176600
v -0.01212500 -0.06752700 0.01186500
v -0.01224600 -0.06748900 0.01187400
v -0.01251400 -0.06739200 0.01182700
v -0.01266000 -0.06733000 0.01176200
v -0.01111000 -0.06768100 0.01136100
v -0.01051900 -0.06764100 0.01088700
v -0.00983800 -0.06747700 0.01025100
v -0.00853800 -0.06673300 0.00881500
v -0.00918400 -0.06718600 0.00956600
v -0.00855600 -0.06716700 0.00834700
v -0.00810700 -0.06629800 0.00825600
v -0.00897600 -0.06884100 0.00851400
v -0.00806900 -0.06669300 0.00779900
v -0.00757000 -0.06600000 0.00715500
v -0.00767000 -0.06566400 0.00760200
v -0.00754600 -0.06757500 0.00718300
v -0.00711000 -0.06798100 0.00708000
v -0.00696600 -0.06670100 0.00651700
v -0.00696400 -0.06555600 0.00624200
v -0.00703800 -0.06448400 0.00612600
v -0.00718800 -0.06397200 0.00638400
v -0.00719800 -0.06344000 0.00610600
v -0.00700100 -0.06414800 0.00594700
v -0.00674400 -0.06467200 0.00574800
v -0.00658100 -0.06581200 0.00596100
v -0.00733000 -0.06272500 0.00579300
v -0.00700100 -0.06356400 0.00566900
v -0.00670200 -0.06430100 0.00556800
v -0.00635200 -0.06483300 0.00545600
v -0.00588900 -0.06495400 0.00526700
v -0.00631100 -0.06442300 0.00527100
v -0.00670000 -0.06365700 0.00528700
v -0.00713100 -0.06278200 0.00535500
v -0.00752200 -0.06219700 0.00560200
v -0.00585100 -0.06450500 0.00507600
v -0.00631300 -0.06371300 0.00498500
v -0.00646500 -0.06276400 0.00466000
v -0.00683700 -0.06279600 0.00497000
v -0.00704900 -0.06216000 0.00477300
v -0.00733000 -0.06220500 0.00516100
v -0.00770600 -0.06151800 0.00496900
v -0.00788000 -0.06156600 0.00541400
v -0.00824800 -0.06111700 0.00530600
v -0.00603700 -0.06268800 0.00444500
v -0.00669700 -0.06206400 0.00446000
v -0.00745300 -0.06140400 0.00457800
v -0.00809400 -0.06103000 0.00485800
v -0.00879700 -0.06064300 0.00521400
v -0.00929000 -0.06034500 0.00516800
v -0.00867500 -0.06051600 0.00476100
v -0.00787000 -0.06086800 0.00446300
v -0.00713700 -0.06123000 0.00426100
v -0.00996500 -0.06008200 0.00513700
v -0.00919600 -0.06019500 0.00471100
v -0.00849500 -0.06030100 0.00436300
v -0.00991000 -0.05991200 0.00467700
v -0.00905800 -0.05994800 0.00431100
v -0.00827000 -0.06001200 0.00404300
v -0.01123900 -0.05994700 0.00513700
v -0.01049200 -0.05979100 0.00466800
v -0.00982700 -0.05963700 0.00427500
v -0.00888200 -0.05962100 0.00399200
v -0.01177100 -0.06001900 0.00515800
v -0.01125600 -0.05976800 0.00467700
v -0.01045400 -0.05950600 0.00426500
v -0.00972100 -0.05927600 0.00395500
v -0.01246400 -0.06023400 0.00521400
v -0.01182000 -0.05984800 0.00470100
v -0.01128000 -0.05948300 0.00427500
v -0.01040600 -0.05913100 0.00394500
v -0.00959800 -0.05885000 0.00373700
v -0.01255600 -0.06008500 0.00476200
v -0.01188900 -0.05957400 0.00430000
v -0.01130700 -0.05910800 0.00395500
v -0.01034900 -0.05869000 0.00372800
v -0.01352200 -0.06089800 0.00542500
v -0.01306200 -0.06034800 0.00483500
v -0.01268300 -0.05983900 0.00436500
v -0.01197200 -0.05921100 0.00398100
v -0.01133700 -0.05866600 0.00373700
v -0.01395000 -0.06134300 0.00560500
v -0.01368400 -0.06081800 0.00498500
v -0.01323000 -0.06013200 0.00444200
v -0.01283900 -0.05950900 0.00404600
v -0.01206600 -0.05878300 0.00376100
v -0.01414200 -0.06131100 0.00517200
v -0.01390400 -0.06065600 0.00459700
v -0.01343600 -0.05983800 0.00412400
v -0.01457000 -0.06197000 0.00547000
v -0.01440200 -0.06120500 0.00478900
v -0.01417100 -0.06042100 0.00428200
v -0.01477500 -0.06313300 0.00667900
v -0.01486900 -0.06193800 0.00509400
v -0.01471500 -0.06103000 0.00447800
v -0.01446800 -0.06012700 0.00405700
v -0.01501800 -0.06331200 0.00625800
v -0.01523000 -0.06184100 0.00479100
v -0.01506400 -0.06079700 0.00425600
v -0.01477800 -0.06451500 0.00792600
v -0.01554000 -0.06254800 0.00511200
v -0.01638200 -0.06594300 0.00711600
v -0.01642400 -0.06555300 0.00681000
v -0.01472400 -0.06477300 0.00820500
v -0.01579800 -0.06349100 0.00561600
v -0.01598100 -0.06245500 0.00491100
v -0.01462900 -0.06599100 0.00865600
v -0.01612900 -0.06707600 0.00809800
v -0.01493300 -0.06515600 0.00777700
v -0.01446200 -0.06551600 0.00909700
v -0.01504700 -0.06777000 0.00906500
v -0.01417500 -0.06673500 0.00955200
v -0.01406300 -0.06618400 0.01002000
v 0.00608100 -0.06587800 0.00518800
v 0.00646500 -0.06685400 0.00557300
v 0.00683900 -0.06749000 0.00584500
v 0.00748200 -0.06826600 0.00619900
v 0.00793300 -0.06866700 0.00639100
v 0.00795700 -0.06617700 0.00703800
v 0.00845100 -0.06670600 0.00738300
v 0.00879100 -0.06697600 0.00756900
v 0.00936500 -0.06731000 0.00781000
v 0.00975900 -0.06746900 0.00792800
v 0.01035400 -0.06762000 0.00803600
v 0.01085500 -0.06767100 0.00806600
v 0.01007700 -0.06964300 0.00686600
v 0.01078100 -0.06971700 0.00689400
v 0.01146500 -0.06764500 0.00802800
v 0.01207300 -0.06751900 0.00791300
v 0.01267900 -0.06728400 0.00772400
v 0.01407600 -0.06858900 0.00628600
v 0.01324000 -0.06694700 0.00747800
v 0.01377600 -0.06648000 0.00716900
v 0.01416400 -0.06600200 0.00688200
v 0.01452800 -0.06534600 0.00652900
v 0.01473700 -0.06472900 0.00623400
v 0.01484700 -0.06398400 0.00592000
v 0.01615800 -0.06409600 0.00460900
v 0.01478300 -0.06305800 0.00559200
v 0.01463600 -0.06250800 0.00542700
v 0.01585000 -0.06230400 0.00417300
v 0.01543400 -0.06137000 0.00399500
v 0.01430900 -0.05996100 0.00379200
v 0.01432900 -0.06183500 0.00525600
v 0.01399900 -0.06135200 0.00515500
v 0.01348600 -0.06082300 0.00506300
v 0.01301300 -0.06047900 0.00501500
v 0.01368000 -0.05947800 0.00374100
v 0.01280600 -0.05902200 0.00370200
v 0.01235600 -0.06015500 0.00497900
v 0.01180300 -0.05999200 0.00496400
v 0.01108000 -0.05990700 0.00495600
v 0.01051200 -0.05993700 0.00495700
v 0.00980200 -0.06009900 0.00496900
v 0.00928300 -0.06031300 0.00498800
v 0.01207000 -0.05879000 0.00368500
v 0.01035100 -0.05870900 0.00367800
v 0.00940600 -0.05893600 0.00369000
v 0.00957500 -0.05944400 0.00398200
v 0.00871700 -0.05923700 0.00371100
v 0.00789200 -0.05978500 0.00375800
v 0.00671200 -0.06113500 0.00393100
v 0.00866200 -0.06070300 0.00503100
v 0.00823200 -0.06108900 0.00508700
v 0.00777500 -0.06166700 0.00519400
v 0.00598900 -0.06291700 0.00428400
v 0.00746900 -0.06223900 0.00532800
v 0.00585300 -0.06392000 0.00454600
v 0.00715000 -0.06366100 0.00578200
v 0.00589200 -0.06496300 0.00486600
v 0.00646500 -0.06480900 0.00512500
v 0.00641200 -0.06388000 0.00482000
v 0.00652100 -0.06298400 0.00457000
v 0.00679500 -0.06210500 0.00436500
v 0.00716000 -0.06139300 0.00422700
v 0.00770600 -0.06067400 0.00411500
v 0.00821900 -0.06019400 0.00405400
v 0.00895800 -0.05970900 0.00400500
v 0.01042000 -0.05924400 0.00396800
v 0.01109600 -0.05920800 0.00396700
v 0.01195600 -0.05931400 0.00397700
v 0.01261500 -0.05951800 0.00399500
v 0.01339800 -0.05992000 0.00403600
v 0.01396200 -0.06034800 0.00408900
v 0.01457500 -0.06100500 0.00418500
v 0.01496900 -0.06160300 0.00429000
v 0.01533700 -0.06243800 0.00446200
v 0.01520100 -0.06596700 0.00554400
v 0.01476200 -0.06678600 0.00588300
v 0.01429300 -0.06738400 0.00615500
v 0.01364800 -0.06796900 0.00644400
v 0.01225200 -0.06868900 0.00684200
v 0.01081200 -0.06888700 0.00697700
v 0.01022000 -0.06882700 0.00695100
v 0.00951800 -0.06864300 0.00685500
v 0.00905200 -0.06844700 0.00675000
v 0.00837000 -0.06803100 0.00653200
v 0.00796400 -0.06769400 0.00635900
v 0.00691600 -0.06461600 0.00554800
v 0.00685900 -0.06379100 0.00524600
v 0.00695200 -0.06299300 0.00499900
v 0.00719600 -0.06221000 0.00479600
v 0.00752500 -0.06157600 0.00466100
v 0.00801900 -0.06093600 0.00455100
v 0.00848300 -0.06050900 0.00449200
v 0.00915300 -0.06007900 0.00444400
v 0.00971100 -0.05984400 0.00442200
v 0.01047600 -0.05966700 0.00440900
v 0.01108600 -0.05963400 0.00440700
v 0.01186400 -0.05972800 0.00441700
v 0.01246000 -0.05990800 0.00443400
v 0.01316800 -0.06026500 0.00447400
v 0.01367900 -0.06064500 0.00452500
v 0.01423300 -0.06122900 0.00462000
v 0.01458900 -0.06176300 0.00472300
v 0.01492000 -0.06250800 0.00489400
v 0.01507600 -0.06311800 0.00505600
v 0.01500800 -0.06496600 0.00568300
v 0.01477200 -0.06564600 0.00596700
v 0.01393900 -0.06688800 0.00657400
v 0.01335600 -0.06739300 0.00686200
v 0.01275100 -0.06775400 0.00708700
v 0.01210800 -0.06800300 0.00725800
v 0.01147100 -0.06813500 0.00735900
v 0.01083800 -0.06816300 0.00739200
v 0.01031800 -0.06811200 0.00736500
v 0.00969800 -0.06795700 0.00726900
v 0.00928300 -0.06779100 0.00716400
v 0.00867200 -0.06743700 0.00694600
v 0.00830400 -0.06714700 0.00677400
v 0.00719600 -0.06440400 0.00609100
v 0.01798300 -0.02099200 0.00369600
v 0.01843600 -0.01515100 0.00477700
v 0.01823900 -0.01917600 0.00477700
v 0.01777400 -0.01974500 0.00477800
v 0.01733600 -0.02012500 0.00477800
v 0.01617000 -0.02072300 0.00478000
v 0.01545100 -0.02087600 0.00478100
v 0.01557600 -0.02195100 0.00369800
v 0.01483500 -0.02198200 0.00369900
v 0.01166900 -0.01496800 0.00478500
v 0.01200700 -0.01449600 0.00478500
v 0.01167400 -0.01421800 0.00413600
v 0.01252900 -0.01397900 0.00478400
v 0.01278200 -0.01327400 0.00413400
v 0.01366800 -0.01333200 0.00478300
v 0.01225400 -0.01364400 0.00413500
v 0.01129800 -0.01474200 0.00413600
v 0.01485700 -0.02133300 0.00413200
v 0.01550100 -0.02130700 0.00413200
v 0.01853600 -0.08177400 0.03743100
v 0.01875000 -0.07995100 0.04276200
v 0.01730500 -0.08239900 0.04276200
v 0.01420500 -0.08221600 0.04276200
v 0.01216200 -0.08199400 0.04276200
v 0.01203800 -0.08197400 0.04276200
v 0.00832500 -0.08137100 0.04276200
v 0.00675900 -0.08101200 0.04276200
v 0.00447900 -0.08049000 0.04276200
v 0.00161500 -0.07965300 0.04276200
v 0.01875000 -0.08176700 0.03743000
v -0.00325000 -0.08209100 0.03276200
v -0.00325000 -0.07960800 0.03276200
v -0.00325000 -0.07909800 0.03782500
v -0.00325000 -0.07938300 0.03599900
v -0.00325000 -0.07943300 0.03527400
v -0.00542800 -0.07500000 0.04626200
v -0.00542800 -0.07364300 0.05126700
v -0.00542800 -0.07480500 0.04927500
v -0.00542800 -0.07523800 0.04825400
v -0.00515800 -0.07870000 0.03409900
v -0.00475000 -0.07870000 0.03625600
v -0.00475000 -0.07893700 0.03298000
v -0.00475000 -0.07895600 0.03176200
v -0.00530500 -0.07870000 0.03176200
v -0.00523700 -0.07870000 0.03335400
v 0.00270500 -0.06177200 0.05954700
v 0.00278400 -0.05955400 0.05986500
v 0.00810800 -0.05954800 0.05987500
v 0.00803800 -0.06179900 0.05957400
v 0.00797300 -0.06401800 0.05907200
v 0.00263200 -0.06394900 0.05902000
v 0.01206900 0.03373600 0.03176200
v 0.01483000 0.03425200 0.03176200
v 0.01482300 0.03417300 0.03410700
v -0.01212600 0.02186600 0.03176200
v -0.01059400 0.02281900 0.03588300
v -0.00283900 -0.07603600 0.04837500
v -0.00283700 -0.07508900 0.05012800
v -0.01734375 -0.02106306 0.05995106
v -0.01252600 -0.05653800 0.05995600
v -0.00335350 0.02480200 0.04627650
v -0.00279800 0.02463900 0.04738900
v -0.00567600 0.02304400 0.04815300
v -0.00138400 0.02422300 0.04943800
v -0.00169275 0.02431350 0.04902325
v -0.00074000 0.02403300 0.05009900
v -0.00576500 0.02217800 0.04991300
v 0.00782400 0.03240700 0.03466000
v 0.01001700 0.03312500 0.03404300
v 0.01599600 -0.07861600 0.04928000
v 0.01320300 -0.07860400 0.04913100
v 0.01320400 -0.07721000 0.05088700
v 0.00319400 -0.07870000 0.04626200
v 0.00235000 -0.07846200 0.04626200
v 0.00234800 -0.07729600 0.04860200
v 0.00234500 -0.07870000 0.04574800
v 0.00500200 -0.07979500 0.04483300
v 0.00500700 -0.07779000 0.04872400
v 0.00235300 -0.07618700 0.05035700
v 0.00234000 -0.07916100 0.04470800
v 0.00068200 -0.07870000 0.04463000
v 0.00138000 -0.07870000 0.04516400
v 0.00020100 -0.07870000 0.04426200
v 0.00139700 -0.07906600 0.04426200
v 0.00233900 -0.07933700 0.04426200
v 0.00500800 -0.08000900 0.04426200
v 0.00646700 -0.08037600 0.04426200
v 0.00770300 -0.08031700 0.04496300
v 0.01057300 -0.08113200 0.04426200
v 0.01321100 -0.08098400 0.04524000
v 0.01459100 -0.08158700 0.04426200
v 0.01600900 -0.08110600 0.04538700
v 0.01601200 -0.08164200 0.04426200
v 0.01853600 -0.08105400 0.04550700
v 0.01853600 -0.07874500 0.04910700
v 0.01600400 -0.07992900 0.04739500
v 0.01853600 -0.08039000 0.04671300
v 0.01321400 -0.07565700 0.05252600
v 0.01853600 -0.07533700 0.05277900
v 0.01853600 -0.07695900 0.05121400
v 0.01853600 -0.07699600 0.05117000
v 0.01853600 -0.07849000 0.04940800
v 0.01853600 -0.06921200 0.05699900
v 0.01328500 -0.07017200 0.05658600
v 0.01853600 -0.07162900 0.05562700
v 0.01325500 -0.07212300 0.05538800
v 0.01853600 -0.07283300 0.05481700
v 0.01323100 -0.07395700 0.05403000
v 0.01853600 -0.07355500 0.05424700
v 0.01853600 -0.07498400 0.05312000
v 0.01853600 -0.06760600 0.05771100
v 0.01332000 -0.06812300 0.05761400
v 0.01853600 -0.06669000 0.05811600
v 0.01336100 -0.06599200 0.05846300
v 0.01853600 -0.06546900 0.05851800
v 0.01853600 -0.06406900 0.05897900
v 0.01340600 -0.06380000 0.05912800
v 0.01853600 -0.06329300 0.05917800
v 0.01853600 -0.05760200 0.05996600
v 0.01350800 -0.05930900 0.05988500
v 0.01853600 -0.06036500 0.05973400
v 0.01345500 -0.06156600 0.05960200
v 0.01853600 -0.06107300 0.05960300
v 0.01853600 -0.06310400 0.05922700
v 0.01853600 -0.05638700 0.05998200
v 0.01361100 -0.05461800 0.05997800
v 0.00611823 -0.00686946 0.05997055
v 0.01853600 -0.00866100 0.05998100
v 0.01853600 0.01287700 0.05925700
v 0.01422700 0.01348300 0.05909700
v 0.01853600 0.01337300 0.05911700
v 0.01426300 0.01572100 0.05842100
v 0.01853600 0.01554500 0.05850200
v 0.01853600 0.01661500 0.05811800
v 0.01430100 0.01788300 0.05756300
v 0.01853600 0.01914900 0.05700300
v 0.01434200 0.01995300 0.05653300
v 0.01853600 0.01978500 0.05665700
v 0.01853600 0.02082400 0.05609300
v 0.01438500 0.02191800 0.05533800
v 0.01853600 0.02313200 0.05457500
v 0.01443100 0.02376400 0.05398900
v 0.01853600 0.02362000 0.05418000
v 0.01853600 0.02525900 0.05285300
v 0.01448000 0.02547800 0.05249500
v 0.01453200 0.02704900 0.05086800
v 0.01458800 0.02846900 0.04911700
v 0.01853600 0.02795900 0.05007000
v 0.01853600 0.02720200 0.05093300
v 0.01853600 0.03234800 0.04293300
v 0.01473600 0.03190100 0.04314300
v 0.01853600 0.03112100 0.04544800
v 0.01469500 0.03090200 0.04523500
v 0.01853600 0.02986800 0.04748600
v 0.01464600 0.02975200 0.04723200
v 0.01853600 0.02965400 0.04783400
v 0.01853600 0.02849800 0.04936000
v 0.01853600 0.03269200 0.04209600
v 0.01476900 0.03273800 0.04096900
v 0.01853600 0.03300700 0.04116000
v 0.01853600 0.03358500 0.03944200
v 0.01479500 0.03340100 0.03872800
v 0.01481300 0.03388200 0.03643500
v 0.01853600 0.03423300 0.03654500
v 0.01853600 0.03463900 0.03259100
v 0.01537200 0.03435300 0.03176200
v 0.00782400 0.03217600 0.03625400
v 0.01000100 0.03285600 0.03631100
v 0.00997600 0.03241300 0.03854900
v 0.00782400 0.03176100 0.03846700
v 0.00994100 0.03180300 0.04074400
v 0.00977500 0.02905900 0.04694400
v 0.00782400 0.02895600 0.04623400
v 0.00984000 0.03011500 0.04495300
v 0.00782400 0.02960200 0.04483200
v 0.00989500 0.03103300 0.04288300
v 0.00782400 0.03021700 0.04349500
v 0.00782400 0.03121700 0.04066900
v 0.00969900 0.02788400 0.04883500
v 0.00962100 0.02657500 0.05059000
v 0.00752000 0.02647900 0.05014500
v 0.00782400 0.02819600 0.04762600
v 0.00954500 0.02509500 0.05223700
v 0.00728200 0.02593100 0.05078100
v 0.00729300 0.02595800 0.05074900
v 0.00739700 0.02619600 0.05047300
v 0.00450400 0.02348700 0.05279300
v 0.00536700 0.02389100 0.05259100
v 0.00947200 0.02345500 0.05376100
v 0.00585900 0.02422300 0.05236500
v 0.00315800 0.02320800 0.05272600
v 0.00337900 0.02322700 0.05276600
v 0.00438300 0.02267600 0.05355100
v 0.00209900 0.02324900 0.05236600
v 0.00222500 0.02323200 0.05242400
v -0.00077900 0.02145400 0.05336300
v -0.00059700 0.02399100 0.05024600
v -0.00008400 0.02384000 0.05077300
v -0.00068300 0.02287700 0.05178900
v 0.00129000 0.02343600 0.05186500
v 0.00141300 0.02340000 0.05196200
v -0.00586000 0.02110000 0.05160400
v -0.00554400 0.02443500 0.04423600
v -0.00541800 0.02540900 0.04066500
v -0.00543950 0.02541550 0.04055650
v -0.00457300 0.02516100 0.04348000
v -0.00425500 0.02506700 0.04428800
v -0.00390900 0.02496500 0.04516400
v -0.00621200 0.02564300 0.03596600
v -0.01063800 0.02232700 0.03998300
v -0.00637100 0.02568900 0.03456100
v -0.00640850 0.02570050 0.03386350
v -0.01042300 0.02309800 0.03176200
v -0.00647100 0.02571900 0.03176200
v -0.00644600 0.02571200 0.03316600
v -0.02033700 0.01492300 0.03570500
v -0.01972000 0.01554100 0.03176200
v -0.02032200 0.01490800 0.03880900
v -0.01572300 0.01868800 0.03981900
v -0.02030700 0.01489300 0.03967300
v -0.01579100 0.01821000 0.04384600
v -0.02023800 0.01482400 0.04368400
v -0.01589600 0.01758100 0.04782100
v -0.02016500 0.01472300 0.04769400
v -0.01596900 0.01709200 0.04959600
v -0.01605700 0.01636600 0.05132000
v -0.02004100 0.01404700 0.05123400
v -0.02000700 0.01379200 0.05194100
v -0.01615800 0.01541200 0.05295400
v -0.01991300 0.01296300 0.05361400
v -0.01627100 0.01424000 0.05447700
v -0.01985700 0.01240600 0.05441800
v -0.01980700 0.01190200 0.05514500
v -0.01639100 0.01287400 0.05585700
v -0.01976400 0.01144800 0.05567600
v -0.01663600 0.00965000 0.05808500
v -0.01963800 0.00998600 0.05704300
v -0.01651500 0.01133700 0.05706500
v -0.01964500 0.01008000 0.05697700
v -0.01675100 0.00784700 0.05889600
v -0.01949400 0.00802900 0.05834500
v -0.01952800 0.00852700 0.05806300
v -0.01685500 0.00595800 0.05948200
v -0.01938400 0.00625600 0.05913400
v -0.01942200 0.00687000 0.05886100
v -0.01926600 0.00387200 0.05975400
v -0.01694400 0.00401100 0.05983500
v -0.01918700 0.00175700 0.05994700
v -0.01701500 0.00204200 0.05995100
v -0.01917900 0.00151800 0.05994900
v -0.01177702 -0.03075513 0.05995592
v -0.00446146 -0.04626082 0.05996215
v -0.01258300 -0.05858000 0.05983600
v -0.01920700 -0.05786100 0.05981200
v -0.01924400 -0.05963100 0.05947300
v -0.01262800 -0.06058400 0.05947500
v -0.01924600 -0.05972600 0.05944600
v -0.01936100 -0.06314300 0.05796600
v -0.01931500 -0.06200300 0.05860600
v -0.01266000 -0.06251700 0.05888200
v -0.01929900 -0.06149000 0.05880500
v -0.01925800 -0.06017100 0.05931800
v -0.01943000 -0.06466700 0.05694000
v -0.01938300 -0.06369700 0.05765400
v -0.01268000 -0.06435500 0.05807100
v -0.01950800 -0.06600200 0.05570900
v -0.01943900 -0.06484300 0.05681000
v -0.01268900 -0.06607200 0.05705900
v -0.01958900 -0.06715200 0.05432300
v -0.01952200 -0.06624100 0.05548200
v -0.01268700 -0.06764300 0.05586800
v -0.01267800 -0.06905000 0.05451600
v -0.01267500 -0.06912200 0.05439600
v -0.01375600 -0.06948400 0.05363800
v -0.01259500 -0.06909550 0.05445200
v -0.01726200 -0.06889600 0.05288700
v -0.01965000 -0.06789100 0.05323000
v -0.01960900 -0.06741900 0.05398300
v -0.01981600 -0.06928800 0.04972900
v -0.01975100 -0.06882700 0.05118600
v -0.01720900 -0.06976500 0.05127400
v -0.01973600 -0.06872100 0.05152200
v -0.01967100 -0.06809700 0.05280700
v -0.01716000 -0.07041800 0.04957700
v -0.01982600 -0.06933900 0.04948300
v -0.01688450 -0.07053150 0.04956350
v -0.01719200 -0.07063400 0.04871900
v -0.01739200 -0.07070100 0.04781300
v -0.01989200 -0.06958500 0.04772300
v -0.01753100 -0.07074800 0.04718000
v -0.01990600 -0.06962900 0.04733100
v -0.01990600 -0.06962900 0.04731600
v -0.01777700 -0.07083000 0.04544100
v -0.01999900 -0.06974800 0.04373000
v -0.01796600 -0.07089300 0.04381800
v -0.01797700 -0.07089700 0.04372300
v -0.02009900 -0.06987600 0.03988000
v -0.01797150 -0.07089500 0.04377050
v -0.01828900 -0.07100200 0.03979700
v -0.02010100 -0.06987800 0.03973100
v -0.01834600 -0.07102100 0.03907500
v -0.02013400 -0.06991700 0.03750900
v -0.01842700 -0.07104800 0.03744600
v -0.02014400 -0.06993000 0.03575500
v -0.01846100 -0.07105900 0.03578900
v -0.01984600 -0.06944300 0.04898100
v -0.01616300 -0.07029000 0.05096200
v -0.01509300 -0.06993200 0.05237300
v -0.01589900 -0.07020100 0.05131000
v -0.00833100 -0.06910400 0.05550700
v -0.00855600 -0.06900600 0.05554500
v -0.00781200 -0.06862300 0.05598600
v -0.00952900 -0.06872400 0.05559300
v -0.00967900 -0.06870200 0.05558300
v -0.00983800 -0.06867800 0.05557100
v -0.01083000 -0.06865900 0.05537700
v -0.01108800 -0.06868700 0.05529400
v -0.00729300 -0.06974800 0.05515600
v -0.00275500 -0.06943000 0.05611800
v -0.00662000 -0.07041300 0.05469400
v -0.00278800 -0.07110100 0.05481600
v -0.00656900 -0.07046300 0.05465900
v -0.00745500 -0.06962300 0.05523300
v -0.00281300 -0.07261100 0.05337100
v -0.00569600 -0.07202800 0.05326400
v -0.00590400 -0.07151200 0.05377200
v -0.00643300 -0.07063500 0.05452600
v -0.00282900 -0.07394300 0.05180100
v -0.00544700 -0.07333400 0.05169200
v -0.00132400 -0.07742600 0.04626200
v -0.00265200 -0.07700000 0.04626200
v -0.00026500 -0.07772500 0.04626200
v -0.00026800 -0.07670700 0.04848500
v -0.00271200 -0.06761700 0.05725400
v -0.00266000 -0.06568000 0.05821000
v -0.00778500 -0.06692600 0.05715100
v -0.00770200 -0.06314900 0.05892400
v -0.00252800 -0.06153100 0.05952100
v -0.00244900 -0.05936700 0.05985500
v -0.00236000 -0.05717800 0.05996400
v -0.00595900 0.01981700 0.05319800
v -0.00605900 0.01833800 0.05467500
v -0.00087300 0.01984800 0.05481400
v -0.00615900 0.01668300 0.05601000
v -0.00096500 0.01807700 0.05612000
v -0.00625500 0.01487000 0.05717700
v -0.00105300 0.01615900 0.05725900
v -0.00634600 0.01291800 0.05816100
v -0.00113500 0.01411100 0.05821600
v -0.00643000 0.01085700 0.05894300
v -0.00121200 0.01196100 0.05897600
v -0.00650500 0.00871500 0.05950800
v -0.00128000 0.00973400 0.05952500
v -0.00656900 0.00651800 0.05984800
v -0.00134000 0.00745400 0.05985600
v 0.00251425 0.00558700 0.05996750
v -0.00139100 0.00514900 0.05996400
v -0.01071300 0.02154400 0.04403400
v -0.01082800 0.02051300 0.04797700
v -0.01091000 0.01982800 0.04974200
v -0.01100200 0.01891900 0.05144700
v -0.01110300 0.01779300 0.05306100
v -0.01120800 0.01646000 0.05456100
v -0.01131700 0.01494000 0.05592100
v -0.01142500 0.01325600 0.05711100
v -0.01152700 0.01142500 0.05811600
v -0.01162300 0.00948100 0.05891500
v -0.01170800 0.00745200 0.05949300
v -0.01178000 0.00536600 0.05984100
v 0.00429800 0.02096500 0.05497200
v 0.00940100 0.02166300 0.05514800
v 0.00421600 0.01910200 0.05624500
v 0.00933400 0.01973500 0.05638300
v 0.00413700 0.01710400 0.05735200
v 0.00927000 0.01768500 0.05745400
v 0.00406400 0.01498800 0.05827900
v 0.00921000 0.01553000 0.05834700
v 0.00399500 0.01277700 0.05901300
v 0.00915400 0.01329000 0.05905400
v 0.00393300 0.01049400 0.05954400
v 0.00910200 0.01098300 0.05956400
v 0.00387700 0.00816200 0.05986400
v 0.00905400 0.00862900 0.05987200
v 0.00382800 0.00580300 0.05996900
v 0.01320800 -0.07985800 0.04724400
v 0.00770500 -0.07930400 0.04696000
v 0.00770500 -0.07818000 0.04885300
v 0.00771000 -0.07692200 0.05061000
v 0.00772400 -0.07548900 0.05226400
v 0.00774600 -0.07389300 0.05379300
v 0.00777700 -0.07214700 0.05518300
v 0.00781600 -0.07026800 0.05641900
v 0.00786100 -0.06827400 0.05748600
v 0.00791400 -0.06618400 0.05837400
v 0.00256700 -0.06606100 0.05828900
v 0.00251000 -0.06808600 0.05736600
v 0.00246100 -0.06999900 0.05626300
v 0.00242100 -0.07178400 0.05499200
v 0.00239000 -0.07342000 0.05357200
v 0.00236700 -0.07489200 0.05202200
v -0.00774900 -0.06509300 0.05813700
v -0.00259900 -0.06364300 0.05897000
v 0.00818400 -0.05728600 0.05997300
v -0.00415313 -0.05690237 0.05996287
v 0.02025000 -0.07955200 0.04326200
v 0.02017400 -0.07946200 0.04364500
v 0.02025000 -0.07965300 0.04326200
v 0.01995700 -0.07930100 0.04397000
v 0.01963300 -0.07919700 0.04418600
v 0.02025000 -0.08160400 0.03789600
v 0.02025000 -0.08160400 0.03750400
v 0.02025000 -0.08084100 0.04045400
v 0.02025000 -0.08043400 0.04128300
v 0.02025000 -0.07981800 0.04292100
v 0.01925000 -0.07795300 0.04626200
v 0.01853600 -0.07798300 0.04626200
v 0.01853600 -0.07678100 0.04791000
v 0.02225000 -0.07933700 0.04373000
v 0.02225000 -0.07932550 0.04373000
v 0.02282200 -0.07931400 0.04373000
v 0.02175500 -0.07870000 0.04491300
v 0.02282200 -0.07666300 0.04781700
v 0.02131600 -0.07840000 0.04543800
v 0.02003500 -0.07799000 0.04615800
v 0.02082200 -0.08160400 0.03781100
v 0.02225000 -0.08082400 0.04029200
v 0.02225000 -0.07975500 0.04289100
v 0.02225000 -0.08032500 0.04160600
v 0.02282200 -0.06764900 0.05504400
v 0.01853600 -0.06771400 0.05517900
v 0.02282200 -0.06216400 0.05697100
v 0.01853600 -0.06219800 0.05711700
v 0.01853600 0.02266000 0.05209900
v 0.01853600 0.01772800 0.05519800
v 0.01853600 0.00644200 0.05777400
v 0.01853600 0.01223000 0.05712200
v 0.01853600 0.03180200 0.03755100
v 0.00160000 -0.08034800 0.04052600
v 0.00159200 -0.08092700 0.03796000
v 0.00158500 -0.08130900 0.03535200
v 0.00159000 -0.08134700 0.03476300
v 0.00088000 -0.08112000 0.03476300
v -0.00125000 -0.08032200 0.03476300
v -0.00194500 -0.08005500 0.03463800
v -0.00256500 -0.07982700 0.03426900
v -0.00297600 -0.07968500 0.03375700
v -0.00300700 -0.07967400 0.03371900
v -0.00322400 -0.07960900 0.03308500
v 0.00674200 -0.08239900 0.03800900
v 0.00598800 -0.08239900 0.03704600
v 0.00487500 -0.08239900 0.03476300
v 0.00511700 -0.08239900 0.03540800
v 0.00871200 -0.08239900 0.03986800
v 0.00674800 -0.08172700 0.04071800
v 0.01028200 -0.08239900 0.04085000
v 0.01029000 -0.08239900 0.04085400
v 0.00674200 -0.08238900 0.03810100
v 0.00702000 -0.08239900 0.03836300
v 0.00826500 -0.08239900 0.03952500
v 0.01201300 -0.08239900 0.04163400
v 0.01511900 -0.08239900 0.04249000
v 0.01302200 -0.08239900 0.04198100
v 0.02282200 0.03165600 0.03751700
v 0.02282200 0.02666200 0.04788700
v 0.02282200 0.00644200 0.05762500
v 0.02282200 0.01219700 0.05697600
v 0.02282200 0.01766300 0.05506400
v 0.02282200 0.02256700 0.05198200
v 0.02082200 -0.08389400 0.04495600
v 0.02082200 0.02147100 0.05831100
v 0.02082200 0.03634800 0.03779000
v 0.02082200 0.03553300 0.04055500
v 0.02082200 0.03484200 0.04290200
v 0.02082200 0.03465600 0.04327700
v 0.02082200 0.03338800 0.04582500
v 0.02082200 0.03694400 0.03202700
v 0.02082200 0.03693000 0.03282900
v 0.02082200 0.01747900 0.06013700
v 0.02082200 0.01669800 0.06049400
v 0.02082200 0.01492400 0.06096100
v 0.02082200 0.01230800 0.06165000
v 0.02082200 0.03036500 0.05052300
v 0.02082200 0.02927400 0.05199500
v 0.02082200 0.02860900 0.05263700
v 0.02082200 -0.06721900 0.06016500
v 0.02082200 -0.06445100 0.06118400
v 0.02082200 0.02664000 0.05453600
v 0.02082200 0.02583500 0.05531200
v 0.02082200 -0.07853400 0.05264600
v 0.02082200 -0.07790400 0.05338900
v 0.02082200 -0.07653100 0.05453800
v 0.02082200 -0.07441400 0.05631100
v 0.02082200 -0.06933800 0.05938400
v 0.02082200 -0.07210400 0.05778300
v 0.02082200 -0.05638700 0.06226900
v 0.02082200 -0.08338200 0.04582400
v 0.02082200 -0.08194200 0.04826400
v 0.02082200 -0.08123500 0.04946300
v 0.02082200 0.01166900 0.06181800
v 0.02082200 0.00962300 0.06199500
v 0.02082200 0.00689500 0.06223000
v 0.01821750 0.00672150 0.06226500
v 0.02082200 0.00644200 0.06226900
v 0.02082200 -0.05682100 0.06224800
v -0.02317800 0.01363200 0.03878500
v -0.02317800 -0.06808000 0.04723200
v -0.02317800 -0.05966700 0.05768100
v -0.02317800 -0.05909000 0.05784400
v -0.02317800 -0.06841200 0.04041000
v -0.02317800 -0.05746900 0.05814700
v -0.02317800 0.00359300 0.05806500
v -0.02317800 0.00429600 0.05792900
v -0.02317800 0.00581000 0.05748700
v -0.02317800 0.00724800 0.05685200
v -0.02317800 0.00791000 0.05647800
v -0.02317800 0.00916000 0.05560200
v -0.02317800 0.01283500 0.05023300
v -0.02317800 0.01241800 0.05134000
v -0.02317800 0.01171700 0.05268500
v -0.02317800 0.01027700 0.05457000
v -0.02317800 0.01320000 0.04875800
v -0.02317800 -0.06789400 0.04868000
v -0.02317800 -0.06768200 0.04957900
v -0.02317800 -0.06717600 0.05101500
v -0.02317800 -0.06255800 0.05636200
v -0.02317800 -0.06591200 0.05324100
v -0.02317800 -0.06377700 0.05549400
v -0.02317800 -0.06492500 0.05443100
v -0.02317800 -0.06647700 0.05238400
v -0.02317800 -0.06116500 0.05711100
v 0.00283000 -0.08268400 0.04230700
v 0.00288300 -0.08183300 0.04475500
v 0.00004800 -0.08107900 0.04457100
v 0.01493000 -0.07050400 0.05899300
v 0.01489000 -0.07287900 0.05762700
v 0.00523400 0.03236100 0.04231600
v 0.00521900 0.03146000 0.04475800
v 0.01064000 0.03279800 0.04513000
v 0.01590400 0.03672600 0.03201800
v -0.00590800 0.02697200 0.04401400
v -0.00869300 0.02549900 0.04382800
v -0.00590200 0.02806700 0.03927900
v -0.01312000 -0.07554100 0.04592400
v -0.01305200 -0.07503200 0.04817700
v -0.01786100 -0.07304900 0.04777500
v 0.00275500 -0.08386100 0.03722000
v 0.00278700 -0.08336300 0.03979000
v -0.00005500 -0.08247900 0.03966400
v 0.01120000 0.03588100 0.03176200
v 0.01069100 0.03575600 0.03201000
v -0.02150600 0.01661400 0.04742500
v -0.01955700 0.01796700 0.04757400
v -0.02054700 0.01300900 0.05715200
v -0.02043700 0.01239100 0.05777100
v -0.01685700 0.01394300 0.05791100
v -0.01991600 0.00907000 0.06033500
v -0.01986900 0.00869000 0.06051100
v -0.01684000 0.00977600 0.06057200
v 0.00476900 0.03014100 0.04735700
v 0.00518700 0.02957300 0.04867300
v 0.00520000 0.03039400 0.04711700
v 0.00519800 0.02682700 0.05274900
v 0.00514300 0.02675200 0.05282200
v 0.00513300 0.02610600 0.05356200
v -0.01265500 -0.07207300 0.05453400
v -0.01281000 -0.07204400 0.05453100
v -0.01105600 -0.07096500 0.05633200
v -0.01065000 -0.07091800 0.05647900
v -0.01272000 -0.07048200 0.05637800
v -0.00823700 -0.07530500 0.05171600
v -0.00863400 -0.07569700 0.05071100
v -0.00786100 -0.07593600 0.05077400
v -0.01280900 -0.07501900 0.04858800
v -0.01280900 -0.07501800 0.04859100
v -0.01300100 -0.07456900 0.04971200
v -0.01781100 -0.07258500 0.05000700
v -0.01317800 -0.07364300 0.05176300
v -0.01090600 -0.07635100 0.04655500
v -0.01121800 -0.07627700 0.04633800
v -0.01067600 -0.07714000 0.04383400
v -0.01141600 -0.07620900 0.04627200
v -0.01318000 -0.07598800 0.04365000
v -0.01163400 -0.07611400 0.04627500
v -0.01180200 -0.07602300 0.04634600
v -0.01182900 -0.07600900 0.04635700
v -0.01217400 -0.07576700 0.04672400
v -0.01240500 -0.07555400 0.04717800
v -0.01246400 -0.07549100 0.04732700
v -0.00966800 -0.07627400 0.04844400
v -0.01027800 -0.07638900 0.04732900
v -0.00809600 -0.07823700 0.04401800
v -0.01035300 -0.07639200 0.04721600
v -0.01042700 -0.07638600 0.04712700
v -0.01058300 -0.07637500 0.04694100
v -0.00879400 -0.07585500 0.05030800
v -0.00906800 -0.07599600 0.04971300
v -0.00794700 -0.07686100 0.04857800
v -0.00957400 -0.07625700 0.04861500
v -0.00776700 -0.07472600 0.05287100
v -0.00771000 -0.07390100 0.05401200
v -0.00780800 -0.07447900 0.05321200
v -0.00789800 -0.07468600 0.05285900
v -0.00807200 -0.07500300 0.05227400
v -0.00768500 -0.07351900 0.05450400
v -0.00230000 -0.07423200 0.05513700
v -0.00901800 -0.07128100 0.05652100
v -0.00844200 -0.07174000 0.05621600
v -0.00756300 -0.07151000 0.05662800
v -0.00806200 -0.07227900 0.05577000
v -0.00796900 -0.07241200 0.05565900
v -0.00785800 -0.07266300 0.05542400
v -0.00766700 -0.07324400 0.05483400
v -0.01262600 -0.06867200 0.05802700
v -0.01043200 -0.07089300 0.05655800
v -0.00745400 -0.06954900 0.05822000
v -0.00920000 -0.07120600 0.05655000
v -0.00905500 -0.07126600 0.05652700
v -0.01250900 -0.07184600 0.05490200
v -0.01237800 -0.07170400 0.05512400
v -0.01180100 -0.07126400 0.05581300
v -0.01178200 -0.07124900 0.05583600
v -0.01775700 -0.07180300 0.05217300
v -0.01308200 -0.07292200 0.05311700
v -0.01770000 -0.07071200 0.05422800
v -0.01293300 -0.07251000 0.05382900
v -0.01283000 -0.07234700 0.05409200
v -0.00032300 0.02950600 0.04438600
v -0.00034800 0.02757700 0.04898000
v 0.00007400 0.02819600 0.04800800
v 0.00017600 0.02893700 0.04641000
v 0.00036100 0.02941900 0.04539400
v 0.00044700 0.02682300 0.05083900
v 0.00101900 0.02612200 0.05215200
v -0.00036300 0.02634900 0.05115700
v 0.00180900 0.02564000 0.05307800
v 0.00159500 0.02573700 0.05288200
v -0.00037800 0.02485200 0.05322100
v 0.00145800 0.02582800 0.05270800
v 0.00419600 0.02582100 0.05362100
v 0.00373000 0.02560000 0.05373400
v 0.00510800 0.02421400 0.05542900
v 0.00307900 0.02545800 0.05370100
v -0.00039500 0.02309900 0.05514000
v 0.00244900 0.02547200 0.05349100
v 0.00228300 0.02551600 0.05338400
v 0.00481100 0.02629500 0.05326200
v 0.00440500 0.02596800 0.05351600
v 0.00426100 0.02585200 0.05360500
v 0.00557100 0.02805800 0.05128100
v 0.01057300 0.02864200 0.05191800
v 0.00553600 0.02774200 0.05170000
v 0.01054600 0.02684900 0.05390200
v 0.00529900 0.02699700 0.05257600
v 0.00524600 0.02689400 0.05268500
v 0.00555700 0.02819500 0.05107100
v 0.01059700 0.03021400 0.04978300
v 0.00548700 0.02888200 0.05001700
v 0.01062000 0.03159100 0.04751600
v 0.00519400 0.02956300 0.04869600
v 0.00526000 0.02947400 0.04890300
v 0.00382600 0.03075700 0.04531800
v 0.00411600 0.03062400 0.04586400
v 0.00419200 0.03056800 0.04603800
v 0.00325700 0.03091200 0.04442100
v 0.00339200 0.03087500 0.04463500
v 0.00173400 0.03072100 0.04332900
v 0.00200900 0.03082300 0.04335200
v 0.00248200 0.03206200 0.03967100
v 0.00145000 0.03057600 0.04342000
v 0.00147900 0.03059500 0.04339900
v -0.00030400 0.03088200 0.03954000
v 0.00077100 0.03002600 0.04420900
v 0.00117300 0.03039500 0.04362100
v 0.00234100 0.03090400 0.04349500
v 0.00246400 0.03091800 0.04359000
v 0.00524700 0.03308500 0.03980200
v -0.00289700 -0.08215000 0.03452500
v -0.00211200 -0.08246300 0.03453800
v -0.00194300 -0.08252300 0.03463900
v -0.00283700 -0.08148400 0.03953800
v -0.00223400 -0.08242000 0.03446700
v -0.00256100 -0.08230400 0.03427300
v -0.00322300 -0.08209200 0.03309300
v -0.00826300 -0.07973300 0.03443400
v -0.00826300 -0.07978800 0.03176200
v -0.00914400 -0.07936600 0.03176200
v -0.00300300 -0.08215600 0.03372600
v -0.00297700 -0.08216500 0.03375800
v -0.01332500 -0.07702600 0.03434300
v -0.02025900 -0.07266400 0.03420600
v -0.01804200 -0.07414000 0.03425100
v -0.02130300 -0.07179900 0.04052600
v -0.02140900 -0.07181400 0.03755200
v -0.02145600 -0.07181900 0.03418000
v -0.02087300 -0.07169000 0.04750800
v -0.02073700 -0.07151000 0.04938200
v -0.02070600 -0.07143300 0.04976300
v -0.02063900 -0.07126800 0.05058000
v -0.02051500 -0.07083200 0.05195700
v -0.01764000 -0.06933000 0.05612900
v -0.02010000 -0.06868400 0.05598100
v -0.02015300 -0.06905400 0.05551600
v -0.02027900 -0.06977700 0.05435800
v -0.02031000 -0.06992300 0.05405000
v -0.02046500 -0.07065700 0.05250600
v -0.01996700 -0.06777400 0.05712600
v -0.01757800 -0.06768100 0.05783400
v -0.01989300 -0.06715600 0.05771600
v -0.01253000 -0.06664100 0.05944300
v -0.01970000 -0.06536900 0.05921800
v -0.01978700 -0.06626600 0.05856500
v -0.01243200 -0.06442300 0.06059700
v -0.01952900 -0.06335500 0.06044800
v -0.01963200 -0.06466200 0.05973400
v -0.01233400 -0.06205500 0.06146000
v -0.01938400 -0.06115800 0.06137900
v -0.01948700 -0.06282400 0.06073800
v -0.01223600 -0.05957800 0.06201200
v -0.01932600 -0.06008100 0.06171600
v -0.01936500 -0.06084200 0.06150000
v -0.01927400 -0.05881600 0.06195400
v -0.01918100 -0.01829950 0.06223525
v -0.01681400 0.00254300 0.06223300
v -0.01682200 0.00501600 0.06201000
v -0.01938500 0.00424300 0.06200700
v -0.01683100 0.00744500 0.06145400
v -0.01967800 0.00716800 0.06121600
v -0.01961100 0.00653700 0.06140700
v -0.01946800 0.00516700 0.06182200
v -0.01684800 0.01195800 0.05938100
v -0.02029100 0.01156900 0.05859500
v -0.02014900 0.01065300 0.05928200
v -0.02003800 0.00993900 0.05981600
v -0.02068600 0.01372700 0.05624900
v -0.01686600 0.01568600 0.05619400
v -0.02091200 0.01479400 0.05456300
v -0.01687400 0.01715600 0.05427400
v -0.02097000 0.01503300 0.05403900
v -0.02111400 0.01562500 0.05274300
v -0.01688200 0.01832200 0.05219800
v -0.02119000 0.01589000 0.05191500
v -0.01688900 0.01916800 0.05001500
v -0.02136800 0.01641000 0.04968900
v -0.02124900 0.01609600 0.05127100
v -0.02168500 0.01661400 0.04293300
v -0.01956700 0.01833300 0.04308400
v -0.02184700 0.01661000 0.03884100
v -0.01957800 0.01873600 0.03418100
v -0.02190300 0.01660400 0.03413700
v -0.01692100 0.02098600 0.03423100
v -0.01146800 0.02509600 0.03433000
v -0.00029400 0.03161600 0.03452900
v -0.00589800 0.02865200 0.03442900
v -0.00598200 0.02868800 0.03176200
v 0.00599200 0.03433800 0.03176200
v 0.00526500 0.03407500 0.03200200
v 0.01775100 0.03689800 0.03176200
v 0.01469500 -0.08354600 0.04549100
v 0.01828200 -0.08389400 0.04505600
v 0.00830400 -0.08389400 0.04260600
v 0.00860800 -0.08389400 0.04278200
v 0.00870300 -0.08297500 0.04512300
v 0.00866600 -0.08389400 0.04280900
v 0.00477200 -0.08389400 0.03987600
v 0.00592900 -0.08389400 0.04099600
v 0.00413100 -0.08389400 0.03915800
v 0.00458700 -0.08389400 0.03969700
v -0.00010400 -0.08318400 0.03476300
v -0.00125000 -0.08278000 0.03476300
v 0.00275300 -0.08389400 0.03692500
v 0.00289700 -0.08389400 0.03722400
v 0.00311000 -0.08389400 0.03766500
v -0.00555500 -0.08039200 0.03941200
v -0.00820400 -0.07921700 0.03928600
v -0.01327400 -0.07666800 0.03903300
v -0.00529500 -0.07768900 0.04877900
v -0.00249400 -0.07730100 0.05115700
v -0.00767900 -0.07371400 0.05427100
v -0.00240000 -0.07589200 0.05322000
v -0.00197500 -0.06796000 0.05971800
v -0.00734300 -0.06738600 0.05958000
v -0.00208700 -0.07024000 0.05841300
v -0.00219500 -0.07233900 0.05687800
v -0.02115000 -0.07176100 0.04301600
v -0.02019800 -0.07233300 0.04309700
v -0.01800800 -0.07394400 0.03878100
v -0.01794600 -0.07357200 0.04328200
v -0.02087800 -0.07169500 0.04744600
v -0.01790600 -0.07332700 0.04552700
v -0.02087700 -0.07169400 0.04746200
v -0.00186200 -0.06553100 0.06077000
v -0.00695381 -0.02374953 0.06224809
v -0.00163400 -0.06036300 0.06204700
v -0.00174800 -0.06298700 0.06155100
v -0.00311400 0.02830900 0.04420000
v -0.00313100 0.02657300 0.04877900
v -0.00597600 0.00490500 0.06224200
v -0.00052400 0.00577800 0.06224700
v -0.00597000 0.00761400 0.06203600
v -0.00050600 0.00856100 0.06204900
v -0.00596300 0.01028300 0.06152400
v -0.00048700 0.01130300 0.06155900
v -0.00595700 0.01286500 0.06071100
v -0.00046800 0.01396600 0.06078100
v -0.00595100 0.01532000 0.05961300
v -0.00044900 0.01651100 0.05972900
v -0.00594400 0.01760600 0.05825300
v -0.00043100 0.01890300 0.05842300
v -0.00593800 0.01968700 0.05665400
v -0.00041300 0.02110800 0.05688400
v -0.00593200 0.02153300 0.05485200
v -0.00592700 0.02311800 0.05288000
v -0.00592100 0.02442300 0.05077600
v -0.00591600 0.02543900 0.04857800
v -0.00869400 0.02418000 0.04837700
v -0.01145600 0.02279900 0.04817700
v -0.01145200 0.02201900 0.05039500
v -0.00869300 0.02644200 0.03914800
v -0.01146100 0.02389400 0.04364200
v -0.01419200 0.02130000 0.04797600
v -0.01144900 0.02093100 0.05253900
v -0.01144500 0.01954300 0.05456300
v -0.01144100 0.01787100 0.05642400
v -0.01143700 0.01594500 0.05808200
v -0.01143200 0.01379500 0.05949700
v -0.01142800 0.01146200 0.06064200
v -0.01142400 0.00899100 0.06148900
v -0.01141900 0.00642800 0.06202300
v -0.01141500 0.00382200 0.06223800
v -0.01146500 0.02467700 0.03901700
v -0.01691600 0.02074900 0.03875500
v -0.01690800 0.02030700 0.04327000
v -0.02139400 0.01647800 0.04934500
v -0.01689600 0.01968800 0.04777500
v -0.01420300 0.02216200 0.04345600
v -0.00310200 0.02954900 0.03941000
v 0.01561300 0.00700100 0.06226100
v 0.01563600 0.00980300 0.06208900
v 0.01566000 0.01256200 0.06166300
v 0.01568300 0.01525600 0.06098900
v 0.01570700 0.01786500 0.06007700
v 0.01573000 0.02036800 0.05893500
v 0.01575300 0.02274600 0.05757500
v 0.01577500 0.02498000 0.05600600
v 0.01581600 0.02894700 0.05229800
v 0.01583500 0.03064800 0.05018400
v 0.01585200 0.03216100 0.04791400
v 0.01579600 0.02705200 0.05424300
v 0.01586700 0.03348600 0.04550300
v 0.01589800 0.03616200 0.03760500
v 0.01589000 0.03550300 0.04032600
v 0.01587900 0.03460600 0.04296600
v 0.01331100 0.03515900 0.04019500
v 0.01328200 0.03322600 0.04531600
v 0.01067100 0.03463800 0.04006400
v 0.01068200 0.03524000 0.03741900
v 0.00525600 0.03361800 0.03723400
v 0.01065700 0.03381900 0.04264100
v 0.01068800 0.03561500 0.03472700
v 0.00526200 0.03395000 0.03462800
v -0.00029800 0.03133400 0.03704900
v 0.00508100 0.02210800 0.05711400
v 0.00505300 0.01981100 0.05859400
v 0.00502500 0.01734700 0.05984500
v 0.00499600 0.01474400 0.06085000
v 0.00496700 0.01203500 0.06159300
v 0.00493900 0.00925200 0.06206300
v 0.01475000 -0.08075100 0.05018400
v 0.01472100 -0.08223900 0.04791100
v 0.01481500 -0.07718500 0.05426700
v 0.01485200 -0.07511400 0.05604700
v 0.01478100 -0.07907000 0.05230600
v 0.01497000 -0.06801200 0.06013000
v 0.01501200 -0.06543100 0.06103100
v 0.01505300 -0.06278800 0.06168800
v 0.01509500 -0.06010900 0.06209800
v 0.01513600 -0.05742200 0.06226100
v 0.00294400 -0.08082600 0.04711600
v 0.00301400 -0.07968000 0.04938100
v 0.00019000 -0.07911000 0.04918000
v 0.00309100 -0.07833800 0.05154000
v -0.00258100 -0.07844200 0.04898000
v -0.00272900 -0.08022000 0.04438600
v -0.00544600 -0.07926800 0.04420200
v 0.00875000 -0.08180900 0.04751400
v 0.00880200 -0.08048100 0.04978300
v 0.00886000 -0.07895800 0.05192300
v 0.00317300 -0.07674800 0.05356900
v 0.00892200 -0.07720700 0.05391800
v 0.00326100 -0.07492600 0.05544100
v 0.00898900 -0.07524800 0.05574400
v 0.00335400 -0.07289400 0.05712700
v 0.00905800 -0.07309900 0.05737700
v 0.00345000 -0.07067700 0.05860600
v 0.00913000 -0.07078800 0.05879900
v 0.00920500 -0.06833800 0.05999300
v 0.00364800 -0.06579200 0.06085700
v 0.00928000 -0.06577900 0.06094400
v 0.00374900 -0.06318700 0.06159700
v 0.00935600 -0.06313900 0.06164200
v 0.00384900 -0.06051700 0.06206400
v 0.00943100 -0.06044900 0.06208100
v 0.01940050 -0.05176425 0.06226700
v 0.01033100 0.00967100 0.06207600
v 0.01036200 0.01246100 0.06162800
v 0.01039400 0.01518100 0.06092000
v 0.01042600 0.01780500 0.05996100
v 0.01045700 0.02030800 0.05876500
v 0.01048800 0.02266300 0.05734400
v 0.01051700 0.02485000 0.05571800
v -0.02285300 0.01527800 0.03176200
v -0.02232900 0.01566700 0.04733500
v -0.02273600 0.01519500 0.04731400
v -0.02283000 0.01526300 0.03881600
v -0.02288300 0.01459000 0.04728700
v -0.02209200 -0.07081500 0.04740600
v -0.02235600 -0.07092400 0.03753200
v -0.02296700 -0.06977700 0.03750600
v -0.02295300 -0.06973300 0.04045500
v -0.02230400 -0.07090600 0.04049600
v -0.02289600 -0.06955100 0.04732600
v -0.02089200 0.00039500 0.05823500
v -0.02089200 -0.02760500 0.05823500
v -0.02089200 -0.05560500 0.05823600
v -0.02089200 -0.06808000 0.04723200
v -0.02066200 0.00039500 0.05909200
v -0.02089200 0.00359300 0.05806500
v -0.02089200 0.00906000 0.05568100
v -0.02089200 0.00768700 0.05661100
v -0.02089200 0.00724800 0.05685200
v -0.02089200 0.00569100 0.05752900
v -0.02089200 0.00404300 0.05798300
v -0.02089200 0.01275600 0.05047200
v -0.02089200 0.01068500 0.05411400
v -0.02089200 0.01241800 0.05134000
v -0.02089200 0.01165100 0.05279300
v -0.02089200 0.01027700 0.05457000
v -0.02089200 -0.06722500 0.05090000
v -0.02089200 -0.06774700 0.04933500
v -0.02089200 -0.06789400 0.04868000
v -0.02089200 -0.06127700 0.05705900
v -0.02089200 -0.06276700 0.05622900
v -0.02089200 -0.06605500 0.05303800
v -0.02089200 -0.06377700 0.05549400
v -0.02089200 -0.06500900 0.05434100
v -0.02089200 -0.06647700 0.05238400
v -0.02074300 0.01433100 0.03879800
v -0.02068300 0.01414300 0.04726700
v -0.02056000 0.01438200 0.04727700
v -0.02080100 -0.06904500 0.03749000
v -0.02079700 -0.06899300 0.03985200
v -0.02052200 -0.06949400 0.03986800
v -0.02053900 -0.06953600 0.03750100
v -0.02042600 -0.06925200 0.04730700
v -0.02077100 -0.06871000 0.04727200
v -0.02119700 0.00195600 0.06168300
v -0.02129600 0.00414600 0.06141300
v -0.02134300 0.00503000 0.06121100
v -0.02146000 0.00693400 0.06057400
v -0.02159000 0.00872700 0.05967900
v -0.02165600 0.00954100 0.05916100
v -0.02179000 0.01105900 0.05796200
v -0.02192300 0.01239100 0.05656800
v -0.02199500 0.01305500 0.05570500
v -0.02210900 0.01404000 0.05410300
v -0.02221000 0.01480800 0.05238600
v -0.02227700 0.01524400 0.05100000
v -0.02234800 0.01560100 0.04918800
v -0.02267600 0.00390900 0.05997900
v -0.02268900 0.00471400 0.05979800
v -0.02272200 0.00644500 0.05922800
v -0.02275900 0.00807400 0.05843100
v -0.02277700 0.00881600 0.05796900
v -0.02281400 0.01020500 0.05690000
v -0.02285100 0.01142800 0.05565800
v -0.02287000 0.01204300 0.05488600
v -0.02290100 0.01296500 0.05344700
v -0.02292800 0.01369300 0.05189800
v -0.02294600 0.01411400 0.05064000
v -0.02296500 0.01446800 0.04898500
v -0.02118000 -0.05560500 0.06169900
v -0.02264200 -0.05560500 0.06023500
v -0.02202100 -0.07065600 0.04921700
v -0.02287700 -0.06938700 0.04897000
v -0.02197100 -0.07044000 0.05034900
v -0.02188100 -0.06988600 0.05217600
v -0.02178400 -0.06908100 0.05394200
v -0.02171700 -0.06841500 0.05505400
v -0.02161800 -0.06722800 0.05660900
v -0.02152000 -0.06581800 0.05801300
v -0.02143400 -0.06430700 0.05916400
v -0.02135400 -0.06256100 0.06016300
v -0.02128500 -0.06066700 0.06093100
v -0.02126300 -0.05993600 0.06115100
v -0.02121200 -0.05787800 0.06156600
v -0.02286400 -0.06917800 0.04999700
v -0.02283900 -0.06865700 0.05164900
v -0.02281300 -0.06791000 0.05324100
v -0.02279400 -0.06729600 0.05424400
v -0.02276700 -0.06620800 0.05564500
v -0.02273900 -0.06492300 0.05690800
v -0.02271500 -0.06354700 0.05794600
v -0.02269200 -0.06196000 0.05884800
v -0.02267300 -0.06023900 0.05954100
v -0.02266600 -0.05957500 0.05974000
v -0.02265200 -0.05770500 0.06011600
v -0.02023000 0.00836400 0.05778200
v -0.02015100 0.00615900 0.05886000
v -0.02066400 0.00174300 0.05908800
v -0.02008500 0.00383000 0.05950000
v -0.02009800 0.00433000 0.05940000
v -0.02021100 0.00788200 0.05806300
v -0.02029200 0.00986500 0.05670500
v -0.02035400 0.01118300 0.05542600
v -0.02037600 0.01162000 0.05490700
v -0.02043000 0.01264300 0.05341400
v -0.02050000 0.01378800 0.05082600
v -0.02047700 0.01344200 0.05178800
v -0.02080000 0.01372100 0.04898700
v -0.02053400 0.01420600 0.04907900
v -0.02079100 0.01330400 0.05066000
v -0.02078500 0.01296400 0.05157900
v -0.02077200 0.01218400 0.05312700
v -0.02075800 0.01119200 0.05454400
v -0.02075200 0.01077100 0.05503600
v -0.02073500 0.00950300 0.05624400
v -0.02071700 0.00806400 0.05726300
v -0.02071200 0.00760200 0.05752900
v -0.02069500 0.00595500 0.05828100
v -0.02068000 0.00420600 0.05879100
v -0.02067700 0.00372900 0.05888600
v -0.02003600 -0.05560500 0.05972000
v -0.02066200 -0.05560500 0.05909200
v -0.02066200 -0.02760500 0.05909200
v -0.02005000 -0.05764400 0.05961200
v -0.02076300 -0.06853400 0.04880400
v -0.02039600 -0.06907800 0.04891000
v -0.02038100 -0.06893000 0.04963700
v -0.02033900 -0.06838900 0.05138300
v -0.02027300 -0.06713900 0.05378900
v -0.02029400 -0.06759300 0.05305200
v -0.02022700 -0.06600400 0.05526200
v -0.02018100 -0.06465200 0.05657300
v -0.02015100 -0.06353800 0.05741100
v -0.02011300 -0.06188800 0.05836000
v -0.02075900 -0.06838800 0.04949900
v -0.02074800 -0.06786000 0.05116400
v -0.02073500 -0.06709100 0.05275100
v -0.02072900 -0.06665400 0.05345300
v -0.02071600 -0.06556300 0.05485400
v -0.02070400 -0.06426800 0.05610000
v -0.02069500 -0.06320200 0.05689600
v -0.02068400 -0.06162400 0.05779900
v -0.02067500 -0.05991200 0.05847800
v -0.02008100 -0.06009600 0.05907400
v -0.02007300 -0.05956700 0.05923000
v -0.02067300 -0.05940700 0.05862700
v -0.02066600 -0.05757000 0.05899100
v -0.00905300 -0.07126100 0.04026200
v -0.01042800 -0.07089300 0.04026200
v -0.01180300 -0.07126100 0.04026200
v -0.01280900 -0.07226800 0.04026200
v -0.01280900 -0.07501800 0.04026200
v -0.01180300 -0.07602400 0.04026200
v -0.01042800 -0.07639300 0.04026200
v -0.00905300 -0.07602400 0.04026200
v -0.00804600 -0.07501800 0.04026200
v 0.00044300 0.02682100 0.04026200
v 0.00144900 0.02581500 0.04026200
v 0.00282400 0.02544600 0.04026200
v 0.00419900 0.02581500 0.04026200
v 0.00520600 0.02682100 0.04026200
v 0.00520600 0.02957100 0.04026200
v 0.00419900 0.03057800 0.04026200
v 0.00282400 0.03094600 0.04026200
v 0.00144900 0.03057800 0.04026200
v 0.00044300 0.02957100 0.04026200
v 0.02184800 -0.07500000 0.04476200
v 0.00148775 -0.07500000 0.04471200
v 0.02025000 -0.07870000 0.04484000
v -0.00525000 -0.07500000 0.04326200
v 0.02225000 -0.08136600 0.03846500
v 0.02225000 -0.08109100 0.03941600
v 0.02225000 -0.08043400 0.04128300
v 0.02225000 -0.08078000 0.04035600
f 6 8 9
f 10 11 5
f 7 12 8
f 16 14 13
f 13 14 15
f 37 38 39
f 41 42 40
f 40 43 39
f 44 45 46
f 47 23 22
f 49 50 48
f 51 52 53
f 53 52 54
f 55 56 57
f 58 59 60
f 60 61 62
f 63 64 65
f 63 65 66
f 66 67 68
f 70 71 69
f 72 73 74
f 76 75 77
f 76 77 78
f 79 82 83
f 85 84 35
f 86 87 88
f 90 89 34
f 90 34 33
f 91 92 93
f 95 96 94
f 99 98 21
f 101 102 100
f 105 103 18
f 106 104 107
f 108 109 110
f 111 28 27
f 113 112 30
f 116 117 114
f 119 120 118
f 122 121 36
f 124 125 123
f 126 32 31
f 129 127 24
f 130 128 131
f 132 133 134
f 136 135 29
f 138 139 137
f 140 141 142
f 144 145 143
f 147 146 26
f 147 26 25
f 149 148 17
f 150 151 152
f 154 153 155
f 154 155 156
f 157 160 161
f 162 163 164
f 165 166 167
f 165 167 168
f 168 169 170
f 172 173 171
f 174 175 176
f 176 177 178
f 179 180 181
f 181 180 182
f 183 184 185
f 186 20 19
f 188 189 187
f 190 191 192
f 193 194 195
f 197 198 196
f 196 199 195
f 200 201 202
f 203 204 205
f 207 208 206
f 209 210 211
f 213 214 212
f 216 217 215
f 218 220 221
f 225 226 227
f 229 230 228
f 232 233 231
f 234 235 236
f 239 82 81
f 240 82 239
f 240 239 80
f 80 239 81
f 241 97 242
f 97 96 242
f 242 96 95
f 242 95 241
f 241 95 219
f 223 222 244
f 244 222 243
f 244 243 223
f 223 243 224
f 222 115 243
f 245 160 246
f 160 159 246
f 246 159 158
f 246 158 245
f 237 247 248
f 237 248 238
f 238 248 247
f 4 266 1
f 2 249 251
f 2 251 3
f 4 264 266
f 271 272 273
f 274 273 275
f 274 275 276
f 277 270 271
f 279 274 276
f 279 276 280
f 276 282 283
f 281 276 269
f 285 268 286
f 288 253 289
f 292 281 285
f 287 278 279
f 280 292 287
f 293 298 299
f 293 299 294
f 295 300 301
f 295 301 296
f 289 253 291
f 297 254 255
f 298 256 257
f 298 257 299
f 300 261 262
f 300 262 301
f 302 275 303
f 303 273 272
f 267 284 304
f 305 307 308
f 286 268 290
f 290 268 305
f 290 305 308
f 289 309 288
f 310 307 306
f 310 306 311
f 312 313 314
f 314 313 315
f 324 319 320
f 324 320 325
f 326 321 322
f 326 322 327
f 327 322 323
f 327 323 328
f 312 314 260
f 263 329 330
f 263 330 265
f 333 318 332
f 332 317 315
f 345 338 339
f 345 339 346
f 347 340 341
f 250 342 344
f 250 344 252
f 258 348 259
f 331 313 349
f 350 316 351
f 336 337 353
f 354 334 335
f 348 352 259
f 343 353 337
f 357 358 360
f 361 356 359
f 359 355 361
f 361 355 356
f 365 363 364
f 364 362 365
f 365 362 363
f 369 367 368
f 368 366 369
f 369 366 367
f 373 371 372
f 372 370 373
f 373 370 371
f 375 381 376
f 403 404 374
f 405 395 406
f 406 395 397
f 379 390 377
f 377 390 392
f 377 392 375
f 410 409 411
f 410 411 412
f 413 414 415
f 423 424 425
f 435 436 433
f 445 414 446
f 446 414 447
f 448 449 430
f 457 456 458
f 463 464 461
f 459 465 460
f 468 469 470
f 470 471 472
f 475 473 474
f 476 475 474
f 482 483 484
f 486 487 485
f 488 489 490
f 491 493 494
f 491 494 495
f 495 494 496
f 499 498 500
f 501 502 503
f 503 502 504
f 503 504 497
f 506 508 509
f 506 509 507
f 507 509 510
f 507 510 511
f 505 503 514
f 425 516 517
f 519 518 520
f 519 520 521
f 522 523 524
f 522 525 523
f 526 527 528
f 529 528 530
f 529 530 531
f 527 526 532
f 532 533 534
f 536 539 540
f 543 535 544
f 544 535 536
f 544 536 545
f 422 559 560
f 563 417 564
f 567 566 568
f 571 572 573
f 575 576 577
f 577 578 575
f 583 582 584
f 583 584 571
f 569 585 565
f 569 565 586
f 586 567 587
f 564 419 590
f 564 590 589
f 561 591 592
f 557 595 596
f 551 598 552
f 385 601 602
f 385 384 601
f 601 384 602
f 642 479 609
f 474 473 476
f 624 625 623
f 623 625 626
f 619 626 627
f 628 629 630
f 415 444 440
f 640 437 639
f 431 641 433
f 599 642 609
f 479 642 632
f 513 515 512
f 512 503 643
f 643 503 497
f 645 499 492
f 630 622 646
f 646 622 647
f 646 647 645
f 645 647 648
f 645 648 644
f 643 521 512
f 512 521 649
f 632 642 599
f 622 536 647
f 647 536 533
f 647 533 648
f 648 533 526
f 522 531 525
f 426 428 427
f 467 427 462
f 467 462 466
f 466 461 472
f 472 461 459
f 635 429 448
f 638 636 637
f 723 724 725
f 725 726 727
f 725 727 728
f 728 727 729
f 730 729 731
f 663 664 675
f 675 664 733
f 680 679 739
f 680 739 681
f 683 740 665
f 683 665 666
f 742 671 670
f 736 670 669
f 737 668 740
f 740 668 667
f 671 743 672
f 673 744 674
f 745 746 741
f 746 747 741
f 741 747 748
f 740 748 749
f 740 749 737
f 737 749 750
f 737 750 735
f 681 751 752
f 681 752 738
f 741 682 738
f 791 792 793
f 822 875 821
f 836 814 813
f 810 843 844
f 845 849 851
f 845 850 852
f 845 852 853
f 857 856 858
f 859 861 860
f 864 855 857
f 884 887 888
f 895 720 896
f 898 719 895
f 899 900 804
f 899 901 900
f 904 903 905
f 813 908 909
f 908 813 838
f 838 813 814
f 838 814 836
f 911 910 912
f 913 915 912
f 917 913 918
f 920 921 918
f 918 921 922
f 925 924 926
f 920 926 927
f 920 927 921
f 923 925 928
f 928 925 929
f 930 929 931
f 932 801 933
f 933 690 712
f 678 677 788
f 788 677 688
f 935 936 937
f 935 937 938
f 938 937 939
f 938 939 940
f 799 800 941
f 941 942 943
f 942 944 945
f 942 945 943
f 794 795 946
f 947 783 782
f 948 782 757
f 710 893 949
f 951 956 894
f 949 894 711
f 720 721 896
f 896 721 894
f 957 894 956
f 960 790 961
f 966 967 968
f 968 969 970
f 970 969 971
f 970 971 972
f 961 968 970
f 975 903 899
f 899 903 902
f 974 978 903
f 965 958 963
f 962 959 960
f 967 973 969
f 969 975 971
f 964 804 803
f 964 803 965
f 976 906 977
f 833 812 1013
f 980 981 982
f 983 984 985
f 842 986 841
f 845 987 988
f 991 990 992
f 991 992 993
f 993 992 994
f 983 996 997
f 983 997 998
f 998 938 934
f 934 938 940
f 934 788 787
f 983 1001 1002
f 1001 1003 1004
f 1001 1004 1002
f 1002 982 984
f 984 981 985
f 810 845 1005
f 1005 845 989
f 1005 989 1006
f 1006 989 991
f 1007 991 993
f 1008 993 995
f 995 980 982
f 995 982 1009
f 1009 982 1004
f 1009 1004 1010
f 1010 1004 1003
f 1010 1003 1011
f 1011 1003 787
f 1011 787 1012
f 1012 787 789
f 695 691 789
f 789 691 801
f 789 801 1012
f 1012 801 931
f 1012 931 1011
f 1011 929 1010
f 1010 929 925
f 1010 925 1009
f 1009 925 920
f 1009 920 1008
f 1008 918 1007
f 1007 918 913
f 1005 912 910
f 833 826 812
f 826 1013 812
f 1014 759 786
f 879 758 1015
f 761 760 1016
f 1016 760 1017
f 1016 1017 1018
f 1018 1017 1019
f 1016 784 761
f 761 786 762
f 1019 1020 1018
f 1018 1020 1021
f 785 1023 786
f 786 1023 1024
f 1014 1025 1015
f 1017 781 1019
f 1019 781 783
f 1020 793 795
f 795 793 792
f 795 792 946
f 795 796 798
f 1020 798 1027
f 1021 1027 1028
f 1022 1028 1029
f 1024 1030 1031
f 1025 1032 1026
f 1026 1033 807
f 942 938 1000
f 797 1000 999
f 798 999 997
f 1027 996 1028
f 1028 985 1029
f 1029 981 1030
f 1030 981 980
f 1031 980 994
f 1032 994 992
f 888 990 988
f 1034 754 753
f 756 755 1035
f 693 694 1038
f 1040 1035 1041
f 1045 1037 1036
f 763 875 822
f 763 822 821
f 1044 1046 1043
f 1043 1047 1042
f 1041 1048 1040
f 1040 1048 1049
f 1039 1051 1052
f 1053 953 952
f 1054 950 1055
f 1058 1057 1059
f 954 1056 955
f 1053 1051 1050
f 1057 1047 1046
f 1057 1046 1059
f 897 803 802
f 1061 905 979
f 1064 907 1065
f 1066 1062 1067
f 1068 1063 1069
f 1070 1065 1071
f 767 1066 1067
f 767 1067 775
f 776 1068 1069
f 776 1069 777
f 777 1069 1070
f 777 1070 779
f 780 1072 766
f 1074 1073 1075
f 1077 1075 1076
f 764 1077 1078
f 765 1078 1060
f 1080 866 1081
f 862 863 1082
f 1082 864 1083
f 1083 865 1084
f 1086 916 915
f 1086 915 1087
f 1087 915 914
f 1087 914 1088
f 914 917 1088
f 1088 917 919
f 1088 919 1089
f 1089 922 921
f 924 1091 926
f 926 1091 1090
f 926 1090 927
f 927 1090 921
f 1095 1084 1085
f 1096 1085 1086
f 1096 1086 1097
f 1097 1087 1098
f 1098 1087 1088
f 1098 1088 1099
f 1099 1088 1089
f 1100 1090 1101
f 1101 1090 1091
f 1101 1091 1102
f 778 1079 1092
f 778 1092 768
f 769 1093 1094
f 770 1095 1096
f 774 1096 1097
f 771 1098 773
f 772 1099 1100
f 1104 1102 1091
f 1104 1091 923
f 923 1091 924
f 1103 1104 930
f 713 1103 933
f 933 1103 932
f 1119 1120 1121
f 434 1123 432
f 1121 1118 1125
f 1122 1119 1121
f 1122 1121 1123
f 1123 1125 1124
f 1128 1126 1127
f 1128 1127 1129
f 1116 1130 1117
f 1131 378 376
f 376 381 1131
f 1131 381 380
f 1131 380 382
f 439 438 1132
f 442 441 1133
f 716 1105 717
f 1134 1135 1132
f 1119 439 1132
f 570 569 1136
f 586 587 1137
f 588 589 1138
f 1140 1115 1113
f 1141 1108 1142
f 594 1145 1146
f 1144 1141 1145
f 592 591 1147
f 1147 591 597
f 1106 1112 1148
f 1148 1112 1149
f 1143 1148 1147
f 1147 1148 1150
f 592 1150 1151
f 592 1151 593
f 1138 1139 1153
f 1153 1152 1111
f 1137 588 1138
f 1110 1109 1155
f 1155 1109 1156
f 569 586 1136
f 1136 586 1137
f 1136 1137 1155
f 1155 1137 1154
f 574 570 1157
f 1158 1136 1156
f 1158 1156 1107
f 1107 1156 1109
f 1158 1107 1114
f 1157 1158 1159
f 1160 571 573
f 1162 579 580
f 1162 580 1160
f 715 1162 1161
f 815 616 816
f 612 819 613
f 818 615 817
f 817 615 614
f 610 820 611
f 608 825 603
f 603 829 828
f 827 605 604
f 607 811 606
f 600 831 830
f 708 452 451
f 708 451 450
f 450 454 708
f 709 455 453
f 1167 1168 703
f 703 1168 1169
f 703 1169 1170
f 1171 705 703
f 1171 703 1172
f 1172 703 1170
f 542 1173 1174
f 701 1174 1175
f 537 701 538
f 699 540 701
f 701 540 539
f 1180 1181 1182
f 1182 1181 1183
f 1186 1188 1189
f 1192 1191 1193
f 1194 1184 1187
f 1187 1179 1194
f 1194 1179 1184
f 1199 1200 1201
f 1201 1200 1202
f 1204 1197 1198
f 1198 1196 1204
f 1204 1196 1197
f 724 1205 1206
f 1207 732 1208
f 1208 732 684
f 1208 684 687
f 1195 1203 706
f 1183 696 1185
f 1185 696 697
f 1188 698 1190
f 1190 698 700
f 1190 700 1191
f 1191 700 702
f 1193 702 704
f 1212 1213 1209
f 1216 1217 1218
f 1216 1219 1220
f 1216 1220 1212
f 1212 1220 1221
f 1222 1223 1224
f 1224 1223 1225
f 1224 1225 1216
f 1216 1225 1215
f 1226 1227 1224
f 1224 1227 1228
f 1224 1228 1222
f 1230 1226 1231
f 1235 1236 1237
f 1237 1236 1238
f 1233 1238 1239
f 1233 1239 1232
f 1240 1241 1242
f 1242 1241 1243
f 1244 1245 1246
f 1246 1247 1244
f 1244 1248 1237
f 1237 1248 1249
f 1237 1249 1235
f 1250 1251 1252
f 1251 1253 1252
f 1262 383 1261
f 1262 408 407
f 1263 401 400
f 400 399 1263
f 1263 402 401
f 1265 398 396
f 396 394 1265
f 1265 393 1264
f 1259 391 389
f 1260 388 387
f 1260 387 1259
f 1259 387 386
f 1271 1272 1267
f 1267 1273 1266
f 1271 1275 1276
f 1271 1276 1270
f 1277 1278 1274
f 1279 1281 1282
f 1283 1284 1285
f 1280 1286 1287
f 1285 1289 1283
f 1293 1296 1290
f 1298 1299 1300
f 1300 1299 1301
f 1293 1301 1302
f 1293 1302 1291
f 1303 1304 1300
f 1300 1304 1305
f 1306 1307 1303
f 1303 1310 1306
f 1312 1313 1314
f 1314 1313 1315
f 1308 1316 1311
f 1319 1320 1314
f 1314 1320 1321
f 1324 1323 1325
f 1324 1328 1319
f 1319 1328 1329
f 1319 1329 1317
f 1330 1331 1332
f 1332 1333 1322
f 1322 1333 1334
f 1322 1334 1323
f 1335 1336 1337
f 1340 1341 1342
f 1337 1342 1343
f 1337 1343 1335
f 1350 873 872
f 1350 872 1351
f 870 1350 1349
f 870 1349 871
f 1348 868 1349
f 1348 867 869
f 1347 809 808
f 1347 808 858
f 1345 846 1346
f 1346 846 844
f 851 849 1344
f 1344 849 848
f 1344 848 1345
f 1345 848 847
f 1345 847 846
f 1353 853 852
f 1353 852 1344
f 1352 854 1353
f 835 1357 1356
f 1355 837 832
f 839 1354 1362
f 840 1361 1360
f 834 1359 1358
f 1365 824 1366
f 1366 824 823
f 874 1364 1363
f 890 889 1373
f 890 1373 891
f 891 1373 1372
f 891 1372 892
f 805 1370 806
f 806 1370 1369
f 1371 886 885
f 1368 877 881
f 1368 881 1369
f 1369 881 880
f 877 1368 878
f 878 1368 1367
f 878 1367 882
f 1375 883 1367
f 1374 876 1375
f 545 546 1388
f 1390 1165 1391
f 1391 1165 1163
f 1166 1389 417
f 1166 417 562
f 542 543 1173
f 1176 1175 1395
f 418 1389 1401
f 1250 1406 1251
f 1251 1407 1253
f 1253 1407 1408
f 1164 1171 1393
f 1393 1399 1392
f 1392 1399 1411
f 1391 1411 1412
f 1391 1412 1390
f 1390 1413 1410
f 1410 1413 1414
f 1410 1414 1409
f 1409 1415 1405
f 1405 1415 1416
f 1404 1417 1403
f 1403 1417 1418
f 1419 1246 1420
f 1420 1245 1421
f 1421 1245 1243
f 1421 1243 1422
f 1423 1241 1240
f 1424 1240 1255
f 1408 1255 1254
f 1406 1418 1407
f 1407 1418 1417
f 1407 1417 1408
f 1408 1417 1416
f 1408 1416 1424
f 1424 1416 1415
f 1424 1415 1423
f 1423 1415 1414
f 1423 1414 1422
f 1422 1414 1413
f 1421 1413 1412
f 1420 1412 1411
f 1420 1411 1419
f 1419 1399 1425
f 1425 1397 1426
f 1426 1397 1398
f 1426 1398 1427
f 1427 1235 1426
f 1426 1235 1249
f 1426 1249 1425
f 1425 1248 1419
f 1239 1238 1427
f 1428 1430 1431
f 1169 1168 1398
f 1398 1168 1396
f 1398 1396 1427
f 1427 1396 1429
f 1427 1429 1239
f 1232 1428 1431
f 1177 1176 1432
f 1433 1434 1435
f 1436 1395 1394
f 1394 544 1437
f 1435 1234 1431
f 1433 1431 1430
f 1432 1178 1177
f 1443 1441 1440
f 1444 1439 1445
f 1445 1439 1438
f 1388 1437 545
f 1229 1230 1446
f 1446 1442 1447
f 1447 1442 1443
f 1448 1444 1449
f 1387 1388 541
f 1387 547 1450
f 1449 1451 1448
f 1446 1453 1454
f 1456 1386 1457
f 1460 1459 1461
f 1462 1461 1463
f 1386 1464 1457
f 1457 1464 1465
f 1461 1466 1467
f 1450 1455 1451
f 1451 1456 1452
f 1453 1458 1460
f 1453 1460 1454
f 1454 1460 1462
f 1227 1463 1228
f 1228 1468 1222
f 1470 1468 1467
f 1471 1467 1466
f 1471 1466 1472
f 1385 1465 1464
f 549 1464 548
f 1215 1225 1473
f 1473 1225 1469
f 1473 1469 1474
f 1384 1215 1473
f 1476 1474 1477
f 1477 1474 1475
f 1477 1475 1478
f 1481 1477 1482
f 1483 1217 1479
f 1483 1479 1484
f 1484 1480 1485
f 1485 1481 1486
f 1487 1218 1483
f 1487 1483 1488
f 1489 1484 1485
f 1493 1488 1489
f 1494 1489 1490
f 1494 1490 1495
f 1495 1490 1491
f 1210 1221 1496
f 1496 1381 1497
f 1497 1492 1498
f 1498 1492 1493
f 1498 1493 1499
f 1499 1493 1494
f 1499 1494 1500
f 1500 1494 1495
f 1211 1210 1501
f 1501 1496 1502
f 1213 1211 1379
f 1507 1503 1508
f 1508 1503 1504
f 1508 1504 1383
f 1383 1504 1505
f 1377 1214 1379
f 1377 1379 1509
f 1510 1506 1507
f 1510 1507 1511
f 1511 1507 1508
f 1514 1510 1511
f 1515 1382 551
f 1376 1512 1516
f 1517 1513 1514
f 1517 1514 1518
f 1518 1514 1515
f 1518 1515 550
f 1519 1256 1376
f 1523 1257 1519
f 1524 1520 1525
f 554 1380 553
f 556 558 1378
f 1528 1526 1529
f 1529 1258 1523
f 555 1525 554
f 1522 560 559
f 1521 559 421
f 1521 421 1527
f 1527 421 420
f 1400 1401 1402
f 1400 1402 1530
f 1531 1406 1532
f 1532 1406 1250
f 1526 1531 1532
f 1533 620 627
f 1533 627 1534
f 1534 627 626
f 1534 626 1535
f 1536 624 1537
f 1335 1538 1539
f 1335 1539 1336
f 1336 1539 1540
f 1336 1540 1338
f 1338 1540 1339
f 1331 1542 1543
f 1331 1543 1333
f 1545 629 1546
f 1323 1547 1325
f 1325 1548 1326
f 1326 1549 1327
f 1328 1551 1329
f 1329 1551 1552
f 1329 1552 1317
f 1317 1552 1553
f 1317 1553 1318
f 1320 1554 1321
f 1321 1554 1555
f 1557 481 480
f 1309 1563 1564
f 1306 1565 1566
f 1304 1569 1570
f 1304 1570 1305
f 1301 1572 1573
f 1577 631 1579
f 1579 416 1580
f 1292 1574 1582
f 1292 1582 1294
f 1295 1583 1584
f 1581 633 634
f 1296 1584 1297
f 1585 617 1587
f 617 618 1587
f 1589 621 620
f 1587 1590 1591
f 1576 1578 1598
f 1575 1599 1600
f 1575 1600 1568
f 1568 1601 1567
f 1567 1602 1562
f 1561 1604 1605
f 1560 1605 1606
f 1550 1609 1610
f 1591 1618 1619
f 1592 1620 1593
f 1593 1621 1594
f 1595 1623 1596
f 1596 1623 1624
f 1597 1624 1625
f 1578 1625 1626
f 1578 1626 1598
f 1598 1626 1627
f 1601 1629 1630
f 1603 1631 1632
f 1605 1633 1634
f 1606 1634 1635
f 1607 1638 1608
f 1609 1639 1610
f 1610 1639 1640
f 1611 1641 1642
f 1612 1643 1644
f 1613 1645 1614
f 1614 1646 1615
f 1615 1646 1647
f 1615 1647 1616
f 1616 1648 1617
f 1619 1650 1588
f 1621 1586 1622
f 1622 1586 1584
f 1622 1584 1623
f 1623 1583 1624
f 1624 1583 1582
f 1624 1582 1625
f 1625 1582 1574
f 1626 1574 1573
f 1627 1573 1572
f 1628 1571 1629
f 1629 1571 1570
f 1629 1570 1630
f 1633 1565 1564
f 1633 1564 1634
f 1634 1564 1563
f 1634 1563 1635
f 1636 1559 1558
f 1637 1556 1555
f 1638 1555 1554
f 1639 1553 1552
f 1639 1552 1640
f 1640 1551 1641
f 1641 1549 1642
f 1642 1548 1643
f 1643 1548 1547
f 1643 1547 1644
f 1644 1544 1645
f 1645 1544 1543
f 1645 1543 1646
f 1646 1543 1542
f 1647 1542 1541
f 1648 1541 1540
f 1648 1540 1649
f 620 1533 1589
f 658 653 1651
f 1652 661 660
f 651 650 1653
f 1653 650 657
f 1653 657 656
f 654 655 1269
f 1654 1273 1272
f 1654 1272 1655
f 1656 1276 1275
f 1656 1275 1657
f 477 1651 478
f 1661 1287 1286
f 1661 1286 1663
f 1665 1289 1288
f 1668 1659 1669
f 1669 1659 1658
f 652 1651 653
f 1663 1664 1666
f 1660 1662 1667
f 1268 662 1652
f 1690 1691 1692
f 1693 1694 1692
f 1692 1694 1695
f 1692 1695 1690
f 1702 1703 1704
f 1705 446 1706
f 1714 1716 1717
f 1723 1724 1725
f 1726 1723 1727
f 1728 1725 1729
f 1733 1731 1734
f 1734 1731 1730
f 1732 1726 1730
f 1730 1727 1735
f 1735 1727 1736
f 1736 1727 1737
f 1739 1738 1740
f 1741 1740 1742
f 1741 1742 1743
f 1743 1742 1744
f 1722 1748 1749
f 1749 1750 1722
f 1720 1751 1752
f 1720 1752 1745
f 1756 1755 1757
f 1756 1757 1758
f 1758 1757 1759
f 1758 1759 1748
f 1748 1759 1760
f 1748 1760 1749
f 1753 1754 1761
f 1761 1762 1763
f 1763 1764 1765
f 1765 1764 1766
f 1766 1764 1767
f 1766 1767 1768
f 1772 1771 1773
f 1772 1773 1767
f 1767 1773 1774
f 1767 1774 1768
f 1769 1770 1775
f 1779 1780 1781
f 1783 1782 1784
f 1786 1787 1788
f 1788 1787 1789
f 1791 1790 1792
f 1791 1792 1793
f 1793 1792 1794
f 1797 1798 1796
f 1796 1798 1799
f 1801 1802 1803
f 1805 1804 1806
f 1805 1806 1797
f 1797 1806 1807
f 1797 1807 1798
f 1800 1801 1808
f 1808 1809 1810
f 1810 1809 1811
f 1811 1809 1812
f 1814 1813 1704
f 1815 1703 1816
f 1718 1719 1817
f 1817 1719 1818
f 1820 1819 1821
f 1822 1823 1824
f 1824 1823 1825
f 1824 1825 1826
f 1826 1827 1821
f 1821 1827 1828
f 1822 1832 1823
f 1833 1834 1835
f 1833 1835 1830
f 1830 1835 1836
f 1830 1836 1831
f 1837 1838 1839
f 1839 1840 1833
f 1844 1845 1846
f 1847 1848 1849
f 1849 1848 1850
f 1849 1850 1846
f 1846 1850 1851
f 1854 1856 1853
f 1853 1856 1857
f 1713 1857 1858
f 1713 1858 1712
f 1861 1706 1865
f 1865 446 1863
f 1866 443 1867
f 1870 1869 1871
f 1878 1876 1879
f 1883 1881 1884
f 1883 1884 1885
f 1886 1887 1888
f 1888 1887 1889
f 1886 1891 1892
f 1893 1894 1890
f 1890 1894 1895
f 1890 1895 1891
f 1898 1897 1899
f 1898 1899 1900
f 1902 1709 1901
f 1905 1903 1906
f 1910 1909 1911
f 1906 1911 1912
f 1906 1912 1907
f 1913 1914 1915
f 1916 1917 1918
f 1919 1920 1921
f 1919 1922 1923
f 1926 1927 1924
f 1924 1927 1928
f 1924 1928 1919
f 1931 1932 1926
f 1939 1938 1940
f 1939 1940 1941
f 1943 1945 1944
f 1944 1945 1946
f 1947 1946 1949
f 1947 1949 1950
f 1952 1951 1953
f 1953 1955 1954
f 1954 1955 577
f 1939 1956 1937
f 1937 1956 1935
f 1934 1931 1957
f 1926 1958 1931
f 1931 1958 1959
f 1931 1959 1957
f 1962 1963 1964
f 1921 1965 1966
f 1966 1967 1921
f 1968 1969 1970
f 1970 1969 1971
f 1970 1971 1972
f 1974 1975 1971
f 1971 1975 1976
f 1971 1977 1972
f 1978 1687 1979
f 1978 1979 1974
f 1980 1981 1707
f 1982 1980 1983
f 1983 1980 1707
f 1708 1707 1689
f 1708 1689 1688
f 1968 1973 1969
f 1985 1984 1986
f 1986 1984 1962
f 1986 1962 1921
f 1914 1908 1915
f 1915 1910 1987
f 1987 1910 1906
f 1989 1906 1903
f 1990 1903 1710
f 1991 1846 1992
f 1992 1846 1993
f 1994 1995 1996
f 1998 1997 1999
f 2002 2001 2003
f 2002 2003 2004
f 2004 2003 2005
f 2009 1713 2010
f 2011 1717 1852
f 2012 1852 1991
f 2012 1991 2013
f 2013 1991 1992
f 2014 1992 1994
f 2014 1994 2015
f 2015 1994 1996
f 2016 1998 2017
f 2018 2000 2002
f 2018 2002 2019
f 2019 2002 2004
f 1709 2006 1901
f 1901 2006 1777
f 1871 1860 2008
f 1871 2008 1873
f 1875 2010 1876
f 1879 2011 2012
f 1879 2012 1881
f 1881 2013 1884
f 1884 2013 2014
f 1884 2014 1888
f 1888 2014 2015
f 1888 2015 1886
f 1886 2015 2016
f 1890 2016 2017
f 1890 2017 1893
f 1897 2018 2019
f 1901 1777 1902
f 1843 1837 1839
f 2022 2021 2023
f 2022 2023 2024
f 2026 2027 2028
f 2028 2027 2029
f 2028 2029 2030
f 2030 2029 2031
f 2032 2033 2034
f 1846 1841 1843
f 1846 1843 1993
f 1995 2020 2022
f 1995 2022 1997
f 1997 2022 2024
f 1997 2024 1999
f 2007 2032 2034
f 1720 2035 1721
f 2035 2036 1721
f 1721 2036 2037
f 1722 2038 1748
f 1748 2038 2039
f 1758 2039 2040
f 1758 2040 1756
f 1756 2041 1754
f 1754 2041 2042
f 1754 2042 1762
f 1762 2042 2043
f 1767 2044 1700
f 1767 1700 1772
f 1772 1700 1699
f 2045 2044 2046
f 2046 2044 2043
f 2046 2043 2047
f 2047 2043 2042
f 2047 2042 2048
f 2048 2042 2041
f 2049 2040 2050
f 2050 2040 2039
f 2050 2039 1729
f 1728 2038 2037
f 1728 2037 1727
f 1727 2037 2036
f 1738 2036 2035
f 1740 2035 1746
f 1742 1747 1744
f 1918 1913 1915
f 1918 1915 2051
f 2051 1915 1987
f 2052 1987 1988
f 2052 1988 1696
f 1698 1697 2053
f 1724 1982 1725
f 1725 1982 1983
f 1725 1983 1729
f 1729 1708 2050
f 2050 1978 2049
f 2049 1974 2048
f 2048 1974 1971
f 2047 1971 1969
f 2046 1969 1984
f 2046 1984 2045
f 2045 1984 1985
f 1921 1916 1918
f 1921 1918 1986
f 1986 2051 1985
f 1985 2052 1701
f 1699 1698 1770
f 1770 1698 2053
f 1770 2053 1776
f 1778 2054 1777
f 2054 1709 1902
f 2054 1902 1777
f 1778 1777 2006
f 1780 2031 2029
f 1780 2029 1782
f 1782 2029 2027
f 1782 2027 1785
f 1785 2027 2025
f 1785 2025 1787
f 1787 2023 1790
f 1790 2023 2021
f 1792 2021 1839
f 1795 1839 1833
f 1796 1833 1830
f 1797 1830 1829
f 1797 1829 1805
f 1805 1829 1822
f 1805 1822 1803
f 1803 1824 1801
f 1801 1824 1826
f 1801 1826 1809
f 1809 1821 1812
f 1813 1818 1704
f 1704 1719 1702
f 676 734 1680
f 1680 734 1670
f 1680 1670 1671
f 2065 2066 2067
f 2056 2058 2068
f 2058 2059 2068
f 2070 2071 2072
f 2072 2071 2073
f 2065 2067 2074
f 2060 2077 2075
f 2077 2062 2064
f 2077 2064 2068
f 2068 2057 2056
f 2079 2080 2081
f 2081 2080 2082
f 1683 2088 2089
f 1683 2089 1684
f 1684 2090 1685
f 2091 2092 2090
f 2090 2092 2093
f 2090 2093 1685
f 1685 2093 2094
f 1685 2095 2096
f 2096 2097 1685
f 1685 2098 1682
f 2099 2100 2089
f 2101 2091 2102
f 2102 2091 2090
f 2105 2104 2106
f 2108 2107 2104
f 2109 2104 2103
f 2106 1676 1675
f 2106 1675 2110
f 1672 2111 1673
f 2112 1675 1674
f 2112 1674 1673
f 2104 1678 1677
f 2104 1677 1676
f 2104 2089 2088
f 2104 2088 1679
f 2181 2182 2183
f 2184 2185 2144
f 2186 2187 2188
f 2127 2126 2189
f 2196 2197 2198
f 2206 2207 2208
f 2217 2218 2219
f 2220 2221 2222
f 2223 2224 2194
f 2194 2224 2225
f 2230 2231 2232
f 2232 2231 2233
f 2232 2233 2234
f 2239 2240 2241
f 2240 2242 2241
f 2241 2242 2243
f 2241 2243 2230
f 2230 2243 2244
f 2230 2244 2228
f 2247 2248 2239
f 2249 2250 2251
f 2249 2252 2222
f 2258 2260 2261
f 2258 2261 2262
f 2219 2218 2263
f 2265 2266 2258
f 2258 2266 2267
f 2258 2267 2256
f 2216 2215 2219
f 2219 2215 2268
f 2219 2271 2217
f 2274 2273 2275
f 2274 2275 2276
f 2279 2280 2277
f 2277 2280 2281
f 2285 2286 2287
f 2287 2286 2288
f 2289 2290 2291
f 2214 2296 2297
f 2291 2297 2298
f 2291 2298 2289
f 2300 2301 2302
f 2302 2303 2304
f 2299 2300 2305
f 2305 2306 2307
f 2210 2309 2308
f 2308 2309 2310
f 2311 2312 2187
f 2187 2312 2313
f 2186 2314 2187
f 2277 2322 2321
f 2318 2324 2325
f 2331 2327 2332
f 1681 2333 2334
f 688 677 1681
f 688 1681 2335
f 2335 2334 2336
f 2333 2337 2334
f 2334 2337 2338
f 2334 2338 2327
f 2339 695 2336
f 2340 712 2341
f 2340 2343 2344
f 2340 2344 712
f 2346 2195 2226
f 2346 2226 2347
f 2347 2226 2348
f 2227 2272 2226
f 2352 2353 2274
f 2272 2354 2355
f 2356 2350 2357
f 2362 2366 2367
f 2368 2369 2365
f 2365 2369 2370
f 2365 2370 2366
f 2374 2375 2373
f 2376 2377 2378
f 2376 2378 2374
f 2374 2378 2379
f 2374 2379 2375
f 2204 2381 2380
f 2380 2381 2382
f 2380 2382 2208
f 2208 2382 2383
f 2208 2383 2206
f 2384 2205 2385
f 2389 2390 2391
f 2390 2393 2394
f 2390 2394 2391
f 2395 2396 2397
f 2397 2396 2398
f 2399 719 718
f 2402 710 2403
f 692 689 2200
f 2200 689 2405
f 2200 2405 2406
f 2199 2200 693
f 2407 2189 2126
f 2407 2126 685
f 2410 2411 2412
f 2412 2411 2413
f 2414 2415 2181
f 2197 2416 2417
f 2418 2198 2419
f 2419 2198 2329
f 2198 2420 2196
f 2196 2421 2197
f 2197 2421 2422
f 2327 2423 2334
f 2334 2423 2424
f 2334 2424 2425
f 2239 2241 2247
f 2247 2241 2426
f 2247 2426 2427
f 2255 2428 2250
f 2247 2222 2221
f 2247 2221 2245
f 2432 2431 2265
f 2433 2258 2255
f 2255 2262 2254
f 2435 2342 2340
f 2435 2340 2436
f 2436 2340 2341
f 2436 2341 2339
f 2339 2341 691
f 2339 691 695
f 2339 2334 2425
f 2339 2425 2436
f 2436 2425 2437
f 2436 2437 2435
f 2234 2235 2232
f 2232 2235 2193
f 2361 2358 2359
f 2359 2358 2357
f 2359 2357 2263
f 2263 2357 2350
f 2263 2350 2219
f 2216 2274 2276
f 2430 2441 2431
f 2431 2441 2359
f 2431 2359 2265
f 2444 2368 2365
f 2359 2362 2364
f 2277 2446 2278
f 2278 2446 2284
f 2447 2448 2449
f 2451 2450 2452
f 2453 2452 2454
f 2455 2456 2457
f 2457 2456 2458
f 2459 2458 2460
f 2459 2460 2461
f 2461 2460 2293
f 2461 2293 2462
f 2462 2293 2287
f 2462 2287 2463
f 2288 2283 2287
f 2287 2284 2463
f 2463 2446 2464
f 2464 2446 2445
f 2465 2191 2466
f 2465 2466 2467
f 2191 2469 2466
f 2466 2469 2470
f 2467 2470 2392
f 2467 2392 2471
f 2471 2392 2390
f 2472 2390 2387
f 2473 2385 2474
f 2474 2385 2205
f 2474 2205 2475
f 2475 2380 2476
f 2477 2208 2376
f 2479 2374 2373
f 2152 2372 2442
f 2480 2481 2482
f 2202 2483 2484
f 2202 2484 2482
f 2190 2486 2192
f 2192 2403 2468
f 2468 2403 2480
f 2469 2485 2470
f 2404 722 2403
f 2403 722 2401
f 2480 2401 2400
f 2480 2400 2481
f 2481 2398 2482
f 2202 2396 2395
f 2487 2153 2151
f 2487 2151 2488
f 2488 2151 2150
f 2150 2149 2489
f 2489 2149 2131
f 2489 2131 2490
f 2490 2130 2491
f 2491 2129 2128
f 2492 2128 2120
f 2495 2133 2496
f 2496 2133 2132
f 2496 2132 2497
f 2494 2138 2498
f 2498 2138 2137
f 2498 2137 2495
f 2495 2137 2134
f 2495 2134 2133
f 2121 2500 2122
f 2122 2500 2501
f 2502 2503 2504
f 2504 2503 2505
f 2124 2123 2502
f 2502 2501 2503
f 2503 2501 2500
f 2503 2500 2505
f 2505 2500 2506
f 2505 2506 2507
f 2186 2508 2326
f 2509 2200 2406
f 2509 2406 2510
f 2507 2511 2321
f 2320 2316 2321
f 2321 2316 2318
f 2321 2318 2507
f 2507 2318 2326
f 2507 2326 2505
f 2505 2326 2508
f 2504 2188 2308
f 2308 2188 2187
f 2308 2187 2211
f 2211 2187 2313
f 2211 2313 2209
f 2478 2449 2477
f 2474 2455 2457
f 2473 2459 2472
f 2472 2461 2471
f 2467 2462 2463
f 2467 2463 2465
f 2465 2463 2464
f 2465 2464 2190
f 2190 2464 2445
f 2190 2445 2486
f 2486 2445 2321
f 2402 2507 2510
f 2510 2507 2506
f 2290 2292 2291
f 2512 2293 2460
f 2512 2460 2513
f 2513 2460 2458
f 2513 2458 2514
f 2514 2458 2456
f 2514 2456 2515
f 2515 2456 2454
f 2516 2454 2452
f 2517 2452 2450
f 2518 2519 2147
f 2147 2408 2146
f 2146 2408 2409
f 2146 2409 2119
f 2520 2141 2521
f 2521 2142 2185
f 2147 2148 2518
f 2522 2139 2520
f 2520 2139 2140
f 2184 2143 2523
f 2523 2143 2135
f 2523 2135 2524
f 2524 2136 2525
f 2527 2154 2145
f 2528 2529 2530
f 2530 2531 2532
f 2182 2528 2183
f 2183 2528 2530
f 2533 2530 2532
f 2198 2181 2183
f 2198 2183 2330
f 2330 2533 2423
f 2423 2534 2424
f 2182 2410 2412
f 2182 2412 2528
f 2528 2535 2529
f 2529 2535 2536
f 2529 2536 2531
f 2531 2536 2537
f 2538 2537 2539
f 2538 2539 2540
f 2540 2539 2541
f 2542 2541 2543
f 2547 2548 2549
f 2549 2548 2550
f 2549 2550 2551
f 2551 2550 2552
f 2555 2489 2556
f 2556 2489 2490
f 2556 2490 2557
f 2557 2491 2558
f 2558 2492 2559
f 2559 2493 2560
f 2560 2493 2494
f 2560 2494 2302
f 2302 2494 2498
f 2300 2495 2306
f 2306 2495 2496
f 2308 2496 2497
f 2308 2497 2504
f 2504 2497 2499
f 2504 2499 2502
f 2502 2499 2125
f 2502 2125 2124
f 2412 2408 2535
f 2535 2408 2519
f 2535 2519 2536
f 2536 2518 2537
f 2537 2522 2539
f 2539 2522 2520
f 2539 2520 2541
f 2541 2520 2521
f 2541 2521 2543
f 2543 2185 2545
f 2545 2185 2184
f 2545 2184 2546
f 2546 2184 2523
f 2546 2523 2548
f 2548 2523 2524
f 2548 2524 2550
f 2550 2524 2525
f 2550 2525 2552
f 2552 2525 2526
f 2442 2553 2152
f 2302 2212 2214
f 2302 2214 2560
f 2560 2291 2559
f 2559 2291 2512
f 2558 2512 2513
f 2557 2513 2514
f 2557 2514 2556
f 2556 2515 2555
f 2555 2515 2516
f 2555 2516 2554
f 2554 2516 2517
f 2553 2442 2372
f 2549 2443 2444
f 2544 2432 2542
f 2542 2432 2433
f 2540 2433 2255
f 2538 2429 2531
f 2531 2429 2427
f 2531 2427 2532
f 2532 2426 2534
f 2534 2426 2241
f 2534 2241 2424
f 2424 2241 2230
f 2425 2230 2232
f 2425 2232 2437
f 2437 2232 2439
f 2437 2439 2438
f 2563 2564 2565
f 2561 2155 2564
f 2561 2564 2397
f 2438 2440 2566
f 2344 2343 2567
f 2567 713 2344
f 2344 713 712
f 2569 2568 2570
f 2438 2566 2434
f 2156 2159 2571
f 2571 2569 2566
f 2566 2569 2570
f 2115 2085 2116
f 2116 2085 2086
f 2117 2084 2118
f 2118 2084 2083
f 2118 2083 2114
f 2113 2087 686
f 686 2087 659
f 1866 1868 2597
f 2598 2597 1872
f 2601 2602 2600
f 2600 2602 2603
f 2600 2603 714
f 714 2603 1954
f 714 1954 576
f 1944 1947 2602
f 2603 1950 1952
f 2603 1952 1954
f 1942 1944 2604
f 2604 1944 2602
f 2605 2601 2575
f 2606 2375 2607
f 2608 2378 2609
f 2378 2377 2609
f 2609 2377 2207
f 2207 2206 2610
f 2610 2206 2383
f 2611 2383 2382
f 2611 2382 2612
f 2382 2381 2612
f 2612 2381 2204
f 2204 2203 2613
f 2615 2386 2388
f 2615 2388 2616
f 2391 2394 2617
f 2617 2393 2618
f 2618 2393 2483
f 2618 2483 2201
f 2563 2618 2562
f 2562 2618 2201
f 2619 2608 2620
f 2620 2608 2609
f 2620 2609 2621
f 2621 2610 2622
f 2623 2611 2612
f 2624 2612 2613
f 2625 2614 2626
f 2626 2614 2615
f 2627 2615 2616
f 2627 2616 2628
f 2628 2616 2617
f 2629 2618 2630
f 2161 2619 2620
f 2161 2620 2162
f 2162 2620 2621
f 2163 2621 2622
f 2163 2622 2164
f 2164 2622 2623
f 2164 2623 2165
f 2165 2624 2166
f 2166 2624 2625
f 2170 2625 2626
f 2169 2627 2628
f 2168 2629 2167
f 2167 2629 2630
f 2167 2630 2171
f 2566 2345 2633
f 2566 2633 2571
f 2345 2346 2633
f 2633 2347 2635
f 2347 2348 2635
f 2635 2349 2636
f 2349 2355 2636
f 2636 2354 2637
f 2637 2352 2638
f 2638 2352 2351
f 2638 2351 2639
f 2639 2356 2358
f 2639 2358 2640
f 2358 2361 2640
f 2360 2364 2641
f 2641 2364 2363
f 2363 2367 2642
f 2642 2367 2366
f 2642 2366 2643
f 2366 2370 2643
f 2643 2369 2644
f 2644 2371 2645
f 2634 2633 2635
f 2634 2635 2646
f 2646 2636 2647
f 2647 2636 2637
f 2647 2637 2648
f 2648 2638 2649
f 2649 2639 2650
f 2650 2639 2640
f 2650 2640 2651
f 2653 2643 2654
f 2654 2643 2644
f 2655 2644 2645
f 2655 2645 2656
f 2656 2645 2631
f 2656 2631 2632
f 2172 2634 2646
f 2172 2646 2173
f 2174 2647 2648
f 2174 2648 2179
f 2179 2648 2649
f 2179 2649 2176
f 2176 2650 2178
f 2177 2651 2652
f 2175 2652 2653
f 2180 2653 2654
f 2180 2654 2157
f 2157 2654 2655
f 2158 2656 2160
f 2657 1892 1891
f 1896 2660 2661
f 2658 1894 2661
f 1891 2658 2662
f 1891 2662 2657
f 1892 2657 1887
f 1887 2663 1889
f 1885 2665 1883
f 2666 1880 2665
f 2665 1880 1882
f 2665 1882 1883
f 2668 1877 1878
f 2671 2670 2667
f 2673 2668 2666
f 2675 2665 2664
f 2676 2664 2663
f 2677 2657 2678
f 2678 2657 2662
f 2678 2662 2679
f 2679 2662 2658
f 2679 2658 2680
f 2680 2658 2661
f 2681 2661 2660
f 2583 2671 2672
f 2585 2672 2673
f 2586 2673 2674
f 2584 2675 2587
f 2578 2676 2677
f 2578 2677 2579
f 2579 2677 2678
f 2579 2678 2580
f 2580 2678 2679
f 2580 2679 2581
f 2581 2679 2680
f 2582 2681 2577
f 2577 2681 2659
f 2599 1874 2670
f 2599 2670 2598
f 2598 2670 2669
f 2574 2573 2683
f 2683 2573 2684
f 2576 2684 2572
f 2572 2684 2573
f 2604 2605 2686
f 1956 2687 1935
f 2689 1930 2688
f 2688 1930 1929
f 1919 1928 2690
f 2690 1928 1927
f 2690 1927 2691
f 2691 1927 1933
f 2691 1933 2689
f 1919 2690 1920
f 1920 2690 2692
f 1916 2692 2693
f 1916 2693 1917
f 1917 2693 1913
f 1913 2693 2694
f 1913 2694 1914
f 2695 1909 2694
f 2694 1909 1908
f 2694 1908 1914
f 2605 2590 2686
f 2686 2589 2696
f 2696 2589 2588
f 2697 2588 2596
f 2699 2593 2595
f 2699 2595 2700
f 2700 2595 2594
f 2700 2594 2701
f 2701 2594 2592
f 2702 2592 2591
f 2702 2591 2703
f 2687 2604 2686
f 2687 2686 2688
f 2688 2686 2696
f 2688 2696 2689
f 2689 2696 2697
f 2689 2697 2691
f 2691 2697 2698
f 2690 2698 2699
f 2692 2699 2700
f 2692 2700 2693
f 2693 2701 2694
f 2695 2702 2703
f 2695 2703 2705
f 2705 2704 2706
f 2706 1907 2705
f 2685 1904 2706
f 2707 2706 2704
f 2682 2685 2683
f 2683 2685 2708
f 705 1936 1925
f 705 581 1948
f 705 1948 1938
f 705 1938 1936
f 701 1972 1977
f 701 1977 699
f 1961 1960 703
f 703 1967 1966
f 703 1966 1965
f 707 1715 1711
f 1859 1862 707
f 707 1862 1864
f 707 1711 1856
f 1856 1855 707
f 708 1842 1841
f 1845 708 1841
f 708 1838 1837
f 2269 2268 2711
f 2710 2264 2218
f 2218 2217 2710
f 2710 2271 2711
f 2711 2271 2270
f 2709 2267 2710
f 2709 2259 2257
f 2716 2246 2717
f 2717 2246 2245
f 2717 2220 2253
f 2715 2714 2233
f 2233 2231 2715
f 2715 2231 2229
f 2715 2229 2228
f 2716 2243 2242
f 2716 2242 2240
f 2713 2238 2237
f 2713 2236 2235
f 2714 2235 2234
f 2714 2234 2233
f 2275 2273 2712
f 2316 2726 2317
f 2317 2725 2324
f 2727 2319 2323
f 2727 2323 2322
f 2311 2724 2312
f 2311 2315 2724
f 2724 2315 2314
f 2724 2314 2725
f 2209 2724 2723
f 2723 2309 2210
f 2721 2213 2722
f 2285 2295 2720
f 2295 2294 2720
f 2719 2288 2720
f 2718 2282 2719
f 2728 2073 2071
f 687 684 2731
f 2731 684 1686
f 2731 1686 2729
f 2061 2732 2733
f 2061 2733 2063
f 2734 2730 2055
f 2733 2735 2063
f 2093 2328 2094
f 2097 2337 2333
f 2077 2069 2734
f 2077 2734 2078
f 2078 2734 2076
f 2735 2076 2734

