# https://github.com/mikedh/trimesh

o link_arm_l0_2.obj
v 0.01462000 0.01449375 0.01375000
v 0.01425000 -0.00065500 0.01375000
v 0.01454800 -0.01460150 0.01375000
v 0.01349900 0.01349500 0.01375000
v 0.01494100 0.01494100 0.01375000
v 0.01487600 0.01498500 0.01375000
v 0.01414500 -0.01425000 0.01375000
v 0.01349500 -0.01349900 0.01375000
v 0.01414500 0.01425000 0.01375000
v 0.02175000 -0.01099100 0.01625000
v 0.02025000 -0.01139300 0.01525000
v -0.00241250 -0.01406250 0.01525000
v 0.01352500 -0.01398750 0.01525000
v 0.01673950 -0.00925000 0.01525000
v 0.02325000 0.00912500 0.01525000
v 0.01674475 -0.01471600 0.01525000
v 0.01062500 -0.01062900 0.01525000
v 0.01605000 0.00887950 0.01525000
v 0.02025000 0.01139300 0.01525000
v 0.01111600 -0.00430000 0.01525000
v 0.01043750 -0.00665150 0.01525000
v 0.02225000 0.01085700 0.01525000
v 0.01122900 0.01002500 0.01525000
v 0.01507150 0.01137700 0.01525000
v 0.02298200 0.01012500 0.01525000
v 0.01159900 0.01115725 0.01525000
v 0.01043750 0.00665150 0.01525000
v 0.00934375 0.00716775 0.01525000
v 0.01911600 0.01562500 0.01525000
v 0.01775000 0.01699100 0.01525000
v 0.00786775 -0.00864375 0.01525000
v 0.00744725 0.00934625 0.01525000
v 0.00680000 0.00865000 0.01525000
v -0.00352175 0.01436750 0.01525000
v 0.00925000 0.00580000 0.01525000
v 0.00706800 0.00680000 0.01525000
v 0.00780000 0.00606800 0.01525000
v 0.00666175 -0.00990875 0.01525000
v 0.00804875 -0.01054225 0.01525000
v -0.01422450 -0.01358400 0.01525000
v -0.01400550 -0.01009950 0.01525000
v -0.01507500 -0.01507500 0.01525000
v -0.01066350 0.01220025 0.01525000
v -0.00843125 0.01339575 0.01525000
v -0.00050900 0.01250000 0.01525000
v 0.00815000 0.00920000 0.01525000
v -0.01507500 0.01507500 0.01525000
v -0.01618700 0.01362500 0.01525000
v -0.01353650 0.01184950 0.01525000
v -0.01688600 -0.01193700 0.01525000
v 0.02325000 0.00912500 0.01925000
v 0.02325000 0.00000000 0.01925000
v 0.02325000 -0.00912500 0.01925000
v -0.01012500 -0.01712500 0.01925000
v -0.01012500 0.01712500 0.01925000
v 0.00680000 -0.00780000 0.00025000
v -0.01848000 0.01122500 0.01375000
v -0.01862500 0.00940000 0.01375000
v -0.01862500 -0.00470000 0.01375000
v -0.01291400 0.01291400 0.00025000
v -0.01297500 0.01264550 0.01375000
v -0.00054550 0.01268750 0.00025000
v 0.00000000 0.01330000 0.01375000
v 0.01252700 -0.01203750 0.00025000
v 0.01253300 -0.01317900 0.00025000
v 0.01362550 -0.01436125 0.01375000
v -0.01074100 -0.01215000 0.00025000
v -0.01391550 -0.01330550 0.01375000
v -0.01330000 0.00235000 0.01375000
v 0.01013925 -0.01140725 0.00025000
v 0.00791075 -0.00667675 0.00025000
v 0.00792300 -0.00886250 0.00025000
v 0.00694475 0.01030525 0.00025000
v 0.00530000 -0.01100000 0.00025000
v 0.00682300 -0.01038650 0.00025000
v 0.01133950 -0.00961250 0.00025000
v 0.01123950 -0.00608750 0.00025000
v 0.00837100 0.00837500 0.00025000
v 0.00825000 0.00757500 0.00025000
v 0.01011425 0.00590875 0.00025000
v 0.00980000 0.00755000 0.00025000
v 0.01062500 0.00777100 0.00025000
v 0.01235000 0.01077050 0.00025000
v 0.01123950 0.00608750 0.00025000
v -0.01204300 0.01128000 0.00025000
v -0.01092050 0.01130200 0.00025000
v 0.00587400 0.01088600 0.00025000
v 0.00713750 0.01081450 0.00025000
v -0.00950000 0.01100000 0.00025000
v 0.02341200 -0.01862500 0.01925000
v -0.01012500 -0.01862500 0.01925000
v -0.01012500 -0.01862500 0.01375000
v 0.03125000 -0.01862500 0.01025000
v 0.03125000 -0.01862500 0.01375000
v 0.03125000 -0.01862500 0.01925000
v 0.03125000 -0.01862500 0.01650000
v 0.02947550 -0.01702500 0.01375000
v 0.03111600 -0.01862500 0.01925000
v 0.02483075 -0.01760725 0.01925000
v 0.01541525 -0.01862500 0.01650000
v 0.01673700 -0.01862500 0.01375000
v -0.01213100 -0.01761050 0.01925000
v -0.01748600 -0.01437500 0.01375000
v -0.01764525 -0.01324000 0.01375000
v -0.01613500 -0.01613500 0.01375000
v -0.01717400 -0.01487500 0.01625000
v -0.01717400 0.01487500 0.01625000
v -0.01748600 0.01437500 0.01625000
v -0.01708300 0.01490000 0.01375000
v -0.01668000 0.01542500 0.01375000
v -0.01613500 0.01613500 0.01375000
v -0.01469925 0.01705600 0.01375000
v -0.01012500 0.01862500 0.01925000
v 0.01374650 0.01862500 0.01375000
v 0.03125000 0.01862500 0.01925000
v 0.03125000 0.01862500 0.01375000
v 0.03125000 0.01862500 0.01650000
v 0.03200000 0.01862500 0.01725000
v 0.03125000 0.01702500 0.01375000
v 0.02247350 0.01825000 0.01925000
v 0.02655750 0.01754850 0.01375000
v 0.02903375 0.01685475 0.01375000
v 0.02032775 0.01299650 0.01375000
v 0.01673700 0.01542500 0.01375000
v 0.02618950 0.01533750 0.01375000
v -0.01596200 -0.00940000 0.01375000
v 0.01300400 0.01193975 0.01375000
v -0.01596200 0.01542500 0.01375000
v -0.01596200 0.00470000 0.01375000
v 0.01673700 -0.00470000 0.01375000
v 0.01325000 -0.00470000 0.01375000
v 0.02956600 -0.00940000 0.01375000
v 0.02864900 -0.01647200 0.01375000
v 0.02816700 -0.01362650 0.01375000
v 0.02616600 -0.00940000 0.01375000
v 0.02632600 -0.01415000 0.01375000
v 0.02429725 -0.01559700 0.01375000
v 0.02517650 -0.00470000 0.01375000
v 0.02616600 -0.01693750 0.01375000
v 0.02685000 -0.01621800 0.01375000
v 0.02956600 0.00000000 0.01375000
v 0.02814550 -0.00347100 0.01375000
v 0.02655950 -0.00536800 0.01375000
v 0.02851350 -0.00643050 0.01375000
v 0.03042475 -0.00956875 0.01375000
v 0.03036775 -0.00222475 0.01375000
v 0.02956600 0.01241250 0.01375000
v 0.02892175 0.00606800 0.01375000
v 0.02616600 0.00940000 0.01375000
v 0.02671500 0.00594850 0.01375000
v 0.02756500 0.00362650 0.01375000
v 0.02940500 0.00415000 0.01375000
v 0.02948550 0.00444950 0.01375000
v 0.03044150 0.00720000 0.01375000
v 0.02681000 0.01393200 0.01375000
v 0.02920100 0.01452575 0.01375000
v 0.02517650 0.01542500 0.01375000
v 0.02944200 0.01521250 0.01375000
v 0.02632600 0.01585000 0.01375000
v 0.02779900 0.01670000 0.01375000
v 0.02125000 -0.01415000 0.01375000
v 0.02176200 -0.01401300 0.01375000
v 0.02099350 -0.01216850 0.01375000
v 0.02029350 -0.01286850 0.01375000
v 0.02036200 -0.01363700 0.01375000
v 0.02213800 -0.01363700 0.01375000
v 0.02198425 -0.01255275 0.01375000
v 0.02099350 0.01216850 0.01375000
v 0.02046200 0.00705000 0.01375000
v 0.02195000 0.01382500 0.01375000
v 0.02099350 0.01408150 0.01375000
v 0.02176200 0.01223700 0.01375000
v 0.02220650 0.01286850 0.01375000
v 0.02609900 0.01500000 0.01375000
v 0.02401400 0.01620000 0.01925000
v 0.03056075 -0.01410250 0.01925000
v 0.03111600 -0.01096250 0.01925000
v 0.02840275 -0.01784075 0.01925000
v 0.02622100 -0.01237300 0.01925000
v 0.02461600 -0.01192500 0.01925000
v 0.02859100 -0.01187300 0.01925000
v 0.02371300 -0.01096250 0.01925000
v 0.02456600 -0.01466000 0.01925000
v 0.02470800 -0.01600400 0.01925000
v 0.02460350 -0.01485650 0.01925000
v 0.03068600 -0.00658950 0.01925000
v 0.03111600 -0.00512900 0.01925000
v 0.02504475 -0.00530350 0.01925000
v 0.02793300 -0.00209600 0.01925000
v 0.03111600 0.00000000 0.01925000
v 0.02760250 -0.00803925 0.01925000
v 0.03074700 -0.00337500 0.01925000
v 0.03111600 -0.00450800 0.01925000
v 0.03125000 0.00000000 0.01925000
v 0.03116500 -0.00466000 0.01925000
v 0.03125000 -0.01000000 0.01925000
v 0.02998650 0.00726450 0.01925000
v 0.03111600 0.01000000 0.01925000
v 0.03111600 0.00549100 0.01925000
v 0.02664000 0.00790400 0.01925000
v 0.02853675 0.00215925 0.01925000
v 0.02504475 0.00469650 0.01925000
v 0.03116500 0.00534000 0.01925000
v 0.03125000 0.01000000 0.01925000
v 0.03111600 0.00487100 0.01925000
v 0.03102400 0.00399600 0.01925000
v 0.03111600 0.01620000 0.01925000
v 0.03031400 0.01354800 0.01925000
v 0.02609175 0.01265050 0.01925000
v 0.02571025 0.01715825 0.01925000
v 0.03023850 0.01740725 0.01925000
v 0.02470800 0.01399600 0.01925000
v 0.02460350 0.01529825 0.01925000
v 0.02401400 0.00000000 0.01925000
v 0.02401400 0.01000000 0.01925000
v 0.02182200 0.01385925 0.01925000
v 0.02260250 0.01146550 0.01925000
v 0.02150600 0.01192475 0.01925000
v 0.01921900 0.01579875 0.01925000
v 0.02025000 0.01139300 0.01925000
v 0.02175000 0.01099100 0.01825000
v 0.02225000 0.01085700 0.01925000
v -0.01213100 0.01761050 0.01925000
v 0.02207825 -0.01334675 0.01925000
v 0.02176200 -0.01223700 0.01925000
v 0.00381250 -0.01743300 0.01925000
v 0.02011600 -0.01513750 0.01925000
v 0.02011675 -0.01261850 0.01925000
v 0.02073700 -0.01223700 0.01925000
v 0.02299850 -0.01006250 0.01925000
v 0.02025000 -0.01139300 0.01925000
v 0.02036700 -0.01170275 0.01925000
v 0.02175000 -0.01099100 0.01925000
v 0.03125000 -0.01192500 0.01925000
v 0.03125000 0.01620000 0.01925000
v -0.01526700 -0.01487500 0.01625000
v -0.01618700 -0.01362500 0.01625000
v -0.01526700 0.01487500 0.01625000
v 0.02616600 -0.01475000 0.01375000
v 0.02632600 -0.01415000 0.01575000
v 0.02461600 -0.01450800 0.01925000
v 0.02456600 -0.01466000 0.01575000
v 0.02461600 -0.01512900 0.01925000
v 0.02470800 -0.01600400 0.01575000
v 0.02759500 -0.00256050 0.01575000
v 0.02980400 -0.00291125 0.01575000
v 0.03074700 -0.00337500 0.01575000
v 0.02860900 -0.00182100 0.01575000
v 0.02956600 0.00474900 0.01375000
v 0.02940500 0.00415000 0.01575000
v 0.02956550 0.00317650 0.01575000
v 0.02760250 0.00220775 0.01575000
v 0.02925500 0.00203100 0.01575000
v 0.02927100 0.01585000 0.01375000
v 0.02949900 0.01500000 0.01575000
v 0.02461600 0.01487100 0.01925000
v 0.02470800 0.01399600 0.01575000
v 0.06548000 0.01962500 0.00300000
v 0.06551500 0.02062500 0.00273200
v 0.06549000 0.02014500 0.00293100
v 0.06547700 0.02728500 0.00302700
v 0.06548525 0.02728500 0.00292225
v 0.06563000 0.02155700 0.00151700
v 0.06552500 0.02728500 0.00265100
v 0.06559200 0.02135700 0.00200000
v 0.06555100 0.02103900 0.00241400
v 0.06547700 0.02728500 -0.00302700
v 0.06555100 0.02103900 -0.00241400
v 0.06559200 0.02135700 -0.00200000
v 0.06563000 0.02155600 -0.00152000
v 0.06556600 0.02728500 0.00227400
v 0.06560600 0.02728500 0.00180100
v 0.06565900 0.02162500 0.00100000
v 0.06563000 0.02728500 0.00151700
v 0.06561800 0.02728500 0.00165900
v 0.06568100 0.02162500 0.00000000
v 0.06565550 0.02728500 -0.00075850
v 0.06548775 0.02728500 -0.00201400
v 0.06449000 0.02728500 -0.00437800
v 0.06330850 0.01862500 -0.00600000
v 0.06649725 0.01862500 -0.00364900
v 0.06486700 0.02728500 0.00600000
v 0.06175000 0.01256250 -0.01270600
v 0.06280025 0.01862500 -0.00949275
v 0.04565975 0.01862500 -0.02521950
v 0.06652600 0.01862500 -0.00556900
v 0.06109000 0.02728500 -0.02560400
v 0.06100900 0.01862500 -0.02565900
v 0.06225000 0.01862500 -0.02725000
v 0.05565000 0.01862500 -0.02608475
v 0.04900000 0.01862500 -0.02650000
v 0.04700000 0.01862500 -0.02375000
v 0.04500000 0.01862500 -0.02455000
v 0.06325000 0.01862500 -0.02625000
v 0.06321200 0.01862500 -0.02644150
v 0.06250000 0.01862500 -0.01839000
v 0.06330550 0.02104000 -0.01362500
v 0.06368700 0.01862500 -0.01247100
v 0.06336100 0.02345500 -0.01322000
v 0.06537600 0.01862500 -0.00913100
v 0.06216000 0.01862500 -0.02613925
v 0.06275000 0.01862500 -0.02711600
v 0.03975000 0.02345500 -0.02725000
v 0.03325000 0.01862500 -0.02629900
v 0.03225000 0.01862500 -0.02725000
v 0.03125000 0.01110750 -0.01950000
v 0.03125000 -0.01862500 -0.02625000
v 0.03156700 0.01862500 -0.02693300
v 0.04648050 0.01862500 -0.02545000
v 0.03307300 0.01862500 -0.02598075
v 0.06175000 0.02728500 -0.01906375
v 0.06175000 0.02512000 -0.01732300
v 0.06325000 0.02587000 0.01814000
v 0.06325000 0.01862500 0.01403000
v 0.06330550 0.02104000 0.01362500
v 0.06325000 0.02828500 0.01403000
v 0.06238600 0.01862500 0.02207400
v 0.06325000 0.01862500 0.02225000
v 0.03497500 0.02728500 -0.02360000
v 0.04380000 0.02728500 -0.02575000
v 0.05227500 0.02763500 0.02525000
v 0.06025000 0.02828500 0.02525000
v 0.06025000 0.01862500 0.02525000
v 0.06083500 0.02828500 0.02519200
v 0.06139800 0.01862500 0.02502200
v 0.06191700 0.02828500 0.02474400
v 0.06237100 0.01862500 0.02437100
v 0.06274400 0.02828500 0.02391700
v 0.06194650 0.01862500 0.02313450
v 0.06302200 0.01862500 0.02339800
v 0.06302200 0.02828500 0.02339800
v 0.06319200 0.02828500 0.02283500
v 0.06275000 0.02828500 -0.02711600
v 0.06225000 0.02828500 -0.02725000
v 0.03200000 0.02587000 -0.02718300
v 0.03125000 0.01862500 0.02425000
v 0.03125000 0.02339500 0.00673750
v 0.03125000 0.02828500 0.02425000
v 0.03125000 0.02333500 0.00119900
v 0.03125000 0.02388400 0.00065000
v 0.03132600 0.02828500 0.02463300
v 0.03154300 0.02828500 0.02495700
v 0.03186700 0.02828500 0.02517400
v 0.04041025 0.02348025 0.02525000
v 0.03225000 0.01862500 0.02525000
v 0.03804550 0.02758950 0.02525000
v 0.05555225 0.02169025 0.02525000
v 0.05035350 0.02400600 0.02525000
v 0.05060400 0.02638925 0.02525000
v 0.04364600 0.02400600 0.02525000
v 0.04332100 0.02643900 0.02525000
v 0.04970000 0.02378500 0.02525000
v 0.04430000 0.02378500 0.02525000
v 0.04970000 0.02698500 0.02525000
v 0.04842450 0.02928500 -0.01718100
v 0.05231200 0.02928500 -0.01693700
v 0.06253725 0.02928500 -0.00107500
v 0.05508375 0.02928500 -0.02291375
v 0.05231200 0.02928500 -0.02206200
v 0.03813100 0.02928500 0.02162750
v 0.03847800 0.02928500 0.02119300
v 0.04168700 0.02928500 0.02206200
v 0.05725675 0.02863500 0.02191475
v 0.05581825 0.02928500 0.02135125
v 0.05231200 0.02928500 0.02206200
v 0.05552200 0.02928500 0.01880700
v 0.05728900 0.02798500 0.01877300
v 0.05738800 0.02928500 0.01731900
v 0.05231200 0.02928500 0.01693700
v 0.06035525 0.02928500 0.01946250
v 0.06047800 0.02928500 0.01880700
v 0.06174000 0.02928500 0.01693700
v 0.06075000 0.02928500 0.02000000
v 0.06174000 0.02928500 0.02206200
v 0.06123200 0.02928500 0.02321700
v 0.05552200 0.02928500 0.02119300
v 0.05525000 0.02928500 0.02000000
v 0.05695175 0.02928500 0.01782375
v 0.06025000 0.02928500 0.02425000
v 0.05881900 0.02928500 0.02346550
v 0.05628100 0.02928500 0.02425000
v 0.06064000 0.02928500 0.02421200
v 0.06068275 0.02928500 0.02359325
v 0.05871100 0.02798500 0.02122700
v 0.05861200 0.02928500 0.02268100
v 0.03352200 0.02928500 0.01880700
v 0.03311025 0.02928500 0.01702350
v 0.03704825 0.02928500 0.01782375
v 0.03671100 0.02798500 0.01877300
v 0.03771500 0.02928500 0.01785000
v 0.04168700 0.02928500 0.01693700
v 0.03847800 0.02928500 0.01880700
v 0.03875000 0.02928500 0.02000000
v 0.03325000 0.02928500 0.02000000
v 0.03326750 0.02928500 0.02210600
v 0.03352200 0.02928500 0.02119300
v 0.03671100 0.02798500 0.02122700
v 0.03549125 0.02928500 0.02294050
v 0.03661200 0.02928500 0.02268100
v 0.03696850 0.02928500 0.02425000
v 0.04699950 0.02928500 0.02425000
v 0.03225000 0.02928500 0.02425000
v 0.03225000 0.02928500 0.01931225
v 0.03538800 0.02928500 0.02268100
v 0.03428500 0.02928500 0.02215000
v 0.03380100 0.02928500 0.02132925
v 0.03354325 0.02928500 -0.01652650
v 0.03225000 0.02928500 -0.02287475
v 0.03716350 0.02928500 -0.01758450
v 0.04168700 0.02928500 -0.01693700
v 0.03338600 0.02928500 -0.01940350
v 0.03352200 0.02928500 -0.01880700
v 0.03325000 0.02928500 -0.02000000
v 0.03288600 0.02928500 -0.02162750
v 0.03837250 0.02928500 -0.02051550
v 0.04168700 0.02928500 -0.02206200
v 0.03875000 0.02928500 -0.02000000
v 0.03847800 0.02928500 -0.01880700
v 0.03225000 0.02928500 -0.02625000
v 0.03696850 0.02928500 -0.02625000
v 0.03428500 0.02928500 -0.02215000
v 0.03538800 0.02928500 -0.02268100
v 0.03843225 0.02928500 -0.02330775
v 0.03671100 0.02798500 -0.02122700
v 0.03771500 0.02928500 -0.02215000
v 0.05924000 0.02798500 -0.01928800
v 0.05904825 0.02928500 -0.01782375
v 0.05971500 0.02928500 -0.01785000
v 0.06174000 0.02928500 -0.01693700
v 0.06075000 0.02928500 -0.02000000
v 0.06174000 0.02928500 -0.02206200
v 0.06061400 0.02928500 -0.02059650
v 0.06047800 0.02928500 -0.02119300
v 0.05557675 0.02928500 -0.01916425
v 0.05552200 0.02928500 -0.01880700
v 0.05525000 0.02928500 -0.02000000
v 0.06025575 0.02928500 -0.02313100
v 0.06174000 0.02928500 -0.02625000
v 0.05231200 0.02928500 -0.02625000
v 0.05683650 0.02928500 -0.02241550
v 0.05738800 0.02928500 -0.02268100
v 0.05861200 0.02928500 -0.02268100
v 0.03746850 0.02928500 0.01500000
v 0.03300000 0.02928500 0.01493300
v 0.05231200 0.02928500 0.01500000
v 0.06125000 0.02928500 0.01500000
v 0.05550400 0.02928500 0.01537775
v 0.06175000 0.02928500 0.01486600
v 0.06218300 0.02928500 0.01499175
v 0.06225000 0.02928500 0.01693700
v 0.06240725 0.02928500 0.00992825
v 0.06326800 0.02928500 0.01116700
v 0.06370400 0.02928500 0.01038300
v 0.06585600 0.02928500 0.00000000
v 0.06443400 0.02928500 0.00136900
v 0.06419850 0.02928500 0.00791600
v 0.06317450 0.02928500 0.00345600
v 0.06553100 0.02928500 0.00250000
v 0.06579775 0.02928500 0.00336450
v 0.06291800 0.02928500 0.00180000
v 0.06506900 0.02928500 0.00706500
v 0.06555400 0.02928500 0.00533700
v 0.06534300 0.02928500 0.00320000
v 0.06225000 0.02928500 -0.01400000
v 0.06291800 0.02928500 -0.00320000
v 0.06343100 0.02928500 -0.00371200
v 0.06553100 0.02928500 -0.00250000
v 0.06534300 0.02928500 -0.00180000
v 0.06445200 0.02928500 -0.00875100
v 0.06410450 0.02928500 -0.00673350
v 0.06448100 0.02928500 -0.00119400
v 0.06343100 0.02928500 -0.00128800
v 0.06193050 0.02928500 -0.01468375
v 0.06250000 0.02921800 -0.01475675
v 0.06225000 0.02928500 -0.01403000
v 0.06239800 0.02928500 -0.01295100
v 0.06243250 0.02928500 -0.01396725
v 0.06551825 0.02928500 -0.00282650
v 0.06519250 0.02928500 -0.00452450
v 0.06555400 0.02928500 -0.00533700
v 0.06506900 0.02928500 -0.00706500
v 0.05678100 0.02928500 -0.01500000
v 0.05231200 0.02928500 -0.01500000
v 0.06125000 0.02928500 -0.01500000
v 0.04671400 0.02928500 -0.01664200
v 0.03746850 0.02928500 -0.01500000
v 0.04784200 0.02928500 -0.01677900
v 0.03225000 0.02928500 -0.01400000
v 0.03238400 0.02928500 -0.01450000
v 0.03872525 0.02928500 -0.01541050
v 0.03275000 0.02928500 -0.01486600
v 0.06225000 0.02928500 -0.02206200
v 0.04725000 0.02915100 -0.02675000
v 0.06225000 0.02928500 -0.02625000
v 0.06611100 0.02928500 0.00179400
v 0.06607625 0.02928500 -0.00089400
v 0.06618100 0.02928500 0.00000000
v 0.06611100 0.02928500 -0.00179400
v 0.06590200 0.02928500 -0.00357600
v 0.06250000 0.02921800 0.02220300
v 0.06225000 0.02928500 0.02215600
v 0.06210875 0.02928500 0.02291400
v 0.06101500 0.02928500 0.02409800
v 0.06136100 0.02928500 0.02391300
v 0.06166400 0.02928500 0.02366400
v 0.04784200 0.02928500 0.01677900
v 0.04849925 0.02928500 0.01739325
v 0.04454250 0.02928500 0.01671950
v 0.04816000 0.02928500 0.02068050
v 0.04494950 0.02928500 0.01976475
v 0.04527700 0.02928500 -0.01771950
v 0.04627600 0.02928500 -0.02090950
v 0.04917400 0.02928500 -0.01925175
v 0.06109000 0.02728500 0.02345800
v 0.05131425 0.02260550 0.02375000
v 0.05660600 0.02728500 0.02375000
v 0.05312675 0.02648700 0.02375000
v 0.06082400 0.02728500 0.02363600
v 0.06131100 0.01862500 0.02331100
v 0.06131100 0.02728500 0.02331100
v 0.06250000 0.01862500 0.01814000
v 0.04081250 0.02596000 0.02375000
v 0.04103700 0.02728500 0.02375000
v 0.04332100 0.02643900 0.02375000
v 0.05296200 0.02728500 0.02375000
v 0.04711475 0.02696225 0.02375000
v 0.05080900 0.02452600 0.02375000
v 0.05090000 0.02498500 0.02375000
v 0.04243900 0.02708950 0.02375000
v 0.03297100 0.02728500 0.02320400
v 0.03349100 0.02728500 0.02365900
v 0.03275000 0.02531000 0.00316500
v 0.03275000 0.02728500 0.00000000
v 0.03275000 0.02728500 0.01026200
v 0.03275000 0.02388400 0.00065000
v 0.03275000 0.02558450 -0.01121850
v 0.03500625 0.02728500 -0.01835775
v 0.03275000 0.02408500 -0.00410000
v 0.03275000 0.02408500 -0.00010000
v 0.03275000 0.02060500 -0.01033750
v 0.03275000 0.02728500 -0.02298100
v 0.03430500 0.02728500 -0.02298100
v 0.03369850 0.02728500 -0.02088725
v 0.03275000 0.02333500 -0.00539900
v 0.03306850 0.02728500 -0.02526875
v 0.05927500 0.02728500 -0.02360000
v 0.06165900 0.02728500 -0.02500900
v 0.06100900 0.02728500 -0.02565900
v 0.06112675 0.02728500 -0.02558000
v 0.06175000 0.02295500 0.01270600
v 0.06271850 0.01862500 0.01258850
v 0.06175000 0.01862500 0.01270600
v 0.06237200 0.01862500 0.01168450
v 0.06161175 0.02728500 0.02244925
v 0.03600000 0.02728500 -0.02145000
v 0.05727500 0.02728500 0.02125600
v 0.05778375 0.02728500 0.02139200
v 0.05786000 0.02728500 0.02141200
v 0.05296200 0.02728500 0.02141200
v 0.05800000 0.02728500 0.01855000
v 0.05727500 0.02728500 0.01874400
v 0.05702600 0.02728500 0.01209325
v 0.05889275 0.02728500 0.02084825
v 0.05814000 0.02728500 0.02141200
v 0.05872500 0.02728500 0.02125600
v 0.06109000 0.02728500 0.02141200
v 0.05925600 0.02728500 0.02072500
v 0.05945000 0.02728500 0.02000000
v 0.05925600 0.02728500 0.01927500
v 0.05831400 0.02728500 0.01882825
v 0.06109000 0.02728500 0.01758700
v 0.05872500 0.02728500 0.01874400
v 0.05674400 0.02728500 0.01927500
v 0.05669550 0.02728500 0.02018125
v 0.05655000 0.02728500 0.02000000
v 0.05674400 0.02728500 0.02072500
v 0.05800000 0.02728500 0.02145000
v 0.03614000 0.02728500 0.02141200
v 0.03689275 0.02728500 0.02084825
v 0.03672500 0.02728500 0.02125600
v 0.04103700 0.02728500 0.02141200
v 0.03725600 0.02728500 0.02072500
v 0.03745000 0.02728500 0.02000000
v 0.03725600 0.02728500 0.01927500
v 0.03631400 0.02728500 0.01882825
v 0.04103700 0.02728500 0.00696225
v 0.03672500 0.02728500 0.01874400
v 0.03600000 0.02728500 0.01855000
v 0.03527500 0.02728500 0.01874400
v 0.03474400 0.02728500 0.01927500
v 0.03455000 0.02728500 0.02000000
v 0.03464700 0.02728500 0.02036250
v 0.03474400 0.02728500 0.02072500
v 0.03416250 0.02728500 0.02287500
v 0.03600000 0.02728500 0.02145000
v 0.03402600 0.02728500 0.01992150
v 0.03527500 0.02728500 0.02125600
v 0.03474400 0.02728500 -0.02072500
v 0.03455000 0.02728500 -0.02000000
v 0.03527500 0.02728500 -0.01874400
v 0.03600000 0.02728500 -0.01855000
v 0.04103700 0.02728500 -0.02141200
v 0.03745000 0.02728500 -0.02000000
v 0.03725600 0.02728500 -0.02072500
v 0.03725600 0.02728500 -0.01927500
v 0.04103700 0.02728500 -0.01758700
v 0.03717175 0.02728500 -0.01968600
v 0.03672500 0.02728500 -0.01874400
v 0.03474400 0.02728500 -0.01927500
v 0.03614000 0.02728500 -0.02141200
v 0.03672500 0.02728500 -0.02125600
v 0.03972550 0.02728500 -0.02324200
v 0.03586000 0.02728500 -0.02141200
v 0.03527500 0.02728500 -0.02125600
v 0.05831400 0.02728500 -0.01882825
v 0.05727500 0.02728500 -0.01874400
v 0.05800000 0.02728500 -0.01855000
v 0.05945000 0.02728500 -0.02000000
v 0.05889275 0.02728500 -0.02084825
v 0.05925600 0.02728500 -0.02072500
v 0.06109000 0.02728500 -0.02141200
v 0.05872500 0.02728500 -0.02125600
v 0.05682825 0.02728500 -0.02031400
v 0.05727500 0.02728500 -0.02125600
v 0.05674400 0.02728500 -0.02072500
v 0.05296200 0.02728500 -0.02141200
v 0.05655000 0.02728500 -0.02000000
v 0.05674400 0.02728500 -0.01927500
v 0.05925600 0.02728500 -0.01927500
v 0.06109000 0.02728500 -0.01758700
v 0.05872500 0.02728500 -0.01874400
v 0.05786000 0.02728500 -0.02141200
v 0.04501750 0.02728500 0.01948875
v 0.04671400 0.02728500 0.02135800
v 0.04844200 0.02728500 0.02064625
v 0.04784200 0.02728500 0.01677900
v 0.04646450 0.02728500 0.01687775
v 0.04517100 0.02728500 0.01758700
v 0.04893125 0.02728500 0.01771725
v 0.04807100 0.02928500 0.01693700
v 0.04919525 0.02728500 -0.01878875
v 0.04724625 0.02728500 -0.02102725
v 0.04489750 0.02728500 -0.01864675
v 0.04831000 0.02728500 -0.01710200
v 0.04618250 0.02728500 -0.01684350
v 0.04593500 0.02928500 -0.01693700
v 0.04671400 0.02728500 -0.01664200
v 0.05702600 0.02728500 -0.00439675
v 0.06237200 0.02728500 -0.00895650
v 0.06560600 0.02728500 0.00000000
v 0.06382775 0.02728500 -0.00136900
v 0.06548300 0.02728500 -0.00213800
v 0.06312775 0.02728500 -0.00328100
v 0.06551900 0.02728500 -0.00231700
v 0.05800000 0.02728500 -0.02145000
v 0.04461950 0.02728500 -0.02536950
v 0.05224575 0.02728500 -0.02421550
v 0.04700000 0.02728500 -0.02375000
v 0.06241925 0.02728500 0.01280450
v 0.06228725 0.02728500 0.00470000
v 0.06401400 0.02728500 0.00850000
v 0.06443400 0.02728500 0.00136900
v 0.06443400 0.02728500 0.00363100
v 0.06291800 0.02728500 0.00320000
v 0.06548300 0.02728500 0.00286200
v 0.06550400 0.02728500 0.00277300
v 0.06552650 0.02728500 0.00258350
v 0.06551900 0.02728500 0.00268300
v 0.05669400 0.02798500 0.02062900
v 0.05676000 0.02798500 0.02071200
v 0.05709600 0.02798500 0.02113400
v 0.05728900 0.02798500 0.02122700
v 0.05800000 0.02798500 0.02141400
v 0.05832300 0.02798500 0.02141400
v 0.05890400 0.02798500 0.02113400
v 0.05924000 0.02798500 0.02071200
v 0.05930600 0.02798500 0.02062900
v 0.05945000 0.02798500 0.02000000
v 0.05930600 0.02798500 0.01937100
v 0.05924000 0.02798500 0.01928800
v 0.05890400 0.02798500 0.01886600
v 0.05832300 0.02798500 0.01858600
v 0.05767700 0.02798500 0.01858600
v 0.05709600 0.02798500 0.01886600
v 0.05676000 0.02798500 0.01928800
v 0.05669400 0.02798500 0.01937100
v 0.05655000 0.02798500 0.02000000
v 0.03469400 0.02798500 0.02062900
v 0.03476000 0.02798500 0.02071200
v 0.03509600 0.02798500 0.02113400
v 0.03528900 0.02798500 0.02122700
v 0.03567700 0.02798500 0.02141400
v 0.03600000 0.02798500 0.02141400
v 0.03632300 0.02798500 0.02141400
v 0.03690400 0.02798500 0.02113400
v 0.03724000 0.02798500 0.02071200
v 0.03730600 0.02798500 0.02062900
v 0.03745000 0.02798500 0.02000000
v 0.03730600 0.02798500 0.01937100
v 0.03724000 0.02798500 0.01928800
v 0.03690400 0.02798500 0.01886600
v 0.03632300 0.02798500 0.01858600
v 0.03567700 0.02798500 0.01858600
v 0.03528900 0.02798500 0.01877300
v 0.03509600 0.02798500 0.01886600
v 0.03476000 0.02798500 0.01928800
v 0.03469400 0.02798500 0.01937100
v 0.03455000 0.02798500 0.02000000
v 0.03469400 0.02798500 -0.01937100
v 0.03476000 0.02798500 -0.01928800
v 0.03509600 0.02798500 -0.01886600
v 0.03528900 0.02798500 -0.01877300
v 0.03567700 0.02798500 -0.01858600
v 0.03632300 0.02798500 -0.01858600
v 0.03690400 0.02798500 -0.01886600
v 0.03671100 0.02798500 -0.01877300
v 0.03724000 0.02798500 -0.01928800
v 0.03730600 0.02798500 -0.01937100
v 0.03745000 0.02798500 -0.02000000
v 0.03730600 0.02798500 -0.02062900
v 0.03724000 0.02798500 -0.02071200
v 0.03690400 0.02798500 -0.02113400
v 0.03632300 0.02798500 -0.02141400
v 0.03600000 0.02798500 -0.02141400
v 0.03567700 0.02798500 -0.02141400
v 0.03528900 0.02798500 -0.02122700
v 0.03509600 0.02798500 -0.02113400
v 0.03476000 0.02798500 -0.02071200
v 0.03469400 0.02798500 -0.02062900
v 0.03455000 0.02798500 -0.02000000
v 0.05669400 0.02798500 -0.01937100
v 0.05676000 0.02798500 -0.01928800
v 0.05709600 0.02798500 -0.01886600
v 0.05728900 0.02798500 -0.01877300
v 0.05767700 0.02798500 -0.01858600
v 0.05832300 0.02798500 -0.01858600
v 0.05871100 0.02798500 -0.01877300
v 0.05890400 0.02798500 -0.01886600
v 0.05930600 0.02798500 -0.01937100
v 0.05945000 0.02798500 -0.02000000
v 0.05930600 0.02798500 -0.02062900
v 0.05924000 0.02798500 -0.02071200
v 0.05890400 0.02798500 -0.02113400
v 0.05871100 0.02798500 -0.02122700
v 0.05832300 0.02798500 -0.02141400
v 0.05800000 0.02798500 -0.02141400
v 0.05767700 0.02798500 -0.02141400
v 0.05709600 0.02798500 -0.02113400
v 0.05728900 0.02798500 -0.02122700
v 0.05676000 0.02798500 -0.02071200
v 0.05669400 0.02798500 -0.02062900
v 0.05655000 0.02798500 -0.02000000
v 0.06710800 0.02828500 -0.00187100
v 0.06710700 0.02140800 -0.00187100
v 0.06688900 0.02828500 -0.00373200
v 0.06709800 0.02135700 -0.00200000
v 0.06652600 0.02828500 -0.00556900
v 0.06706000 0.02103900 -0.00241400
v 0.06702500 0.02062500 -0.00273200
v 0.06700200 0.02014500 -0.00293100
v 0.06699300 0.01962500 -0.00300000
v 0.06710800 0.02142500 0.00187100
v 0.06713800 0.02157400 0.00144900
v 0.06710800 0.02828500 0.00187100
v 0.06716000 0.02162500 0.00100000
v 0.06718100 0.02828500 0.00000000
v 0.06716000 0.02162500 -0.00100000
v 0.06700200 0.02014200 0.00293200
v 0.06652600 0.01862500 0.00556900
v 0.06699300 0.01962500 0.00300000
v 0.06702500 0.02062500 0.00273200
v 0.06652600 0.02828500 0.00556900
v 0.06706000 0.02103900 0.00241400
v 0.06709800 0.02134200 0.00198900
v 0.06688900 0.02828500 0.00373200
v 0.06368700 0.02828500 -0.01247100
v 0.06459700 0.02828500 -0.01083400
v 0.06602100 0.02828500 -0.00737200
v 0.06537600 0.02828500 -0.00913100
v 0.06602100 0.02828500 0.00737200
v 0.06537600 0.01862500 0.00913100
v 0.06322250 0.01862500 0.00803275
v 0.06368700 0.02828500 0.01247100
v 0.06352400 0.01862500 0.01284550
v 0.06368700 0.01256250 0.01247100
v 0.06368700 0.02345500 0.01247100
v 0.06336100 0.02828500 0.01322000
v 0.06336100 0.02828500 -0.01322000
v 0.03200000 0.02915100 -0.02668300
v 0.03181700 0.02915100 -0.02650000
v 0.03175000 0.02915100 -0.02625000
v 0.03175000 0.02915100 0.02425000
v 0.03138400 0.02878500 0.02425000
v 0.06225000 0.02915100 -0.02675000
v 0.06225000 0.02878500 -0.02711600
v 0.03225000 0.02878500 0.02511600
v 0.03225000 0.02915100 0.02475000
v 0.04625000 0.02915100 0.02475000
v 0.03205900 0.02915100 0.02471200
v 0.03178800 0.02915100 0.02444100
v 0.03189600 0.02915100 0.02460400
v 0.03191900 0.02878500 0.02505000
v 0.03163800 0.02878500 0.02486200
v 0.03145000 0.02878500 0.02458100
v 0.06268300 0.02878500 -0.02700000
v 0.06275000 0.02915100 -0.02625000
v 0.06268300 0.02915100 -0.02650000
v 0.06250000 0.02915100 -0.02668300
v 0.06300000 0.02878500 -0.02668300
v 0.06311600 0.02878500 -0.02625000
v 0.06025000 0.02915100 0.02475000
v 0.06025000 0.02878500 0.02511600
v 0.06275000 0.02915100 -0.01403000
v 0.06306100 0.02878500 0.02280900
v 0.06232900 0.02915100 0.02363900
v 0.06174000 0.02928500 0.02357100
v 0.06201800 0.02915100 0.02401800
v 0.06163900 0.02915100 0.02432900
v 0.06120700 0.02915100 0.02456000
v 0.06073800 0.02915100 0.02470200
v 0.06289800 0.02878500 0.02334700
v 0.06263300 0.02878500 0.02384200
v 0.06227700 0.02878500 0.02427700
v 0.06184200 0.02878500 0.02463300
v 0.06134700 0.02878500 0.02489800
v 0.06080900 0.02878500 0.02506100
v 0.06357200 0.02878500 -0.01240100
v 0.06323200 0.02878500 -0.01318400
v 0.06326000 0.02915100 -0.01221100
v 0.06288000 0.02915100 -0.01308500
v 0.06250000 0.02921800 0.01403000
v 0.06311600 0.02878500 0.01403000
v 0.06447700 0.02878500 -0.01077300
v 0.06415100 0.02915100 -0.01060800
v 0.06491400 0.02915100 -0.00894100
v 0.06554500 0.02915100 -0.00721900
v 0.06585600 0.02928500 -0.00380600
v 0.06604000 0.02915100 -0.00545300
v 0.06639600 0.02915100 -0.00365400
v 0.06661000 0.02915100 -0.00183200
v 0.06668100 0.02915100 0.00000000
v 0.06661000 0.02915100 0.00183200
v 0.06639600 0.02915100 0.00365400
v 0.06604000 0.02915100 0.00545300
v 0.06554500 0.02915100 0.00721900
v 0.06375900 0.02928500 0.01026200
v 0.06415100 0.02915100 0.01060800
v 0.06326000 0.02915100 0.01221100
v 0.06525300 0.02878500 -0.00908000
v 0.06589300 0.02878500 -0.00733100
v 0.06639600 0.02878500 -0.00553800
v 0.06697500 0.02878500 0.00186100
v 0.06675700 0.02878500 0.00371100
v 0.06639600 0.02878500 0.00553800
v 0.06447700 0.02878500 0.01077300
v 0.06357200 0.02878500 0.01240100
v 0.06323200 0.02878500 0.01318400
v 0.06288000 0.02915100 0.01308500
v 0.04775000 0.02903500 0.00050000
v 0.05459150 0.02903500 -0.01484150
v 0.06125000 0.02903500 -0.01500000
v 0.06125000 0.02903500 0.01500000
v 0.03325000 0.02903500 0.01500000
v 0.03240850 0.02903500 0.00734150
v 0.03325000 0.02903500 -0.01500000
v 0.03256700 0.02903500 -0.01468300
v 0.03352925 -0.01862500 0.02423050
v 0.03275000 -0.01862500 0.02045000
v 0.03247550 -0.01862500 -0.02393625
v 0.03237500 -0.01862500 -0.00012500
v 0.05330600 -0.02820000 -0.02293700
v 0.05355400 -0.01862500 -0.02538000
v 0.05550975 -0.01862500 -0.02276425
v 0.03824575 -0.02820000 -0.01969800
v 0.03575000 -0.01862500 -0.02575000
v 0.03984000 -0.02341250 -0.02575000
v 0.05557450 -0.01862500 -0.01988075
v 0.05473200 -0.01862500 -0.01874700
v 0.05630225 -0.02820000 -0.00682500
v 0.05731600 -0.02820000 -0.01663900
v 0.06015200 -0.02820000 -0.01650000
v 0.05849525 -0.01862500 -0.02122025
v 0.05909375 -0.01862500 -0.01849700
v 0.05852500 -0.02250000 -0.01836550
v 0.05637850 -0.01862500 -0.01815650
v 0.05695000 -0.02250000 -0.01818100
v 0.05818125 -0.01862500 0.01757350
v 0.05745850 -0.02820000 0.01494250
v 0.06325000 -0.01862500 -0.01800000
v 0.06325000 -0.02121875 -0.02212500
v 0.06266225 -0.01862500 -0.02079000
v 0.06325000 -0.02900000 -0.01800000
v 0.06325000 -0.02381250 -0.02625000
v 0.06193750 -0.01862500 -0.02559500
v 0.06331800 -0.02900000 -0.01748200
v 0.06155575 -0.01862500 -0.01637125
v 0.06351800 -0.01862500 -0.01700000
v 0.06351800 -0.02900000 -0.01700000
v 0.06383600 -0.02900000 -0.01658600
v 0.06425000 -0.01862500 -0.01626800
v 0.06425000 -0.02900000 -0.01626800
v 0.06473200 -0.02900000 -0.01606800
v 0.06525000 -0.01862500 -0.01600000
v 0.06555300 -0.00660600 -0.01600000
v 0.06525000 -0.02900000 -0.01600000
v 0.06675200 -0.02900000 -0.01600000
v 0.06675200 -0.01862500 -0.01600000
v 0.06778400 -0.02900000 -0.01620500
v 0.06745300 -0.02900000 -0.01608300
v 0.06779100 -0.01862500 -0.01618600
v 0.06811500 -0.02900000 -0.01632800
v 0.06870200 -0.01862500 -0.01672000
v 0.07126200 0.00450000 -0.01851900
v 0.06870200 -0.02900000 -0.01672000
v 0.07113900 -0.02900000 -0.01852900
v 0.07229700 -0.02900000 -0.01916200
v 0.07227200 -0.01862500 -0.01920700
v 0.07626200 -0.01862500 -0.02094300
v 0.07380200 -0.02900000 -0.01998500
v 0.08052000 -0.02900000 -0.02181500
v 0.07960000 -0.02900000 -0.02173600
v 0.08051600 -0.01862500 -0.02185900
v 0.07664100 -0.02900000 -0.02106100
v 0.08262400 -0.02900000 -0.02199700
v 0.08486700 -0.01862500 -0.02192100
v 0.08565500 -0.02900000 -0.02183900
v 0.08914500 -0.01862500 -0.02112400
v 0.08913500 -0.02900000 -0.02109600
v 0.08863600 -0.02900000 -0.02126600
v 0.09318200 -0.01862500 -0.01950200
v 0.09150900 -0.02900000 -0.02028800
v 0.09671800 -0.02900000 -0.01719900
v 0.09681500 -0.02900000 -0.01711000
v 0.09682100 -0.01862500 -0.01711600
v 0.09422100 -0.02900000 -0.01892300
v 0.09316000 -0.02900000 -0.01945700
v 0.09988000 -0.02900000 -0.01402800
v 0.09895500 -0.02900000 -0.01514700
v 0.09992000 -0.01862500 -0.01406100
v 0.10088800 -0.02900000 -0.01280700
v 0.10235600 -0.01862500 -0.01045600
v 0.10234200 -0.02900000 -0.01044700
v 0.10403600 -0.01862500 -0.00644200
v 0.10370200 -0.02900000 -0.00744400
v 0.10399000 -0.02900000 -0.00642900
v 0.10248100 -0.02900000 -0.01022300
v 0.10489200 -0.01862500 -0.00217600
v 0.10453000 -0.02900000 -0.00452400
v 0.10485700 -0.02900000 0.00217100
v 0.10494800 -0.02900000 0.00151800
v 0.10489200 -0.01862500 0.00217600
v 0.10494800 -0.02900000 -0.00151800
v 0.10485700 -0.02900000 -0.00217100
v 0.10453000 -0.02900000 0.00452400
v 0.10403600 -0.01862500 0.00644200
v 0.10370200 -0.02900000 0.00744400
v 0.10235600 -0.01862500 0.01045600
v 0.10248100 -0.02900000 0.01022300
v 0.10234200 -0.02900000 0.01044700
v 0.09992000 -0.01862500 0.01406100
v 0.10088800 -0.02900000 0.01280700
v 0.09671800 -0.02900000 0.01719900
v 0.09681500 -0.02900000 0.01711000
v 0.09682100 -0.01862500 0.01711600
v 0.09895500 -0.02900000 0.01514700
v 0.09988000 -0.02900000 0.01402800
v 0.09422100 -0.02900000 0.01892300
v 0.09316000 -0.02900000 0.01945700
v 0.09318200 -0.01862500 0.01950200
v 0.09150900 -0.02900000 0.02028800
v 0.08914500 -0.01862500 0.02112400
v 0.08913500 -0.02900000 0.02109600
v 0.08486700 -0.01862500 0.02192100
v 0.08565500 -0.02900000 0.02183900
v 0.08486500 -0.02900000 0.02188000
v 0.08863600 -0.02900000 0.02126600
v 0.08051600 -0.01862500 0.02185900
v 0.08262400 -0.02900000 0.02199700
v 0.07627100 -0.02900000 0.02092100
v 0.07664100 -0.02900000 0.02106100
v 0.07626200 -0.01862500 0.02094300
v 0.07960000 -0.02900000 0.02173600
v 0.08052000 -0.02900000 0.02181500
v 0.07380200 -0.02900000 0.01998500
v 0.07227200 -0.01862500 0.01920700
v 0.07229700 -0.02900000 0.01916200
v 0.07113900 -0.02900000 0.01852900
v 0.06870200 -0.01862500 0.01672000
v 0.06827000 -0.02900000 0.01641200
v 0.06779100 -0.01862500 0.01618600
v 0.06728000 -0.02900000 0.01604700
v 0.06675200 -0.01862500 0.01600000
v 0.06675200 -0.02900000 0.01600000
v 0.06525000 -0.01862500 0.01600000
v 0.06351800 -0.01862500 0.01700000
v 0.06407400 -0.02900000 0.01638200
v 0.06334800 -0.02900000 0.01738200
v 0.06325000 -0.01862500 0.01800000
v 0.06325000 -0.01862500 0.02225000
v 0.06310300 -0.02900000 0.02317700
v 0.06284800 -0.01862500 0.02375000
v 0.06173500 -0.02900000 0.02481900
v 0.06201300 -0.02900000 0.02467700
v 0.06175000 -0.01862500 0.02484800
v 0.06267700 -0.02900000 0.02401300
v 0.06281900 -0.02900000 0.02373500
v 0.06117700 -0.02900000 0.02510300
v 0.06025000 -0.01862500 0.02414500
v 0.06025000 -0.01862500 0.02525000
v 0.06025000 -0.02900000 0.02525000
v 0.03225000 -0.01862500 0.02525000
v 0.03225000 -0.02381250 0.02525000
v 0.05947500 -0.01862500 0.02525000
v 0.06446850 -0.02820000 -0.01436800
v 0.06240100 -0.02820000 -0.01548500
v 0.06600100 -0.02101875 -0.01420000
v 0.06841500 -0.01862500 -0.01449700
v 0.06987200 -0.01862500 -0.01535200
v 0.06883450 -0.02820000 -0.01018750
v 0.06675200 -0.01862500 -0.01420000
v 0.06987200 -0.02820000 0.01535200
v 0.06987200 -0.01576250 0.01535200
v 0.07523500 -0.02820000 0.01853100
v 0.08543800 -0.02820000 -0.02005200
v 0.08053950 -0.02820000 -0.01736600
v 0.06742750 -0.01862500 0.01477075
v 0.06841500 -0.01862500 0.01449700
v 0.06987200 -0.01862500 0.01535200
v 0.06638400 -0.02101875 0.01420000
v 0.06317400 -0.02900000 -0.02663300
v 0.06234575 -0.02563125 -0.02723100
v 0.06263300 -0.02900000 -0.02717400
v 0.06202250 -0.02785775 -0.02725000
v 0.06225000 -0.02590000 -0.02725000
v 0.06271200 -0.01862500 -0.02681650
v 0.06317400 -0.02381250 -0.02663300
v 0.06317400 -0.01862500 -0.02663300
v 0.06295700 -0.02900000 -0.02695700
v 0.06295700 -0.01862500 -0.02695700
v 0.06225000 -0.01862500 -0.02725000
v 0.03125000 -0.01862500 -0.02249500
v 0.03125000 -0.01862500 0.02425000
v 0.03220100 -0.01862500 0.02310000
v 0.03135100 -0.02900000 0.02462600
v 0.03132600 -0.01862500 0.02463300
v 0.03154300 -0.01862500 0.02495700
v 0.03156700 -0.02900000 0.02493300
v 0.03228800 -0.02764150 -0.02725000
v 0.03225000 -0.02900000 -0.02725000
v 0.03186700 -0.02900000 -0.02717400
v 0.03225000 -0.02226250 -0.02725000
v 0.03225000 -0.02590000 -0.02725000
v 0.03175000 0.00000000 -0.02711600
v 0.03175000 -0.01862500 -0.02711600
v 0.03175900 -0.02900000 -0.02710200
v 0.03138400 -0.01862500 -0.02675000
v 0.03132600 -0.02900000 -0.02663300
v 0.03225000 -0.02590000 -0.02700000
v 0.03225000 -0.01862500 -0.02700000
v 0.04600000 -0.01862500 -0.02596200
v 0.03275000 -0.02458125 -0.02700000
v 0.06126825 -0.02452275 -0.02700000
v 0.05579250 -0.01862500 -0.02637500
v 0.06284575 -0.01862500 -0.02666850
v 0.06225000 -0.02226250 -0.02700000
v 0.06195700 -0.02660700 -0.02700000
v 0.06163300 -0.02682400 -0.02700000
v 0.03270500 -0.02671550 -0.02700000
v 0.03232600 -0.02628300 -0.02700000
v 0.05450000 -0.02820000 0.02000000
v 0.05947500 -0.01862500 0.01650000
v 0.05930450 -0.01862500 0.01981875
v 0.05781875 -0.01862500 0.02130450
v 0.05506100 -0.01862500 0.02040625
v 0.05684700 -0.02250000 0.02127200
v 0.05590000 -0.02250000 0.02000000
v 0.06261600 -0.01862500 0.01656600
v 0.06138600 -0.02820000 -0.01623500
v 0.03303350 -0.01862500 -0.02611150
v 0.03220100 -0.01862500 -0.02525000
v 0.05252450 -0.01862500 0.02297450
v 0.05380175 -0.02820000 0.01951400
v 0.05555725 -0.02820000 0.01713425
v 0.05668750 -0.02820000 0.01217500
v 0.06836050 -0.02820000 0.00187950
v 0.04722975 -0.02820000 0.00256050
v 0.03852375 -0.02820000 -0.00100050
v 0.06622550 -0.02820000 -0.00035150
v 0.06952275 -0.02820000 0.00845775
v 0.06594850 -0.02820000 0.01356800
v 0.05612900 -0.02820000 0.00545250
v 0.05215250 -0.02820000 -0.00422200
v 0.06962800 -0.02820000 0.00126450
v 0.06962800 -0.02820000 -0.00126450
v 0.07821125 -0.02820000 0.01604375
v 0.05494900 -0.02820000 -0.00275450
v 0.05562700 -0.02820000 -0.00040200
v 0.05577300 -0.02820000 0.00872850
v 0.05266250 -0.02820000 0.00401200
v 0.04867800 -0.02820000 -0.00040200
v 0.04888000 -0.02820000 -0.00206500
v 0.06860350 -0.02820000 -0.00084800
v 0.06827200 -0.02820000 -0.00206300
v 0.06407300 -0.02820000 0.01000900
v 0.06825600 -0.02820000 -0.00247100
v 0.08576925 -0.02820000 -0.01586400
v 0.05800000 -0.03000000 -0.01722500
v 0.06077500 -0.03000000 0.02000000
v 0.06040300 -0.03000000 0.01861200
v 0.05894775 -0.03000000 0.00043975
v 0.06962800 -0.03000000 -0.00126450
v 0.06953050 -0.03000000 0.00129450
v 0.05661200 -0.03000000 -0.02240300
v 0.03225000 -0.03000000 -0.02625000
v 0.05800000 -0.03000000 -0.02277500
v 0.06225000 -0.03000000 -0.02625000
v 0.05938800 -0.03000000 -0.02240300
v 0.05975650 -0.03000000 -0.02345775
v 0.05661200 -0.03000000 0.01759700
v 0.05559700 -0.03000000 0.01861200
v 0.03225000 -0.03000000 0.02425000
v 0.04417725 -0.03000000 0.02307250
v 0.05522500 -0.03000000 0.02000000
v 0.06040300 -0.03000000 -0.02138700
v 0.06200725 -0.03000000 -0.01793100
v 0.06077500 -0.03000000 -0.02000000
v 0.05559700 -0.03000000 0.02138700
v 0.05661200 -0.03000000 0.02240300
v 0.06025000 -0.03000000 0.02425000
v 0.06040300 -0.03000000 0.02138700
v 0.06215200 -0.03000000 0.02286800
v 0.06186800 -0.03000000 0.02342600
v 0.05800000 -0.03000000 0.02277500
v 0.05938800 -0.03000000 0.02240300
v 0.06107275 -0.03000000 0.02313975
v 0.06086800 -0.03000000 0.02415200
v 0.06142600 -0.03000000 0.02386800
v 0.05938800 -0.03000000 -0.01759700
v 0.06925400 -0.03000000 -0.00587800
v 0.06447400 -0.03000000 -0.01510200
v 0.06836050 -0.03000000 -0.00187950
v 0.06875800 -0.03000000 -0.00143000
v 0.05800000 -0.03000000 0.01722500
v 0.05661200 -0.03000000 -0.01759700
v 0.05575775 -0.03000000 0.00939900
v 0.05559700 -0.03000000 -0.01861300
v 0.05522500 -0.03000000 -0.02000000
v 0.04982800 -0.03000000 -0.02216325
v 0.06243000 -0.03000000 0.01732750
v 0.06282300 -0.03000000 0.01623700
v 0.06239700 -0.03000000 0.01707300
v 0.06225000 -0.03000000 0.01800000
v 0.06225000 -0.03000000 0.02225000
v 0.06836050 -0.03000000 0.00187950
v 0.06825600 -0.03000000 0.00247100
v 0.06348700 -0.03000000 0.01557300
v 0.06040300 -0.03000000 -0.01861300
v 0.06432300 -0.03000000 0.01514700
v 0.06657950 -0.03000000 0.01061900
v 0.06912100 -0.03000000 0.01396825
v 0.08620000 -0.03000000 0.01764400
v 0.08553400 -0.03000000 0.02084600
v 0.08264100 -0.03000000 0.02099700
v 0.07978550 -0.03000000 0.01767750
v 0.06779700 -0.03000000 0.01515500
v 0.06813800 -0.03000000 0.01524800
v 0.06745600 -0.03000000 0.01506200
v 0.06474700 -0.03000000 -0.01233275
v 0.06375000 -0.03000000 -0.01540200
v 0.06675200 -0.03000000 0.01500000
v 0.06525000 -0.03000000 0.01500000
v 0.07167800 -0.03000000 0.01768700
v 0.07377300 -0.03000000 0.01354500
v 0.06935200 -0.03000000 0.01596000
v 0.06877600 -0.03000000 0.01555000
v 0.07693000 -0.03000000 0.02010300
v 0.07422000 -0.03000000 0.01907700
v 0.07414500 -0.03000000 -0.01732150
v 0.07163725 -0.03000000 -0.01185950
v 0.09951025 -0.03000000 0.00662900
v 0.10315600 -0.03000000 0.00571200
v 0.07422000 -0.03000000 -0.01907700
v 0.07693000 -0.03000000 -0.02010300
v 0.07975400 -0.03000000 -0.02074800
v 0.06721900 -0.03000000 -0.01505550
v 0.06675200 -0.03000000 -0.01500000
v 0.06768600 -0.03000000 -0.01511100
v 0.06856900 -0.03000000 -0.01543700
v 0.06935200 -0.03000000 -0.01596000
v 0.09152925 -0.03000000 0.01747950
v 0.08838000 -0.03000000 0.02029900
v 0.08553400 -0.03000000 -0.02084600
v 0.09680500 -0.03000000 0.01142000
v 0.09609500 -0.03000000 0.01641700
v 0.09371100 -0.03000000 0.01806300
v 0.10276100 -0.03000000 0.00710600
v 0.10159500 -0.03000000 0.00975800
v 0.10007500 -0.03000000 0.01222500
v 0.10355100 -0.03000000 -0.00431800
v 0.09906150 -0.03000000 -0.00327325
v 0.10395000 -0.03000000 -0.00144900
v 0.10395000 -0.03000000 0.00144900
v 0.06525000 -0.03000000 -0.01500000
v 0.09772750 -0.03000000 -0.01030300
v 0.10159500 -0.03000000 -0.00975800
v 0.10276100 -0.03000000 -0.00710600
v 0.09564200 -0.03000000 -0.01276150
v 0.08838000 -0.03000000 -0.02029900
v 0.09112200 -0.03000000 -0.01936600
v 0.09217650 -0.03000000 -0.01715375
v 0.09609500 -0.03000000 -0.01641700
v 0.03270500 -0.02671550 -0.02725000
v 0.04725000 -0.02690000 -0.02725000
v 0.05310350 -0.02870000 0.01857800
v 0.05579800 -0.02870000 0.01198875
v 0.05247650 -0.02870000 0.00511450
v 0.04503150 -0.02870000 0.00342500
v 0.03906850 -0.02870000 0.00819300
v 0.03907800 -0.02870000 0.01582725
v 0.04572200 -0.02870000 0.02047925
v 0.04700000 -0.02870000 0.01200000
v 0.05414775 -0.02870000 0.00142825
v 0.05396950 -0.02870000 -0.00348825
v 0.04972650 -0.02870000 -0.00294900
v 0.04975050 -0.02870000 0.00132800
v 0.05215200 -0.02870000 -0.00082400
v 0.06279525 -0.02870000 0.01350225
v 0.06261750 -0.02870000 0.00858575
v 0.05837375 -0.02870000 0.00912500
v 0.05839775 -0.02870000 0.01340200
v 0.06080000 -0.02870000 0.01125000
v 0.03175000 -0.02900000 0.02511600
v 0.03212500 -0.02986600 0.02471650
v 0.03150000 -0.02950000 0.02468300
v 0.03138400 -0.02950000 0.02425000
v 0.03200000 -0.02986600 0.02468300
v 0.03225000 -0.02989900 0.02462600
v 0.03225000 -0.02986600 0.02475000
v 0.03225000 -0.02968300 0.02493300
v 0.03181700 -0.02986600 0.02450000
v 0.03175000 -0.02986600 0.02425000
v 0.03225000 -0.02937600 0.02514900
v 0.03225000 -0.02950000 0.02511600
v 0.03175000 -0.02986600 -0.02625000
v 0.03138400 -0.02950000 -0.02625000
v 0.06025000 -0.02992400 0.02463300
v 0.06025000 -0.02970700 0.02495700
v 0.06025000 -0.02938300 0.02517400
v 0.03225000 -0.02950000 -0.02711600
v 0.03225000 -0.02986600 -0.02675000
v 0.03205900 -0.02986600 -0.02671200
v 0.03178800 -0.02986600 -0.02644100
v 0.03191900 -0.02950000 -0.02705000
v 0.03189600 -0.02986600 -0.02660400
v 0.03163800 -0.02950000 -0.02686200
v 0.03145000 -0.02950000 -0.02658100
v 0.06115400 -0.02938300 0.02503100
v 0.06251600 -0.02992400 0.02298600
v 0.06274000 -0.02985200 0.02225000
v 0.06282500 -0.02970700 0.02308600
v 0.06165000 -0.02992400 0.02417800
v 0.06217800 -0.02992400 0.02365000
v 0.06184100 -0.02970700 0.02444000
v 0.06244000 -0.02970700 0.02384100
v 0.06196900 -0.02938300 0.02461500
v 0.06295700 -0.02970700 0.02225000
v 0.06098600 -0.02992400 0.02451600
v 0.06108700 -0.02970700 0.02482500
v 0.06225000 -0.02986600 -0.02675000
v 0.06263300 -0.02992400 0.01800000
v 0.06295700 -0.02970700 0.01800000
v 0.06275000 -0.02986600 -0.02625000
v 0.06271200 -0.02986600 -0.02644100
v 0.06244100 -0.02986600 -0.02671200
v 0.06260400 -0.02986600 -0.02660400
v 0.06305000 -0.02950000 -0.02658100
v 0.06286200 -0.02950000 -0.02686200
v 0.06258100 -0.02950000 -0.02705000
v 0.06525000 -0.02949000 0.01585200
v 0.06525000 -0.02938300 0.01592400
v 0.06460800 -0.02938300 0.01602500
v 0.06426000 -0.02900000 0.01628700
v 0.06403000 -0.02938300 0.01632000
v 0.06310200 -0.02949000 0.01800000
v 0.06525000 -0.02985200 0.01549000
v 0.06525000 -0.02970700 0.01570700
v 0.06454100 -0.02970700 0.01581900
v 0.06390200 -0.02970700 0.01614500
v 0.06339500 -0.02970700 0.01665200
v 0.06306900 -0.02970700 0.01729100
v 0.06525000 -0.02992400 0.01538300
v 0.06444100 -0.02992400 0.01551100
v 0.06371200 -0.02992400 0.01588200
v 0.06313300 -0.02992400 0.01646200
v 0.06276100 -0.02992400 0.01719100
v 0.06311600 -0.02950000 -0.01800000
v 0.06675200 -0.02986600 0.01550000
v 0.06675200 -0.02950000 0.01586600
v 0.06318900 -0.02950000 -0.01744800
v 0.06340200 -0.02950000 -0.01693300
v 0.06374100 -0.02950000 -0.01649100
v 0.06418300 -0.02950000 -0.01615200
v 0.06525000 -0.02950000 -0.01586600
v 0.06400000 -0.02986600 -0.01583500
v 0.06460300 -0.02986600 -0.01558500
v 0.06525000 -0.02986600 -0.01550000
v 0.06876700 -0.02937600 0.01664300
v 0.06890800 -0.02968300 0.01647900
v 0.06833800 -0.02950000 0.01629700
v 0.06910700 -0.02989900 0.01624600
v 0.06902700 -0.02986600 0.01634000
v 0.06852300 -0.02986600 0.01598100
v 0.06783800 -0.02950000 0.01606000
v 0.06730300 -0.02950000 0.01591500
v 0.06796400 -0.02986600 0.01571700
v 0.06736800 -0.02986600 0.01555500
v 0.06675200 -0.02992400 -0.01538300
v 0.06675200 -0.02985200 -0.01549000
v 0.06675200 -0.02970700 -0.01570700
v 0.06675200 -0.02938300 -0.01592400
v 0.07383400 -0.02938300 -0.01991600
v 0.08262500 -0.02938300 -0.02192100
v 0.09148000 -0.02938300 -0.02021800
v 0.09890000 -0.02938300 -0.01509500
v 0.10082600 -0.02938300 -0.01276300
v 0.10445500 -0.02938300 -0.00450800
v 0.10445500 -0.02938300 0.00450800
v 0.10082600 -0.02938300 0.01276300
v 0.09890000 -0.02938300 0.01509500
v 0.08262500 -0.02938300 0.02192100
v 0.07383400 -0.02938300 0.01991600
v 0.07250700 -0.02938300 0.01919050
v 0.07147200 -0.02992400 0.01800900
v 0.07129700 -0.02970700 0.01828200
v 0.07969500 -0.02992400 0.02112600
v 0.08263400 -0.02992400 0.02138000
v 0.07964500 -0.02970700 0.02144600
v 0.08262900 -0.02970700 0.02170400
v 0.07961200 -0.02938300 0.02166000
v 0.08856100 -0.02970700 0.02098300
v 0.09139600 -0.02970700 0.02001800
v 0.08861600 -0.02938300 0.02119200
v 0.09148000 -0.02938300 0.02021800
v 0.09390600 -0.02992400 0.01839200
v 0.09407100 -0.02970700 0.01867200
v 0.09418200 -0.02938300 0.01885800
v 0.09633300 -0.02992400 0.01671600
v 0.09653600 -0.02970700 0.01697000
v 0.09667100 -0.02938300 0.01713900
v 0.10312100 -0.02992400 0.00723500
v 0.10392600 -0.02992400 0.00439700
v 0.10342700 -0.02970700 0.00734500
v 0.10424300 -0.02970700 0.00446400
v 0.10363100 -0.02938300 0.00741900
v 0.10433200 -0.02992400 -0.00147500
v 0.10392600 -0.02992400 -0.00439700
v 0.10465500 -0.02970700 -0.00149700
v 0.10424300 -0.02970700 -0.00446400
v 0.10487200 -0.02938300 -0.00151200
v 0.10193400 -0.02992400 -0.00993600
v 0.10038600 -0.02992400 -0.01244800
v 0.10222100 -0.02970700 -0.01008700
v 0.10065000 -0.02970700 -0.01263600
v 0.10241300 -0.02938300 -0.01018800
v 0.09390600 -0.02992400 -0.01839200
v 0.09127000 -0.02992400 -0.01971800
v 0.09407100 -0.02970700 -0.01867200
v 0.09139600 -0.02970700 -0.02001800
v 0.09418200 -0.02938300 -0.01885800
v 0.08263400 -0.02992400 -0.02138000
v 0.08562000 -0.02970700 -0.02154800
v 0.08262900 -0.02970700 -0.02170400
v 0.08564600 -0.02938300 -0.02176400
v 0.07681900 -0.02992400 -0.02047000
v 0.07406000 -0.02992400 -0.01942400
v 0.07672500 -0.02970700 -0.02078000
v 0.07392500 -0.02970700 -0.01971900
v 0.07666300 -0.02938300 -0.02098800
v 0.07406000 -0.02992400 0.01942400
v 0.07392500 -0.02970700 0.01971900
v 0.07666300 -0.02938300 0.02098800
v 0.07672500 -0.02970700 0.02078000
v 0.07681900 -0.02992400 0.02047000
v 0.08564600 -0.02938300 0.02176400
v 0.08562000 -0.02970700 0.02154800
v 0.08558100 -0.02992400 0.02122600
v 0.09874300 -0.02970700 0.01494500
v 0.09850700 -0.02992400 0.01472200
v 0.10038600 -0.02992400 0.01244800
v 0.10065000 -0.02970700 0.01263600
v 0.10241300 -0.02938300 0.01018800
v 0.10222100 -0.02970700 0.01008700
v 0.10193400 -0.02992400 0.00993600
v 0.10487200 -0.02938300 0.00151200
v 0.10465500 -0.02970700 0.00149700
v 0.10433200 -0.02992400 0.00147500
v 0.10363100 -0.02938300 -0.00741900
v 0.10342700 -0.02970700 -0.00734500
v 0.10312100 -0.02992400 -0.00723500
v 0.09874300 -0.02970700 -0.01494500
v 0.09667100 -0.02938300 -0.01713900
v 0.09653600 -0.02970700 -0.01697000
v 0.09633300 -0.02992400 -0.01671600
v 0.08861600 -0.02938300 -0.02119200
v 0.08856100 -0.02970700 -0.02098300
v 0.08847800 -0.02992400 -0.02066900
v 0.07961200 -0.02938300 -0.02166000
v 0.07964500 -0.02970700 -0.02144600
v 0.07969500 -0.02992400 -0.02112600
v 0.07118000 -0.02938300 -0.01846500
v 0.07129700 -0.02970700 -0.01828200
v 0.07147200 -0.02992400 -0.01800900
v 0.06910300 -0.02992400 -0.01625100
v 0.06889200 -0.02970700 -0.01649700
v 0.06875100 -0.02938300 -0.01666200
v 0.06815000 -0.02938300 -0.01626000
v 0.06747100 -0.02938300 -0.01600900
v 0.06752100 -0.02970700 -0.01579800
v 0.06759700 -0.02992400 -0.01548300
v 0.06824800 -0.02970700 -0.01606700
v 0.06839500 -0.02992400 -0.01577800
v 0.05800000 -0.02250000 -0.01725000
v 0.05800000 -0.02997500 -0.02275000
v 0.05937500 -0.02997500 -0.02238200
v 0.06038200 -0.02997500 -0.02137500
v 0.06075000 -0.02997500 -0.02000000
v 0.06038200 -0.02997500 -0.01862500
v 0.05937500 -0.02997500 -0.01761800
v 0.05800000 -0.02997500 -0.01725000
v 0.05662500 -0.02997500 -0.01761800
v 0.05561800 -0.02997500 -0.01862500
v 0.05525000 -0.02997500 -0.02000000
v 0.05561800 -0.02997500 -0.02137500
v 0.05662500 -0.02997500 -0.02238200
v 0.05561800 -0.02250000 0.02137500
v 0.05800000 -0.02997500 0.01725000
v 0.05937500 -0.02997500 0.01761800
v 0.06038200 -0.02997500 0.01862500
v 0.06075000 -0.02997500 0.02000000
v 0.06038200 -0.02997500 0.02137500
v 0.05937500 -0.02997500 0.02238200
v 0.05800000 -0.02997500 0.02275000
v 0.05662500 -0.02997500 0.02238200
v 0.05561800 -0.02997500 0.02137500
v 0.05525000 -0.02997500 0.02000000
v 0.05561800 -0.02997500 0.01862500
v 0.05662500 -0.02997500 0.01761800
v 0.05947500 -0.01862500 -0.02249500
v 0.05961875 -0.01862500 0.02254625
v 0.06207450 -0.01862500 0.01995750
v 0.06000625 -0.01862500 0.01913900
v 0.06043750 -0.01862500 0.02159050
v 0.05957500 -0.01862500 -0.02438375
v 0.06006250 -0.01862500 -0.02499000
v 0.06100000 -0.01862500 -0.02429000
v 0.06089900 -0.01862500 -0.02391500
v 0.06015625 -0.01862500 -0.02361575
v 0.06094950 -0.02162500 -0.02410250
v 0.06050600 -0.02162500 -0.02492125
v 0.05961875 -0.02162500 -0.02454625
v 0.06008750 -0.02162500 -0.02368425
v 0.06025000 -0.02162500 -0.02429000
v 0.06094950 -0.02162500 0.02247750
v 0.06050600 -0.02162500 0.02165900
v 0.05961875 -0.02162500 0.02203400
v 0.06008750 -0.02162500 0.02289625
v 0.06025000 -0.02162500 0.02229000
v 0.08300000 0.00450000 0.01849400
v 0.06814750 -0.00275000 -0.01184450
v 0.07146900 -0.00275000 -0.01445900
v 0.07475750 -0.00275000 -0.01711550
v 0.05766600 -0.01290000 0.00987900
v 0.05852800 -0.01565000 0.00869300
v 0.05980700 -0.01565000 0.00797700
v 0.06103400 -0.01565000 0.00893100
v 0.06203400 -0.01565000 0.00926800
v 0.06432500 -0.01290000 0.00676000
v 0.06368000 -0.01290000 0.00940500
v 0.06368000 -0.01565000 0.00940500
v 0.06182600 -0.01290000 -0.00348600
v 0.06201800 -0.01290000 -0.01520000
v 0.06275000 -0.01290000 -0.01446800
v 0.05681900 -0.01290000 0.00734400
v 0.06173725 -0.01290000 -0.01953875
v 0.06175000 -0.01290000 -0.02275000
v 0.06175000 -0.01290000 -0.01620000
v 0.06377825 -0.01290000 -0.00603650
v 0.06841500 -0.01290000 -0.01449700
v 0.07139675 -0.01290000 -0.01559400
v 0.06837850 -0.01290000 -0.01359750
v 0.06633800 -0.01290000 -0.00802400
v 0.06675200 -0.01290000 -0.01420000
v 0.06525100 -0.01290000 -0.01420000
v 0.06450600 -0.01290000 0.00000000
v 0.06599700 -0.01290000 0.01302200
v 0.06876925 -0.01290000 0.01402225
v 0.06679200 -0.01290000 0.01385400
v 0.06784200 -0.01290000 0.01432500
v 0.10228750 -0.01290000 0.00109350
v 0.10308100 -0.01290000 0.00218700
v 0.10214000 -0.01290000 0.00645900
v 0.10030000 -0.01290000 0.01042800
v 0.09765000 -0.01290000 0.01390800
v 0.09431200 -0.01290000 0.01673500
v 0.09044400 -0.01290000 0.01877800
v 0.08622700 -0.01290000 0.01994100
v 0.08185800 -0.01290000 0.02016800
v 0.07754300 -0.01290000 0.01944900
v 0.07348400 -0.01290000 0.01781800
v 0.06987200 -0.01290000 0.01535200
v 0.06841500 -0.01290000 0.01449700
v 0.06987200 -0.01290000 -0.01535200
v 0.07497600 -0.01290000 -0.01666200
v 0.07348400 -0.01290000 -0.01781800
v 0.07754300 -0.01290000 -0.01944900
v 0.08027150 -0.01290000 -0.01897150
v 0.08185800 -0.01290000 -0.02016800
v 0.08622700 -0.01290000 -0.01994100
v 0.09044400 -0.01290000 -0.01877800
v 0.09431200 -0.01290000 -0.01673500
v 0.09765000 -0.01290000 -0.01390800
v 0.10030000 -0.01290000 -0.01042800
v 0.10140250 -0.01290000 -0.00686525
v 0.10214000 -0.01290000 -0.00645900
v 0.10308100 -0.01290000 -0.00218700
v 0.04837100 -0.01290000 -0.00132800
v 0.03387975 -0.01290000 0.01578525
v 0.03500950 -0.01290000 -0.02099050
v 0.03340100 -0.01290000 -0.02281250
v 0.03565675 -0.01290000 -0.01194375
v 0.04162350 -0.01290000 0.00268750
v 0.03801500 -0.01290000 0.00587400
v 0.05899050 -0.01290000 -0.01900950
v 0.05945000 -0.01290000 -0.02000000
v 0.06152200 -0.01290000 -0.02389800
v 0.06038900 -0.01290000 -0.02231150
v 0.03575000 -0.01290000 -0.02575000
v 0.05875000 -0.01576250 -0.02575000
v 0.05339000 -0.01290000 -0.00390400
v 0.05660900 -0.01290000 -0.01044500
v 0.03512500 -0.01290000 -0.02339900
v 0.05768125 -0.01290000 0.00582075
v 0.05497200 -0.01290000 0.00460300
v 0.05244100 -0.01290000 0.00258400
v 0.05043300 -0.01290000 -0.01520075
v 0.05989800 -0.01290000 -0.02552200
v 0.05989800 -0.01576250 -0.02552200
v 0.06087100 -0.01576250 -0.02487100
v 0.06087100 -0.01290000 -0.02487100
v 0.03786550 -0.01290000 0.02279975
v 0.05211875 -0.01290000 0.02229700
v 0.05536250 -0.01290000 0.01940800
v 0.05486700 -0.01290000 0.01948000
v 0.03625700 -0.01290000 0.01472150
v 0.03315200 -0.01290000 0.02225000
v 0.03425000 -0.01290000 0.02334800
v 0.03575000 -0.01290000 0.02375000
v 0.03600000 -0.01290000 0.02145000
v 0.03987600 -0.01290000 0.02168950
v 0.03773250 -0.01290000 0.01906300
v 0.03725600 -0.01290000 0.01927500
v 0.03672500 -0.01290000 0.01874400
v 0.06114475 -0.01290000 0.01975325
v 0.06162900 -0.01290000 0.01910900
v 0.05941650 -0.01290000 0.01857650
v 0.06127600 -0.01290000 0.01833400
v 0.05744150 -0.01290000 0.01749600
v 0.05679800 -0.01290000 0.01671800
v 0.05655000 -0.01290000 0.02000000
v 0.06175000 -0.01290000 0.02035100
v 0.06175000 -0.01290000 0.02075000
v 0.06134800 -0.01290000 0.02225000
v 0.06025000 -0.01290000 0.02334800
v 0.05893750 -0.01290000 0.02307450
v 0.05727500 -0.01290000 0.02125600
v 0.05674400 -0.01290000 0.02072500
v 0.05787650 -0.01290000 0.01302350
v 0.05792000 -0.01290000 0.01309500
v 0.05775300 -0.01290000 0.01362100
v 0.06523300 0.00650000 0.00447100
v 0.06568100 0.00650000 0.00000000
v 0.06523300 0.00650000 -0.00447100
v 0.06175000 0.00650000 0.01270600
v 0.06390500 0.00650000 0.00876300
v 0.06175000 -0.00060750 -0.01772800
v 0.06390500 0.00650000 -0.00876300
v 0.06675200 0.00650000 -0.01462700
v 0.06632475 0.00650000 -0.01473900
v 0.06625500 0.00650000 -0.01475700
v 0.07019400 0.00650000 -0.01264050
v 0.06356000 0.00650000 0.01588200
v 0.06325000 0.00650000 0.01403000
v 0.06340400 0.00650000 0.01555050
v 0.06325000 0.00650000 0.01640000
v 0.06396100 0.00650000 -0.01549900
v 0.06325000 0.00650000 -0.01403000
v 0.06339800 0.00650000 -0.01614200
v 0.06325000 0.00650000 -0.01640000
v 0.06325000 0.01800875 -0.02073250
v 0.06614600 0.00650000 -0.01478600
v 0.06560600 0.00650000 -0.00855000
v 0.06457300 0.00650000 -0.01518200
v 0.06336100 0.00650000 -0.01322000
v 0.06368700 0.00650000 -0.01247100
v 0.09030625 0.00650000 0.01856150
v 0.08869700 0.00650000 0.01914200
v 0.08980600 0.00650000 0.01880600
v 0.06651875 0.00650000 -0.01143325
v 0.06678400 0.00650000 -0.00434700
v 0.06718100 0.00650000 0.00000000
v 0.06373500 0.00650000 0.01572600
v 0.06408300 0.00650000 0.01541500
v 0.06427900 0.00644000 0.01565700
v 0.06336100 0.00650000 0.01322000
v 0.06407350 0.00650000 0.01479225
v 0.06368700 0.00650000 0.01247100
v 0.06574700 0.00650000 0.01494100
v 0.06585600 0.00650000 0.01491300
v 0.06559250 0.00650000 0.01336875
v 0.06560600 0.00650000 0.00855000
v 0.06626400 0.00650000 0.01478300
v 0.06675200 0.00650000 0.01462700
v 0.07170850 0.00650000 -0.01392750
v 0.06940300 0.00650000 -0.01483700
v 0.06922800 0.00650000 -0.01479100
v 0.06849350 0.00650000 -0.01462550
v 0.06861200 0.00650000 -0.01462900
v 0.06468500 0.00650000 0.01515400
v 0.06472200 0.00650000 0.01513800
v 0.06525000 0.00650000 0.01507100
v 0.06678400 0.00650000 0.00434700
v 0.06755050 0.00650000 0.00495775
v 0.09480150 0.00650000 -0.01611250
v 0.09565200 0.00650000 -0.01549000
v 0.09395100 0.00650000 -0.01673500
v 0.09447400 0.00650000 -0.01359225
v 0.07643175 0.00650000 0.01509225
v 0.06920550 0.00650000 0.01476700
v 0.06918200 0.00650000 0.01475500
v 0.06922900 0.00650000 0.01477900
v 0.06837500 0.00650000 -0.01462200
v 0.06752700 0.00650000 -0.01460000
v 0.10278200 0.00650000 -0.00294100
v 0.10257250 0.00650000 -0.00397400
v 0.10236300 0.00650000 -0.00500700
v 0.10058300 0.00650000 -0.00255975
v 0.06573800 0.00650000 -0.01491600
v 0.06525000 0.00650000 -0.01507100
v 0.06468500 0.00650000 -0.01516300
v 0.07662150 0.00650000 -0.01892700
v 0.07747200 0.00650000 -0.01920600
v 0.07577100 0.00650000 -0.01864800
v 0.07497350 0.00650000 -0.01714275
v 0.08778600 0.00650000 0.01941900
v 0.08819750 0.00650000 0.01710500
v 0.08592500 0.00650000 0.01977500
v 0.08456575 0.00650000 0.01879925
v 0.08150600 0.00650000 0.01994400
v 0.08309000 0.00650000 0.01997900
v 0.08361600 0.00650000 0.01999000
v 0.08571700 0.00650000 0.01981500
v 0.07119350 0.00650000 0.01381650
v 0.06837300 0.00650000 0.01461500
v 0.06827000 0.00650000 0.01459700
v 0.06971500 0.00650000 0.01254350
v 0.07121950 0.00650000 -0.01613150
v 0.07041300 0.00650000 -0.01554300
v 0.07000200 0.00650000 -0.01520000
v 0.09861600 0.00650000 -0.01249600
v 0.09836900 0.00650000 -0.01277250
v 0.09721200 0.00650000 -0.01407200
v 0.09611800 0.00650000 -0.01506600
v 0.09984300 0.00650000 -0.01078400
v 0.10007700 0.00650000 -0.00804175
v 0.10088500 0.00650000 -0.00895100
v 0.09532000 0.00650000 0.01575500
v 0.09813100 0.00650000 0.01305700
v 0.09690900 0.00650000 0.01437100
v 0.09669725 0.00650000 0.01307225
v 0.09451750 0.00650000 0.01498100
v 0.09136100 0.00650000 0.01814900
v 0.09174800 0.00650000 0.01798500
v 0.09359100 0.00650000 0.01696500
v 0.07844200 0.00650000 0.01944500
v 0.07746800 0.00650000 0.01921400
v 0.07941600 0.00650000 0.01967600
v 0.08025400 0.00650000 0.01978400
v 0.09076750 0.00650000 -0.01725950
v 0.09020500 0.00650000 -0.01865700
v 0.08869800 0.00650000 -0.01914900
v 0.10163600 0.00650000 0.00261750
v 0.10225200 0.00650000 0.00541700
v 0.10271500 0.00650000 0.00336200
v 0.10296000 0.00650000 0.00126700
v 0.09834500 0.00650000 0.01282600
v 0.09961100 0.00650000 0.01113900
v 0.09906800 0.00650000 0.01001050
v 0.10069000 0.00650000 0.00933000
v 0.06985200 0.00650000 0.01508400
v 0.07000200 0.00650000 0.01520000
v 0.07167200 0.00650000 0.01648200
v 0.07230400 0.00650000 0.01686900
v 0.07347100 0.00650000 0.01758400
v 0.07480600 0.00650000 0.01821900
v 0.07480700 0.00650000 -0.01821400
v 0.07384800 0.00650000 -0.01778300
v 0.07229700 0.00650000 -0.01687800
v 0.08454400 0.00650000 -0.01885000
v 0.08193200 0.00650000 -0.01997100
v 0.08088225 0.00650000 -0.01881450
v 0.10279200 0.00650000 -0.00283800
v 0.07537500 0.00650000 0.01849000
v 0.07736400 0.00650000 0.01918900
v 0.08025200 0.00650000 -0.01979200
v 0.07983500 0.00650000 -0.01974800
v 0.07777500 0.00650000 -0.01930500
v 0.08819900 0.00650000 -0.01931200
v 0.10217200 0.00650000 -0.00561200
v 0.10172900 0.00650000 -0.00701600
v 0.10117900 0.00650000 -0.00827600
v 0.10117800 0.00650000 0.00827400
v 0.10157500 0.00650000 0.00741400
v 0.10218500 0.00650000 0.00561600
v 0.06325000 0.00650000 -0.01800000
v 0.06325000 0.00650000 0.01800000
v 0.06325000 0.00953125 0.01866250
v 0.03125000 0.00588500 -0.01500000
v 0.03200000 0.00588500 -0.01500000
v 0.03200000 0.00521000 -0.01518100
v 0.03125000 0.00521000 -0.01518100
v 0.03125000 -0.01862500 0.00675000
v 0.03125000 0.00471600 -0.01567500
v 0.03200000 0.00471600 -0.01567500
v 0.03125000 0.00453500 -0.01635000
v 0.03200000 0.00453500 -0.01635000
v 0.03125000 0.00471600 -0.01702500
v 0.03200000 0.00471600 -0.01702500
v 0.03200000 0.01336000 -0.01751900
v 0.03125000 0.01336000 -0.01751900
v 0.03125000 0.01360700 -0.01727200
v 0.03125000 0.01385400 -0.01702500
v 0.03200000 0.01385400 -0.01702500
v 0.03125000 0.01403500 -0.01635000
v 0.03200000 0.01403500 -0.01635000
v 0.03125000 0.01862500 0.00675000
v 0.03125000 0.00537500 0.00675000
v 0.03125000 0.00588500 0.00665000
v 0.03125000 0.01268500 -0.01500000
v 0.03200000 0.01385400 -0.01567500
v 0.03125000 0.01385400 -0.01567500
v 0.03125000 0.01336000 -0.01518100
v 0.03200000 0.01336000 -0.01518100
v 0.03125000 0.01319500 0.00675000
v 0.03125000 0.01268500 0.00665000
v 0.03200000 0.00521000 -0.01751900
v 0.03125000 0.00521000 -0.01751900
v 0.03125000 0.00588500 -0.01770000
v 0.03200000 0.01268500 -0.01770000
v 0.03125000 0.01268500 -0.01770000
v 0.03275000 0.01336000 0.00683100
v 0.03275000 0.01268500 0.00665000
v 0.03275000 0.01331475 -0.00468125
v 0.03275000 0.01862500 -0.02275000
v 0.03275000 -0.00632625 0.00616325
v 0.03275000 -0.00059000 -0.01887050
v 0.03275000 0.00521000 -0.01751900
v 0.03275000 0.00471600 -0.01702500
v 0.03275000 0.00928500 0.00665000
v 0.03275000 -0.00431500 -0.01320250
v 0.03275000 0.00521000 0.00683100
v 0.03275000 0.00471600 0.00732500
v 0.03275000 0.00453500 0.00800000
v 0.03275000 0.00496300 0.00892200
v 0.03275000 0.00471600 0.00867500
v 0.03275000 -0.00091500 0.01505000
v 0.03275000 0.00588500 0.00935000
v 0.03275000 0.01479975 0.01135625
v 0.03275000 0.01268500 0.00935000
v 0.03275000 0.01336000 0.00916900
v 0.03275000 0.01385400 0.00867500
v 0.03275000 0.01403500 0.00800000
v 0.03275000 0.01385400 0.00732500
v 0.03275000 0.01360700 -0.01727200
v 0.03275000 0.01385400 -0.01702500
v 0.03275000 0.01336000 -0.01751900
v 0.03275000 0.00422400 -0.01874850
v 0.03275000 0.00928500 -0.01770000
v 0.03275000 0.00588500 -0.01770000
v 0.03275000 0.01385400 -0.01567500
v 0.03275000 0.01403500 -0.01635000
v 0.03275000 0.00453500 -0.01635000
v 0.03275000 0.00471600 -0.01567500
v 0.03275000 0.00496300 -0.01542800
v 0.03275000 0.00521000 -0.01518100
v 0.03275000 0.00928500 -0.01500000
v 0.03275000 0.01268500 -0.01500000
v 0.03275000 0.01336000 -0.01518100
v 0.02868300 -0.01588300 0.00971900
v 0.02888100 -0.01562500 0.00968300
v 0.02975000 -0.01862500 0.00934800
v 0.02900600 -0.01532400 0.00965300
v 0.02904900 -0.01500000 0.00964200
v 0.02825000 -0.01616600 0.00975000
v 0.02842400 -0.01608300 0.00974500
v 0.02855800 -0.00608200 0.00973400
v 0.02888100 -0.01437500 0.00968300
v 0.02825000 -0.01383400 0.00975000
v 0.02825000 -0.00620900 0.00975000
v 0.02841000 -0.01393900 0.00973800
v 0.02868300 -0.01411600 0.00971900
v 0.02914000 -0.00532400 0.00961500
v 0.02918300 -0.00500000 0.00960100
v 0.02825000 0.00000000 0.00975000
v 0.02825000 0.00379100 0.00975000
v 0.02855800 -0.00391700 0.00973400
v 0.02855800 0.00391700 0.00973400
v 0.02901500 -0.00437500 0.01170050
v 0.02914000 -0.00467600 0.00961500
v 0.02914000 0.00467600 0.00961500
v 0.02918300 0.00500000 0.00960100
v 0.02975000 0.00581300 0.00934800
v 0.02914000 0.00532400 0.00961500
v 0.02974700 0.00588500 0.00935000
v 0.02901500 0.00562500 0.00965100
v 0.02901500 0.00562500 0.01170050
v 0.02974700 0.01268500 0.00935000
v 0.03124850 0.01268500 0.00935000
v 0.02855800 0.00608200 0.00973400
v 0.02825000 0.00620900 0.00975000
v 0.02825000 0.01383400 0.00975000
v 0.02825000 0.01002150 0.00975000
v 0.02842400 0.01391700 0.00974500
v 0.02975000 0.01275700 0.00934800
v 0.02868300 0.01411700 0.00971900
v 0.02888100 0.01437500 0.00968300
v 0.02900600 0.01467600 0.00965300
v 0.02904900 0.01500000 0.00964200
v 0.02975000 0.01862500 0.00934800
v 0.02900600 0.01532400 0.00965300
v 0.02888100 0.01562500 0.00968300
v 0.02825000 0.01616600 0.00975000
v 0.02802450 0.01743750 0.00975000
v 0.02825000 0.01862500 0.00975000
v 0.02841000 0.01606100 0.00973800
v 0.02868300 0.01588400 0.00971900
v 0.03119400 0.00471600 0.00732500
v 0.03123500 0.00492900 0.00704600
v 0.03124900 0.00521000 0.00683100
v 0.03055100 0.00471600 0.00867500
v 0.03084800 0.00455800 0.00825000
v 0.03084800 -0.01862500 0.00825000
v 0.03095800 0.00456700 0.00800100
v 0.03111000 0.00457900 0.00765700
v 0.02984700 0.00548500 0.00928900
v 0.03002400 0.00521000 0.00916900
v 0.03138700 0.00521000 0.00916900
v 0.03084800 0.01862500 0.00825000
v 0.03082700 0.01397100 0.00823700
v 0.03002400 0.01336000 0.00916900
v 0.02984700 0.01308500 0.00928900
v 0.03123500 0.01364000 0.00704600
v 0.03119400 0.01385400 0.00732500
v 0.03111000 0.01399100 0.00765700
v 0.03097700 0.01403500 0.00800000
v 0.06001250 -0.01140000 0.01493750
v 0.06117400 -0.00771500 0.01689950
v 0.06134800 -0.01140000 0.01525000
v 0.06025000 -0.01140000 0.01634800
v 0.05475000 -0.00771500 0.02075000
v 0.05250000 -0.00771500 0.02354900
v 0.06483300 -0.01862500 0.01420000
v 0.06455800 -0.01862500 0.01612400
v 0.06347700 -0.01862500 0.01546900
v 0.06408625 -0.01862500 0.01531550
v 0.06383600 -0.01862500 0.01658600
v 0.06175000 -0.01862500 0.01615500
v 0.02625000 -0.01862500 0.00975000
v 0.02877450 -0.01862500 0.00927450
v 0.06185950 -0.01862500 0.02331050
v 0.06134800 -0.01576250 0.02225000
v 0.06134800 -0.01862500 0.02225000
v 0.06025000 -0.01576250 0.02334800
v 0.06025000 -0.01862500 0.02334800
v 0.05875000 -0.01576250 0.02375000
v 0.03575000 -0.01862500 0.02375000
v 0.03425000 -0.01862500 0.02334800
v 0.03425000 -0.01576250 0.02334800
v 0.02438400 -0.01862500 0.01175000
v 0.02425000 -0.01862500 0.01275000
v 0.02425000 0.00000000 0.01175000
v 0.06337400 -0.01862500 0.01730800
v 0.06175000 -0.01862500 0.02075000
v 0.06287500 -0.01862500 0.02081250
v 0.06302200 -0.01862500 0.02339800
v 0.03175000 -0.01862500 0.02511600
v 0.03315200 -0.01862500 0.02225000
v 0.03315200 -0.01576250 0.02225000
v 0.03275000 -0.01576250 0.02075000
v 0.06169900 -0.01290000 -0.02300500
v 0.06152200 -0.01862500 -0.02389800
v 0.06087100 -0.01862500 -0.02487100
v 0.02451800 -0.01862500 0.01075000
v 0.02451800 0.00000000 0.01075000
v 0.02525000 -0.01862500 0.01001800
v 0.02525000 0.00000000 0.01001800
v 0.10308100 -0.01576250 0.00218700
v 0.10308100 -0.01862500 0.00218700
v 0.10214000 -0.01862500 0.00645900
v 0.10214000 -0.01576250 0.00645900
v 0.10030000 -0.01862500 0.01042800
v 0.10030000 -0.01576250 0.01042800
v 0.09765000 -0.01576250 0.01390800
v 0.09765000 -0.01862500 0.01390800
v 0.09431200 -0.01862500 0.01673500
v 0.09431200 -0.01576250 0.01673500
v 0.09044400 -0.01576250 0.01877800
v 0.09044400 -0.01862500 0.01877800
v 0.08622700 -0.01862500 0.01994100
v 0.08622700 -0.01576250 0.01994100
v 0.08539100 -0.01862500 0.02187000
v 0.08185800 -0.01576250 0.02016800
v 0.08185800 -0.01862500 0.02016800
v 0.07754300 -0.01862500 0.01944900
v 0.07754300 -0.01576250 0.01944900
v 0.07348400 -0.01576250 0.01781800
v 0.07348400 -0.01862500 0.01781800
v 0.05989800 -0.01862500 -0.02552200
v 0.06250000 -0.01862500 -0.02037500
v 0.06175000 -0.01862500 -0.02275000
v 0.06175000 -0.01862500 -0.01620000
v 0.06337400 -0.01862500 -0.01730800
v 0.06201800 -0.01576250 -0.01520000
v 0.06201800 -0.01862500 -0.01520000
v 0.06383600 -0.01862500 -0.01658600
v 0.06275000 -0.01576250 -0.01446800
v 0.06275000 -0.01862500 -0.01446800
v 0.06455800 -0.01862500 -0.01612400
v 0.06375000 -0.01862500 -0.01420000
v 0.06375000 -0.01576250 -0.01420000
v 0.07348400 -0.01862500 -0.01781800
v 0.07348400 -0.01576250 -0.01781800
v 0.07211400 -0.01862500 -0.01911800
v 0.07402300 0.00450000 -0.01995500
v 0.07754300 -0.01862500 -0.01944900
v 0.07754300 -0.01576250 -0.01944900
v 0.07631400 -0.01862500 -0.02095900
v 0.08185800 -0.01862500 -0.02016800
v 0.08185800 -0.01576250 -0.02016800
v 0.08622700 -0.01862500 -0.01994100
v 0.08622700 -0.01576250 -0.01994100
v 0.09044400 -0.01862500 -0.01877800
v 0.09044400 -0.01576250 -0.01877800
v 0.09431200 -0.01862500 -0.01673500
v 0.09431200 -0.01576250 -0.01673500
v 0.09765000 -0.01862500 -0.01390800
v 0.09765000 -0.01576250 -0.01390800
v 0.10030000 -0.01862500 -0.01042800
v 0.10030000 -0.01576250 -0.01042800
v 0.10214000 -0.01862500 -0.00645900
v 0.10214000 -0.01576250 -0.00645900
v 0.10308100 -0.01576250 -0.00218700
v 0.10308100 -0.01862500 -0.00218700
v 0.05325000 -0.00771500 -0.02534800
v 0.05641050 -0.00771500 -0.02187175
v 0.05937800 -0.00771500 -0.01791200
v 0.05675675 -0.01140000 -0.01303925
v 0.06154900 -0.00771500 -0.01675000
v 0.06175000 -0.00918250 -0.00165600
v 0.04368525 -0.01140000 0.02271025
v 0.04100000 -0.01140000 0.02334800
v 0.05319425 -0.01140000 -0.01678925
v 0.03950000 -0.01140000 -0.01975000
v 0.03950000 -0.01140000 -0.02275000
v 0.03991975 -0.01140000 -0.00237450
v 0.03650000 -0.01140000 -0.01675000
v 0.05475000 -0.01140000 0.01962900
v 0.05475000 -0.00771500 0.01962900
v 0.05420100 -0.01140000 -0.00961300
v 0.05515200 -0.01140000 -0.01825000
v 0.06038900 -0.00771500 -0.02231150
v 0.05945000 -0.00771500 -0.02000000
v 0.03438100 -0.00771500 -0.02209900
v 0.03707150 -0.00771500 -0.02187650
v 0.03538125 -0.00771500 0.02187600
v 0.03374700 -0.00771500 0.01826250
v 0.03500275 -0.00771500 0.01726300
v 0.03886250 -0.00771500 0.02230200
v 0.05837500 -0.00771500 0.02260000
v 0.05641050 -0.00771500 0.02137175
v 0.05620400 -0.00771500 0.01966800
v 0.05837500 -0.00771500 0.01765000
v 0.05872500 -0.00771500 0.01874400
v 0.05925600 -0.00771500 0.01927500
v 0.05945000 -0.00771500 0.02000000
v 0.06079275 -0.00771500 0.02184800
v 0.03296900 -0.01140000 0.01725000
v 0.03296900 -0.00771500 0.01725000
v 0.05243700 -0.01140000 0.02141800
v 0.04006100 -0.01140000 0.02137600
v 0.03524650 -0.01140000 0.01445200
v 0.03371450 -0.01140000 0.00665400
v 0.03801500 -0.01140000 0.00587400
v 0.05243700 -0.01140000 0.00258200
v 0.05497200 -0.01140000 0.00460300
v 0.05679800 -0.01140000 0.00728100
v 0.05775300 -0.01140000 0.01037900
v 0.05783300 -0.01565000 0.01295200
v 0.05688300 -0.01290000 0.01644200
v 0.05679800 -0.01140000 0.01671800
v 0.07998900 0.00450000 0.01686650
v 0.08754025 0.00450000 0.01710625
v 0.06175000 -0.01140000 0.01206200
v 0.06175000 -0.01140000 0.01290600
v 0.06142500 -0.01140000 0.01233200
v 0.04250000 -0.01140000 -0.02575000
v 0.05041875 -0.00644975 -0.02575000
v 0.04100000 -0.01140000 -0.02534800
v 0.03990200 -0.01140000 -0.02425000
v 0.04154200 -0.01140000 -0.01350075
v 0.05090200 -0.01140000 -0.00082400
v 0.06175000 -0.01140000 0.01043800
v 0.06083750 -0.01140000 -0.00309050
v 0.05701750 -0.01140000 0.00427550
v 0.05678850 -0.01140000 0.00467150
v 0.05355475 -0.01140000 0.00111600
v 0.04862850 -0.01140000 0.00047800
v 0.05825750 -0.01140000 0.00895300
v 0.05950000 0.01862500 0.02450000
v 0.03500000 0.01862500 0.02354900
v 0.03912500 -0.00771500 0.02375000
v 0.06175000 0.01862500 0.02075000
v 0.06175000 0.01862500 -0.02275000
v 0.06175000 -0.01065000 0.01206200
v 0.06175000 -0.00485400 0.01467175
v 0.06175000 -0.01048600 0.01101900
v 0.06064800 0.01862500 0.02427200
v 0.03807800 0.01360700 -0.02575000
v 0.03783100 0.01336000 -0.02575000
v 0.03783100 0.01336000 -0.02650000
v 0.03832500 0.01385400 -0.02575000
v 0.03832500 0.01385400 -0.02650000
v 0.03737500 0.01633000 -0.02575000
v 0.05875000 0.01862500 -0.02575000
v 0.04700000 0.01385400 -0.02575000
v 0.05432500 0.01385400 -0.02650000
v 0.05432500 0.01385400 -0.02575000
v 0.05500000 0.01403500 -0.02650000
v 0.05500000 0.01403500 -0.02575000
v 0.05627500 0.01509200 -0.02575000
v 0.05567500 0.01385400 -0.02575000
v 0.05567500 0.01385400 -0.02650000
v 0.05616900 0.01336000 -0.02575000
v 0.05616900 0.01336000 -0.02650000
v 0.05525000 -0.00771500 -0.02575000
v 0.05755000 -0.00091500 -0.02575000
v 0.05567500 0.00471600 -0.02575000
v 0.05567500 0.00471600 -0.02650000
v 0.05383100 0.00521000 -0.02575000
v 0.04425775 0.00281625 -0.02575000
v 0.05383100 0.00521000 -0.02650000
v 0.05432500 0.00471600 -0.02575000
v 0.05432500 0.00471600 -0.02650000
v 0.05500000 0.00453500 -0.02575000
v 0.05500000 0.00453500 -0.02650000
v 0.03900000 0.01403500 -0.02575000
v 0.03900000 0.01403500 -0.02650000
v 0.03967500 0.01385400 -0.02575000
v 0.03967500 0.01385400 -0.02650000
v 0.04016900 0.01336000 -0.02650000
v 0.04016900 0.01336000 -0.02575000
v 0.05383100 0.01336000 -0.02575000
v 0.05383100 0.01336000 -0.02650000
v 0.05635000 0.01268500 -0.02575000
v 0.05635000 0.00588500 -0.02650000
v 0.05616900 0.00521000 -0.02575000
v 0.05616900 0.00521000 -0.02650000
v 0.03832500 0.00471600 -0.02650000
v 0.03832500 0.00471600 -0.02575000
v 0.03783100 0.00521000 -0.02650000
v 0.03783100 0.00521000 -0.02575000
v 0.03691400 -0.00037600 -0.02575000
v 0.03765000 0.00928500 -0.02575000
v 0.03765000 0.00588500 -0.02575000
v 0.03765000 0.01268500 -0.02650000
v 0.05365000 0.01268500 -0.02650000
v 0.04035000 0.01268500 -0.02575000
v 0.05365000 0.00588500 -0.02575000
v 0.04035000 0.00588500 -0.02650000
v 0.04016900 0.00521000 -0.02575000
v 0.04016900 0.00521000 -0.02650000
v 0.03967500 0.00471600 -0.02650000
v 0.03967500 0.00471600 -0.02575000
v 0.03933750 0.00462550 -0.02575000
v 0.03900000 0.00453500 -0.02575000
v 0.03900000 0.00453500 -0.02650000
v 0.06126550 0.01862500 -0.02634800
v 0.05883700 -0.00771500 -0.02237100
v 0.06191400 0.01862500 -0.02591400
v 0.06087100 -0.00771500 -0.02487100
v 0.06152200 0.01862500 -0.02389800
v 0.06225000 0.00210000 -0.02725000
v 0.06263300 0.00000000 -0.02717400
v 0.06295700 0.01862500 -0.02695700
v 0.06317400 0.01862500 -0.02663300
v 0.03225000 0.00210000 -0.02725000
v 0.03231700 0.00235000 -0.02725000
v 0.05432500 0.01385400 -0.02725000
v 0.05407800 0.01360700 -0.02725000
v 0.05383100 0.01336000 -0.02725000
v 0.05500000 0.01403500 -0.02725000
v 0.05567500 0.01385400 -0.02725000
v 0.05533750 0.01394450 -0.02725000
v 0.05917150 0.00792150 -0.02725000
v 0.05616900 0.01336000 -0.02725000
v 0.05635000 0.01268500 -0.02725000
v 0.05500000 0.00453500 -0.02725000
v 0.05533750 0.00462550 -0.02725000
v 0.05567500 0.00471600 -0.02725000
v 0.05070950 0.00415500 -0.02725000
v 0.05616900 0.00521000 -0.02725000
v 0.05898200 0.00406275 -0.02725000
v 0.05635000 0.00588500 -0.02725000
v 0.04632500 0.01336000 -0.02725000
v 0.03900000 0.01403500 -0.02725000
v 0.03807800 0.01360700 -0.02725000
v 0.03832500 0.01385400 -0.02725000
v 0.03783100 0.01336000 -0.02725000
v 0.03520000 0.00782550 -0.02725000
v 0.03765000 0.00588500 -0.02725000
v 0.03783100 0.00521000 -0.02725000
v 0.03832500 0.00471600 -0.02725000
v 0.03900000 0.00453500 -0.02725000
v 0.04025950 0.01302250 -0.02725000
v 0.04035000 0.01268500 -0.02725000
v 0.04016900 0.01336000 -0.02725000
v 0.03967500 0.01385400 -0.02725000
v 0.03967500 0.00471600 -0.02725000
v 0.04016900 0.00521000 -0.02725000
v 0.05432500 0.00471600 -0.02725000
v 0.04700000 0.00588500 -0.02725000
v 0.05365000 0.00588500 -0.02725000
v 0.05383100 0.00521000 -0.02725000
v 0.05407800 0.00496300 -0.02725000
v 0.06514700 0.00557300 -0.01600300
v 0.06525000 0.00557100 -0.01600000
v 0.06385600 0.00586900 -0.01660400
v 0.06385700 0.00586800 -0.01660200
v 0.06402500 0.00578200 -0.01641900
v 0.06449300 0.00565700 -0.01616500
v 0.06456000 0.00563900 -0.01612800
v 0.06458900 0.00563100 -0.01611200
v 0.06356700 0.00601600 -0.01691900
v 0.06359200 0.00600400 -0.01689200
v 0.06330600 0.00632800 -0.01761200
v 0.06333300 0.00624700 -0.01743000
v 0.06340250 0.00617800 -0.01727750
v 0.06574700 0.00544100 -0.01600000
v 0.06637650 -0.01787450 -0.01600000
v 0.06675200 0.00512700 -0.01600000
v 0.06626400 0.00528300 -0.01600000
v 0.06585600 0.00541300 -0.01600000
v 0.06870200 0.00450000 -0.01672000
v 0.06851600 0.00452200 -0.01657300
v 0.06802700 0.00470200 -0.01628400
v 0.06778400 0.00480900 -0.01620600
v 0.06870200 0.00450000 0.01672000
v 0.07126200 0.00450000 0.01851900
v 0.07402300 0.00450000 0.01995500
v 0.07211400 0.00450000 0.01911800
v 0.08080500 0.00450000 0.02189000
v 0.07692500 0.00450000 0.02108600
v 0.07631400 0.00450000 0.02095900
v 0.08309800 0.00450000 0.02188000
v 0.08080500 -0.00706250 0.02189000
v 0.08539100 0.00450000 0.02187000
v 0.08620400 0.00450000 0.02169300
v 0.08926300 0.00450000 0.02103100
v 0.09215600 0.00450000 0.01987400
v 0.08987300 0.00450000 0.02089900
v 0.09776000 0.00450000 0.01631400
v 0.09489700 0.00450000 0.01840600
v 0.09405700 0.00450000 0.01902000
v 0.09956900 0.00450000 0.01429600
v 0.10082200 0.00450000 0.01289900
v 0.10144400 0.00450000 0.01181600
v 0.10300500 0.00450000 0.00910400
v 0.10400800 0.00450000 0.00614700
v 0.10310900 0.00450000 0.00892400
v 0.10467400 0.00450000 0.00311100
v 0.10452200 0.00450000 0.00456100
v 0.10467400 0.00450000 -0.00311100
v 0.10500000 0.00450000 0.00000000
v 0.10452200 0.00450000 -0.00456100
v 0.10082200 0.00450000 -0.01289900
v 0.10300500 0.00450000 -0.00910400
v 0.10310900 0.00450000 -0.00892400
v 0.09956900 0.00450000 -0.01429600
v 0.09776000 0.00450000 -0.01631400
v 0.09742400 0.00450000 -0.01655900
v 0.09215600 0.00450000 -0.01987400
v 0.09405700 0.00450000 -0.01902000
v 0.08539100 0.00450000 -0.02187000
v 0.08620400 0.00450000 -0.02169300
v 0.08926300 0.00450000 -0.02103100
v 0.08987300 0.00450000 -0.02089900
v 0.08309800 0.00450000 -0.02188000
v 0.08080500 0.00450000 -0.02189000
v 0.07999000 0.00450000 -0.02172100
v 0.07692500 0.00450000 -0.02108600
v 0.07211400 0.00450000 -0.01911800
v 0.07631400 0.00450000 -0.02095900
v 0.06698800 0.00510500 0.01600900
v 0.06675200 0.00512700 0.01600000
v 0.06754800 0.00492500 0.01610700
v 0.06727300 0.00501400 0.01605900
v 0.06826900 0.00460100 0.01641500
v 0.06824900 0.00460600 0.01640000
v 0.06614600 0.00528600 0.01600000
v 0.06341500 0.00616100 0.01724000
v 0.06337700 0.00619300 0.01731000
v 0.06336400 0.00620300 0.01733300
v 0.06467600 0.00561600 0.01608400
v 0.06446200 0.00596400 0.01609700
v 0.06456500 0.00564300 0.01613800
v 0.06449600 0.00566000 0.01617100
v 0.06414200 0.00574500 0.01634300
v 0.06410200 0.00575500 0.01636200
v 0.06385200 0.00586800 0.01660300
v 0.06365600 0.00595700 0.01679100
v 0.06486300 0.00560200 0.01605700
v 0.03956100 -0.00771500 -0.02335000
v 0.05400100 -0.01565000 0.00205400
v 0.05260900 -0.01565000 0.00142150
v 0.05476750 -0.01565000 0.00019550
v 0.06188200 -0.01565000 0.01187500
v 0.06142500 -0.01565000 0.01233200
v 0.06072550 -0.01565000 0.01533300
v 0.05892050 -0.01565000 0.01002300
v 0.06142500 -0.01565000 0.01016700
v 0.06188200 -0.01565000 0.01062500
v 0.06185300 -0.01065000 0.01064000
v 0.06205000 -0.01565000 0.01125000
v 0.06196600 -0.01565000 0.01093750
v 0.06201500 -0.01065000 0.01154500
v 0.06185300 -0.01065000 0.01186000
v 0.09484450 -0.00445000 0.01485250
v 0.09102400 -0.00445000 0.01666200
v 0.08722700 -0.00445000 0.01852050
v 0.06474800 0.00643600 -0.01547600
v 0.06382800 0.00597800 -0.01657800
v 0.06447900 0.00580600 -0.01613900
v 0.06380400 0.00609700 -0.01655400
v 0.06446200 0.00596400 -0.01609700
v 0.06370400 0.00631300 -0.01645400
v 0.06438900 0.00625100 -0.01592300
v 0.06376200 0.00621100 -0.01651200
v 0.06443200 0.00611600 -0.01602400
v 0.06525000 0.00590800 -0.01591500
v 0.06525000 0.00573400 -0.01595900
v 0.06427900 0.00644000 -0.01565700
v 0.06525000 0.00641100 -0.01540400
v 0.06525000 0.00634200 -0.01559000
v 0.06387300 0.00644700 -0.01593900
v 0.06346600 0.00635400 -0.01680800
v 0.06331000 0.00640000 -0.01719600
v 0.06320300 0.00647600 -0.01715200
v 0.06323900 0.00644900 -0.01760000
v 0.06355000 0.00645500 -0.01630000
v 0.06332600 0.00646500 -0.01671400
v 0.06338000 0.00628400 -0.01722500
v 0.06327700 0.00639100 -0.01760700
v 0.06355800 0.00618500 -0.01686900
v 0.06308500 0.00650000 -0.01724000
v 0.06525000 0.00649300 -0.01518300
v 0.06525000 0.00621100 -0.01570900
v 0.06525000 0.00606900 -0.01583700
v 0.06525000 0.00601300 -0.01588800
v 0.06311100 0.00650000 -0.01710900
v 0.06675200 0.00571900 -0.01586600
v 0.06675200 0.00562900 -0.01588600
v 0.06625100 0.00570500 -0.01591200
v 0.06675200 0.00648200 -0.01485000
v 0.06675200 0.00636800 -0.01511800
v 0.06625100 0.00641200 -0.01520500
v 0.06575100 0.00584000 -0.01592700
v 0.06625100 0.00613200 -0.01563200
v 0.06575100 0.00619400 -0.01569400
v 0.06575100 0.00642700 -0.01534000
v 0.06675200 0.00607700 -0.01557200
v 0.06833800 0.00529800 -0.01629700
v 0.06783200 0.00543400 -0.01607500
v 0.06796200 0.00600600 -0.01572200
v 0.06882000 0.00522500 -0.01658100
v 0.06816000 0.00638200 -0.01518600
v 0.06887800 0.00636600 -0.01537600
v 0.06855200 0.00594300 -0.01593200
v 0.06729800 0.00557100 -0.01594500
v 0.06735600 0.00606900 -0.01562300
v 0.06984200 0.00648500 -0.01538600
v 0.06953600 0.00630800 -0.01574500
v 0.06927300 0.00615700 -0.01605100
v 0.06910900 0.00587700 -0.01624400
v 0.06885700 0.00544800 -0.01653900
v 0.07189600 0.00636000 -0.01751200
v 0.06927300 0.00615700 0.01605100
v 0.06910900 0.00587700 0.01624400
v 0.07153300 0.00591400 0.01808500
v 0.10289500 0.00523600 0.00905600
v 0.10140900 0.00523600 0.01178800
v 0.08923500 0.00523600 0.02095100
v 0.08619900 0.00523600 0.02162400
v 0.07129500 0.00523600 0.01846100
v 0.06885700 0.00544800 0.01653900
v 0.07695300 0.00523600 -0.02100600
v 0.07999500 0.00523600 -0.02165200
v 0.10352600 0.00636000 -0.00294300
v 0.10373600 0.00636000 0.00000000
v 0.10187300 0.00636000 -0.00859100
v 0.10290100 0.00636000 -0.00582600
v 0.09661800 0.00636000 -0.01563800
v 0.09426000 0.00636000 -0.01741200
v 0.09869900 0.00636000 -0.01354700
v 0.10046300 0.00636000 -0.01118200
v 0.08891500 0.00636000 -0.01987400
v 0.09167600 0.00636000 -0.01883400
v 0.08309300 0.00636000 -0.02073600
v 0.08603500 0.00636000 -0.02051300
v 0.08014900 0.00636000 -0.02053900
v 0.07726300 0.00636000 -0.01992600
v 0.07449400 0.00636000 -0.01891100
v 0.10397900 0.00523600 -0.00614100
v 0.10463800 0.00523600 -0.00310200
v 0.09954900 0.00523600 -0.01428100
v 0.10140900 0.00523600 -0.01178800
v 0.09735500 0.00523600 -0.01648500
v 0.09487000 0.00523600 -0.01835500
v 0.10289500 0.00523600 -0.00905600
v 0.08619900 0.00523600 -0.02162400
v 0.08923500 0.00523600 -0.02095100
v 0.07403300 0.00523600 -0.01993600
v 0.07129500 0.00523600 -0.01846100
v 0.08309800 0.00523600 -0.02185900
v 0.09214600 0.00523600 -0.01985400
v 0.07403300 0.00523600 0.01993600
v 0.07695300 0.00523600 0.02100600
v 0.07999500 0.00523600 0.02165200
v 0.08309800 0.00523600 0.02185900
v 0.09735500 0.00523600 0.01648500
v 0.09487000 0.00523600 0.01835500
v 0.10397900 0.00523600 0.00614100
v 0.10463800 0.00523600 0.00310200
v 0.09954900 0.00523600 0.01428100
v 0.09214600 0.00523600 0.01985400
v 0.07153300 0.00591400 -0.01808500
v 0.07421500 0.00591400 -0.01952900
v 0.08309600 0.00591400 -0.02141400
v 0.08613400 0.00591400 -0.02118400
v 0.08910800 0.00591400 -0.02052400
v 0.09195900 0.00591400 -0.01945000
v 0.09462800 0.00591400 -0.01798100
v 0.09706300 0.00591400 -0.01614900
v 0.09921200 0.00591400 -0.01399000
v 0.10103400 0.00591400 -0.01154800
v 0.10249000 0.00591400 -0.00887200
v 0.10355200 0.00591400 -0.00601600
v 0.10419700 0.00591400 -0.00303900
v 0.10486000 0.00523600 0.00000000
v 0.10249000 0.00591400 0.00887200
v 0.10103400 0.00591400 0.01154800
v 0.09921200 0.00591400 0.01399000
v 0.09706300 0.00591400 0.01614900
v 0.09462800 0.00591400 0.01798100
v 0.09195900 0.00591400 0.01945000
v 0.08910800 0.00591400 0.02052400
v 0.08613400 0.00591400 0.02118400
v 0.07421500 0.00591400 0.01952900
v 0.07189600 0.00636000 0.01751200
v 0.06984200 0.00648500 0.01538600
v 0.06953600 0.00630800 0.01574500
v 0.07449400 0.00636000 0.01891100
v 0.07726300 0.00636000 0.01992600
v 0.08309300 0.00636000 0.02073600
v 0.08014900 0.00636000 0.02053900
v 0.08891500 0.00636000 0.01987400
v 0.08603500 0.00636000 0.02051300
v 0.09167600 0.00636000 0.01883400
v 0.09426000 0.00636000 0.01741200
v 0.09869900 0.00636000 0.01354700
v 0.09661800 0.00636000 0.01563800
v 0.10187300 0.00636000 0.00859100
v 0.10046300 0.00636000 0.01118200
v 0.10290100 0.00636000 0.00582600
v 0.10352600 0.00636000 0.00294300
v 0.06833800 0.00529800 0.01629700
v 0.06887800 0.00636600 0.01537600
v 0.06816000 0.00638200 0.01518600
v 0.06796200 0.00600600 0.01572200
v 0.06735600 0.00606900 0.01562300
v 0.06729800 0.00557100 0.01594500
v 0.06783200 0.00543400 0.01607500
v 0.06675200 0.00562900 0.01588600
v 0.06855200 0.00594300 0.01593200
v 0.06675200 0.00648200 0.01485000
v 0.06675200 0.00636800 0.01511800
v 0.06675200 0.00622800 0.01544700
v 0.06675200 0.00607700 0.01557200
v 0.06675200 0.00571900 0.01586600
v 0.06575100 0.00584000 0.01592700
v 0.06625100 0.00570500 0.01591200
v 0.06525000 0.00621100 0.01570900
v 0.06575100 0.00619400 0.01569400
v 0.06525000 0.00634200 0.01559000
v 0.06575100 0.00642700 0.01534000
v 0.06525000 0.00641100 0.01540400
v 0.06525000 0.00649300 0.01518300
v 0.06625100 0.00613200 0.01563200
v 0.06625100 0.00641200 0.01520500
v 0.06525000 0.00601300 0.01588800
v 0.06309800 0.00650000 0.01744100
v 0.06320300 0.00647600 0.01715200
v 0.06480800 0.00623400 0.01577800
v 0.06387300 0.00644700 0.01593900
v 0.06339700 0.00622100 0.01723200
v 0.06382800 0.00597800 0.01657800
v 0.06355000 0.00645500 0.01630000
v 0.06332600 0.00646500 0.01671400
v 0.06438900 0.00625100 0.01592300
v 0.06474800 0.00643600 0.01547600
v 0.06484700 0.00592600 0.01597600
v 0.06410900 0.00602100 0.01629300
v 0.06380400 0.00609700 0.01655400
v 0.06338000 0.00628400 0.01722500
v 0.06321600 0.00650000 0.01650750
v 0.06318200 0.00650000 0.01661500
v 0.06313300 0.00650000 0.01676700
v 0.06318300 0.00650000 0.01755300
v 0.06370400 0.00631300 0.01645400
v 0.06331000 0.00640000 0.01719600
v 0.06335100 0.00634600 0.01721300
v 0.06376200 0.00621100 0.01651200
v 0.06401600 0.00627800 0.01615300
v 0.06225000 0.00210000 -0.02700000
v 0.03225000 0.00210000 -0.02700000
v 0.03250000 0.00253300 -0.02700000
v 0.06184925 0.00283450 -0.02700000
v 0.04725000 0.00310000 -0.02700000
v 0.03220100 0.01862500 -0.02525000
v 0.03315200 0.01862500 0.02225000
v 0.03471500 -0.00771500 -0.02334200
v 0.03138400 0.00000000 0.02475000
v 0.03138400 0.01862500 0.02475000
v 0.03175000 0.00000000 0.02511600
v 0.03200000 0.01862500 0.02518300
v 0.03175000 0.01862500 0.02511600
v 0.02425000 0.01862500 0.01275000
v 0.02425000 0.01862500 0.01175000
v 0.02425000 0.01862500 0.01375000
v 0.02451800 0.01862500 0.01075000
v 0.02525000 0.01862500 0.01001800
v 0.02625000 0.01862500 0.00975000
v 0.06390500 0.01256250 0.00876300
v 0.06390500 0.01862500 0.00876300
v 0.06560600 0.01256250 0.00855000
v 0.06560600 0.01862500 0.00855000
v 0.06523300 0.01862500 0.00447100
v 0.06523300 0.01256250 0.00447100
v 0.06678400 0.01256250 0.00434700
v 0.06678400 0.01862500 0.00434700
v 0.06568100 0.01862500 0.00000000
v 0.06568100 0.01256250 0.00000000
v 0.06718100 0.01862500 0.00000000
v 0.06718100 0.01256250 0.00000000
v 0.06523300 0.01862500 -0.00447100
v 0.06523300 0.01256250 -0.00447100
v 0.06678400 0.01256250 -0.00434700
v 0.06678400 0.01862500 -0.00434700
v 0.06390500 0.01256250 -0.00876300
v 0.06390500 0.01862500 -0.00876300
v 0.06560600 0.01256250 -0.00855000
v 0.06560600 0.01862500 -0.00855000
v 0.06175000 -0.01427500 0.01995200
v 0.06175000 -0.01565000 0.01995200
v 0.06168950 -0.01565000 0.01765450
v 0.06175000 -0.01713750 0.01620000
v 0.02717400 -0.01608300 0.00975000
v 0.02771200 -0.01735400 0.00975000
v 0.02779900 -0.01625000 0.00975000
v 0.02671600 0.01437500 0.00975000
v 0.02694500 0.01414600 0.00975000
v 0.02717400 0.01391700 0.00975000
v 0.02755350 0.00991600 0.00975000
v 0.02730800 0.00608200 0.00975000
v 0.02793300 0.00625000 0.00975000
v 0.02694500 0.01585400 0.00975000
v 0.02717400 0.01608300 0.00975000
v 0.02671600 0.01562500 0.00975000
v 0.02654900 0.01500000 0.00975000
v 0.02669950 0.01031250 0.00975000
v 0.02779900 0.01625000 0.00975000
v 0.02685000 0.00562500 0.00975000
v 0.02668300 0.00500000 0.00975000
v 0.02685000 0.00437500 0.00975000
v 0.02668300 -0.00500000 0.00975000
v 0.02730800 0.00391700 0.00975000
v 0.02707900 -0.00022900 0.00975000
v 0.02685000 -0.00437500 0.00975000
v 0.02717400 -0.01391700 0.00975000
v 0.02701200 -0.00977100 0.00975000
v 0.02663250 -0.01468750 0.00975000
v 0.02671600 -0.01437500 0.00975000
v 0.02654900 -0.01500000 0.00975000
v 0.02671600 -0.01562500 0.00975000
v 0.02793300 0.00375000 0.00975000
v 0.02793300 -0.00375000 0.00975000
v 0.02730800 -0.00391700 0.00975000
v 0.02786600 -0.01000000 0.00975000
v 0.02779900 -0.01375000 0.00975000
v 0.02730800 -0.00608200 0.00975000
v 0.02685000 -0.00562500 0.00975000
v 0.02842400 0.01608300 0.01375000
v 0.02865250 0.01585400 0.01375000
v 0.02888100 0.01562500 0.01375000
v 0.02904900 0.01500000 0.01375000
v 0.02880350 0.01054100 0.01375000
v 0.02779900 0.01375000 0.01175000
v 0.02779900 0.01375000 0.01375000
v 0.02730800 0.00608200 0.01375000
v 0.02730800 0.00608200 0.01175000
v 0.02786600 0.00999950 0.01375000
v 0.02793300 0.00625000 0.01375000
v 0.02855800 0.00608200 0.01375000
v 0.02901500 0.00562500 0.01375000
v 0.02887050 0.00054150 0.01375000
v 0.02918300 0.00500000 0.01375000
v 0.02904900 -0.01500000 0.01375000
v 0.02896500 -0.01531250 0.01375000
v 0.02888100 -0.01562500 0.01375000
v 0.02762050 -0.00383350 0.01375000
v 0.02730800 -0.00391700 0.01175000
v 0.02730800 -0.00391700 0.01375000
v 0.02793300 -0.00375000 0.01375000
v 0.02855800 -0.00391700 0.01375000
v 0.02671600 0.01437500 0.01375000
v 0.02671600 0.01437500 0.01175000
v 0.02663250 0.01468750 0.01375000
v 0.02654900 0.01500000 0.01375000
v 0.02654900 0.01500000 0.01175000
v 0.02888100 -0.01437500 0.01375000
v 0.02571200 -0.01735400 0.01375000
v 0.02717400 -0.01608300 0.01375000
v 0.02717400 -0.01608300 0.01175000
v 0.02779900 -0.01625000 0.01175000
v 0.02779900 -0.01625000 0.01375000
v 0.02811150 -0.01616650 0.01375000
v 0.02842400 -0.01608300 0.01375000
v 0.02793250 0.00000000 0.01375000
v 0.02685000 -0.00437500 0.01175000
v 0.02685000 -0.00437500 0.01375000
v 0.02901500 0.00437500 0.01375000
v 0.02901500 0.00437500 0.01170050
v 0.02668300 -0.00500000 0.01375000
v 0.02668300 -0.00500000 0.01175000
v 0.02855800 0.00391700 0.01375000
v 0.02824550 0.00383350 0.01375000
v 0.02793300 0.00375000 0.01175000
v 0.02793300 0.00375000 0.01375000
v 0.02671600 0.01562500 0.01175000
v 0.02694500 0.01585400 0.01375000
v 0.02671600 0.01562500 0.01375000
v 0.02717400 0.01608300 0.01375000
v 0.02717400 0.01608300 0.01175000
v 0.02779900 0.01625000 0.01375000
v 0.02901500 -0.00437500 0.01375000
v 0.02909900 -0.00468750 0.01375000
v 0.02918300 -0.00500000 0.01375000
v 0.02901500 -0.00562500 0.01375000
v 0.02901500 -0.00562500 0.01170050
v 0.02894800 -0.01000000 0.01375000
v 0.02824550 -0.00616600 0.01375000
v 0.02855800 -0.00608200 0.01375000
v 0.02786600 -0.00999950 0.01375000
v 0.02842400 -0.01391700 0.01375000
v 0.02793300 -0.00625000 0.01375000
v 0.02793300 -0.00625000 0.01175000
v 0.02730800 -0.00608200 0.01175000
v 0.02730800 -0.00608200 0.01375000
v 0.02779900 -0.01375000 0.01375000
v 0.02717400 -0.01391700 0.01375000
v 0.02717400 -0.01391700 0.01175000
v 0.02671600 -0.01562500 0.01175000
v 0.02671600 -0.01562500 0.01375000
v 0.02654900 -0.01500000 0.01175000
v 0.02654900 -0.01500000 0.01375000
v 0.02663250 -0.01468750 0.01375000
v 0.02671600 -0.01437500 0.01375000
v 0.02671600 -0.01437500 0.01175000
v 0.02717400 0.01391700 0.01375000
v 0.02717400 0.01391700 0.01175000
v 0.02676650 0.00531250 0.01375000
v 0.02668300 0.00500000 0.01375000
v 0.02668300 0.00500000 0.01175000
v 0.02685000 0.00562500 0.01175000
v 0.02685000 0.00562500 0.01375000
v 0.02730800 0.00391700 0.01375000
v 0.02707900 0.00414600 0.01375000
v 0.02730800 0.00391700 0.01175000
v 0.02685000 0.00437500 0.01175000
v 0.02685000 0.00437500 0.01375000
v 0.02685000 -0.00562500 0.01375000
v 0.02685000 -0.00562500 0.01175000
v 0.06127500 -0.01565000 0.01432750
v 0.06175000 -0.01565000 0.01615500
v 0.06579250 -0.01565000 0.01420000
v 0.06541500 -0.01565000 0.01361100
v 0.06483300 -0.01713750 0.01420000
v 0.06675200 -0.01565000 0.01420000
v 0.06784200 -0.01427500 0.01432500
v 0.06784200 -0.01565000 0.01432500
v 0.05792000 -0.01565000 0.01309500
v 0.06042900 -0.01290000 0.01701200
v 0.06127600 -0.01565000 0.01833400
v 0.06162900 -0.01427500 0.01910900
v 0.06162900 -0.01565000 0.01910900
v 0.06599700 -0.01427500 0.01302200
v 0.06679200 -0.01427500 0.01385400
v 0.06679200 -0.01565000 0.01385400
v 0.06347700 -0.01565000 0.01546900
v 0.06347700 -0.01713750 0.01546900
v 0.07453900 -0.00275000 -0.01756900
v 0.07866100 -0.00275000 -0.01901100
v 0.08300000 -0.00275000 -0.01950000
v 0.08733900 -0.00275000 -0.01901100
v 0.09146100 -0.00275000 -0.01756900
v 0.09515800 -0.00275000 -0.01524600
v 0.09824600 -0.00275000 -0.01215800
v 0.10056900 -0.00275000 -0.00846100
v 0.10201100 -0.00275000 -0.00433900
v 0.10250000 -0.00275000 0.00000000
v 0.10201100 -0.00275000 0.00433900
v 0.10056900 -0.00275000 0.00846100
v 0.09824600 -0.00275000 0.01215800
v 0.09515800 -0.00275000 0.01524600
v 0.09146100 -0.00275000 0.01756900
v 0.08733900 -0.00275000 0.01901100
v 0.08300000 -0.00275000 0.01950000
v 0.07866100 -0.00275000 0.01901100
v 0.07453900 -0.00275000 0.01756900
v 0.07084200 -0.00275000 0.01524600
v 0.06775400 -0.00275000 0.01215800
v 0.06543100 -0.00275000 0.00846100
v 0.06398900 -0.00275000 0.00433900
v 0.06350000 -0.00275000 0.00000000
v 0.06398900 -0.00275000 -0.00433900
v 0.06543100 -0.00275000 -0.00846100
v 0.06775400 -0.00275000 -0.01215800
v 0.07084200 -0.00275000 -0.01524600
v 0.06350000 -0.00360000 0.00000000
v 0.06350000 -0.00445000 0.00000000
v 0.06398900 -0.00360000 0.00433900
v 0.06398900 -0.00445000 0.00433900
v 0.06543100 -0.00445000 0.00846100
v 0.06543100 -0.00360000 0.00846100
v 0.06775400 -0.00445000 0.01215800
v 0.06775400 -0.00360000 0.01215800
v 0.07084200 -0.00445000 0.01524600
v 0.07084200 -0.00360000 0.01524600
v 0.07453900 -0.00360000 0.01756900
v 0.07453900 -0.00445000 0.01756900
v 0.07866100 -0.00360000 0.01901100
v 0.07866100 -0.00445000 0.01901100
v 0.08300000 -0.00445000 0.01950000
v 0.08300000 -0.00360000 0.01950000
v 0.08733900 -0.00445000 0.01901100
v 0.08733900 -0.00360000 0.01901100
v 0.09146100 -0.00445000 0.01756900
v 0.09146100 -0.00360000 0.01756900
v 0.09515800 -0.00445000 0.01524600
v 0.09515800 -0.00360000 0.01524600
v 0.09824600 -0.00360000 0.01215800
v 0.09824600 -0.00445000 0.01215800
v 0.10056900 -0.00445000 0.00846100
v 0.10056900 -0.00360000 0.00846100
v 0.10201100 -0.00445000 0.00433900
v 0.10201100 -0.00360000 0.00433900
v 0.10250000 -0.00445000 0.00000000
v 0.10250000 -0.00360000 0.00000000
v 0.10201100 -0.00445000 -0.00433900
v 0.10201100 -0.00360000 -0.00433900
v 0.10056900 -0.00360000 -0.00846100
v 0.10056900 -0.00445000 -0.00846100
v 0.09824600 -0.00445000 -0.01215800
v 0.09824600 -0.00360000 -0.01215800
v 0.09515800 -0.00445000 -0.01524600
v 0.09515800 -0.00360000 -0.01524600
v 0.09146100 -0.00360000 -0.01756900
v 0.09146100 -0.00445000 -0.01756900
v 0.08733900 -0.00445000 -0.01901100
v 0.08733900 -0.00360000 -0.01901100
v 0.08300000 -0.00445000 -0.01950000
v 0.08300000 -0.00360000 -0.01950000
v 0.07866100 -0.00445000 -0.01901100
v 0.07866100 -0.00360000 -0.01901100
v 0.07453900 -0.00360000 -0.01756900
v 0.07453900 -0.00445000 -0.01756900
v 0.07084200 -0.00360000 -0.01524600
v 0.07084200 -0.00445000 -0.01524600
v 0.06775400 -0.00360000 -0.01215800
v 0.06775400 -0.00445000 -0.01215800
v 0.06543100 -0.00360000 -0.00846100
v 0.06543100 -0.00445000 -0.00846100
v 0.06398900 -0.00360000 -0.00433900
v 0.06398900 -0.00445000 -0.00433900
v 0.00025000 -0.01462500 0.02375000
v 0.01888750 -0.00762200 0.01925000
v 0.01725000 -0.01462500 0.01925000
v 0.01852500 0.01387500 0.01925000
v 0.00025000 -0.01700000 0.01925000
v 0.01725000 0.01687500 0.01925000
v 0.00025000 0.01687500 0.01785000
v 0.00025000 0.01700000 0.01925000
v 0.01999400 0.01385000 0.01925000
v 0.02325000 0.01862500 0.01925000
v 0.01888750 0.01562800 0.01925000
v 0.02161250 0.01447800 0.01925000
v 0.02138750 0.01024700 0.01925000
v 0.02218300 0.01040000 0.01925000
v 0.02275000 0.00875900 0.01925000
v 0.02224050 0.01213450 0.01925000
v 0.02297500 0.01137500 0.01925000
v 0.02250600 0.01385000 0.01925000
v 0.00025000 -0.01687500 0.01925000
v 0.01852500 -0.01500000 0.01925000
v 0.02161250 -0.01447800 0.01925000
v 0.02161250 -0.01177200 0.01925000
v 0.02525000 -0.00337500 0.01925000
v 0.02052500 -0.01438100 0.01925000
v 0.02260300 -0.01348750 0.01925000
v 0.02526400 -0.00696150 0.01925000
v 0.01999400 -0.01385000 0.01925000
v 0.02975000 0.01862500 0.01925000
v 0.02825000 -0.00037500 0.01925000
v 0.02737100 -0.00249600 0.01925000
v 0.02639800 -0.00314700 0.01925000
v 0.03125000 0.00000000 0.02325000
v 0.03125000 0.01835700 0.02425000
v 0.03125000 -0.01835700 0.02425000
v 0.01725000 -0.01587500 0.01545000
v 0.01725000 -0.01462500 0.01545000
v 0.00875000 -0.01462500 0.01545000
v 0.01725000 -0.01687500 0.01785000
v 0.00025000 -0.01587500 0.01545000
v 0.00025000 -0.01525000 0.01545000
v 0.00025000 -0.01687500 0.01645000
v 0.01725000 0.01687500 0.01645000
v 0.01725000 0.01587500 0.01545000
v 0.01725000 0.01525000 0.01545000
v 0.00025000 0.01587500 0.01545000
v 0.00025000 0.01462500 0.01545000
f 1 4 2
f 1 5 6
f 1 6 9
f 7 3 8
f 13 16 17
f 23 18 24
f 21 14 20
f 20 14 15
f 20 15 18
f 18 15 25
f 18 25 22
f 29 30 34
f 29 34 26
f 28 35 27
f 32 33 36
f 32 36 28
f 28 36 37
f 39 31 38
f 39 12 13
f 34 44 45
f 32 46 26
f 32 26 34
f 43 47 49
f 41 50 40
f 67 74 70
f 70 74 75
f 65 70 64
f 72 56 71
f 78 80 79
f 80 81 82
f 80 82 84
f 83 64 84
f 60 86 85
f 84 64 77
f 77 64 76
f 73 87 88
f 62 88 89
f 62 89 86
f 101 100 92
f 103 105 106
f 110 108 107
f 110 107 111
f 128 61 129
f 129 61 69
f 129 69 126
f 126 69 68
f 124 127 63
f 124 63 128
f 128 63 61
f 127 169 131
f 131 169 130
f 131 130 66
f 128 112 114
f 128 114 124
f 129 57 109
f 129 109 128
f 128 109 112
f 68 104 126
f 139 140 97
f 97 140 133
f 97 134 132
f 132 134 135
f 135 134 136
f 142 138 141
f 142 143 138
f 138 143 135
f 135 143 132
f 132 143 144
f 141 146 142
f 149 150 138
f 147 148 149
f 149 148 150
f 150 151 138
f 138 151 141
f 151 153 141
f 141 153 146
f 146 153 154
f 149 155 147
f 147 155 156
f 147 156 122
f 121 122 160
f 126 104 59
f 126 59 129
f 129 59 58
f 129 58 57
f 137 161 162
f 163 164 130
f 130 164 66
f 66 164 165
f 66 165 137
f 162 166 137
f 137 166 167
f 137 167 138
f 127 124 169
f 169 124 123
f 123 168 169
f 130 169 138
f 130 138 163
f 163 138 167
f 157 170 171
f 157 171 124
f 124 171 123
f 168 172 169
f 169 172 173
f 169 173 157
f 157 173 170
f 125 174 157
f 157 174 155
f 157 155 169
f 169 155 149
f 169 149 138
f 138 135 137
f 137 135 136
f 124 114 157
f 157 114 121
f 157 121 159
f 157 159 125
f 144 145 132
f 132 145 97
f 122 119 147
f 147 119 154
f 147 154 148
f 177 176 98
f 98 176 178
f 98 178 99
f 180 179 182
f 182 179 177
f 177 179 181
f 177 181 176
f 99 185 90
f 186 177 187
f 182 188 214
f 188 189 214
f 214 189 190
f 186 191 177
f 177 191 182
f 182 191 188
f 189 192 190
f 190 192 193
f 190 193 194
f 194 193 195
f 194 195 196
f 196 195 187
f 198 197 199
f 197 198 200
f 200 198 215
f 190 201 214
f 214 201 202
f 214 202 215
f 215 202 200
f 199 203 204
f 204 203 194
f 194 203 205
f 194 205 190
f 190 205 206
f 190 206 201
f 207 208 198
f 198 208 209
f 198 209 215
f 207 211 208
f 120 210 211
f 215 209 213
f 215 213 175
f 182 214 53
f 53 214 52
f 52 214 51
f 51 214 215
f 51 215 217
f 216 175 219
f 218 222 217
f 185 182 90
f 90 182 224
f 182 232 225
f 182 225 224
f 226 90 227
f 90 224 227
f 232 228 229
f 53 230 182
f 233 232 182
f 233 182 230
f 187 177 196
f 196 177 234
f 234 177 98
f 234 98 95
f 199 204 198
f 198 204 235
f 198 235 207
f 207 235 115
f 207 115 211
f 216 217 175
f 175 217 215
f 180 182 185
f 180 185 179
f 213 210 175
f 175 210 120
f 175 120 219
f 236 42 237
f 238 48 47
f 240 239 136
f 241 183 242
f 244 243 184
f 245 246 248
f 247 193 192
f 250 249 152
f 251 252 253
f 254 158 255
f 257 256 212
f 10 11 231
f 220 19 221
f 259 260 261
f 263 261 264
f 263 265 261
f 268 269 267
f 267 269 270
f 264 271 263
f 263 271 272
f 263 272 273
f 273 272 274
f 273 274 276
f 260 258 261
f 280 284 281
f 285 292 293
f 284 300 281
f 302 301 290
f 305 290 309
f 305 309 310
f 324 323 325
f 326 325 327
f 328 327 330
f 332 330 318
f 337 340 339
f 346 344 351
f 321 349 347
f 347 348 352
f 347 352 344
f 344 352 353
f 344 353 350
f 321 354 349
f 372 370 374
f 374 370 375
f 369 378 372
f 372 378 370
f 365 364 369
f 369 364 378
f 401 380 364
f 380 383 385
f 391 388 362
f 362 388 393
f 362 393 360
f 406 387 395
f 409 407 410
f 407 411 414
f 416 415 410
f 410 415 409
f 427 429 432
f 432 429 431
f 427 434 356
f 356 434 359
f 359 434 358
f 431 437 432
f 358 441 437
f 437 441 442
f 388 391 387
f 387 391 508
f 387 508 444
f 447 369 372
f 447 372 448
f 454 357 455
f 452 456 451
f 451 456 457
f 454 455 459
f 357 451 460
f 357 460 455
f 464 357 465
f 464 465 466
f 478 471 454
f 454 471 357
f 357 471 472
f 477 473 464
f 477 464 466
f 477 466 470
f 470 479 481
f 427 356 429
f 429 356 482
f 356 355 482
f 482 355 487
f 482 487 490
f 490 410 407
f 490 407 491
f 491 407 489
f 482 473 429
f 429 473 477
f 429 477 431
f 431 477 492
f 431 492 437
f 437 492 494
f 478 454 496
f 454 459 496
f 449 448 372
f 449 372 501
f 501 372 374
f 374 502 501
f 374 375 502
f 507 369 447
f 369 507 365
f 365 507 509
f 365 509 362
f 509 510 362
f 362 510 391
f 391 510 508
f 410 490 511
f 512 359 416
f 410 511 416
f 416 511 512
f 512 513 359
f 359 513 356
f 356 513 355
f 364 365 401
f 401 365 362
f 401 362 360
f 401 360 398
f 359 358 423
f 359 423 416
f 416 423 415
f 519 514 520
f 524 522 529
f 525 517 526
f 515 527 517
f 517 527 528
f 525 526 529
f 538 536 532
f 538 532 539
f 539 532 535
f 540 541 536
f 540 536 544
f 288 287 548
f 563 570 571
f 559 574 557
f 516 557 563
f 579 585 586
f 597 596 592
f 607 602 606
f 537 543 609
f 607 612 602
f 545 319 542
f 543 542 614
f 626 623 648
f 648 623 615
f 619 621 615
f 615 621 630
f 623 626 657
f 559 635 562
f 559 562 574
f 574 562 570
f 579 586 581
f 581 586 633
f 581 633 634
f 581 634 559
f 559 634 635
f 586 637 638
f 586 638 633
f 635 639 562
f 562 639 637
f 626 642 602
f 648 641 626
f 626 641 642
f 602 642 643
f 602 643 606
f 641 648 644
f 606 643 586
f 586 643 645
f 649 648 630
f 651 650 648
f 279 653 649
f 649 653 648
f 648 653 651
f 621 311 630
f 630 311 649
f 547 311 549
f 549 311 621
f 549 621 619
f 549 619 546
f 320 656 612
f 658 657 626
f 658 626 602
f 658 602 612
f 566 554 514
f 566 514 563
f 563 514 518
f 563 518 516
f 563 571 566
f 566 571 554
f 562 659 571
f 571 659 554
f 648 660 562
f 562 660 659
f 659 660 661
f 650 662 648
f 648 662 660
f 663 282 660
f 663 660 664
f 282 663 262
f 271 667 662
f 271 662 275
f 275 662 650
f 275 650 277
f 651 278 650
f 650 278 277
f 637 586 562
f 562 586 648
f 648 586 645
f 648 645 644
f 585 596 586
f 586 596 534
f 586 534 533
f 586 533 537
f 586 537 606
f 606 537 607
f 570 562 571
f 630 648 615
f 557 516 559
f 559 516 581
f 581 516 523
f 581 523 579
f 579 523 594
f 594 531 530
f 669 576 575
f 669 670 576
f 576 670 671
f 576 671 556
f 671 672 556
f 558 673 577
f 564 674 565
f 565 675 567
f 675 676 567
f 567 677 568
f 679 680 569
f 569 680 681
f 569 681 572
f 572 682 560
f 560 683 561
f 683 367 561
f 561 367 684
f 684 685 573
f 573 685 686
f 367 683 368
f 371 679 373
f 373 679 678
f 384 674 385
f 363 672 671
f 376 669 377
f 377 669 687
f 366 686 685
f 688 593 591
f 688 689 593
f 593 689 690
f 593 690 597
f 597 691 692
f 595 693 578
f 578 694 580
f 695 696 582
f 582 696 697
f 583 699 584
f 699 700 584
f 584 700 701
f 584 701 587
f 587 702 588
f 588 703 589
f 703 704 589
f 589 704 705
f 589 705 590
f 705 706 590
f 590 706 707
f 590 707 591
f 389 701 390
f 392 699 393
f 393 699 698
f 393 698 361
f 698 697 361
f 397 694 399
f 404 691 405
f 396 688 394
f 394 688 708
f 386 707 706
f 709 609 599
f 709 710 609
f 609 710 711
f 609 711 600
f 711 712 600
f 600 712 713
f 600 713 601
f 601 714 608
f 715 717 605
f 605 717 718
f 603 720 604
f 720 721 604
f 604 721 722
f 604 722 611
f 722 424 611
f 611 424 723
f 610 724 555
f 613 725 614
f 727 728 598
f 598 728 729
f 598 729 599
f 421 726 422
f 726 725 422
f 425 424 722
f 417 719 418
f 716 714 409
f 412 709 413
f 413 709 730
f 731 628 627
f 731 732 628
f 628 732 733
f 628 733 616
f 733 734 616
f 616 734 735
f 616 735 617
f 617 736 631
f 736 737 631
f 631 737 738
f 631 738 629
f 738 426 629
f 629 426 739
f 629 739 618
f 741 742 620
f 620 742 743
f 620 743 622
f 743 744 622
f 622 744 745
f 655 746 632
f 632 747 624
f 748 750 625
f 625 750 751
f 749 747 440
f 433 741 430
f 430 741 740
f 426 738 428
f 435 731 436
f 436 731 752
f 753 754 755
f 755 754 756
f 755 756 757
f 757 756 758
f 759 760 286
f 286 760 761
f 764 765 766
f 766 767 753
f 768 769 770
f 768 771 772
f 772 773 774
f 774 764 775
f 774 775 772
f 758 759 757
f 778 286 300
f 769 780 781
f 790 419 789
f 790 791 419
f 792 403 488
f 488 408 791
f 488 791 792
f 493 420 439
f 438 493 439
f 796 797 799
f 402 800 801
f 792 800 402
f 799 797 402
f 802 801 803
f 803 801 800
f 803 800 804
f 343 802 803
f 343 803 342
f 342 803 804
f 342 804 341
f 341 804 793
f 341 793 338
f 802 796 799
f 802 799 801
f 801 799 402
f 334 795 805
f 805 808 807
f 805 807 809
f 809 807 806
f 809 806 810
f 334 805 333
f 808 794 494
f 798 381 400
f 492 474 806
f 816 505 817
f 817 505 504
f 817 504 818
f 818 504 503
f 818 503 819
f 820 382 379
f 820 379 811
f 822 815 817
f 823 817 818
f 823 818 824
f 824 818 819
f 824 819 825
f 825 819 820
f 825 820 826
f 332 814 821
f 332 821 331
f 324 826 812
f 324 812 322
f 776 788 827
f 827 788 828
f 830 813 476
f 476 813 475
f 450 500 831
f 827 829 834
f 835 469 481
f 835 481 836
f 836 481 480
f 836 480 838
f 837 499 839
f 840 498 497
f 840 497 841
f 841 497 495
f 841 495 842
f 844 462 461
f 844 461 845
f 846 453 847
f 827 834 833
f 849 835 836
f 849 836 850
f 853 843 844
f 853 844 854
f 855 847 848
f 855 848 856
f 777 833 849
f 777 849 779
f 779 849 850
f 779 850 778
f 778 850 851
f 778 851 757
f 764 852 853
f 764 853 775
f 775 853 854
f 775 854 772
f 316 787 832
f 832 787 857
f 787 783 857
f 857 783 856
f 857 856 858
f 858 856 848
f 863 443 445
f 863 445 862
f 862 445 446
f 486 865 483
f 483 865 861
f 483 861 484
f 866 864 860
f 860 864 859
f 467 654 652
f 467 652 468
f 668 666 458
f 458 665 463
f 636 640 506
f 647 646 485
f 784 553 782
f 553 784 521
f 754 270 269
f 770 258 768
f 768 258 260
f 774 266 265
f 774 265 762
f 762 263 763
f 763 263 765
f 899 897 900
f 902 900 903
f 909 907 910
f 909 910 908
f 908 910 911
f 915 912 917
f 918 919 917
f 920 921 922
f 922 921 923
f 920 922 924
f 924 922 925
f 926 925 927
f 930 931 927
f 927 931 928
f 927 928 929
f 934 932 935
f 934 935 930
f 938 934 939
f 940 941 942
f 943 944 941
f 941 944 946
f 941 946 942
f 949 950 951
f 947 952 953
f 947 953 948
f 949 951 954
f 954 951 955
f 956 955 957
f 960 961 957
f 957 961 959
f 957 959 958
f 962 963 964
f 964 963 965
f 964 965 960
f 962 964 967
f 967 964 969
f 967 969 968
f 968 969 970
f 970 971 972
f 971 974 976
f 971 976 972
f 973 978 975
f 973 975 974
f 979 980 981
f 977 982 983
f 977 983 978
f 979 981 984
f 987 985 988
f 989 988 990
f 997 995 998
f 1000 999 1001
f 1002 1003 1004
f 1001 1005 1006
f 1001 1006 1000
f 1002 1004 1007
f 1007 1004 1009
f 893 1030 1037
f 1036 1038 1039
f 1042 1044 1045
f 1052 1050 1054
f 1050 1055 1054
f 1057 307 1056
f 1062 1066 1067
f 1061 1068 1069
f 1034 1065 1040
f 1058 1051 1059
f 1086 874 1087
f 1082 1070 1083
f 1088 1014 879
f 879 1014 1015
f 871 874 1092
f 1092 1096 871
f 871 1096 879
f 879 1096 1097
f 1083 888 1084
f 1098 1091 1099
f 1086 1100 874
f 874 1100 1101
f 1015 1078 879
f 879 1078 881
f 879 881 880
f 1093 1094 1102
f 1085 1102 1103
f 1085 1103 1088
f 1089 1104 1090
f 1089 1090 1095
f 1095 1021 1023
f 1103 1105 1088
f 1088 1105 1019
f 1106 1024 1025
f 1124 1118 1125
f 1137 1135 1132
f 1112 1110 1138
f 1168 1141 1138
f 1138 1141 1112
f 1112 1141 1142
f 1112 1142 1111
f 1145 1122 1148
f 1108 1149 1135
f 1135 1149 1153
f 1112 1154 1110
f 1110 1154 1108
f 1108 1154 1155
f 1108 1155 1149
f 1149 1155 1159
f 1125 1138 1157
f 1138 1125 1168
f 1160 1171 1159
f 1160 1175 1165
f 1164 1176 1173
f 1173 1176 1177
f 1179 1189 1178
f 1161 1190 1191
f 1193 1180 1198
f 1200 1201 1180
f 1180 1201 1202
f 1180 1202 1181
f 1139 1168 1179
f 1179 1168 1203
f 1179 1203 1185
f 1204 1205 1200
f 1200 1205 1206
f 1207 1210 1211
f 1048 1212 1213
f 1048 1213 1033
f 1221 1219 1220
f 1221 1218 1219
f 1221 1217 1218
f 1221 1216 1217
f 1221 1215 1216
f 1220 1214 1221
f 1221 1214 1215
f 1226 1225 1222
f 1226 1224 1225
f 1226 1223 1224
f 1226 1222 1223
f 1231 1230 1227
f 1231 1229 1230
f 1231 1228 1229
f 1231 1227 1228
f 1234 1044 1235
f 1234 1235 1240
f 1240 1235 1241
f 1240 1241 1121
f 1232 1047 1234
f 1236 1240 1121
f 1243 1233 1239
f 1247 1238 1246
f 1246 1238 1237
f 1246 1237 1121
f 1242 1243 1247
f 1247 1243 1239
f 1247 1239 1238
f 1247 1248 1242
f 1251 1250 1114
f 1253 1254 1255
f 1255 1254 1252
f 1255 1252 1256
f 1256 1252 1244
f 1256 1244 1245
f 1253 1050 1049
f 1254 1114 1252
f 1049 1249 1253
f 1253 1251 1254
f 1254 1251 1114
f 1266 1260 1259
f 1129 1136 1246
f 1246 1136 1267
f 1246 1267 1247
f 1247 1267 1268
f 1247 1268 1248
f 1248 1268 1257
f 1248 1257 1010
f 1010 1257 1007
f 1265 1002 1257
f 1265 1257 1263
f 1263 1257 1268
f 1263 1268 1261
f 1261 1268 1267
f 1261 1267 1137
f 1137 1267 1136
f 1132 1131 1262
f 1262 1131 1258
f 1262 1258 1264
f 1264 1258 1260
f 1269 1274 1116
f 1273 1272 1116
f 1277 1275 1274
f 1277 1274 1278
f 1030 1276 1277
f 1030 1277 1038
f 1038 1277 1278
f 1038 1278 1032
f 1275 1273 1116
f 1282 996 1283
f 1279 1281 1287
f 1287 1281 1283
f 1287 1283 1288
f 1171 1291 1292
f 1290 1284 1271
f 1285 1287 1292
f 1292 1287 1288
f 1292 1288 1293
f 1293 1288 1289
f 1293 1289 1294
f 1294 1289 1290
f 1294 1290 1295
f 1171 1292 1158
f 1158 1292 1293
f 1158 1293 1156
f 1156 1293 1294
f 1156 1294 1150
f 1151 1295 1270
f 1151 1270 1152
f 1291 1170 1297
f 1291 1297 1285
f 1285 1297 1286
f 1286 1297 1298
f 1280 1298 993
f 1296 892 895
f 1296 895 1299
f 1299 895 898
f 1299 898 1300
f 1301 899 901
f 1301 901 1302
f 1169 1304 1305
f 1169 1305 1140
f 1140 1305 1306
f 1140 1306 1203
f 1307 989 1309
f 1314 991 993
f 1314 993 1298
f 1308 1309 1312
f 1315 1313 1314
f 1315 1314 1316
f 1310 1312 1174
f 1175 1312 1315
f 1175 1315 1166
f 1166 1315 1316
f 1166 1316 1167
f 1317 1203 1306
f 1317 1306 1318
f 1318 1306 1319
f 1319 1306 1303
f 1320 1303 905
f 1174 1172 1310
f 1310 1333 1311
f 1311 1333 1334
f 1335 1336 1337
f 1337 1336 1338
f 1337 1338 1339
f 1340 1341 1342
f 1342 1341 1343
f 1195 1194 1344
f 1344 1194 1347
f 1344 1347 1345
f 1345 1347 1348
f 1352 1353 1354
f 1354 1353 1327
f 1201 1199 1355
f 1355 1199 1356
f 1357 1358 1359
f 1359 1358 1326
f 1360 1361 1362
f 1362 1361 1363
f 1362 1363 1364
f 1364 1363 1325
f 1365 1366 1367
f 1367 1366 1368
f 1367 1368 1369
f 1369 1368 1323
f 1371 1372 1373
f 1373 1372 1322
f 1183 1182 1374
f 1374 1182 1375
f 1376 1377 1378
f 1378 1377 1321
f 986 1332 984
f 1381 979 1331
f 1382 1380 1383
f 1383 1380 1379
f 1383 1379 1176
f 1176 1379 1177
f 1383 1335 1382
f 1382 1335 1337
f 1384 975 1330
f 1386 1336 1162
f 1162 1336 1163
f 1385 1340 1384
f 1384 1340 1342
f 1346 968 1343
f 1343 968 970
f 1329 963 1349
f 1387 1348 1388
f 1388 1348 1347
f 1387 1390 1329
f 1329 1390 1328
f 966 1329 961
f 1391 959 1328
f 1391 1328 1392
f 1392 1328 1390
f 1392 1390 1393
f 1393 1390 1389
f 1197 1196 1393
f 1393 1196 1350
f 1392 1352 1391
f 1391 1352 1354
f 1394 949 1327
f 1395 1353 1396
f 1396 1353 1351
f 1397 945 1326
f 1397 1326 1398
f 1398 1326 1358
f 1398 1358 1399
f 1399 1358 1356
f 1397 1364 944
f 944 1364 946
f 1324 937 1325
f 1324 1325 1400
f 1400 1325 1363
f 1401 933 1324
f 1401 1324 1402
f 1402 1324 1400
f 1403 1365 1402
f 1402 1365 1367
f 1401 1369 932
f 932 1369 935
f 1323 931 1369
f 1369 931 936
f 1369 936 935
f 1404 928 1323
f 1404 1323 1405
f 1405 1323 1368
f 1406 1366 1208
f 1208 1366 1209
f 1208 1192 1406
f 1405 1371 1404
f 1404 1371 1373
f 1404 1373 929
f 929 1373 926
f 1407 920 1322
f 1407 1322 1408
f 1408 1322 1372
f 1408 1372 1409
f 1409 1372 1370
f 1184 1183 1409
f 1409 1183 1374
f 1408 1376 1407
f 1407 1376 1378
f 1410 916 1321
f 1411 1377 1412
f 1412 1377 1375
f 1411 1414 1410
f 1410 1414 1415
f 1410 1415 915
f 915 1415 914
f 906 909 1320
f 1320 909 1417
f 1187 1186 1419
f 1419 1186 1317
f 1417 908 1416
f 1418 1420 1419
f 1419 1420 1421
f 1419 1421 1187
f 1187 1421 1188
f 911 914 1416
f 1416 914 1415
f 1416 1415 1420
f 1420 1415 1414
f 1420 1414 1421
f 1421 1414 1413
f 884 1422 886
f 1424 1117 1425
f 1425 1117 1124
f 1425 1124 1426
f 1426 1126 1427
f 1427 1126 1157
f 1428 1138 1429
f 1429 1138 1107
f 1429 1107 1430
f 1430 1107 1144
f 1431 1146 1432
f 1432 1146 1147
f 1432 1147 1433
f 1434 1113 1423
f 1423 1113 1115
f 1423 1115 1424
f 1424 1115 1117
f 1075 1435 1076
f 1438 1109 1439
f 1439 1109 1108
f 1439 1108 1440
f 1440 1108 1130
f 1440 1130 1441
f 1441 1130 1134
f 1441 1134 1442
f 1442 1134 1133
f 1442 1133 1443
f 1443 1133 1128
f 1444 1127 1445
f 1445 1127 1123
f 1445 1123 1446
f 1446 1123 1120
f 1446 1120 1447
f 1447 1119 1436
f 1436 1119 1143
f 1436 1143 1437
f 1013 1449 1071
f 1449 1013 1008
f 1449 1451 1071
f 1451 1452 1450
f 1451 1450 1077
f 1072 1013 1071
f 1072 1071 887
f 1072 1073 1013
f 1043 868 1041
f 1081 867 1013
f 1081 1013 1073
f 1081 1073 1074
f 1046 867 1045
f 1045 867 1043
f 869 1041 868
f 1063 873 1448
f 1079 875 1063
f 1063 872 873
f 1453 1063 1448
f 1453 1448 1457
f 1453 1454 1063
f 1063 1454 1035
f 1035 1454 894
f 1455 1456 891
f 891 1456 1457
f 891 1457 1448
f 1448 873 882
f 882 883 1448
f 1448 883 891
f 891 883 896
f 877 878 885
f 1462 1460 1461
f 1462 1459 1460
f 1461 1458 1462
f 1462 1458 1459
f 1467 1465 1466
f 1467 1464 1465
f 1466 1463 1467
f 1467 1463 1464
f 1542 1484 1480
f 1491 1487 1490
f 1487 1494 1477
f 1496 1511 1498
f 1489 1513 1490
f 1489 1514 1516
f 1499 1523 1525
f 1545 1526 1530
f 1527 1529 1530
f 1526 1531 1530
f 1530 1531 1532
f 1540 1533 1542
f 1542 1533 1484
f 1533 1534 1484
f 1484 1534 1536
f 1539 1545 1540
f 1528 1529 1541
f 1554 1527 1530
f 1550 1558 1559
f 1560 1561 1554
f 1554 1561 1562
f 1565 1566 1563
f 1552 1569 1551
f 1575 1574 1551
f 1575 1551 1576
f 1576 1551 1569
f 1579 1577 1565
f 1579 1565 1567
f 1590 1588 1608
f 1593 1611 1615
f 1622 1665 1619
f 1619 1665 1632
f 1590 1626 1642
f 1590 1642 1588
f 1659 1660 1657
f 1657 1660 1661
f 1638 1637 1662
f 1623 1666 1668
f 1636 1672 1633
f 1670 1636 1674
f 1655 1605 1682
f 1655 1682 1680
f 1680 1682 1683
f 1637 1684 1687
f 1637 1687 1657
f 1679 1695 1697
f 1637 1700 1701
f 1701 1702 1637
f 1637 1702 1703
f 1637 1703 1704
f 1623 1653 1707
f 1623 1707 1666
f 1646 1711 1644
f 1704 1712 1637
f 1637 1712 1713
f 1637 1713 1684
f 1710 1715 1653
f 1653 1715 1716
f 1653 1716 1650
f 1690 1717 1688
f 1688 1717 1708
f 1674 1720 1675
f 1698 1721 1697
f 1697 1721 1722
f 1697 1722 1691
f 1691 1722 1723
f 1724 890 1599
f 1592 313 1726
f 306 1759 1740
f 1760 1762 1763
f 1762 1769 1765
f 1771 1772 1764
f 1764 1772 1773
f 1764 1773 1775
f 1763 1777 1760
f 1763 1783 1786
f 1763 1762 1783
f 1765 1793 1762
f 1762 1793 1795
f 1762 1795 1797
f 1798 1799 1800
f 1800 1799 1801
f 1800 1801 1802
f 1800 1803 1804
f 1800 1804 1798
f 1809 1808 1805
f 1809 1805 1810
f 1810 1805 1806
f 1811 1812 1800
f 1802 1805 1800
f 1819 1820 1821
f 1821 1820 1822
f 1826 1824 1828
f 1826 1828 1829
f 1826 1830 1832
f 1833 1832 1834
f 1835 1836 1833
f 1833 1836 1837
f 1838 1837 1839
f 1838 1839 1840
f 1844 1843 1838
f 1844 1838 1845
f 1846 1847 1731
f 1731 1847 1848
f 1731 1852 1853
f 1731 1853 1846
f 1800 1854 1851
f 1838 1859 1860
f 1861 1862 1745
f 1745 1862 1863
f 1745 1863 1857
f 1857 1863 1864
f 1857 1864 1858
f 1879 1893 1894
f 870 93 1080
f 1900 1901 1064
f 93 1888 1904
f 93 1904 1878
f 1026 992 1874
f 1874 992 994
f 1901 1927 1064
f 1064 1927 1060
f 1900 1064 1928
f 1976 1553 1998
f 2003 1544 2004
f 2004 1544 1543
f 1472 2006 1483
f 1483 2006 2005
f 2009 2008 1568
f 2010 2011 1468
f 1970 1969 1999
f 2023 2022 1966
f 1865 1868 1867
f 1971 1978 1979
f 2015 2017 1971
f 1971 2017 2018
f 1971 2018 1973
f 1973 1972 1971
f 1971 1972 2019
f 2000 2001 1996
f 2001 2002 1974
f 1975 1974 2026
f 1975 2026 2019
f 2019 2026 2020
f 2024 2025 2027
f 2034 2031 550
f 1968 2034 1585
f 2032 1585 312
f 2033 2013 2034
f 2035 2034 1968
f 2049 2042 2044
f 2061 2059 2016
f 2061 2016 2063
f 2052 2073 2049
f 2049 2073 2055
f 2055 2075 2016
f 2081 2082 2042
f 2042 2082 2037
f 2059 2089 2093
f 2059 2093 2081
f 1012 1009 344
f 344 1009 347
f 2101 289 2102
f 1039 2103 2104
f 1039 2104 1036
f 1037 2104 294
f 1037 294 893
f 1031 2101 2102
f 2106 303 2128
f 2108 303 2112
f 2112 303 289
f 289 2101 2113
f 2112 289 2113
f 2115 2113 2121
f 2119 2117 2121
f 2121 2122 2115
f 2108 2123 303
f 303 2123 2125
f 303 2125 2128
f 2123 2133 2136
f 2117 2119 2143
f 2133 2123 2140
f 2119 2140 2143
f 1934 2146 2147
f 2147 2148 1934
f 1934 2148 2149
f 1937 2149 2150
f 903 2150 2151
f 903 2151 2144
f 1931 2152 1934
f 1724 2154 889
f 889 2154 2155
f 889 2155 1931
f 1931 2155 2156
f 2160 2158 904
f 907 2165 910
f 910 2165 2164
f 2174 1920 2175
f 913 2210 1942
f 1946 1943 2211
f 988 2216 990
f 1891 2220 998
f 998 2220 2221
f 1872 2225 1875
f 1891 2228 2229
f 2222 1872 2230
f 2230 1872 994
f 2231 1973 2018
f 2233 2234 2232
f 2012 2235 2014
f 2021 2239 2240
f 2241 2021 2240
f 2244 2242 2235
f 2244 2235 2245
f 2245 2235 2012
f 2148 2250 2149
f 2151 2251 2144
f 2250 2251 2149
f 2254 2255 2256
f 2256 2255 2257
f 2253 2258 2251
f 2251 2258 2259
f 2251 2259 2144
f 2144 2259 2145
f 2249 2261 2262
f 2266 2265 2267
f 2266 2267 1724
f 1595 2260 2263
f 2263 2255 2268
f 2268 2255 2254
f 2152 2270 2272
f 2152 2272 2153
f 2272 2252 2153
f 2153 2252 2250
f 2146 2250 2147
f 2265 2272 2270
f 2265 2270 2267
f 2267 2270 2271
f 2261 2249 2274
f 2274 2249 1649
f 2274 1649 1648
f 1602 2249 2260
f 2260 2249 2262
f 2255 2262 2275
f 2255 2275 2257
f 2257 2275 2276
f 2257 2276 2277
f 2269 1598 2268
f 2268 1598 1597
f 2268 1597 2263
f 2273 2278 2266
f 2266 2278 2269
f 2266 2269 2264
f 2264 2269 2254
f 2264 2254 2272
f 2272 2256 2252
f 2253 2277 2258
f 2155 2154 2271
f 2271 2154 1724
f 2279 2280 2281
f 2282 2283 2284
f 2280 2159 2281
f 2281 2159 2160
f 2281 2160 2285
f 2145 2259 2157
f 2157 2259 2285
f 2161 2285 2160
f 2287 2262 2288
f 1587 2282 1589
f 1589 2282 2284
f 1600 2284 2288
f 1600 2288 1647
f 1647 2274 1648
f 2285 2277 2287
f 2281 2286 2279
f 2164 2291 2290
f 2163 2290 2293
f 2294 2295 2292
f 2289 2298 2279
f 1624 1668 2299
f 1625 2295 1627
f 1627 2295 2294
f 1627 2294 1641
f 2299 2300 2295
f 2295 2300 2301
f 2295 2301 2296
f 2296 2302 2290
f 2290 2302 2303
f 2290 2303 2293
f 1587 1642 2282
f 2282 1641 2283
f 2283 1641 2294
f 2291 2297 2292
f 2292 2297 2298
f 2292 2298 2294
f 2294 2298 2289
f 2308 2309 2185
f 2310 2311 2176
f 2314 2315 2208
f 2318 1719 2319
f 1719 1718 2319
f 2319 1718 1645
f 2319 1645 2316
f 2316 1645 1643
f 2316 1643 1711
f 1635 1634 2320
f 2320 1634 1672
f 2320 1672 2322
f 2322 1672 1671
f 2322 1669 2323
f 2323 1669 1673
f 2323 1673 2318
f 2318 1673 1675
f 2324 1690 2325
f 2325 1690 1689
f 2324 1717 1690
f 1706 2330 1707
f 1707 2330 2304
f 1706 1705 2330
f 2330 1705 1652
f 2329 1652 1651
f 2328 1715 1714
f 2328 1714 2326
f 2326 1714 1709
f 2299 1668 1667
f 2333 2334 2194
f 2194 2197 2333
f 2333 2197 2198
f 2333 2198 2335
f 2335 2198 2199
f 2335 2199 2336
f 2331 2196 2337
f 2337 2196 2195
f 2338 2339 2204
f 2208 2209 2314
f 2314 2209 2211
f 2314 2211 2340
f 2340 2211 1943
f 2340 1943 2341
f 2204 2203 2338
f 2338 2203 2202
f 2338 2202 2342
f 2342 2206 2315
f 2315 2207 2208
f 2336 2201 2343
f 2343 2201 2200
f 2343 2200 2339
f 2339 2200 2205
f 2166 2167 2312
f 2312 2167 2169
f 2312 2169 2344
f 2344 2169 2168
f 2346 2170 2347
f 2347 2170 2173
f 2347 2173 2311
f 2311 2173 2175
f 2311 2175 2176
f 2168 2172 2345
f 2345 2172 2171
f 2345 2171 2346
f 2348 2349 2181
f 2185 2186 2308
f 2308 2186 2188
f 2308 2188 2350
f 2350 2188 2187
f 2350 2187 2351
f 2352 2180 2183
f 2309 2184 2185
f 2176 2177 2310
f 2310 2177 2179
f 2310 2179 2353
f 2353 2179 2178
f 2353 2178 2349
f 2349 2178 2182
f 2349 2182 2181
f 2342 2356 2338
f 2338 2356 2357
f 2339 2358 2343
f 2343 2358 2359
f 2335 2361 2333
f 2333 2361 2362
f 2333 2362 2334
f 2334 2362 2363
f 2331 2365 2332
f 2332 2365 2366
f 2308 2368 2309
f 2309 2368 2369
f 2309 2369 2352
f 2352 2369 2370
f 2348 2371 2349
f 2349 2371 2372
f 2349 2372 2353
f 2353 2372 2373
f 2310 2374 2311
f 2311 2374 2375
f 1713 1712 2380
f 2377 1704 1703
f 2382 1659 2383
f 2383 1659 1658
f 2384 1606 1654
f 2384 1654 2385
f 1654 1656 2385
f 2385 1656 1661
f 2385 1661 2382
f 2382 1661 1660
f 2382 1660 1659
f 2383 1686 2381
f 2381 1686 1685
f 2381 1685 1713
f 2386 1681 2384
f 2384 1607 1606
f 2389 1677 1678
f 2389 1676 2387
f 2390 1698 2391
f 2392 2393 1693
f 1693 1692 2392
f 2392 1723 2390
f 2390 1723 1722
f 2391 1696 2388
f 2388 1696 1695
f 2317 1694 2393
f 2302 2354 2303
f 2303 2354 2341
f 2293 2341 913
f 2293 913 2162
f 2187 2190 2351
f 2351 2190 2189
f 2351 2189 2367
f 2367 2189 2192
f 2332 2192 2191
f 2332 2191 2193
f 2302 2301 2354
f 2354 2304 2355
f 2355 2304 2330
f 2356 2326 2357
f 2357 2326 2327
f 2359 2325 2360
f 2360 2325 2321
f 2360 2321 2361
f 2361 2321 2320
f 2361 2320 2362
f 2362 2320 2322
f 2363 2323 2364
f 2364 2323 2318
f 2364 2318 2365
f 2365 2318 2319
f 2365 2319 2366
f 2366 2319 2316
f 2370 2388 2371
f 2371 2388 2389
f 2373 2386 2374
f 2374 2386 2384
f 2374 2384 2375
f 2375 2384 2385
f 2376 2380 2307
f 2307 2380 2377
f 2395 2396 2397
f 2305 2379 2395
f 2396 2398 2397
f 2397 2398 2399
f 2397 2399 2400
f 2213 2212 2399
f 2399 2212 2215
f 2400 2215 2214
f 1640 2378 1699
f 1699 2378 1700
f 2306 2402 2313
f 2396 2405 2398
f 2398 2406 2399
f 2399 2406 2407
f 1664 2403 1663
f 1639 2396 2395
f 1640 2395 2379
f 2400 2217 2394
f 2395 2306 2305
f 2408 2218 2409
f 2412 2411 2413
f 2411 2416 2413
f 2413 2416 2417
f 2409 2213 2401
f 1630 2415 1617
f 1617 2413 1618
f 1618 2413 1621
f 2416 2405 2417
f 2417 2405 2404
f 2417 2404 1621
f 1621 2404 2403
f 1621 2403 1622
f 2401 2407 2409
f 2409 2407 2416
f 2408 2411 2418
f 2419 1725 2420
f 1612 1611 2422
f 2424 2219 2229
f 1725 2221 2423
f 2423 2221 2220
f 2423 2220 2219
f 2425 1594 2426
f 2427 2421 2428
f 2421 2410 2428
f 2428 2412 2414
f 1630 1629 2415
f 2415 1628 2414
f 2222 2429 2223
f 2424 2431 2432
f 2424 2432 2423
f 2423 2432 1725
f 2424 2227 2430
f 2430 2227 2226
f 2430 2226 2223
f 2223 2225 2224
f 2429 2421 2223
f 2223 2421 2427
f 2223 2427 2430
f 1594 2434 2426
f 2426 2434 2435
f 2426 2435 2420
f 1611 1591 2422
f 2422 1591 2425
f 2437 2425 2426
f 2437 2426 2438
f 2438 2426 2420
f 1725 2439 2438
f 2438 2440 2437
f 2437 2440 2441
f 2437 2441 2422
f 2422 2441 1613
f 2422 1613 1612
f 2428 1628 1613
f 2428 1613 2427
f 2427 1613 2441
f 2427 2441 2430
f 2430 2441 2440
f 2431 2440 2439
f 2431 2439 2432
f 2432 2439 1725
f 2105 1051 1053
f 1053 335 2105
f 2101 1040 2442
f 2442 1040 1065
f 1065 1061 2442
f 2442 1061 2444
f 2446 2445 2442
f 2446 2442 2444
f 2443 1059 2105
f 2105 1059 1051
f 1983 2449 1982
f 1981 1965 1967
f 1981 1967 1980
f 1963 1964 2054
f 2054 1964 2097
f 2099 2097 1980
f 1989 1870 1988
f 1994 1995 1866
f 1994 1866 1993
f 1993 1866 1992
f 1992 1866 1991
f 1990 1977 1989
f 1989 1977 1869
f 1984 2030 1987
f 1985 1986 1997
f 2450 1895 2454
f 2452 1011 345
f 2435 2433 2436
f 118 1838 1843
f 2451 2453 2029
f 2451 2029 336
f 336 2029 2448
f 336 2448 118
f 304 308 2447
f 1763 2447 1745
f 1763 1745 118
f 118 1745 1857
f 118 1857 1838
f 2458 2455 2459
f 2459 2455 118
f 2459 118 2460
f 2460 118 1843
f 2029 2453 2028
f 2096 291 2043
f 327 329 2036
f 314 551 317
f 317 551 2031
f 2098 2100 295
f 295 2100 296
f 2482 2484 1892
f 2482 1892 1570
f 876 1538 1537
f 1896 1898 1555
f 1886 1897 1556
f 1885 1887 1557
f 1883 1884 1573
f 1881 1882 1572
f 1892 1880 1571
f 1546 1538 1927
f 1549 1547 1901
f 1535 1548 1900
f 1899 1929 1485
f 2486 2487 1803
f 2493 2491 1831
f 2460 2494 2498
f 2494 2460 1842
f 2489 2491 2498
f 2460 2498 2501
f 2460 2501 1877
f 1877 2501 2502
f 1877 2502 2503
f 2503 2502 2505
f 2508 2509 2503
f 2503 2509 1877
f 1877 2509 2512
f 1877 2512 2486
f 2513 1813 2514
f 2513 2514 2505
f 2505 2514 2515
f 2518 2516 2508
f 2456 1889 2457
f 116 2521 2524
f 116 2524 2532
f 116 2532 2533
f 2536 94 2578
f 2554 2549 94
f 2554 94 2536
f 2538 2533 2556
f 2561 2556 2564
f 2545 2568 2457
f 2457 2568 116
f 116 2568 2572
f 116 2572 2521
f 2533 2574 116
f 116 2574 94
f 94 2574 2578
f 2578 2579 2581
f 2587 2581 2588
f 2549 2591 2594
f 2549 2594 2457
f 2457 2594 2588
f 2597 2599 2526
f 2526 2599 2529
f 2564 2605 2561
f 2561 2605 2599
f 2597 2545 2599
f 2599 2545 2457
f 2599 2457 2561
f 2561 2457 2588
f 2561 2588 2609
f 2609 2588 2581
f 1839 2523 2522
f 2522 1844 1845
f 2597 2525 2490
f 2543 2598 2488
f 2546 2544 2497
f 2569 2547 2496
f 2570 2567 2495
f 2572 2571 2499
f 2520 2499 1841
f 2520 1841 1844
f 2534 1819 2559
f 1822 2534 2532
f 1825 2531 1828
f 2560 1816 2563
f 2563 1814 2566
f 2604 2565 2504
f 2608 2606 2502
f 2600 2607 2501
f 2603 2601 2500
f 2527 2602 2492
f 2530 2528 2493
f 2575 1811 2576
f 1818 2575 2573
f 1817 2542 1815
f 2577 1805 2580
f 2580 1808 2583
f 2586 2584 2518
f 2609 2585 2519
f 2561 2610 2503
f 2558 2562 2506
f 2540 2557 2515
f 2541 2539 2514
f 1801 2537 2535
f 2548 1809 1810
f 2555 1803 2553
f 2550 2552 2485
f 2591 2551 2512
f 2593 2590 2511
f 2595 2592 2510
f 2588 2596 2507
f 2587 2589 2517
f 2582 2517 1807
f 1747 1768 1754
f 1753 1761 1760
f 1782 1861 1760
f 1780 1858 1781
f 1781 1858 1864
f 1778 1833 1860
f 1778 1860 1779
f 1855 1854 1776
f 1776 1854 1821
f 1856 1774 1849
f 1846 1853 1772
f 1772 1853 1852
f 1772 1852 1774
f 1774 1852 1850
f 1747 1746 1770
f 1771 1848 1847
f 1823 1827 1776
f 1739 1758 1785
f 1741 1738 1784
f 1743 1742 1790
f 1750 1744 1789
f 1751 1749 1797
f 1748 1752 1796
f 1757 1787 1759
f 1730 1728 1794
f 1732 1729 1792
f 1734 1733 1791
f 1736 1735 1767
f 1756 1737 1766
f 1757 1755 1788
f 1748 1795 1727
f 2038 2084 2127
f 2040 2039 2126
f 2065 2041 2124
f 2067 2066 2136
f 2070 2068 2135
f 2086 2069 2134
f 2129 2084 2083
f 2089 2088 2138
f 2092 2090 2137
f 2094 2091 2132
f 2078 2095 2131
f 2080 2077 2130
f 2083 2079 2129
f 2134 2088 2086
f 2071 2085 2109
f 2046 2072 2107
f 2048 2045 2110
f 2050 2047 2111
f 2052 2051 2114
f 2073 2053 2115
f 2141 2085 2087
f 2075 2074 2120
f 2056 2076 2118
f 2063 2057 2116
f 2061 2064 2139
f 2058 2062 2142
f 2087 2060 2141
f 2115 2074 2073
f 2478 283 1586
f 2473 2477 1582
f 2469 2474 1581
f 2465 2470 1580
f 2462 2466 1584
f 552 2461 1583
f 785 1620 2464
f 2463 1631 2468
f 2467 1610 2471
f 2472 1609 2476
f 2475 1601 2480
f 2479 1604 298
f 299 1604 1603
f 297 1603 1596
f 315 1592 1614
f 786 1614 1616
f 1871 2613 1029
f 1027 2616 2618
f 2617 1511 1027
f 1028 1511 1510
f 1926 1022 1509
f 1923 1925 1508
f 1922 1924 1507
f 1918 1921 1506
f 1917 1919 1505
f 1914 1916 1504
f 1913 1915 1503
f 1910 1912 1502
f 1908 1911 1501
f 1907 1909 1500
f 1962 1906 1525
f 1959 1961 1524
f 1957 1960 1522
f 1955 1958 1521
f 1953 1956 1520
f 1951 1954 1519
f 1949 1952 1518
f 1947 1950 1517
f 1944 1948 1515
f 1940 1945 1514
f 1018 1941 1512
f 1017 1512 1488
f 1020 1488 1492
f 1016 1493 1938
f 1939 1482 1936
f 1935 1481 1933
f 1932 1486 1930
f 2619 1578 2007
f 2243 1476 2614
f 2614 1476 1479
f 2627 2611 2236
f 2627 2236 2614
f 2614 2236 2235
f 2614 2235 2243
f 1474 1475 2238
f 2611 2483 2237
f 2238 1473 1474
f 2620 2621 1566
f 1495 1479 1478
f 2626 2624 1497
f 2618 2625 1498
f 2623 2481 1564
f 2621 2622 1566
f 2627 2615 1873
f 2612 2628 1876
f 1890 2458 1902
f 1903 2459 1904
f 1905 2460 1877
f 1470 1469 2656
f 1470 2656 1471
f 2660 2657 2651
f 2661 2659 2650
f 2663 2662 2649
f 2665 2664 2648
f 2668 2666 2647
f 2670 2667 2646
f 2671 2669 2645
f 2673 2672 2644
f 2675 2674 2643
f 2677 2676 2642
f 2680 2678 2641
f 2681 2679 2640
f 2683 2682 2639
f 2685 2684 2638
f 2687 2686 2637
f 2690 2688 2636
f 2691 2689 2635
f 2693 2692 2634
f 2696 2694 2633
f 2697 2695 2632
f 2699 2698 2631
f 2701 2700 2630
f 2704 2702 2629
f 2706 2703 2656
f 2708 2705 2655
f 2710 2707 2654
f 2712 2709 2653
f 2658 2711 2652
f 2247 2248 2675
f 2247 2675 2246
f 55 223 113
f 55 113 2720
f 2720 113 2722
f 2720 2722 2723
f 2721 2716 2723
f 2724 2723 2722
f 2725 2726 2727
f 2722 2729 2730
f 2722 2730 2724
f 2728 2729 2726
f 2735 2734 2714
f 2736 2733 2732
f 2732 2733 95
f 2732 95 2717
f 2717 95 91
f 2717 91 54
f 54 91 102
f 2733 2737 95
f 95 2737 2738
f 2732 2739 2736
f 2741 2740 95
f 2741 95 2738
f 2742 2738 2734
f 2742 2734 2743
f 2743 2734 2735
f 96 117 2744
f 2744 2745 2746
f 2715 2749 2713
f 2747 2752 2748
f 2758 2719 2757
f 2757 2756 2758
f 2754 2719 2718
f 2753 2750 2731
f 2755 2757 2754
f 2751 2747 2753

