# https://github.com/mikedh/trimesh

o link_left_wheel_1.obj
v -0.00391300 -0.00083200 -0.07906200
v -0.00400000 0.00000000 -0.07906200
v 0.00267600 -0.00297300 -0.07906200
v -0.00235100 0.00323600 -0.00440000
v -0.00391300 0.00083200 -0.07906200
v -0.00306200 0.00000000 -0.08000000
v -0.00299600 0.00063700 -0.08000000
v 0.00000000 0.00000000 -0.08000000
v -0.00250850 -0.00007962 -0.08000000
v -0.00299600 -0.00063700 -0.08000000
v 0.00204900 -0.00227600 -0.08000000
v 0.00172638 -0.00156587 -0.08000000
v 0.00316500 -0.00230000 -0.07906200
v 0.00118100 0.00262775 -0.08000000
v -0.00247200 0.00760800 -0.00040000
v -0.00470200 0.00647200 -0.00040000
v 0.02812000 0.01027700 -0.00130300
v 0.02763700 0.00879900 -0.00130300
v 0.02686700 0.00744900 -0.00130300
v 0.02696900 0.00737600 -0.00127000
v 0.02584000 0.00628200 -0.00130300
v 0.02592600 0.00619000 -0.00127000
v 0.02802900 0.01029700 -0.00139400
v 0.02755200 0.00883700 -0.00139400
v 0.02799400 0.01030400 -0.00152000
v 0.02752000 0.00885100 -0.00152000
v 0.02386600 -0.00477300 -0.00152000
v 0.02366400 -0.00456700 -0.00152000
v 0.02479750 -0.00129562 -0.00127000
v 0.02453300 -0.00545500 -0.00152000
v 0.03479900 0.01173000 -0.00139400
v 0.03483200 0.01174200 -0.00152000
v 0.03563600 0.00886600 -0.00139400
v 0.03567100 0.00887500 -0.00152000
v 0.03623900 0.00594300 -0.00139400
v 0.03627400 0.00594900 -0.00152000
v 0.03660100 0.00298200 -0.00139400
v 0.03663700 0.00298400 -0.00152000
v 0.03672300 0.00000000 -0.00139400
v 0.03675800 0.00000000 -0.00152000
v 0.03660100 -0.00298200 -0.00139400
v 0.03663700 -0.00298400 -0.00152000
v 0.03623900 -0.00594300 -0.00139400
v 0.03630900 -0.00595500 -0.00356000
v 0.03627400 -0.00594900 -0.00152000
v 0.03567100 -0.00887500 -0.00152000
v 0.03650900 0.00297400 -0.00130300
v 0.03663000 0.00000000 -0.00130300
v 0.03650900 -0.00297400 -0.00130300
v 0.03638400 0.00296400 -0.00127000
v 0.03650400 0.00000000 -0.00127000
v 0.03630900 0.00595500 -0.00356000
v 0.03667200 0.00298700 -0.00356000
v 0.03679400 0.00000000 -0.00356000
v 0.03667200 -0.00298700 -0.00356000
v 0.03570500 -0.00888300 -0.00356000
v 0.02331400 -0.00299400 -0.00356000
v 0.02350600 0.00000000 -0.00356000
v 0.02318700 0.00297800 -0.00377700
v 0.02327900 0.00299000 -0.00368600
v 0.02331400 0.00299400 -0.00356000
v 0.02449600 0.00551600 -0.00368600
v 0.02376900 0.00485500 -0.00368600
v 0.02444800 0.00559500 -0.00377700
v 0.02369500 0.00491100 -0.00377700
v 0.02337700 0.00396100 -0.00356000
v 0.02334200 0.00397000 -0.00368600
v 0.02325300 0.00399400 -0.00377700
v 0.02670500 0.00756500 -0.00368600
v 0.02745500 0.00888000 -0.00368600
v 0.02792500 0.01031900 -0.00368600
v 0.02673400 0.00754400 -0.00356000
v 0.02748700 0.00886500 -0.00356000
v 0.02795900 0.01031200 -0.00356000
v 0.02916900 0.01196900 -0.00356000
v 0.02838900 0.01126800 -0.00356000
v 0.02915200 0.01200000 -0.00368600
v 0.02836100 0.01128900 -0.00368600
v 0.02910500 0.01208000 -0.00377700
v 0.02828600 0.01134400 -0.00377700
v 0.03438100 0.01279300 -0.00377700
v 0.03337200 0.01334800 -0.00368600
v 0.03335900 0.01331500 -0.00356000
v 0.03225500 0.01350600 -0.00368600
v 0.03340400 0.01343500 -0.00377700
v 0.03574000 -0.00889200 -0.00368600
v 0.03634400 -0.00596100 -0.00368600
v 0.03670800 -0.00299000 -0.00368600
v 0.03682900 0.00000000 -0.00368600
v 0.03670800 0.00299000 -0.00368600
v 0.03634400 0.00596100 -0.00368600
v 0.03574000 0.00889200 -0.00368600
v 0.03680000 -0.00299800 -0.00377700
v 0.03692200 0.00000000 -0.00377700
v 0.03643500 0.00597600 -0.00377700
v 0.03224700 -0.01359800 -0.00377700
v 0.03337200 -0.01334800 -0.00368600
v 0.03340400 -0.01343500 -0.00377700
v 0.02824100 -0.01104100 -0.00356000
v 0.02838900 -0.01126800 -0.00356000
v 0.02821100 -0.01105900 -0.00368600
v 0.02795900 -0.01031200 -0.00356000
v 0.02792500 -0.01031900 -0.00368600
v 0.02745500 -0.00888000 -0.00368600
v 0.02444800 -0.00559500 -0.00377700
v 0.02670500 -0.00756500 -0.00368600
v 0.02570500 -0.00642800 -0.00368600
v 0.02449600 -0.00551600 -0.00368600
v 0.02748700 -0.00886500 -0.00356000
v 0.02673400 -0.00754400 -0.00356000
v 0.02572900 -0.00640200 -0.00356000
v 0.02451500 -0.00548600 -0.00356000
v 0.02676300 -0.00752300 -0.00152000
v 0.02799400 -0.01030400 -0.00152000
v 0.02362900 0.00345950 -0.00127000
v 0.02402900 0.00466100 -0.00127000
v 0.02844700 0.01122600 -0.00139400
v 0.02841800 0.01124700 -0.00152000
v 0.03330100 0.01316200 -0.00130300
v 0.03417000 0.01259000 -0.00130300
v 0.03423700 0.01265400 -0.00139400
v 0.03333400 0.01324900 -0.00139400
v 0.03226300 0.01339900 -0.00139400
v 0.03246300 0.01344300 -0.00152000
v 0.02335000 0.00299900 -0.00152000
v 0.02341100 0.00395200 -0.00152000
v 0.02354100 0.00000000 -0.00152000
v 0.02335000 -0.00299900 -0.00152000
v 0.02379700 -0.00483400 -0.00356000
v 0.02363300 -0.00458500 -0.00356000
v 0.02341100 -0.00395200 -0.00152000
v 0.02337700 -0.00396100 -0.00356000
v 0.02360300 -0.00460300 -0.00368600
v 0.02376900 -0.00485500 -0.00368600
v 0.02521300 0.01308500 -0.01245000
v 0.03713000 -0.01959900 -0.00935400
v 0.03719800 -0.01970100 -0.01244600
v 0.03713600 -0.01977600 -0.01244500
v 0.03693900 -0.01983200 -0.01244700
v 0.03694200 -0.01983400 -0.01244700
v 0.03704400 -0.01982600 -0.01244500
v 0.03713300 -0.01977900 -0.01244500
v 0.03699700 -0.01957500 -0.00626000
v 0.03700000 -0.01957200 -0.00626000
v 0.03706100 -0.01949600 -0.00626100
v 0.02523700 -0.01288900 -0.00406000
v 0.02509300 -0.01291700 -0.01245000
v 0.02523700 -0.01284900 -0.00406000
v 0.02509400 -0.01281900 -0.01245000
v 0.02508600 -0.01330500 -0.01270000
v 0.02512900 -0.01323200 -0.01267700
v 0.02496700 -0.01294200 -0.01266700
v 0.02505800 -0.01292400 -0.01257500
v 0.02484500 -0.01276800 -0.01270000
v 0.02496800 -0.01279400 -0.01266700
v 0.02505900 -0.01281200 -0.01257500
v 0.03674800 -0.02003800 -0.01270000
v 0.03676300 -0.02000900 -0.01269800
v 0.03678900 -0.01995300 -0.01267500
v 0.03678500 -0.01996200 -0.01267800
v 0.03684100 -0.01982600 -0.01253500
v 0.03703700 -0.01985100 -0.01256900
v 0.03696100 -0.02001100 -0.01274500
v 0.03687500 -0.01998900 -0.01269500
v 0.03691200 -0.01990900 -0.01263700
v 0.03693400 -0.01985500 -0.01254900
v 0.03708800 -0.01989000 -0.01273300
v 0.03700800 -0.01991600 -0.01267400
v 0.03712600 -0.01980800 -0.01260100
v 0.03717500 -0.01976000 -0.01268000
v 0.03713100 -0.01985100 -0.01279000
v 0.03685700 -0.02009800 -0.01273300
v 0.03689800 -0.02012000 -0.01277700
v 0.03702700 -0.02001000 -0.01282200
v 0.03693800 -0.02014200 -0.01282200
v 0.03697100 -0.02016000 -0.01294500
v 0.03699800 -0.02011000 -0.01294200
v 0.03710400 -0.01990700 -0.01285800
v 0.03594400 -0.02193800 -0.01294500
v 0.03634700 -0.02124000 -0.01294500
v 0.03591300 -0.02191900 -0.01282200
v 0.03587300 -0.02189400 -0.01277700
v 0.03583400 -0.02187000 -0.01273300
v 0.03572800 -0.02180600 -0.01270000
v 0.00724100 -0.03600200 -0.00139400
v 0.00724800 -0.03603700 -0.00152000
v 0.00616000 -0.03597700 -0.00139400
v 0.00615100 -0.03601200 -0.00152000
v 0.00514800 -0.03554700 -0.00356000
v 0.00462000 -0.03481800 -0.00139400
v 0.00459000 -0.03483600 -0.00152000
v 0.00722200 -0.03591100 -0.00130300
v 0.00618200 -0.03588700 -0.00130300
v 0.00519300 -0.03549200 -0.00139400
v 0.00470100 -0.03477200 -0.00130300
v 0.00504900 -0.02936900 -0.00356000
v 0.00502600 -0.02934300 -0.00368600
v 0.00603700 -0.02821700 -0.00368600
v 0.00496300 -0.02927400 -0.00377700
v 0.00596200 -0.02816200 -0.00377700
v 0.00671700 -0.02687100 -0.00377700
v 0.00719500 -0.02545400 -0.00377700
v 0.00737800 -0.02397000 -0.00377700
v 0.00680100 -0.02690900 -0.00368600
v 0.00728600 -0.02547500 -0.00368600
v 0.00747100 -0.02397200 -0.00368600
v 0.00606600 -0.02823800 -0.00356000
v 0.01425000 -0.01869400 -0.00356000
v 0.01511900 -0.01826400 -0.00356000
v 0.01699100 -0.01851900 -0.00152000
v 0.01700800 -0.01848800 -0.00356000
v 0.01511000 -0.01823000 -0.00368600
v 0.01508500 -0.01814000 -0.00377700
v 0.01417200 -0.01859200 -0.00377700
v 0.01505200 -0.01801900 -0.00381000
v 0.01422900 -0.01866500 -0.00368600
v 0.01409600 -0.01849200 -0.00381000
v 0.02140800 -0.01924400 -0.00377700
v 0.02287100 -0.01893600 -0.00377700
v 0.02141800 -0.01933700 -0.00368600
v 0.02289900 -0.01902400 -0.00368600
v 0.01839800 -0.01911500 -0.00152000
v 0.01990000 -0.01938000 -0.00356000
v 0.02142100 -0.01937200 -0.00356000
v 0.02395300 -0.01895200 -0.00356000
v 0.02496800 -0.01924600 -0.00368600
v 0.02395700 -0.01891600 -0.00368600
v 0.02826900 -0.02337800 -0.00377700
v 0.02821100 -0.02223200 -0.00356000
v 0.02782400 -0.02118100 -0.00368600
v 0.02790500 -0.02137500 -0.00356000
v 0.02833700 -0.02221100 -0.00377700
v 0.02839000 -0.02341300 -0.00381000
v 0.01019500 -0.03548700 -0.00377700
v 0.00726200 -0.03610600 -0.00368600
v 0.01016900 -0.03539800 -0.00368600
v 0.00725500 -0.03607200 -0.00356000
v 0.01015900 -0.03536300 -0.00356000
v 0.01301000 -0.03445500 -0.00368600
v 0.01574900 -0.03325300 -0.00356000
v 0.01839700 -0.03186400 -0.00356000
v 0.01304200 -0.03454200 -0.00377700
v 0.00455900 -0.03485300 -0.00356000
v 0.00614300 -0.03604600 -0.00356000
v 0.00613400 -0.03608100 -0.00368600
v 0.00418400 -0.03124600 -0.00368600
v 0.00421900 -0.03124600 -0.00356000
v 0.00440400 -0.03020600 -0.00368600
v 0.00507300 -0.02939600 -0.00152000
v 0.02328900 -0.02843900 -0.00152000
v 0.02090300 -0.03023600 -0.00152000
v 0.01837900 -0.03183400 -0.00152000
v 0.01573400 -0.03322100 -0.00152000
v 0.01298500 -0.03438800 -0.00152000
v 0.01015000 -0.03532900 -0.00152000
v 0.02755800 -0.02427200 -0.00139400
v 0.02088300 -0.03020700 -0.00139400
v 0.01571900 -0.03318900 -0.00139400
v 0.01297200 -0.03435500 -0.00139400
v 0.01014000 -0.03529500 -0.00139400
v 0.02748900 -0.02421000 -0.00130300
v 0.02543200 -0.02636200 -0.00130300
v 0.01567900 -0.03310500 -0.00130300
v 0.01293900 -0.03426800 -0.00130300
v 0.01011400 -0.03520600 -0.00130300
v 0.02534500 -0.02627200 -0.00127000
v 0.02798800 -0.02329800 -0.00130300
v 0.02807700 -0.02332300 -0.00139400
v 0.02817600 -0.02223800 -0.00152000
v 0.02292100 -0.01909200 -0.00152000
v 0.02142500 -0.01940700 -0.00152000
v 0.01989700 -0.01941500 -0.00152000
v 0.02296000 -0.01921400 -0.00130300
v 0.02143900 -0.01953500 -0.00130300
v 0.02293200 -0.01912500 -0.00139400
v 0.02142900 -0.01944300 -0.00139400
v 0.00698200 -0.02699200 -0.00130300
v 0.00619800 -0.02833400 -0.00130300
v 0.00689800 -0.02695400 -0.00139400
v 0.00612300 -0.02827900 -0.00139400
v 0.00609500 -0.02825900 -0.00152000
v 0.02226500 -0.01616400 -0.01245000
v 0.02364900 -0.01532200 -0.01245000
v 0.02374600 -0.01543200 -0.00406000
v 0.02224000 -0.01616900 -0.01245000
v 0.02229300 -0.01631000 -0.00406000
v 0.02067500 -0.01647000 -0.01245000
v 0.02062200 -0.01661600 -0.00406000
v 0.02062200 -0.01647000 -0.01245000
v 0.02378100 -0.01541100 -0.00406000
v 0.02373300 -0.01527300 -0.01245000
v 0.02382700 -0.01540700 -0.00406000
v 0.02384600 -0.01526100 -0.01245000
v 0.03557200 -0.02200900 -0.01245000
v 0.03545000 -0.02200100 -0.00935800
v 0.03532700 -0.02199200 -0.00626600
v 0.03439700 -0.02149200 -0.00441900
v 0.01607500 -0.01302900 -0.00406000
v 0.01611200 -0.01326500 -0.00406000
v 0.01600700 -0.01096400 -0.00406000
v 0.01591400 -0.01202500 -0.00406000
v 0.01589700 -0.01202500 -0.00397300
v 0.01581600 -0.01100300 -0.00382100
v 0.01582900 -0.01100000 -0.00382800
v 0.01574700 -0.01202900 -0.00382500
v -0.00100000 -0.00373200 -0.02540000
v -0.00458400 -0.00450625 -0.02540000
v -0.00623456 -0.00422187 0.00000000
v -0.00440569 0.00484575 0.00000000
v -0.00570013 -0.00202275 0.00000000
v 0.00171069 -0.00072719 0.00000000
v -0.00028556 0.00594850 -0.02540000
v 0.02368662 0.01548225 0.00000000
v 0.02069413 -0.01557562 0.00000000
v 0.02444569 -0.01324019 -0.01270000
v 0.02237100 -0.01291600 0.00000000
v 0.02264100 -0.01190600 0.00000000
v 0.03011994 -0.01156587 0.00000000
v -0.00722200 0.03591100 -0.00130300
v -0.00618200 0.03588700 -0.00130300
v -0.00724100 0.03600200 -0.00139400
v -0.00616000 0.03597700 -0.00139400
v -0.00724800 0.03603700 -0.00152000
v -0.00615100 0.03601200 -0.00152000
v -0.00505000 0.02936900 -0.00356000
v -0.00502600 0.02934300 -0.00368600
v -0.00603700 0.02821700 -0.00368600
v -0.00496300 0.02927400 -0.00377700
v -0.00596200 0.02816200 -0.00377700
v -0.00671700 0.02687100 -0.00377700
v -0.00719500 0.02545400 -0.00377700
v -0.00737800 0.02397000 -0.00377700
v -0.00680100 0.02690900 -0.00368600
v -0.00728600 0.02547500 -0.00368600
v -0.00747100 0.02397200 -0.00368600
v -0.00606600 0.02823800 -0.00356000
v -0.01425000 0.01869400 -0.00356000
v -0.01511900 0.01826400 -0.00356000
v -0.01699100 0.01851900 -0.00152000
v -0.01700800 0.01848800 -0.00356000
v -0.01511000 0.01823000 -0.00368600
v -0.01417200 0.01859200 -0.00377700
v -0.01508500 0.01814000 -0.00377700
v -0.01505200 0.01801900 -0.00381000
v -0.01422900 0.01866500 -0.00368600
v -0.01409600 0.01849200 -0.00381000
v -0.02140800 0.01924400 -0.00377700
v -0.02287100 0.01893600 -0.00377700
v -0.02141800 0.01933700 -0.00368600
v -0.02289900 0.01902400 -0.00368600
v -0.01839800 0.01911500 -0.00152000
v -0.01990000 0.01938000 -0.00356000
v -0.02142100 0.01937200 -0.00356000
v -0.02395300 0.01895200 -0.00356000
v -0.02496800 0.01924600 -0.00368600
v -0.02395700 0.01891600 -0.00368600
v -0.02790500 0.02137500 -0.00356000
v -0.02793500 0.02135700 -0.00368600
v -0.02801600 0.02131100 -0.00377700
v -0.02761100 0.02431900 -0.00356000
v -0.02812600 0.02340900 -0.00356000
v -0.02826500 0.02236400 -0.00368600
v -0.02824800 0.02344700 -0.00377700
v -0.02822900 0.02236800 -0.00356000
v -0.02835700 0.02235400 -0.00377700
v -0.01019500 0.03548700 -0.00377700
v -0.00726200 0.03610600 -0.00368600
v -0.01016900 0.03539800 -0.00368600
v -0.00725500 0.03607200 -0.00356000
v -0.01015900 0.03536300 -0.00356000
v -0.01301000 0.03445500 -0.00368600
v -0.01574900 0.03325300 -0.00356000
v -0.01839700 0.03186400 -0.00356000
v -0.01304200 0.03454200 -0.00377700
v -0.00434700 0.03472600 -0.00377700
v -0.00512600 0.03557500 -0.00368600
v -0.00614300 0.03604600 -0.00356000
v -0.00613400 0.03608100 -0.00368600
v -0.00506700 0.03564700 -0.00377700
v -0.00418400 0.03124600 -0.00368600
v -0.00421900 0.03124600 -0.00356000
v -0.00443600 0.03022000 -0.00356000
v -0.00440400 0.03020600 -0.00368600
v -0.00507300 0.02939600 -0.00152000
v -0.02758500 0.02429500 -0.00152000
v -0.02328900 0.02843900 -0.00152000
v -0.02090300 0.03023600 -0.00152000
v -0.01837900 0.03183400 -0.00152000
v -0.01573400 0.03322100 -0.00152000
v -0.01298500 0.03438800 -0.00152000
v -0.01015000 0.03532900 -0.00152000
v -0.02088300 0.03020700 -0.00139400
v -0.01571900 0.03318900 -0.00139400
v -0.01297200 0.03435500 -0.00139400
v -0.01014000 0.03529500 -0.00139400
v -0.02748900 0.02421000 -0.00130300
v -0.02543200 0.02636200 -0.00130300
v -0.01567900 0.03310500 -0.00130300
v -0.01293900 0.03426800 -0.00130300
v -0.01011400 0.03520600 -0.00130300
v -0.02534500 0.02627200 -0.00127000
v -0.02787400 0.02139300 -0.00152000
v -0.02784300 0.02141000 -0.00139400
v -0.02806700 0.02238600 -0.00130300
v -0.02815900 0.02237600 -0.00139400
v -0.02819400 0.02237200 -0.00152000
v -0.02809200 0.02339800 -0.00152000
v -0.02292100 0.01909200 -0.00152000
v -0.02142500 0.01940700 -0.00152000
v -0.01989700 0.01941500 -0.00152000
v -0.02296000 0.01921400 -0.00130300
v -0.02143900 0.01953500 -0.00130300
v -0.02293200 0.01912500 -0.00139400
v -0.02142900 0.01944300 -0.00139400
v -0.00698200 0.02699200 -0.00130300
v -0.00619800 0.02833400 -0.00130300
v -0.00689800 0.02695400 -0.00139400
v -0.00612300 0.02827900 -0.00139400
v -0.00609500 0.02825900 -0.00152000
v -0.00561912 0.02220562 -0.00381000
v -0.03557200 0.02200900 -0.01245000
v -0.03545000 0.02200100 -0.00935800
v -0.03532700 0.02199200 -0.00626600
v -0.03439700 0.02149200 -0.00441900
v -0.02374600 0.01543200 -0.00406000
v -0.02364900 0.01532200 -0.01245000
v -0.02378100 0.01541100 -0.00406000
v -0.02373300 0.01527300 -0.01245000
v -0.02382700 0.01540700 -0.00406000
v -0.02384600 0.01526100 -0.01245000
v -0.02227500 0.01616000 -0.01245000
v -0.02295800 0.01599600 -0.00406000
v -0.02223900 0.01616700 -0.01245000
v -0.02142600 0.01654700 -0.00406000
v -0.02069600 0.01646900 -0.01245000
v -0.02062200 0.01661600 -0.00406000
v -0.02062200 0.01647000 -0.01245000
v -0.02375300 0.01545200 -0.00396400
v -0.02377400 0.01551300 -0.00387900
v -0.02299600 0.01606200 -0.00388300
v -0.02381200 0.01563000 -0.00381700
v -0.01598600 0.01096800 -0.00396400
v -0.01598800 0.01096700 -0.00397300
v -0.01589500 0.01192800 -0.00397300
v -0.02375300 0.01545000 -0.00397300
v -0.02296600 0.01601100 -0.00397300
v -0.02142800 0.01656400 -0.00397300
v -0.01979700 0.01654400 -0.00406000
v -0.01862000 0.01611400 -0.00406000
v -0.01826700 0.01598500 -0.00406000
v -0.01701900 0.01493900 -0.00406000
v -0.01698400 0.01487900 -0.00406000
v -0.01620100 0.01353100 -0.00406000
v -0.01610900 0.01302200 -0.00406000
v -0.01591200 0.01192800 -0.00406000
v -0.01600700 0.01096400 -0.00406000
v -0.02380400 0.01560600 -0.00383000
v -0.02304100 0.01614100 -0.00382500
v -0.02143800 0.01662200 -0.00388300
v -0.01583600 0.01192900 -0.00388300
v 0.00754200 0.02397400 -0.00152000
v 0.02143900 0.01953500 -0.00130300
v 0.02296000 0.01921400 -0.00130300
v 0.01838800 0.01914900 -0.00139400
v 0.01989300 0.01945100 -0.00139400
v 0.02142900 0.01944300 -0.00139400
v 0.02293200 0.01912500 -0.00139400
v 0.01839800 0.01911500 -0.00152000
v 0.01989700 0.01941500 -0.00152000
v 0.02142500 0.01940700 -0.00152000
v 0.02292100 0.01909200 -0.00152000
v 0.02495000 0.01927700 -0.00356000
v 0.02394900 0.01898700 -0.00152000
v 0.02395300 0.01895200 -0.00356000
v 0.02291000 0.01905800 -0.00356000
v 0.02761100 0.02431900 -0.00356000
v 0.02811100 0.02333300 -0.00152000
v 0.02814600 0.02334300 -0.00356000
v 0.00724800 0.03603700 -0.00152000
v 0.00725500 0.03607200 -0.00356000
v 0.01015000 0.03532900 -0.00152000
v 0.01015900 0.03536300 -0.00356000
v 0.01299700 0.03442200 -0.00356000
v 0.01573400 0.03322100 -0.00152000
v 0.01574900 0.03325300 -0.00356000
v 0.01837900 0.03183400 -0.00152000
v 0.02328900 0.02843900 -0.00152000
v 0.02552100 0.02645400 -0.00152000
v 0.02554600 0.02648000 -0.00356000
v 0.00724100 0.03600200 -0.00139400
v 0.01014000 0.03529500 -0.00139400
v 0.01571900 0.03318900 -0.00139400
v 0.01836100 0.03180300 -0.00139400
v 0.02326600 0.02841200 -0.00139400
v 0.02549600 0.02642900 -0.00139400
v 0.02755800 0.02427200 -0.00139400
v 0.01831500 0.03172200 -0.00130300
v 0.02083000 0.03013100 -0.00130300
v 0.02543200 0.02636200 -0.00130300
v 0.02748900 0.02421000 -0.00130300
v 0.01825200 0.03161400 -0.00127000
v 0.02075900 0.03002700 -0.00127000
v 0.02534500 0.02627200 -0.00127000
v 0.02739400 0.02412700 -0.00127000
v 0.02798800 0.02329800 -0.00130300
v 0.02804900 0.02225900 -0.00130300
v 0.02766000 0.02129400 -0.00130300
v 0.02807700 0.02332300 -0.00139400
v 0.02814100 0.02224400 -0.00139400
v 0.02773600 0.02124100 -0.00139400
v 0.00455900 0.03485300 -0.00356000
v 0.00750700 0.02397300 -0.00356000
v 0.01175300 0.02035700 -0.00356000
v 0.00771200 0.02302600 -0.00356000
v 0.01990000 0.01938000 -0.00356000
v 0.02142100 0.01937200 -0.00356000
v 0.02289900 0.01902400 -0.00368600
v 0.02141800 0.01933700 -0.00368600
v 0.02287100 0.01893600 -0.00377700
v 0.02140800 0.01924400 -0.00377700
v 0.02395700 0.01891600 -0.00368600
v 0.02763800 0.02434200 -0.00368600
v 0.02563500 0.02657200 -0.00377700
v 0.02557100 0.02650600 -0.00368600
v 0.02333400 0.02849400 -0.00368600
v 0.02094300 0.03029500 -0.00368600
v 0.01576400 0.03328500 -0.00368600
v 0.01301000 0.03445500 -0.00368600
v 0.02339300 0.02856600 -0.00377700
v 0.02099600 0.03037100 -0.00377700
v 0.00646500 0.03614000 -0.00368600
v 0.00646900 0.03610500 -0.00356000
v 0.00571100 0.03589600 -0.00356000
v 0.00569600 0.03592900 -0.00368600
v 0.00505300 0.03546500 -0.00356000
v 0.00502900 0.03549200 -0.00368600
v 0.00452800 0.03487100 -0.00368600
v 0.00440400 0.03020600 -0.00368600
v 0.00431900 0.03016800 -0.00377700
v 0.00452800 0.02996000 -0.00368600
v 0.00444800 0.02991400 -0.00377700
v 0.00502600 0.02934300 -0.00368600
v 0.00496300 0.02927400 -0.00377700
v 0.00759400 0.02297600 -0.00377700
v 0.00725300 0.02396800 -0.00381000
v 0.00671700 0.02687100 -0.00377700
v 0.00586100 0.02808800 -0.00381000
v 0.00596200 0.02816200 -0.00377700
v 0.00603700 0.02821700 -0.00368600
v 0.00768000 0.02301200 -0.00368600
v 0.00747900 0.02292600 -0.00381000
v 0.00781500 0.02274200 -0.00368600
v 0.00905000 0.02165500 -0.00368600
v 0.01417200 0.01859200 -0.00377700
v 0.01422900 0.01866500 -0.00368600
v 0.01173500 0.02032600 -0.00368600
v 0.01511000 0.01823000 -0.00368600
v 0.01508500 0.01814000 -0.00377700
v 0.03539900 0.02205600 -0.00626300
v 0.03566000 0.02236400 -0.01244600
v 0.03569400 0.02227300 -0.01244500
v 0.03553800 0.02235600 -0.00935400
v 0.03545000 0.02225600 -0.00626000
v 0.03541500 0.02234800 -0.00626100
v 0.03564800 0.02207600 -0.01244700
v 0.03540300 0.02206000 -0.00626300
v 0.03569100 0.02216800 -0.01244500
v 0.03569600 0.02226900 -0.01244500
v 0.03545100 0.02225300 -0.00626000
v 0.03496800 0.02181000 -0.00505000
v 0.03406600 0.02149400 -0.00401100
v 0.03475600 0.02171500 -0.00463500
v 0.03477900 0.02179600 -0.00457300
v 0.03525400 0.02205700 -0.00534300
v 0.03521400 0.02196500 -0.00537800
v 0.03409200 0.02140800 -0.00406200
v 0.03476900 0.02189300 -0.00453400
v 0.03525200 0.02226900 -0.00540800
v 0.03525400 0.02216000 -0.00532100
v 0.03485600 0.02205100 -0.00467200
v 0.03520700 0.02224400 -0.00532400
v 0.02708300 0.03194000 -0.00626100
v 0.02696700 0.03180300 -0.00540700
v 0.03057400 0.02835200 -0.00540700
v 0.00167400 0.04072900 -0.00424700
v 0.00427900 0.04087900 -0.00452300
v 0.00166700 0.04135800 -0.00485500
v 0.00165900 0.04164000 -0.00541900
v 0.00434100 0.04147000 -0.00540700
v 0.00165600 0.04173500 -0.00561000
v 0.00164600 0.04184400 -0.00626100
v 0.00436000 0.04164900 -0.00626100
v 0.00418500 0.03998000 -0.00396000
v 0.01355300 0.03784500 -0.00396000
v 0.01797900 0.03595400 -0.00396000
v 0.03374300 0.02449400 -0.00540700
v 0.03326300 0.02414600 -0.00452300
v 0.03388900 0.02460000 -0.00626100
v 0.03165200 0.02732300 -0.00626100
v 0.03070600 0.02847400 -0.00626100
v 0.02307200 0.03494800 -0.00626100
v 0.02052100 0.03642000 -0.00626100
v 0.01873000 0.03745500 -0.00626100
v 0.01411900 0.03942500 -0.00626100
v 0.00697100 0.04121600 -0.00626100
v 0.01385800 0.03869600 -0.00452300
v 0.01838400 0.03676200 -0.00452300
v 0.02658300 0.03135000 -0.00452300
v 0.03013900 0.02794800 -0.00452300
v -0.00661450 0.03019581 0.00000000
v 0.00150500 0.02829700 -0.00396400
v 0.00154800 0.02834500 -0.00387900
v 0.00241200 0.02794600 -0.00388300
v 0.00163000 0.02843600 -0.00381700
v 0.00167500 0.02848500 -0.00381000
v 0.00250200 0.02810000 -0.00381000
v 0.00245800 0.01960000 -0.00382500
v 0.00150400 0.02829500 -0.00397300
v 0.00238300 0.02789500 -0.00397300
v 0.00149100 0.02828000 -0.00406000
v 0.00237400 0.02788000 -0.00406000
v 0.00363100 0.02684000 -0.00397300
v 0.00361800 0.02682900 -0.00406000
v 0.00407900 0.02616800 -0.00406000
v 0.00444400 0.02542200 -0.00397300
v 0.00450000 0.02544200 -0.00388300
v 0.00442900 0.02541600 -0.00406000
v 0.00472700 0.02381200 -0.00397300
v 0.00361800 0.02079600 -0.00406000
v 0.00322300 0.02046200 -0.00406000
v 0.00237400 0.01974500 -0.00406000
v 0.00161300 0.02841800 -0.00383000
v 0.00245800 0.02802500 -0.00382500
v 0.00478600 0.02381200 -0.00388300
v 0.00241200 0.01967900 -0.00388300
v 0.00154800 0.01928000 -0.00387900
v 0.00144500 0.02814100 -0.01245000
v 0.00288600 0.02734800 -0.01245000
v 0.00143400 0.02810800 -0.01257500
v 0.00395200 0.02609400 -0.01245000
v 0.00145600 0.02830000 -0.00406000
v 0.00136000 0.02819000 -0.01245000
v 0.00142900 0.02833800 -0.00406000
v 0.00129400 0.02828200 -0.01245000
v 0.00127500 0.02809300 -0.01266700
v 0.00117500 0.02823300 -0.01266700
v 0.00126100 0.02826800 -0.01257500
v 0.00133600 0.02816300 -0.01257500
v 0.00110500 0.02837800 -0.01267700
v 0.00123600 0.04182300 -0.01258100
v 0.00119300 0.04182800 -0.01262100
v 0.00124900 0.04181900 -0.01254500
v 0.00127400 0.04181100 -0.01245000
v 0.00111500 0.04183700 -0.01267500
v -0.00127400 0.04181100 -0.01245000
v -0.00127200 0.04191300 -0.01254900
v -0.00124800 0.04181900 -0.01254500
v -0.00123900 0.04182200 -0.01257500
v -0.00117500 0.02823300 -0.01266700
v -0.00126100 0.02826800 -0.01257500
v -0.00129400 0.02828200 -0.01245000
v -0.00127500 0.02809300 -0.01266700
v -0.00133700 0.02816300 -0.01257500
v -0.00140400 0.02802000 -0.01266700
v -0.00143400 0.02810800 -0.01257500
v -0.00144500 0.02814100 -0.01245000
v -0.00143400 0.01951700 -0.01257500
v -0.00245100 0.02000500 -0.01257500
v -0.00144500 0.01948400 -0.01245000
v -0.00247000 0.01997500 -0.01245000
v -0.00334200 0.02070400 -0.01245000
v -0.00331600 0.02072900 -0.01257500
v -0.00400600 0.02162700 -0.01245000
v -0.00344700 0.02060600 -0.00406000
v -0.00397500 0.02164400 -0.01257500
v -0.00438800 0.02269300 -0.01257500
v -0.00400600 0.02599800 -0.01245000
v -0.00247000 0.02765000 -0.01245000
v -0.00245100 0.02762000 -0.01257500
v -0.00324800 0.02079200 -0.01266700
v -0.00389400 0.02168800 -0.01266700
v -0.00240100 0.02754200 -0.01266700
v -0.00233300 0.02018900 -0.01270000
v -0.00315600 0.02087700 -0.01270000
v -0.00127400 0.01204000 -0.01245000
v -0.00124800 0.01203900 -0.01255700
v -0.00111400 0.01206000 -0.01267400
v -0.00117300 0.01205000 -0.01264900
v -0.00119400 0.01204700 -0.01262300
v -0.00110700 0.01924700 -0.01268500
v -0.00106100 0.01206900 -0.01269700
v -0.00102000 0.01924700 -0.01270000
v -0.00102000 0.01207600 -0.01270000
v -0.00141400 0.01181900 -0.01244600
v -0.00149600 0.01178800 -0.01244600
v -0.00154900 0.01189000 -0.00935400
v -0.00140300 0.01215800 -0.00626300
v -0.00138200 0.01224300 -0.00626600
v -0.00132800 0.01214200 -0.00935800
v -0.00129500 0.01195400 -0.01244800
v -0.00141100 0.01212600 -0.00626200
v -0.00149000 0.01203600 -0.00626100
v -0.00138300 0.01183100 -0.01244500
v -0.00152100 0.01202400 -0.00626100
v -0.00160300 0.01199200 -0.00626100
v -0.00101300 0.01198600 -0.01272300
v -0.00149200 0.01178600 -0.01250500
v -0.00126700 0.01195100 -0.01255400
v -0.00123700 0.01187600 -0.01268100
v -0.00131000 0.01187000 -0.01257400
v -0.00120600 0.01195800 -0.01264200
v -0.00112900 0.01188700 -0.01274900
v -0.00111600 0.01197000 -0.01269900
v -0.00101000 0.01195200 -0.01273300
v -0.00115500 0.01182900 -0.01282400
v -0.00128800 0.01181800 -0.01273800
v -0.00140400 0.01178900 -0.01273100
v -0.00100600 0.01190600 -0.01277700
v 0.00101000 0.01195200 -0.01273300
v 0.00100600 0.01190600 -0.01277700
v -0.00062100 0.01182300 -0.01294500
v 0.00099900 0.01182300 -0.01294500
v 0.00154900 0.01189000 -0.00935400
v 0.00149600 0.01178800 -0.01244600
v 0.00141400 0.01181900 -0.01244600
v 0.00132800 0.01214200 -0.00935800
v 0.00138200 0.01224300 -0.00626600
v 0.00140300 0.01215800 -0.00626300
v 0.00127400 0.01204000 -0.01245000
v 0.00129500 0.01195400 -0.01244800
v 0.00130300 0.01192200 -0.01244700
v 0.00141100 0.01212600 -0.00626200
v 0.00138300 0.01183100 -0.01244500
v 0.00149000 0.01203600 -0.00626100
v 0.00152100 0.01202400 -0.00626100
v 0.00160300 0.01199200 -0.00626100
v 0.00143400 0.01178700 -0.01268300
v 0.00133700 0.01179500 -0.01279000
v 0.00128800 0.01181800 -0.01273700
v 0.00111600 0.01197000 -0.01269900
v 0.00131000 0.01187000 -0.01257400
v 0.00105400 0.01181800 -0.01294200
v 0.00127400 0.01179900 -0.01286000
v 0.00115500 0.01182900 -0.01282400
v 0.00120600 0.01195800 -0.01264200
v 0.00122400 0.01204200 -0.01259700
v 0.00126700 0.01195100 -0.01255400
v 0.00124700 0.01204000 -0.01254300
v 0.00125100 0.01204000 -0.01253400
v 0.00111600 0.01205900 -0.01267800
v 0.00113100 0.01205700 -0.01267400
v 0.00113000 0.01188700 -0.01274900
v 0.00123700 0.01187600 -0.01268100
v 0.00102000 0.01924700 -0.01270000
v 0.00114600 0.01924700 -0.01266700
v 0.00110500 0.01924700 -0.01267700
v 0.00123900 0.01924700 -0.01257500
v 0.00105900 0.01944100 -0.01270000
v 0.00117500 0.01939200 -0.01266700
v 0.00129400 0.01934300 -0.01245000
v 0.00144500 0.01948400 -0.01245000
v 0.00403000 0.02228400 -0.01270000
v 0.00359500 0.02143600 -0.01270000
v 0.00380700 0.02129600 -0.01245000
v 0.00316100 0.02052100 -0.01245000
v 0.00236100 0.01990700 -0.01245000
v 0.00414700 0.02224000 -0.01266700
v 0.00370000 0.02136700 -0.01266700
v 0.00142900 0.01928700 -0.00406000
v 0.00145600 0.01932500 -0.00406000
v 0.00157100 0.01359300 -0.00401400
v 0.00155500 0.01278700 -0.00453700
v 0.00147700 0.01282700 -0.00457700
v 0.00146200 0.01228700 -0.00534600
v 0.00142700 0.01288400 -0.00463600
v 0.00149000 0.01361500 -0.00406500
v 0.00161800 0.01216400 -0.00542500
v 0.00153600 0.01223400 -0.00532300
v 0.00164100 0.01278500 -0.00454500
v 0.00163600 0.01261100 -0.00468700
v 0.00162100 0.01222600 -0.00532300
v 0.01103100 0.00828800 -0.00395200
v 0.01101400 0.00827800 -0.00396300
v 0.00341500 0.01334600 -0.00396000
v 0.00319100 0.01247100 -0.00452300
v 0.00299900 0.01172100 -0.00626100
v 0.00304300 0.01189500 -0.00540700
v 0.00312700 0.01167500 -0.00626100
v 0.00708100 0.01003100 -0.00540700
v 0.00697700 0.00988400 -0.00626100
v 0.00975400 0.00750100 -0.00541900
v 0.00878000 0.00858300 -0.00540700
v 0.00966200 0.00744100 -0.00565000
v 0.00865100 0.00845700 -0.00626100
v 0.00939200 0.00760500 -0.00626100
v 0.00958400 0.00738400 -0.00626100
v 0.01094400 0.00823500 -0.00400900
v 0.01039400 0.00790200 -0.00436100
v 0.00920500 0.00899800 -0.00452300
v 0.01025500 0.00781600 -0.00453600
v 0.01025200 0.00781400 -0.00453900
v 0.00996000 0.00763300 -0.00490400
v 0.01175500 0.00872100 -0.00381000
v 0.00742300 0.01051600 -0.00452300
v 0.01589200 -0.01090400 -0.00388300
v 0.01180100 -0.00864100 -0.00382800
v 0.01588900 -0.01090600 -0.00387900
v 0.01102300 -0.00828300 -0.00399100
v 0.01098700 -0.00815700 -0.00401400
v 0.01067600 -0.00807400 -0.00414000
v 0.01025400 -0.00781500 -0.00454300
v 0.01029600 -0.00774000 -0.00453700
v 0.00991000 -0.00740900 -0.00534600
v 0.00991200 -0.00731900 -0.00626600
v 0.00982800 -0.00729400 -0.00626300
v 0.00979600 -0.00728500 -0.00626200
v 0.00973700 -0.00729700 -0.00626200
v 0.00967800 -0.00730800 -0.00626100
v 0.01133500 -0.00847100 -0.00385700
v 0.00982700 -0.00744800 -0.00532300
v 0.01025200 -0.00781400 -0.00454500
v 0.01010300 -0.00772200 -0.00468700
v 0.00977700 -0.00751600 -0.00532300
v 0.00985100 -0.00722100 -0.00935800
v 0.00978900 -0.00712300 -0.01245000
v 0.00970500 -0.00709900 -0.01244800
v 0.00967300 -0.00709000 -0.01244700
v 0.00955400 -0.00711400 -0.01244500
v 0.00959100 -0.00702500 -0.01273700
v 0.00989200 -0.00698900 -0.01268000
v 0.00987400 -0.00687000 -0.01272300
v 0.00980800 -0.00695100 -0.01269900
v 0.00984600 -0.00685000 -0.01273300
v 0.00980800 -0.00682400 -0.01277700
v 0.00962500 -0.00707000 -0.01257400
v 0.00970700 -0.00682200 -0.01294200
v 0.00973900 -0.00677700 -0.01294500
v 0.00977000 -0.00679800 -0.01282200
v 0.00958200 -0.00700300 -0.01286000
v 0.00966700 -0.00691500 -0.01282400
v 0.00975300 -0.00702300 -0.01264200
v 0.00980100 -0.00710300 -0.01253400
v 0.00983500 -0.00705700 -0.01262200
v 0.00972900 -0.00692100 -0.01274900
v 0.00966600 -0.00700900 -0.01268100
v 0.01088700 -0.00511600 -0.01272300
v 0.01096800 -0.00515400 -0.01270000
v 0.01073800 -0.00504600 -0.01294500
v 0.01076200 -0.00505800 -0.01285600
v 0.01077200 -0.00506200 -0.01282200
v 0.01081400 -0.00508200 -0.01277700
v 0.01085500 -0.00510100 -0.01273300
v 0.01117900 -0.00492000 -0.00935800
v 0.01106400 -0.00491600 -0.01245000
v 0.01100000 -0.00485500 -0.01244800
v 0.01094300 -0.00468500 -0.01244600
v 0.01095700 -0.00459800 -0.01244600
v 0.01129400 -0.00492500 -0.00626600
v 0.01123200 -0.00486500 -0.00626300
v 0.01120700 -0.00484100 -0.00626200
v 0.01097600 -0.00483200 -0.01244700
v 0.01095700 -0.00477500 -0.01244600
v 0.01116800 -0.00472700 -0.00626100
v 0.01093800 -0.00471800 -0.01244500
v 0.01117300 -0.00469500 -0.00626100
v 0.01118600 -0.00460800 -0.00626100
v 0.01098200 -0.00511500 -0.01269700
v 0.01092100 -0.00292600 -0.02489200
v 0.01095300 -0.00460100 -0.01250500
v 0.01098300 -0.00487900 -0.01255400
v 0.01090300 -0.00486700 -0.01268100
v 0.01093500 -0.00480000 -0.01257400
v 0.01095800 -0.00493500 -0.01264200
v 0.01085900 -0.00496500 -0.01274900
v 0.01092400 -0.00501800 -0.01269900
v 0.01083500 -0.00483900 -0.01288800
v 0.01082200 -0.00491400 -0.01282400
v 0.01087900 -0.00479400 -0.01273800
v 0.01091200 -0.00467900 -0.01273100
v 0.01099800 -0.00507400 -0.01267800
v 0.01102200 -0.00500900 -0.01264900
v 0.01100100 -0.00506500 -0.01267400
v 0.01726400 -0.00859100 -0.01262100
v 0.01728800 -0.00855100 -0.01257500
v 0.01724100 -0.00863100 -0.01266700
v 0.01717800 -0.00874000 -0.01270000
v 0.01343000 -0.00582000 -0.00381000
v 0.01338600 -0.00589500 -0.00382500
v 0.01141200 -0.00471700 -0.00532700
v 0.01137300 -0.00469700 -0.00541900
v 0.01136400 -0.00478800 -0.00532200
v 0.01159000 -0.00480900 -0.00490400
v 0.01127500 -0.00464700 -0.00565000
v 0.01137300 -0.00487900 -0.00534400
v 0.01269400 -0.00540900 -0.00395200
v 0.01300400 0.00558100 -0.00385700
v 0.01343000 0.00582000 -0.00381000
v 0.01139800 0.00470900 -0.00532300
v 0.01173900 0.00488800 -0.00468700
v 0.01239500 0.00347200 -0.00452300
v 0.01128200 0.00433100 -0.00626100
v 0.01118600 0.00460800 -0.00626100
v 0.01134300 0.00468100 -0.00542500
v 0.01165000 0.00326300 -0.00626100
v 0.01182300 0.00331200 -0.00540700
v 0.01204800 0.00110000 -0.00626100
v 0.01222800 -0.00111600 -0.00540700
v 0.01182300 -0.00331200 -0.00540700
v 0.01167500 -0.00312900 -0.00626100
v 0.01165000 -0.00326300 -0.00626100
v 0.01239500 -0.00347200 -0.00452300
v 0.01281900 -0.00117000 -0.00452300
v 0.01099800 0.00507200 -0.01268000
v 0.01100200 0.00506300 -0.01267800
v 0.01724100 0.00863100 -0.01266700
v 0.01104000 0.00496100 -0.01259700
v 0.01103000 0.00498900 -0.01262200
v 0.01106100 0.00491800 -0.01248400
v 0.01106400 0.00491600 -0.01245000
v 0.01117900 0.00492000 -0.00935800
v 0.01129400 0.00492500 -0.00626600
v 0.02540800 0.01188400 -0.00388300
v 0.02544200 0.01280600 -0.00381700
v 0.02505900 0.01027600 -0.00397300
v 0.02504300 0.01028100 -0.00406000
v 0.02470100 0.00955100 -0.00406000
v 0.02423900 0.00886200 -0.00397300
v 0.02422600 0.00887300 -0.00406000
v 0.02137800 0.00726900 -0.00406000
v 0.01981900 0.00726500 -0.00406000
v 0.01828600 0.00781600 -0.00406000
v 0.01749900 0.00838100 -0.00406000
v 0.02541700 0.01281200 -0.00383000
v 0.02549900 0.01188300 -0.00382500
v 0.02520000 0.01022400 -0.00382500
v 0.02511400 0.01025500 -0.00388300
v 0.02509400 0.01281900 -0.01245000
v 0.02513100 0.01120000 -0.01245000
v 0.02512200 0.01117600 -0.01245000
v 0.02460100 0.00967000 -0.01245000
v 0.02457400 0.00962400 -0.01245000
v 0.01759600 0.00849000 -0.01245000
v 0.01936200 0.00757500 -0.01245000
v 0.02057000 0.00734300 -0.01245000
v 0.01739800 0.00855100 -0.01245000
v 0.01751100 0.00854000 -0.01245000
v 0.01746400 0.00840100 -0.00406000
v 0.01745600 0.00840200 -0.00406000
v 0.01743800 0.00837800 -0.00395300
v 0.01744000 0.00839800 -0.00400500
v 0.01745200 0.00837500 -0.00395300
v 0.01338600 0.00589500 -0.00382500
v 0.01185100 0.00504700 -0.00453700
v 0.01137200 0.00487800 -0.00534600
v 0.01141200 0.00495700 -0.00537800
v 0.01123100 0.00486400 -0.00626300
v 0.01120700 0.00484100 -0.00626200
v 0.01118800 0.00478400 -0.00626200
v 0.01116800 0.00472700 -0.00626100
v 0.01117300 0.00469500 -0.00626100
v 0.01136300 0.00478700 -0.00532300
v 0.01107200 0.00460300 -0.00935400
v 0.01095700 0.00459800 -0.01244600
v 0.01094300 0.00468500 -0.01244600
v 0.01100000 0.00485500 -0.01244800
v 0.01097600 0.00483200 -0.01244700
v 0.01095700 0.00477500 -0.01244600
v 0.01093800 0.00471800 -0.01244500
v 0.01092500 0.00465200 -0.01268300
v 0.01087900 0.00479300 -0.01273700
v 0.01088700 0.00511600 -0.01272300
v 0.01092400 0.00501800 -0.01269900
v 0.01085500 0.00510100 -0.01273300
v 0.01081400 0.00508200 -0.01277700
v 0.01093500 0.00480000 -0.01257400
v 0.01076200 0.00499600 -0.01294200
v 0.01073800 0.00504600 -0.01294500
v 0.01077200 0.00506200 -0.01282200
v 0.01085500 0.00479600 -0.01286000
v 0.01082200 0.00491400 -0.01282400
v 0.01095800 0.00493500 -0.01264200
v 0.01085900 0.00496500 -0.01274900
v 0.01090300 0.00486600 -0.01268100
v 0.01027500 0.00593200 -0.01294500
v 0.00994800 0.00692200 -0.01270000
v 0.00987400 0.00687000 -0.01272300
v 0.00984600 0.00685000 -0.01273300
v 0.00980800 0.00682400 -0.01277700
v 0.00977000 0.00679800 -0.01282200
v 0.00976100 0.00679200 -0.01285600
v 0.00973900 0.00677700 -0.01294500
v 0.02406600 0.01507300 -0.01270000
v 0.02402300 0.01514600 -0.01267700
v 0.02366100 0.01502900 -0.01270000
v 0.02369900 0.01514900 -0.01266700
v 0.02348000 0.01513200 -0.01270000
v 0.02356400 0.01522600 -0.01266700
v 0.01615100 0.01099300 -0.01245000
v 0.01606400 0.01212600 -0.01245000
v 0.01626000 0.01324600 -0.01245000
v 0.01745900 0.01514700 -0.01257500
v 0.01835800 0.01582800 -0.01257500
v 0.01938800 0.01630000 -0.01245000
v 0.02051200 0.01646900 -0.01245000
v 0.02163500 0.01632000 -0.01257500
v 0.02269400 0.01593200 -0.01257500
v 0.01638200 0.01320900 -0.01266700
v 0.01752400 0.01508000 -0.01266700
v 0.01840400 0.01574700 -0.01266700
v 0.01942300 0.01617600 -0.01266700
v 0.02051500 0.01634000 -0.01266700
v 0.02161400 0.01622900 -0.01266700
v 0.02265200 0.01585000 -0.01266700
v 0.01631800 0.01211400 -0.01270000
v 0.01650200 0.01317200 -0.01270000
v 0.01694300 0.01415100 -0.01270000
v 0.01761200 0.01499000 -0.01270000
v 0.01945700 0.01605500 -0.01270000
v 0.02051800 0.01621500 -0.01270000
v 0.02259400 0.01573800 -0.01270000
v 0.01610800 0.01079600 -0.01245000
v 0.01613600 0.01077500 -0.01257500
v 0.01612200 0.01081800 -0.01245000
v 0.00978900 0.00712300 -0.01245000
v 0.00979900 0.00710500 -0.01253600
v 0.00980000 0.00710300 -0.01254600
v 0.00984900 0.00704000 -0.01264900
v 0.00988700 0.00699400 -0.01267400
v 0.00989300 0.00698700 -0.01267800
v 0.00992100 0.00695300 -0.01269700
v 0.00946100 0.00718500 -0.01250500
v 0.00946000 0.00719000 -0.01244600
v 0.00952900 0.00713400 -0.01244600
v 0.00971700 0.00707300 -0.01255400
v 0.00966600 0.00700900 -0.01268100
v 0.00962500 0.00707000 -0.01257400
v 0.00975300 0.00702300 -0.01264200
v 0.00976700 0.00719700 -0.00935550
v 0.00980800 0.00695100 -0.01269900
v 0.00966700 0.00691500 -0.01282400
v 0.00959100 0.00702500 -0.01273800
v 0.00950800 0.00711000 -0.01273100
v 0.00955400 0.00711400 -0.01244500
v 0.00965300 0.00732900 -0.00626100
v 0.00985100 0.00722100 -0.00935800
v 0.00967800 0.00730800 -0.00626100
v 0.00979600 0.00728500 -0.00626200
v 0.00982900 0.00729500 -0.00626300
v 0.00991200 0.00731900 -0.00626600
v 0.00982800 0.00744800 -0.00532200
v 0.01000100 0.00740500 -0.00537700
v 0.01184400 0.00856600 -0.00388300
v 0.01029800 0.00774000 -0.00453600
v 0.00991200 0.00741000 -0.00534400
v 0.01179900 0.00864500 -0.00382500
v 0.01180100 0.00864100 -0.00382900
v 0.01098900 0.00815800 -0.00401300
v 0.01591100 0.01094100 -0.00387200
v 0.01591800 0.01096000 -0.00387400
v 0.01598200 0.01094000 -0.00395500
v 0.01600500 0.01096400 -0.00402700
v 0.01600100 0.01093400 -0.00400500
v 0.01598300 0.01096800 -0.00397500
v 0.01597800 0.01096900 -0.00396300
v 0.01600700 0.01096400 -0.00406000
v 0.01600900 0.01093900 -0.00405900
v 0.01600700 0.01093200 -0.00405900
v 0.01599300 0.01090400 -0.00400500
v 0.01600600 0.01092700 -0.00405900
v 0.01596100 0.01097200 -0.00392200
v 0.01591200 0.01192800 -0.00406000
v 0.01701900 0.01493900 -0.00406000
v 0.01826700 0.01598500 -0.00406000
v 0.01936800 0.01638700 -0.00406000
v 0.01979700 0.01654400 -0.00406000
v 0.02295800 0.01599600 -0.00406000
v 0.02379500 0.01557900 -0.00383500
v 0.02376200 0.01547800 -0.00391900
v 0.02299600 0.01606200 -0.00388300
v 0.02374800 0.01543700 -0.00401200
v 0.01589500 0.01192800 -0.00397300
v 0.02304100 0.01614100 -0.00382500
v 0.02146900 0.01679800 -0.00381000
v 0.02308400 0.01621700 -0.00381000
v 0.01583600 0.01192900 -0.00388300
v 0.01618500 0.01353700 -0.00397300
v 0.01700600 0.01495000 -0.00397300
v 0.02296600 0.01601100 -0.00397300
v 0.00138200 0.04159100 -0.00626600
v 0.00132800 0.04170100 -0.00935800
v 0.00129400 0.04190600 -0.01244700
v 0.00159200 0.04195400 -0.00935400
v 0.00155000 0.04182900 -0.00626000
v 0.00153800 0.04206500 -0.01244600
v 0.00144200 0.04204900 -0.01244500
v 0.00143800 0.04204800 -0.01244500
v 0.00135200 0.04199300 -0.01244500
v 0.00140200 0.04168600 -0.00626300
v 0.00127200 0.04191300 -0.01254900
v 0.00132700 0.04200000 -0.01256900
v 0.00121400 0.04192200 -0.01263700
v 0.00131900 0.04206400 -0.01273400
v 0.00125600 0.04200800 -0.01267400
v 0.00118400 0.04207200 -0.01282200
v 0.00115000 0.04201500 -0.01274500
v 0.00102700 0.04209800 -0.01294500
v 0.00126500 0.04208900 -0.01288600
v 0.00137500 0.04208200 -0.01278900
v 0.00140800 0.04205600 -0.01260100
v 0.00153300 0.04206700 -0.01250100
v 0.00144700 0.04207800 -0.01272600
v 0.00112600 0.04193000 -0.01269500
v 0.00102300 0.04193400 -0.01272300
v 0.00102500 0.04201400 -0.01277700
v 0.00102600 0.04206100 -0.01282200
v -0.00102600 0.04206100 -0.01282200
v -0.00102700 0.04209800 -0.01294500
v -0.00129500 0.04191000 -0.01244700
v -0.00135200 0.04199300 -0.01244500
v -0.00132700 0.04200000 -0.01256900
v -0.00115100 0.04201500 -0.01274500
v -0.00112700 0.04193000 -0.01269500
v -0.00121400 0.04192200 -0.01263700
v -0.00131900 0.04206400 -0.01273300
v -0.00125700 0.04200800 -0.01267400
v -0.00140800 0.04205600 -0.01260100
v -0.00144200 0.04204900 -0.01244500
v -0.00153800 0.04206500 -0.01244600
v -0.00147500 0.04207500 -0.01268000
v -0.00137500 0.04208200 -0.01279000
v -0.00118500 0.04207200 -0.01282200
v -0.00108300 0.04209600 -0.01294200
v -0.00131200 0.04208700 -0.01285800
v -0.00129400 0.04190600 -0.01244700
v -0.00143800 0.04204800 -0.01244500
v -0.00140100 0.04168400 -0.00626300
v -0.00132800 0.04170100 -0.00935800
v -0.00138200 0.04159100 -0.00626600
v -0.00159200 0.04195400 -0.00935400
v -0.00155000 0.04182800 -0.00626000
v -0.00164600 0.04184400 -0.00626100
v -0.00140300 0.04169000 -0.00626300
v -0.00146000 0.04177400 -0.00626100
v -0.00154600 0.04182800 -0.00626000
v -0.00158100 0.04025000 -0.00401100
v -0.00142800 0.04095700 -0.00463500
v -0.00148700 0.04101800 -0.00457300
v -0.00147400 0.04155900 -0.00534300
v -0.00141600 0.04147900 -0.00537800
v -0.00140400 0.04118800 -0.00505000
v -0.00149400 0.04022800 -0.00406200
v -0.00167500 0.04053000 -0.00412600
v -0.00157500 0.04105700 -0.00453400
v -0.00165900 0.04166300 -0.00540700
v -0.00156400 0.04161100 -0.00532100
v -0.00166900 0.04121200 -0.00467200
v -0.00127400 0.02837800 -0.01245000
v -0.00142900 0.02833800 -0.00406000
v -0.00145600 0.02830000 -0.00406000
v -0.00149100 0.02828000 -0.00406000
v -0.00249700 0.01972900 -0.00388300
v -0.00152300 0.01930800 -0.00391900
v -0.00246600 0.01978000 -0.00397300
v -0.00149500 0.01934000 -0.00401200
v -0.00245700 0.01979400 -0.00406000
v -0.00149100 0.01934500 -0.00406000
v -0.00343200 0.02058600 -0.00406000
v -0.00456400 0.02497700 -0.00406000
v -0.00344900 0.02702000 -0.00406000
v -0.00146900 0.01933400 -0.00405900
v -0.00146000 0.01932500 -0.00405900
v -0.00136600 0.01944000 -0.01245000
v -0.00130800 0.01937200 -0.01245000
v -0.00167500 0.01454100 -0.00381000
v -0.00264600 0.01747650 -0.00381000
v -0.00162100 0.01224100 -0.00532700
v -0.00163000 0.01244200 -0.00490400
v -0.00164100 0.01278500 -0.00453900
v -0.00166200 0.01369800 -0.00395200
v -0.00164100 0.01278800 -0.00453600
v -0.00164600 0.01295300 -0.00436100
v -0.00166000 0.01359500 -0.00400900
v -0.02812000 -0.01027700 -0.00130300
v -0.02844700 -0.01122600 -0.00139400
v -0.02841800 -0.01124700 -0.00152000
v -0.02802900 -0.01029700 -0.00139400
v -0.02799400 -0.01030400 -0.00152000
v -0.02763700 -0.00879900 -0.00130300
v -0.02686700 -0.00744900 -0.00130300
v -0.02696900 -0.00737600 -0.00127000
v -0.02584000 -0.00628200 -0.00130300
v -0.02592600 -0.00619000 -0.00127000
v -0.02755200 -0.00883700 -0.00139400
v -0.02752000 -0.00885100 -0.00152000
v -0.02460000 0.00534500 -0.00130300
v -0.02392900 0.00473600 -0.00130300
v -0.02455200 0.00542500 -0.00139400
v -0.02385400 0.00479200 -0.00139400
v -0.02453300 0.00545500 -0.00152000
v -0.02335000 0.00299900 -0.00152000
v -0.03479900 -0.01173000 -0.00139400
v -0.03483200 -0.01174200 -0.00152000
v -0.03563600 -0.00886600 -0.00139400
v -0.03567100 -0.00887500 -0.00152000
v -0.03623900 -0.00594300 -0.00139400
v -0.03627400 -0.00594900 -0.00152000
v -0.03660100 -0.00298200 -0.00139400
v -0.03663700 -0.00298400 -0.00152000
v -0.03672300 0.00000000 -0.00139400
v -0.03675800 0.00000000 -0.00152000
v -0.03660100 0.00298200 -0.00139400
v -0.03663700 0.00298400 -0.00152000
v -0.03623900 0.00594300 -0.00139400
v -0.03627400 0.00594900 -0.00152000
v -0.03630900 0.00595500 -0.00356000
v -0.03567100 0.00887500 -0.00152000
v -0.03650900 -0.00297400 -0.00130300
v -0.03663000 0.00000000 -0.00130300
v -0.03650900 0.00297400 -0.00130300
v -0.03638400 -0.00296400 -0.00127000
v -0.03650400 0.00000000 -0.00127000
v -0.03486600 -0.01175300 -0.00356000
v -0.03630900 -0.00595500 -0.00356000
v -0.03667200 -0.00298700 -0.00356000
v -0.03679400 0.00000000 -0.00356000
v -0.03667200 0.00298700 -0.00356000
v -0.03570500 0.00888300 -0.00356000
v -0.02838900 0.01126800 -0.00356000
v -0.02799400 0.01030400 -0.00152000
v -0.02795900 0.01031200 -0.00356000
v -0.03307700 -0.01323400 -0.00130300
v -0.03390700 -0.01282500 -0.00130300
v -0.03396400 -0.01289800 -0.00139400
v -0.03451700 -0.01212900 -0.00130300
v -0.03459800 -0.01217500 -0.00139400
v -0.03462900 -0.01219300 -0.00152000
v -0.03310100 -0.01332400 -0.00139400
v -0.03214200 -0.01338600 -0.00139400
v -0.03213700 -0.01342200 -0.00152000
v -0.03246300 -0.01344300 -0.00152000
v -0.03246300 -0.01347900 -0.00356000
v -0.03465900 -0.01221100 -0.00356000
v -0.03213200 -0.01345700 -0.00356000
v -0.02916900 -0.01196900 -0.00356000
v -0.02795900 -0.01031200 -0.00356000
v -0.02838900 -0.01126800 -0.00356000
v -0.02748700 -0.00886500 -0.00356000
v -0.02673400 -0.00754400 -0.00356000
v -0.02335000 -0.00299900 -0.00152000
v -0.02331400 -0.00299400 -0.00356000
v -0.02341100 -0.00395200 -0.00152000
v -0.02337700 -0.00396100 -0.00356000
v -0.02354100 0.00000000 -0.00152000
v -0.02350600 0.00000000 -0.00356000
v -0.02331400 0.00299400 -0.00356000
v -0.02451500 0.00548600 -0.00356000
v -0.02572900 0.00640200 -0.00356000
v -0.02676300 0.00752300 -0.00152000
v -0.02673400 0.00754400 -0.00356000
v -0.02712500 0.00815200 -0.00356000
v -0.02715600 0.00813400 -0.00152000
v -0.02762600 0.00919900 -0.00356000
v -0.02792500 0.01031900 -0.00368600
v -0.03224700 0.01359800 -0.00377700
v -0.03337200 0.01334800 -0.00368600
v -0.03340400 0.01343500 -0.00377700
v -0.03574000 0.00889200 -0.00368600
v -0.03634400 0.00596100 -0.00368600
v -0.03670800 0.00299000 -0.00368600
v -0.03682900 0.00000000 -0.00368600
v -0.03670800 -0.00299000 -0.00368600
v -0.03634400 -0.00596100 -0.00368600
v -0.03574000 -0.00889200 -0.00368600
v -0.03680000 0.00299800 -0.00377700
v -0.03692200 0.00000000 -0.00377700
v -0.03643500 -0.00597600 -0.00377700
v -0.03212800 -0.01349200 -0.00368600
v -0.02915200 -0.01200000 -0.00368600
v -0.02836100 -0.01128900 -0.00368600
v -0.02910500 -0.01208000 -0.00377700
v -0.02828600 -0.01134400 -0.00377700
v -0.02792500 -0.01031900 -0.00368600
v -0.02449600 -0.00551600 -0.00368600
v -0.02444800 -0.00559500 -0.00377700
v -0.02670500 -0.00756500 -0.00368600
v -0.02745500 -0.00888000 -0.00368600
v -0.02376900 -0.00485500 -0.00368600
v -0.02369500 -0.00491100 -0.00377700
v -0.02334200 -0.00397000 -0.00368600
v -0.02325300 -0.00399400 -0.00377700
v -0.02327900 -0.00299000 -0.00368600
v -0.02318700 -0.00297800 -0.00377700
v -0.02334200 0.00397000 -0.00368600
v -0.02325300 0.00399400 -0.00377700
v -0.02376900 0.00485500 -0.00368600
v -0.02369500 0.00491100 -0.00377700
v -0.03684100 0.01982600 -0.01253500
v -0.03594400 0.02193800 -0.01294500
v -0.03634700 0.02124000 -0.01294500
v -0.03693800 0.02014200 -0.01282200
v -0.03697100 0.02016000 -0.01294500
v -0.03591300 0.02191900 -0.01282200
v -0.03587300 0.02189400 -0.01277700
v -0.03689800 0.02012000 -0.01277700
v -0.03583400 0.02187000 -0.01273300
v -0.03685700 0.02009800 -0.01273300
v -0.03694200 0.01983400 -0.01244700
v -0.03704400 0.01982600 -0.01244500
v -0.03703700 0.01985100 -0.01256900
v -0.03696100 0.02001100 -0.01274500
v -0.03687500 0.01998900 -0.01269500
v -0.03691200 0.01990900 -0.01263700
v -0.03693400 0.01985500 -0.01254900
v -0.03708800 0.01989000 -0.01273300
v -0.03700800 0.01991600 -0.01267400
v -0.03712600 0.01980800 -0.01260100
v -0.03713600 0.01977600 -0.01244500
v -0.03719800 0.01970100 -0.01244600
v -0.03717500 0.01976000 -0.01268000
v -0.03713100 0.01985100 -0.01279000
v -0.03702700 0.02001000 -0.01282200
v -0.03699800 0.02011000 -0.01294200
v -0.03710400 0.01990700 -0.01285800
v -0.03693900 0.01983200 -0.01244700
v -0.03713300 0.01977900 -0.01244500
v -0.03713000 0.01959900 -0.00935400
v -0.03699700 0.01957500 -0.00626000
v -0.03700000 0.01957200 -0.00626000
v -0.03706100 0.01949600 -0.00626100
v -0.01102200 0.00500900 -0.01264900
v -0.01103000 0.00498900 -0.01262300
v -0.01726400 0.00859100 -0.01262100
v -0.01105300 0.00493400 -0.01253600
v -0.01105100 0.00493600 -0.01254600
v -0.01106400 0.00491600 -0.01245000
v -0.01728800 0.00855100 -0.01257500
v -0.01105000 0.00493800 -0.01255700
v -0.01100100 0.00506500 -0.01267400
v -0.01724100 0.00863100 -0.01266700
v -0.01099800 0.00507400 -0.01267800
v -0.01098200 0.00511500 -0.01269700
v -0.01717800 0.00874000 -0.01270000
v -0.01096800 0.00515400 -0.01270000
v -0.01740000 0.00858700 -0.01257500
v -0.01743000 0.00855300 -0.01245000
v -0.01750600 0.00854100 -0.01245000
v -0.01759600 0.00849000 -0.01245000
v -0.01747950 0.00879350 -0.01270000
v -0.01853400 0.00784800 -0.01245000
v -0.01960100 0.00745800 -0.01245000
v -0.02073200 0.00734400 -0.01245000
v -0.02381000 0.00864100 -0.01245000
v -0.02378500 0.00866600 -0.01257500
v -0.02451800 0.00953000 -0.01245000
v -0.02448800 0.00954800 -0.01257500
v -0.02523700 0.01284900 -0.00406000
v -0.02509400 0.01281900 -0.01245000
v -0.02505900 0.01281200 -0.01257500
v -0.02182200 0.00763600 -0.01266700
v -0.02486200 0.01060400 -0.01266700
v -0.02496800 0.01279400 -0.01266700
v -0.02072600 0.00759800 -0.01270000
v -0.02178800 0.00775700 -0.01270000
v -0.02430100 0.00966200 -0.01270000
v -0.02474200 0.01064100 -0.01270000
v -0.02496700 0.01294200 -0.01266700
v -0.02505800 0.01292400 -0.01257500
v -0.02512200 0.01299400 -0.01245000
v -0.02509300 0.01291700 -0.01245000
v -0.02525600 0.01293200 -0.00406000
v -0.02523700 0.01288900 -0.00406000
v -0.02514000 0.01302100 -0.01245000
v -0.02540800 -0.01188400 -0.00388300
v -0.02544200 -0.01280600 -0.00381700
v -0.02523700 -0.01284900 -0.00406000
v -0.02505900 -0.01027600 -0.00397300
v -0.02504300 -0.01028100 -0.00406000
v -0.02470100 -0.00955100 -0.00406000
v -0.02423900 -0.00886200 -0.00397300
v -0.02422600 -0.00887300 -0.00406000
v -0.02144700 -0.00726900 -0.00406000
v -0.02137800 -0.00726900 -0.00406000
v -0.01981900 -0.00726500 -0.00406000
v -0.01933200 -0.00744000 -0.00406000
v -0.01828600 -0.00781600 -0.00406000
v -0.01749900 -0.00838100 -0.00406000
v -0.01749100 -0.00836000 -0.00397400
v -0.01744000 -0.00820700 -0.00383100
v -0.01824900 -0.00775000 -0.00388300
v -0.01747000 -0.00829900 -0.00388600
v -0.02541700 -0.01281200 -0.00383000
v -0.02549900 -0.01188300 -0.00382500
v -0.02520000 -0.01022400 -0.00382500
v -0.01820400 -0.00767100 -0.00382500
v -0.02511400 -0.01025500 -0.00388300
v -0.02509400 -0.01281900 -0.01245000
v -0.02513100 -0.01120000 -0.01245000
v -0.02512200 -0.01117600 -0.01245000
v -0.02460100 -0.00967000 -0.01245000
v -0.02457400 -0.00962400 -0.01245000
v -0.01705188 -0.01000275 -0.01270000
v -0.02040412 -0.01040088 0.00000000
v -0.02052750 -0.01282288 0.00000000
v -0.00450100 -0.03024900 -0.00139400
v -0.00429000 -0.03124600 -0.00139400
v -0.00446900 -0.03023400 -0.00152000
v -0.00425500 -0.03124600 -0.00152000
v -0.00509700 -0.02942200 -0.00139400
v -0.00507300 -0.02939600 -0.00152000
v -0.02143900 -0.01953500 -0.00130300
v -0.02296000 -0.01921400 -0.00130300
v -0.01838800 -0.01914900 -0.00139400
v -0.01989300 -0.01945100 -0.00139400
v -0.02142900 -0.01944300 -0.00139400
v -0.02293200 -0.01912500 -0.00139400
v -0.01699100 -0.01851900 -0.00152000
v -0.01839800 -0.01911500 -0.00152000
v -0.01989700 -0.01941500 -0.00152000
v -0.02142500 -0.01940700 -0.00152000
v -0.02292100 -0.01909200 -0.00152000
v -0.00724100 -0.03600200 -0.00139400
v -0.00724800 -0.03603700 -0.00152000
v -0.01014000 -0.03529500 -0.00139400
v -0.01015000 -0.03532900 -0.00152000
v -0.01298500 -0.03438800 -0.00152000
v -0.01571900 -0.03318900 -0.00139400
v -0.01573400 -0.03322100 -0.00152000
v -0.01836100 -0.03180300 -0.00139400
v -0.01837900 -0.03183400 -0.00152000
v -0.02088300 -0.03020700 -0.00139400
v -0.02326600 -0.02841200 -0.00139400
v -0.02328900 -0.02843900 -0.00152000
v -0.02549600 -0.02642900 -0.00139400
v -0.02552100 -0.02645400 -0.00152000
v -0.02755800 -0.02427200 -0.00139400
v -0.02758500 -0.02429500 -0.00152000
v -0.00722200 -0.03591100 -0.00130300
v -0.01011400 -0.03520600 -0.00130300
v -0.01831500 -0.03172200 -0.00130300
v -0.02083000 -0.03013100 -0.00130300
v -0.02320800 -0.02834000 -0.00130300
v -0.02543200 -0.02636200 -0.00130300
v -0.02748900 -0.02421000 -0.00130300
v -0.01825200 -0.03161400 -0.00127000
v -0.02075900 -0.03002700 -0.00127000
v -0.02534500 -0.02627200 -0.00127000
v -0.02739400 -0.02412700 -0.00127000
v -0.00725500 -0.03607200 -0.00356000
v -0.01015900 -0.03536300 -0.00356000
v -0.01299700 -0.03442200 -0.00356000
v -0.01574900 -0.03325300 -0.00356000
v -0.02554600 -0.02648000 -0.00356000
v -0.02761100 -0.02431900 -0.00356000
v -0.02493200 -0.01930800 -0.00152000
v -0.02495000 -0.01927700 -0.00356000
v -0.02394900 -0.01898700 -0.00152000
v -0.02395300 -0.01895200 -0.00356000
v -0.02291000 -0.01905800 -0.00356000
v -0.02787400 -0.02389300 -0.00152000
v -0.02790500 -0.02391000 -0.00356000
v -0.02817600 -0.02223800 -0.00152000
v -0.02821100 -0.02223200 -0.00356000
v -0.02776500 -0.02122100 -0.00152000
v -0.02807700 -0.02332300 -0.00139400
v -0.02814100 -0.02224400 -0.00139400
v -0.02773600 -0.02124100 -0.00139400
v -0.02798800 -0.02329800 -0.00130300
v -0.02804900 -0.02225900 -0.00130300
v -0.02766000 -0.02129400 -0.00130300
v -0.02792500 -0.02227900 -0.00127000
v -0.01111525 -0.02844688 -0.00127000
v -0.01607363 -0.02078469 -0.00127000
v -0.00812900 -0.02320500 -0.00127000
v -0.00906400 -0.02168800 -0.00356000
v -0.00750700 -0.02397300 -0.00356000
v -0.01175300 -0.02035700 -0.00356000
v -0.01700800 -0.01848800 -0.00356000
v -0.01608100 -0.01822700 -0.00152000
v -0.01840900 -0.01908100 -0.00356000
v -0.01990000 -0.01938000 -0.00356000
v -0.02142100 -0.01937200 -0.00356000
v -0.02289900 -0.01902400 -0.00368600
v -0.02141800 -0.01933700 -0.00368600
v -0.02287100 -0.01893600 -0.00377700
v -0.02140800 -0.01924400 -0.00377700
v -0.01992500 -0.01912700 -0.00381000
v -0.01991300 -0.01925200 -0.00377700
v -0.01844600 -0.01895800 -0.00377700
v -0.01707000 -0.01837500 -0.00377700
v -0.01990400 -0.01934500 -0.00368600
v -0.01702500 -0.01845600 -0.00368600
v -0.02395700 -0.01891600 -0.00368600
v -0.02396700 -0.01882400 -0.00377700
v -0.02496800 -0.01924600 -0.00368600
v -0.02501400 -0.01916600 -0.00377700
v -0.02793500 -0.02392800 -0.00368600
v -0.02801600 -0.02397500 -0.00377700
v -0.02763800 -0.02434200 -0.00368600
v -0.02770800 -0.02440300 -0.00377700
v -0.02563500 -0.02657200 -0.00377700
v -0.02557100 -0.02650600 -0.00368600
v -0.02333400 -0.02849400 -0.00368600
v -0.02094300 -0.03029500 -0.00368600
v -0.01576400 -0.03328500 -0.00368600
v -0.01301000 -0.03445500 -0.00368600
v -0.02339300 -0.02856600 -0.00377700
v -0.02099600 -0.03037100 -0.00377700
v -0.01304200 -0.03454200 -0.00377700
v -0.01585800 -0.03348200 -0.00381000
v -0.01308700 -0.03465900 -0.00381000
v -0.00418400 -0.03124600 -0.00368600
v -0.00440400 -0.03020600 -0.00368600
v -0.00409100 -0.03124600 -0.00377700
v -0.00431900 -0.03016800 -0.00377700
v -0.00396500 -0.03124600 -0.00381000
v -0.00420400 -0.03011700 -0.00381000
v -0.00505000 -0.02936900 -0.00356000
v -0.00646500 -0.03614000 -0.00368600
v -0.00646900 -0.03610500 -0.00356000
v -0.00571100 -0.03589600 -0.00356000
v -0.00569600 -0.03592900 -0.00368600
v -0.00505300 -0.03546500 -0.00356000
v -0.00502900 -0.03549200 -0.00368600
v -0.00455900 -0.03485300 -0.00356000
v -0.00452800 -0.03487100 -0.00368600
v -0.00686600 -0.02693900 -0.00152000
v -0.00732000 -0.02548300 -0.00356000
v -0.00683300 -0.02692400 -0.00356000
v -0.00653300 -0.02758400 -0.00152000
v -0.00650200 -0.02756700 -0.00356000
v -0.00584600 -0.02852400 -0.00356000
v -0.00647200 -0.02754900 -0.00368600
v -0.00581800 -0.02850200 -0.00368600
v -0.00725300 -0.02396800 -0.00381000
v -0.00707300 -0.02542600 -0.00381000
v -0.00737800 -0.02397000 -0.00377700
v -0.00719500 -0.02545400 -0.00377700
v -0.00747100 -0.02397200 -0.00368600
v -0.00728600 -0.02547500 -0.00368600
v -0.00660200 -0.02681900 -0.00381000
v -0.00671700 -0.02687100 -0.00377700
v -0.00680100 -0.02690900 -0.00368600
v -0.00768000 -0.02301200 -0.00368600
v -0.00759400 -0.02297600 -0.00377700
v -0.00747900 -0.02292600 -0.00381000
v -0.00823300 -0.02220000 -0.00368600
v -0.00816800 -0.02213400 -0.00377700
v -0.00905000 -0.02165500 -0.00368600
v -0.01409600 -0.01849200 -0.00381000
v -0.01417200 -0.01859200 -0.00377700
v -0.01508500 -0.01814000 -0.00377700
v -0.01422900 -0.01866500 -0.00368600
v -0.01173500 -0.02032600 -0.00368600
v -0.01511000 -0.01823000 -0.00368600
v -0.01505200 -0.01801900 -0.00381000
v -0.01608900 -0.01815700 -0.00368600
v -0.01610000 -0.01806500 -0.00377700
v -0.03557200 -0.02200900 -0.01245000
v -0.03496800 -0.02181000 -0.00505000
v -0.03532700 -0.02199200 -0.00626600
v -0.03545000 -0.02200100 -0.00935800
v -0.03540000 -0.02205700 -0.00626300
v -0.03566000 -0.02236400 -0.01244600
v -0.03569400 -0.02227300 -0.01244500
v -0.03544900 -0.02225700 -0.00626000
v -0.03553800 -0.02235600 -0.00935400
v -0.03541500 -0.02234800 -0.00626100
v -0.03564500 -0.02207300 -0.01244700
v -0.03564800 -0.02207600 -0.01244700
v -0.03540300 -0.02206000 -0.00626300
v -0.03569100 -0.02216800 -0.01244500
v -0.03569600 -0.02226900 -0.01244500
v -0.03545100 -0.02225300 -0.00626000
v -0.03406600 -0.02149400 -0.00401100
v -0.03475600 -0.02171500 -0.00463500
v -0.03477900 -0.02179600 -0.00457300
v -0.03525400 -0.02205700 -0.00534300
v -0.03521400 -0.02196500 -0.00537800
v -0.03409200 -0.02140800 -0.00406200
v -0.03426300 -0.02171600 -0.00412600
v -0.03476900 -0.02189300 -0.00453400
v -0.03525200 -0.02226900 -0.00540800
v -0.03525400 -0.02216000 -0.00532100
v -0.03485600 -0.02205100 -0.00467200
v -0.03520700 -0.02224400 -0.00532400
v -0.02383200 -0.01569300 -0.00381000
v -0.00422400 -0.02625100 -0.00382500
v -0.00407900 -0.02616800 -0.00406000
v -0.00409400 -0.02617600 -0.00397300
v -0.00245900 -0.01979500 -0.00406000
v -0.00322600 -0.02045800 -0.00406000
v -0.00361900 -0.02079700 -0.00406000
v -0.00439500 -0.02211900 -0.00406000
v -0.00361700 -0.02721300 -0.00381000
v -0.00259000 -0.02804800 -0.00381000
v -0.00355300 -0.02715300 -0.00382500
v -0.00163000 -0.02843600 -0.00381700
v -0.00254400 -0.02797300 -0.00382500
v -0.00161300 -0.02841800 -0.00383000
v -0.00249700 -0.02789600 -0.00388300
v -0.00154800 -0.02834500 -0.00387900
v -0.00150500 -0.02829700 -0.00396400
v -0.00246600 -0.02784500 -0.00397300
v -0.00150400 -0.02829500 -0.00397300
v -0.00245700 -0.02783100 -0.00406000
v -0.00149100 -0.02828000 -0.00406000
v -0.00344400 -0.02705000 -0.00397300
v -0.00343200 -0.02703900 -0.00406000
v -0.00348700 -0.02709100 -0.00388300
v -0.00144500 -0.02814100 -0.01245000
v -0.00286600 -0.02736400 -0.01245000
v -0.00288300 -0.02734500 -0.01245000
v -0.00392600 -0.02614000 -0.01245000
v -0.00395200 -0.02609400 -0.01245000
v 0.00140200 -0.04168600 -0.00626300
v 0.00132800 -0.04170100 -0.00935800
v 0.00138200 -0.04159100 -0.00626600
v 0.00153800 -0.04206500 -0.01244600
v 0.00144200 -0.04204900 -0.01244500
v 0.00159200 -0.04195400 -0.00935400
v 0.00155000 -0.04182900 -0.00626000
v 0.00164600 -0.04184400 -0.00626100
v 0.00127400 -0.04181100 -0.01245000
v 0.00129400 -0.04190600 -0.01244700
v 0.00129500 -0.04191000 -0.01244700
v 0.00140300 -0.04169000 -0.00626300
v 0.00135200 -0.04199300 -0.01244500
v 0.00146000 -0.04177400 -0.00626100
v 0.00154600 -0.04182800 -0.00626000
v 0.00143800 -0.04204800 -0.01244500
v 0.00282400 -0.02189738 -0.01270000
v -0.00027750 -0.01976388 -0.01270000
v 0.00704663 -0.02912394 0.00000000
v -0.00118750 -0.02673050 -0.01270000
v 0.00102000 -0.02837800 -0.01270000
v 0.00105900 -0.02818400 -0.01270000
v 0.00110500 -0.02837800 -0.01267700
v 0.00117500 -0.02823300 -0.01266700
v 0.00114600 -0.02837800 -0.01266700
v 0.00126100 -0.02826800 -0.01257500
v 0.00129400 -0.02828200 -0.01245000
v 0.00127400 -0.02837800 -0.01245000
v 0.00127500 -0.02809300 -0.01266700
v 0.00133600 -0.02816300 -0.01257500
v 0.00136000 -0.02819000 -0.01245000
v 0.00140400 -0.02802000 -0.01266700
v 0.00143400 -0.02810800 -0.01257500
v 0.00144500 -0.02814100 -0.01245000
v 0.00395200 -0.02153100 -0.01245000
v 0.00456400 -0.02381200 -0.01245000
v 0.00442200 -0.02494000 -0.01245000
v 0.00400600 -0.02599800 -0.01245000
v 0.00334200 -0.02692000 -0.01245000
v 0.00331600 -0.02689600 -0.01257500
v 0.00247000 -0.02765000 -0.01245000
v 0.00245100 -0.02762000 -0.01257500
v 0.00389400 -0.02593700 -0.01266700
v 0.00324800 -0.02683300 -0.01266700
v 0.00240100 -0.02754200 -0.01266700
v 0.00144500 -0.01948400 -0.01245000
v 0.00247000 -0.01997500 -0.01245000
v 0.00143400 -0.01951700 -0.01257500
v 0.00245100 -0.02000500 -0.01257500
v 0.00324800 -0.02079200 -0.01266700
v 0.00233300 -0.02018900 -0.01270000
v 0.00315600 -0.02087700 -0.01270000
v 0.00125400 -0.01203900 -0.01253600
v 0.00125100 -0.01203900 -0.01254600
v 0.00119800 -0.01924700 -0.01262700
v 0.00124800 -0.01203900 -0.01255700
v 0.00111400 -0.01206000 -0.01267400
v 0.00117300 -0.01205000 -0.01264900
v 0.00119400 -0.01204700 -0.01262300
v 0.00110500 -0.01206100 -0.01267800
v 0.00110700 -0.01924700 -0.01268500
v 0.00106100 -0.01206900 -0.01269700
v 0.00102000 -0.01924700 -0.01270000
v 0.00102000 -0.01207600 -0.01270000
v 0.00132800 -0.01214200 -0.00935800
v 0.00129500 -0.01195400 -0.01244800
v 0.00141400 -0.01181900 -0.01244600
v 0.00149600 -0.01178800 -0.01244600
v 0.00154900 -0.01189000 -0.00935400
v 0.00138200 -0.01224300 -0.00626600
v 0.00140300 -0.01216000 -0.00626300
v 0.00141100 -0.01212600 -0.00626200
v 0.00130300 -0.01192200 -0.01244700
v 0.00149000 -0.01203600 -0.00626100
v 0.00138300 -0.01183100 -0.01244500
v 0.00152100 -0.01202400 -0.00626100
v 0.00160300 -0.01199200 -0.00626100
v 0.00101300 -0.01198600 -0.01272300
v 0.00149200 -0.01178600 -0.01250500
v 0.00126700 -0.01195100 -0.01255400
v 0.00123700 -0.01187600 -0.01268100
v 0.00131000 -0.01187000 -0.01257400
v 0.00120600 -0.01195800 -0.01264200
v 0.00112900 -0.01188700 -0.01274900
v 0.00111600 -0.01197000 -0.01269900
v 0.00101000 -0.01195200 -0.01273300
v 0.00115500 -0.01182900 -0.01282400
v 0.00128800 -0.01181800 -0.01273800
v 0.00140400 -0.01178900 -0.01273100
v 0.00100600 -0.01190600 -0.01277700
v -0.00100200 -0.01186000 -0.01282200
v -0.00100600 -0.01190600 -0.01277700
v -0.00101000 -0.01195200 -0.01273300
v 0.00062100 -0.01182300 -0.01294500
v -0.00099900 -0.01182300 -0.01294500
v -0.00154900 -0.01189000 -0.00935400
v -0.00149600 -0.01178800 -0.01244600
v -0.00141400 -0.01181900 -0.01244600
v -0.00132800 -0.01214200 -0.00935800
v -0.00138200 -0.01224300 -0.00626600
v -0.00140300 -0.01215800 -0.00626300
v -0.00127400 -0.01204000 -0.01245000
v -0.00129500 -0.01195400 -0.01244800
v -0.00130300 -0.01192200 -0.01244700
v -0.00141100 -0.01212600 -0.00626200
v -0.00149000 -0.01203600 -0.00626100
v -0.00138300 -0.01183100 -0.01244500
v -0.00152100 -0.01202400 -0.00626100
v -0.00160300 -0.01199200 -0.00626100
v -0.00127100 -0.01203800 -0.01248400
v -0.00143400 -0.01178700 -0.01268300
v -0.00133700 -0.01179500 -0.01279000
v -0.00128800 -0.01181800 -0.01273700
v -0.00111600 -0.01197000 -0.01269900
v -0.00131000 -0.01187000 -0.01257400
v -0.00105400 -0.01181800 -0.01294200
v -0.00127400 -0.01179900 -0.01286000
v -0.00115500 -0.01182900 -0.01282400
v -0.00120600 -0.01195800 -0.01264200
v -0.00122400 -0.01204200 -0.01259700
v -0.00126700 -0.01195100 -0.01255400
v -0.00124700 -0.01204000 -0.01254300
v -0.00125100 -0.01204000 -0.01253400
v -0.00111600 -0.01205900 -0.01267800
v -0.00113100 -0.01205700 -0.01267400
v -0.00119400 -0.01204600 -0.01262200
v -0.00113000 -0.01188700 -0.01274900
v -0.00123700 -0.01187600 -0.01268100
v -0.00102000 -0.01924700 -0.01270000
v -0.00119200 -0.01924700 -0.01262100
v -0.00114600 -0.01924700 -0.01266700
v -0.00110500 -0.01924700 -0.01267700
v -0.00123900 -0.01924700 -0.01257500
v -0.00125000 -0.01924700 -0.01253500
v -0.00105900 -0.01944100 -0.01270000
v -0.00117500 -0.01939200 -0.01266700
v -0.00129400 -0.01934300 -0.01245000
v -0.00136000 -0.01943500 -0.01245000
v -0.00144500 -0.01948400 -0.01245000
v -0.00108800 -0.02812600 -0.01270000
v 0.00075175 -0.02791562 -0.01270000
v -0.00119300 -0.02799900 -0.01270000
v -0.00270600 -0.02716600 -0.01270000
v -0.00370700 -0.02601000 -0.01270000
v -0.00370700 -0.02161500 -0.01270000
v -0.00270600 -0.02045800 -0.01270000
v 0.00125000 -0.04181900 -0.01253500
v 0.00105300 -0.04184200 -0.01269800
v 0.00110500 -0.04183800 -0.01267800
v 0.00124800 -0.04181900 -0.01254500
v 0.00123900 -0.04182200 -0.01257500
v 0.00132700 -0.04200000 -0.01256900
v 0.00115100 -0.04201500 -0.01274500
v 0.00112700 -0.04193000 -0.01269500
v 0.00121400 -0.04192200 -0.01263700
v 0.00102300 -0.04193400 -0.01272300
v 0.00131900 -0.04206400 -0.01273300
v 0.00125700 -0.04200800 -0.01267400
v 0.00140800 -0.04205600 -0.01260100
v 0.00147500 -0.04207500 -0.01268000
v 0.00137500 -0.04208200 -0.01279000
v 0.00118500 -0.04207200 -0.01282200
v 0.00102600 -0.04206100 -0.01282200
v 0.00102700 -0.04209800 -0.01294500
v 0.00108300 -0.04209600 -0.01294200
v 0.00131200 -0.04208700 -0.01285800
v 0.00127200 -0.04191300 -0.01254900
v -0.00102700 -0.04209800 -0.01294500
v -0.00102600 -0.04206100 -0.01282200
v -0.00102500 -0.04201400 -0.01277700
v -0.00102300 -0.04193400 -0.01272300
v -0.00127400 -0.04181100 -0.01245000
v -0.00129400 -0.04190600 -0.01244700
v -0.00159200 -0.04195400 -0.00935400
v -0.00164600 -0.04184400 -0.00626100
v -0.00155000 -0.04182900 -0.00626000
v -0.00153800 -0.04206500 -0.01244600
v -0.00144200 -0.04204900 -0.01244500
v -0.00143800 -0.04204800 -0.01244500
v -0.00135200 -0.04199300 -0.01244500
v -0.00127200 -0.04191300 -0.01254900
v -0.00132700 -0.04200000 -0.01256900
v -0.00121400 -0.04192200 -0.01263700
v -0.00124900 -0.04181900 -0.01254500
v -0.00125200 -0.04181800 -0.01253500
v -0.00127200 -0.04181300 -0.01247800
v -0.00131900 -0.04206400 -0.01273400
v -0.00125600 -0.04200800 -0.01267400
v -0.00118400 -0.04207200 -0.01282200
v -0.00115000 -0.04201500 -0.01274500
v -0.00126500 -0.04208900 -0.01288600
v -0.00137500 -0.04208200 -0.01278900
v -0.00140800 -0.04205600 -0.01260100
v -0.00153300 -0.04206700 -0.01250100
v -0.00144700 -0.04207800 -0.01272600
v -0.00112600 -0.04193000 -0.01269500
v -0.00110600 -0.04183800 -0.01267800
v -0.00123600 -0.04182300 -0.01258100
v -0.00119300 -0.04182800 -0.01262100
v -0.00114400 -0.04183500 -0.01266800
v -0.00119800 -0.02837800 -0.01262700
v -0.00110700 -0.02837800 -0.01268500
v -0.00145600 -0.02830000 -0.00406000
v -0.00130800 -0.02825300 -0.01245000
v -0.00136000 -0.02819000 -0.01245000
v -0.00127500 -0.02809300 -0.01266700
v -0.00143400 -0.02810800 -0.01257500
v -0.00133700 -0.02816300 -0.01257500
v -0.00127700 -0.02823600 -0.01257500
v -0.00278500 -0.02726400 -0.01266700
v -0.00284300 -0.02733700 -0.01257500
v -0.00445600 -0.02461600 -0.01257500
v -0.00449100 -0.02462200 -0.01245000
v -0.00445600 -0.02300900 -0.01257500
v -0.00389500 -0.02150300 -0.01257500
v -0.00392600 -0.02148500 -0.01245000
v -0.00312100 -0.02055600 -0.01245000
v -0.00286600 -0.02026100 -0.01245000
v -0.00381500 -0.02607400 -0.01266700
v -0.00436500 -0.02302600 -0.01266700
v -0.00381500 -0.02155100 -0.01266700
v -0.00278500 -0.02036100 -0.01266700
v -0.00142900 -0.01928700 -0.00406000
v -0.00145600 -0.01932500 -0.00406000
v -0.00138600 -0.01226000 -0.00605200
v -0.00158800 -0.01454100 -0.00382500
v -0.00144100 -0.01923900 -0.00396400
v -0.00149700 -0.01454100 -0.00388300
v -0.00149800 -0.01921500 -0.00388300
v -0.00158300 -0.01454100 -0.00382800
v -0.00157100 -0.01359300 -0.00401400
v -0.00165400 -0.01328200 -0.00414000
v -0.00164100 -0.01278800 -0.00454300
v -0.00155500 -0.01278700 -0.00453700
v -0.00147700 -0.01282700 -0.00457700
v -0.00146200 -0.01228700 -0.00534600
v -0.00142700 -0.01288400 -0.00463600
v -0.00141300 -0.01236100 -0.00537800
v -0.00143600 -0.01364600 -0.00414200
v -0.00149000 -0.01361500 -0.00406500
v -0.00166800 -0.01405200 -0.00385700
v -0.00161800 -0.01216400 -0.00542500
v -0.00153600 -0.01223400 -0.00532300
v -0.00164100 -0.01278500 -0.00454500
v -0.00163600 -0.01261100 -0.00468700
v -0.00162100 -0.01222600 -0.00532300
v -0.01103100 -0.00828800 -0.00395200
v -0.01101400 -0.00827800 -0.00396300
v -0.00985100 -0.00963000 -0.00396000
v -0.00341500 -0.01334600 -0.00396000
v -0.00319100 -0.01247100 -0.00452300
v -0.00299900 -0.01172100 -0.00626100
v -0.00304300 -0.01189500 -0.00540700
v -0.00312700 -0.01167500 -0.00626100
v -0.00708100 -0.01003100 -0.00540700
v -0.00697700 -0.00988400 -0.00626100
v -0.00979100 -0.00752400 -0.00532700
v -0.00975400 -0.00750100 -0.00541900
v -0.00878000 -0.00858300 -0.00540700
v -0.00966200 -0.00744100 -0.00565000
v -0.00865100 -0.00845700 -0.00626100
v -0.00939200 -0.00760500 -0.00626100
v -0.00958400 -0.00738400 -0.00626100
v -0.01094400 -0.00823500 -0.00400900
v -0.01039400 -0.00790200 -0.00436100
v -0.00920500 -0.00899800 -0.00452300
v -0.01025500 -0.00781600 -0.00453600
v -0.01025200 -0.00781400 -0.00453900
v -0.00996000 -0.00763300 -0.00490400
v -0.01175500 -0.00872100 -0.00381000
v -0.00577500 -0.01250700 -0.00396000
v -0.01046600 -0.01023200 -0.00381000
v -0.00539600 -0.01168700 -0.00452300
v -0.00742300 -0.01051600 -0.00452300
v -0.02308400 -0.01621700 -0.00381000
v -0.01975300 -0.01679400 -0.00381000
v -0.02146900 -0.01679800 -0.00381000
v -0.00978900 -0.00712300 -0.01245000
v -0.00985100 -0.00722100 -0.00935800
v -0.01016000 -0.00748300 -0.00521700
v -0.00991200 -0.00731900 -0.00626600
v -0.00984900 -0.00704000 -0.01264900
v -0.00983600 -0.00705700 -0.01262300
v -0.01607200 -0.01065600 -0.01262100
v -0.00979900 -0.00710500 -0.01253600
v -0.00980100 -0.00710100 -0.01255700
v -0.00980000 -0.00710300 -0.01254600
v -0.00988700 -0.00699400 -0.01267400
v -0.01609500 -0.01061600 -0.01266700
v -0.00989300 -0.00698700 -0.01267800
v -0.00992100 -0.00695300 -0.01269700
v -0.01611500 -0.01058100 -0.01267700
v -0.01615800 -0.01050700 -0.01270000
v -0.00994800 -0.00692200 -0.01270000
v -0.02406600 -0.01507300 -0.01270000
v -0.02396700 -0.01504050 -0.01270000
v -0.02402300 -0.01514600 -0.01267700
v -0.02384500 -0.01522500 -0.01257500
v -0.02384100 -0.01526100 -0.01245000
v -0.02366100 -0.01502900 -0.01270000
v -0.02369900 -0.01514900 -0.01266700
v -0.02372800 -0.01523700 -0.01257500
v -0.02373800 -0.01527100 -0.01245000
v -0.02348000 -0.01513200 -0.01270000
v -0.02356400 -0.01522600 -0.01266700
v -0.02362500 -0.01529500 -0.01257500
v -0.01619200 -0.01212000 -0.01266700
v -0.01618600 -0.01100000 -0.01257500
v -0.01609900 -0.01212500 -0.01257500
v -0.01615100 -0.01099300 -0.01245000
v -0.01606400 -0.01212700 -0.01245000
v -0.01626000 -0.01324600 -0.01245000
v -0.01745900 -0.01514700 -0.01257500
v -0.01834000 -0.01585800 -0.01245000
v -0.01835800 -0.01582800 -0.01257500
v -0.01938800 -0.01630000 -0.01245000
v -0.02051200 -0.01646900 -0.01245000
v -0.02163500 -0.01632000 -0.01257500
v -0.02269400 -0.01593200 -0.01257500
v -0.01638200 -0.01320900 -0.01266700
v -0.01683600 -0.01421600 -0.01266700
v -0.01752400 -0.01508000 -0.01266700
v -0.01840400 -0.01574700 -0.01266700
v -0.01942300 -0.01617600 -0.01266700
v -0.02051500 -0.01634000 -0.01266700
v -0.02161400 -0.01622900 -0.01266700
v -0.02265200 -0.01585000 -0.01266700
v -0.01631800 -0.01211400 -0.01270000
v -0.01650200 -0.01317200 -0.01270000
v -0.01694300 -0.01415100 -0.01270000
v -0.01761200 -0.01499000 -0.01270000
v -0.01846700 -0.01563900 -0.01270000
v -0.01945700 -0.01605500 -0.01270000
v -0.02051800 -0.01621500 -0.01270000
v -0.02259400 -0.01573800 -0.01270000
v -0.01610800 -0.01079600 -0.01245000
v -0.01613600 -0.01077500 -0.01257500
v -0.01612200 -0.01081800 -0.01245000
v -0.01615000 -0.01089000 -0.01245000
v -0.01615000 -0.01090300 -0.01245000
v -0.01599300 -0.01088800 -0.00405900
v -0.01599600 -0.01089200 -0.00405900
v -0.01600900 -0.01093900 -0.00405900
v -0.01600700 -0.01096400 -0.00406000
v -0.01600600 -0.01092700 -0.00405900
v -0.01600700 -0.01093200 -0.00405900
v -0.01591200 -0.01192800 -0.00406000
v -0.01620100 -0.01353100 -0.00406000
v -0.01701900 -0.01493900 -0.00406000
v -0.01826700 -0.01598500 -0.00406000
v -0.01936800 -0.01638700 -0.00406000
v -0.01979700 -0.01654400 -0.00406000
v -0.02295800 -0.01599600 -0.00406000
v -0.02379500 -0.01557900 -0.00383500
v -0.02376200 -0.01547800 -0.00391900
v -0.02299600 -0.01606200 -0.00388300
v -0.02374800 -0.01543700 -0.00401200
v -0.01600500 -0.01096400 -0.00402700
v -0.01598300 -0.01096800 -0.00397500
v -0.01589500 -0.01192800 -0.00397300
v -0.02304100 -0.01614100 -0.00382500
v -0.01976800 -0.01670800 -0.00382500
v -0.02145400 -0.01671200 -0.00382500
v -0.01597800 -0.01096900 -0.00396300
v -0.01596100 -0.01097200 -0.00392200
v -0.01583600 -0.01192900 -0.00388300
v -0.01591800 -0.01098100 -0.00388500
v -0.01618500 -0.01353700 -0.00397300
v -0.01700600 -0.01495000 -0.00397300
v -0.02375300 -0.01545300 -0.00397500
v -0.02296600 -0.01601100 -0.00397300
v -0.01582800 -0.01097900 -0.00382500
v -0.01591100 -0.01094100 -0.00387200
v -0.01591800 -0.01096000 -0.00387400
v -0.01598200 -0.01094000 -0.00395500
v -0.01600100 -0.01093400 -0.00400500
v -0.01597400 -0.01091300 -0.00395300
v -0.01599300 -0.01090400 -0.00400500
v -0.01184400 -0.00856600 -0.00388300
v -0.01179900 -0.00864500 -0.00382500
v -0.01180100 -0.00864100 -0.00382900
v -0.00982800 -0.00744800 -0.00532200
v -0.01110200 -0.00806700 -0.00414300
v -0.01000100 -0.00740500 -0.00537700
v -0.01044600 -0.00767800 -0.00463600
v -0.01104800 -0.00809800 -0.00406500
v -0.01037200 -0.00769300 -0.00457700
v -0.01029800 -0.00774000 -0.00453600
v -0.00965200 -0.00732900 -0.00626100
v -0.00967800 -0.00730800 -0.00626100
v -0.00991200 -0.00741000 -0.00534400
v -0.01098900 -0.00815800 -0.00401300
v -0.00982800 -0.00729400 -0.00626300
v -0.00979600 -0.00728500 -0.00626200
v -0.00973700 -0.00729700 -0.00626200
v -0.00970500 -0.00709900 -0.01244800
v -0.00952900 -0.00713400 -0.01244600
v -0.00946000 -0.00719000 -0.01244600
v -0.00967300 -0.00709000 -0.01244700
v -0.00961400 -0.00710200 -0.01244600
v -0.00987400 -0.00687000 -0.01272300
v -0.00946100 -0.00718500 -0.01250500
v -0.00971700 -0.00707300 -0.01255400
v -0.00966600 -0.00700900 -0.01268100
v -0.00962500 -0.00707000 -0.01257400
v -0.00975300 -0.00702300 -0.01264200
v -0.00972900 -0.00692100 -0.01274900
v -0.00980800 -0.00695100 -0.01269900
v -0.00984600 -0.00685000 -0.01273300
v -0.00973900 -0.00677700 -0.01294500
v -0.00960800 -0.00696400 -0.01288800
v -0.00966700 -0.00691500 -0.01282400
v -0.00959100 -0.00702500 -0.01273800
v -0.00950800 -0.00711000 -0.01273100
v -0.00980800 -0.00682400 -0.01277700
v -0.00977000 -0.00679800 -0.01282200
v -0.00976100 -0.00679200 -0.01285600
v -0.01045800 -0.00603800 -0.01270000
v -0.01088700 -0.00511600 -0.01272300
v -0.01085500 -0.00510100 -0.01273300
v -0.01081400 -0.00508200 -0.01277700
v -0.01077200 -0.00506200 -0.01282200
v -0.01073800 -0.00504600 -0.01294500
v -0.01027500 -0.00593200 -0.01294500
v -0.01106100 -0.00491800 -0.01248400
v -0.01106400 -0.00491600 -0.01245000
v -0.01100000 -0.00485500 -0.01244800
v -0.01092500 -0.00465200 -0.01268300
v -0.01088300 -0.00473900 -0.01279000
v -0.01087900 -0.00479300 -0.01273700
v -0.01099800 -0.00507200 -0.01268000
v -0.01092400 -0.00501800 -0.01269900
v -0.01097600 -0.00483200 -0.01244700
v -0.01093500 -0.00480000 -0.01257400
v -0.01095700 -0.00459800 -0.01244600
v -0.01076200 -0.00499600 -0.01294200
v -0.01085500 -0.00479600 -0.01286000
v -0.01082200 -0.00491400 -0.01282400
v -0.01095800 -0.00493500 -0.01264200
v -0.01104000 -0.00496100 -0.01259700
v -0.01105000 -0.00494000 -0.01254300
v -0.01105200 -0.00493700 -0.01253400
v -0.01103000 -0.00498900 -0.01262200
v -0.01085900 -0.00496500 -0.01274900
v -0.01090300 -0.00486600 -0.01268100
v -0.01095700 -0.00477500 -0.01244600
v -0.01093800 -0.00471800 -0.01244500
v -0.01094300 -0.00468500 -0.01244600
v -0.01107200 -0.00460300 -0.00935400
v -0.01117900 -0.00492000 -0.00935800
v -0.01129400 -0.00492500 -0.00626600
v -0.01123100 -0.00486400 -0.00626300
v -0.01120700 -0.00484100 -0.00626200
v -0.01118800 -0.00478400 -0.00626200
v -0.01116800 -0.00472700 -0.00626100
v -0.01117300 -0.00469500 -0.00626100
v -0.01118600 -0.00460800 -0.00626100
v -0.01717800 -0.00874000 -0.01270000
v -0.01722100 -0.00866600 -0.01267700
v -0.01728800 -0.00855100 -0.01257500
v -0.01736600 -0.00880300 -0.01270000
v -0.01738200 -0.00867800 -0.01266700
v -0.01752300 -0.00857300 -0.01257500
v -0.01739800 -0.00855100 -0.01245000
v -0.01759300 -0.00878000 -0.01270000
v -0.01751100 -0.00854000 -0.01245000
v -0.01761900 -0.00851700 -0.01257500
v -0.01759600 -0.00849000 -0.01245000
v -0.02208100 -0.00785100 -0.01270000
v -0.02320513 -0.01416369 -0.01270000
v -0.03623800 -0.02092200 -0.01270000
v -0.02488000 -0.01124000 -0.01270000
v -0.02437900 -0.00979500 -0.01270000
v -0.02340500 -0.00861500 -0.01270000
v -0.03571000 -0.02183300 -0.01269800
v -0.03568000 -0.02187600 -0.01267800
v -0.03567500 -0.02188300 -0.01267500
v -0.03571000 -0.02214900 -0.01256900
v -0.03581100 -0.02200400 -0.01274500
v -0.03574900 -0.02194000 -0.01269500
v -0.03569800 -0.02201200 -0.01263700
v -0.03566200 -0.02205800 -0.01254900
v -0.03576900 -0.02217400 -0.01273300
v -0.03575100 -0.02209200 -0.01267400
v -0.03571800 -0.02224800 -0.01260100
v -0.03570000 -0.02231500 -0.01268000
v -0.03575700 -0.02223100 -0.01279000
v -0.03583400 -0.02187000 -0.01273300
v -0.03587300 -0.02189400 -0.01277700
v -0.03584300 -0.02206200 -0.01282200
v -0.03591300 -0.02191900 -0.01282200
v -0.03591500 -0.02198600 -0.01294200
v -0.03579200 -0.02218000 -0.01285800
v -0.03646800 -0.02105500 -0.01294500
v -0.03694700 -0.02014700 -0.01285600
v -0.03679200 -0.02047800 -0.01294500
v -0.03697100 -0.02016000 -0.01294500
v -0.03693800 -0.02014200 -0.01282200
v -0.03689800 -0.02012000 -0.01277700
v -0.03685700 -0.02009800 -0.01273300
v -0.02521300 -0.01308500 -0.01245000
v -0.04102500 -0.00745300 -0.00540700
v -0.03984000 -0.01230200 -0.00540700
v -0.04001200 -0.01235500 -0.00626100
v -0.04102500 0.00745300 -0.00540700
v -0.04162200 0.00249600 -0.00540700
v -0.04180200 0.00250700 -0.00626100
v -0.03652500 0.01916000 -0.00467200
v -0.03754200 0.01673400 -0.00452300
v -0.03561000 0.01862500 -0.00399300
v -0.03593800 0.01881500 -0.00412600
v -0.03671600 0.01636600 -0.00396000
v -0.03525000 0.01841600 -0.00384700
v -0.03808500 -0.01697500 -0.00540700
v -0.03697200 -0.01943300 -0.00561000
v -0.03706100 -0.01949600 -0.00626100
v -0.03824900 -0.01704900 -0.00626100
v -0.03754200 -0.01673400 -0.00452300
v -0.03610900 -0.01891500 -0.00424700
v -0.03671600 -0.01636600 -0.00396000
v -0.03840900 0.01186000 -0.00396000
v -0.03691100 0.01939500 -0.00540700
v -0.03824900 0.01704900 -0.00626100
v -0.03808500 0.01697500 -0.00540700
v -0.03918000 0.01457100 -0.00626100
v -0.03984000 0.01230200 -0.00540700
v -0.04120200 0.00748500 -0.00626100
v -0.04120200 -0.00748500 -0.00626100
v -0.04162200 -0.00249600 -0.00540700
v -0.04180200 0.00043900 -0.00626100
v -0.03948900 -0.01375000 -0.00626100
v -0.03927300 -0.01212700 -0.00452300
v -0.04044100 -0.00734600 -0.00452300
v -0.04102900 -0.00246100 -0.00452300
v -0.04044100 0.00734600 -0.00452300
v -0.03927300 0.01212700 -0.00452300
v -0.03680600 -0.01963000 -0.00626300
v -0.03690700 -0.01962200 -0.00626100
v -0.03672800 -0.01950200 -0.00534100
v -0.03552700 -0.01885300 -0.00414100
v -0.03618300 -0.01924100 -0.00463400
v -0.03558400 -0.01881900 -0.00406200
v -0.03626500 -0.01922100 -0.00457200
v -0.03662900 -0.01951300 -0.00537600
v -0.03680000 -0.01962800 -0.00626300
v -0.03681700 -0.01945000 -0.00531900
v -0.03699900 -0.01957200 -0.00626000
v -0.03699700 -0.01957500 -0.00626000
v -0.03564600 -0.01875400 -0.00401000
v -0.03634300 -0.01916400 -0.00453200
v -0.03693900 -0.01983200 -0.01244700
v -0.03713000 -0.01959900 -0.00935400
v -0.03719800 -0.01970100 -0.01244600
v -0.03713600 -0.01977600 -0.01244500
v -0.03713300 -0.01977900 -0.01244500
v -0.03704400 -0.01982600 -0.01244500
v -0.03694200 -0.01983400 -0.01244700
v -0.03693400 -0.01985500 -0.01254900
v -0.03703600 -0.01985100 -0.01256900
v -0.03691200 -0.01991000 -0.01263700
v -0.03684100 -0.01982800 -0.01254500
v -0.03684200 -0.01982500 -0.01253500
v -0.03684700 -0.01980500 -0.01247800
v -0.03708800 -0.01989000 -0.01273400
v -0.03700800 -0.01991600 -0.01267400
v -0.03702700 -0.02001000 -0.01282200
v -0.03696100 -0.02001100 -0.01274500
v -0.03708300 -0.01994900 -0.01288600
v -0.03713200 -0.01985000 -0.01278900
v -0.03712600 -0.01980900 -0.01260100
v -0.03716300 -0.01978600 -0.01272600
v -0.03678900 -0.01995300 -0.01267500
v -0.03683700 -0.01984100 -0.01258100
v -0.03680200 -0.01992700 -0.01266800
v -0.02520100 -0.01310600 -0.01253500
v -0.02514900 -0.01319600 -0.01266700
v -0.02496800 -0.01279400 -0.01266700
v -0.02496900 -0.01295000 -0.01266700
v -0.02505900 -0.01281200 -0.01257500
v -0.02506000 -0.01293000 -0.01257500
v -0.02509400 -0.01292200 -0.01245000
v -0.02500400 -0.01122000 -0.01266700
v -0.02509600 -0.01120600 -0.01257500
v -0.02457000 -0.00968700 -0.01257500
v -0.02354600 -0.00844900 -0.01257500
v -0.02216700 -0.00761200 -0.01245000
v -0.02134200 -0.00747300 -0.01245000
v -0.02057000 -0.00734300 -0.01245000
v -0.01936200 -0.00757500 -0.01245000
v -0.01897900 -0.00764900 -0.01245000
v -0.02448900 -0.00973300 -0.01266700
v -0.02348600 -0.00851900 -0.01266700
v -0.02212300 -0.00773300 -0.01266700
v -0.01740900 -0.00840300 -0.00406000
v -0.01741700 -0.00840600 -0.00406000
v -0.01746400 -0.00840100 -0.00406000
v -0.01745600 -0.00840200 -0.00406000
v -0.01743800 -0.00837800 -0.00395300
v -0.01740900 -0.00839700 -0.00400500
v -0.01744000 -0.00839800 -0.00400500
v -0.01738100 -0.00837300 -0.00397300
v -0.01746500 -0.00837100 -0.00395500
v -0.01745200 -0.00837500 -0.00395300
v -0.01745100 -0.00830500 -0.00387400
v -0.01739000 -0.00830700 -0.00387900
v -0.01343000 -0.00582000 -0.00381000
v -0.01338600 -0.00589500 -0.00382500
v -0.01338400 -0.00590000 -0.00382800
v -0.01334100 -0.00597400 -0.00388300
v -0.01255800 -0.00543600 -0.00401400
v -0.01185100 -0.00504700 -0.00453700
v -0.01137200 -0.00487800 -0.00534600
v -0.01141200 -0.00495700 -0.00537800
v -0.01253500 -0.00551700 -0.00406500
v -0.01300400 -0.00558100 -0.00385700
v -0.01134300 -0.00468100 -0.00542500
v -0.01136300 -0.00478700 -0.00532300
v -0.01173900 -0.00488800 -0.00468700
v -0.01139800 -0.00470900 -0.00532300
v -0.01269400 0.00540900 -0.00395200
v -0.01267600 0.00540000 -0.00396300
v -0.01239500 -0.00347200 -0.00452300
v -0.01128200 -0.00433100 -0.00626100
v -0.01165000 -0.00326300 -0.00626100
v -0.01182300 -0.00331200 -0.00540700
v -0.01204800 -0.00110000 -0.00626100
v -0.01222800 0.00111600 -0.00540700
v -0.01141200 0.00471700 -0.00532700
v -0.01137300 0.00469700 -0.00541900
v -0.01182300 0.00331200 -0.00540700
v -0.01127500 0.00464700 -0.00565000
v -0.01167500 0.00312900 -0.00626100
v -0.01165000 0.00326300 -0.00626100
v -0.01118600 0.00460800 -0.00626100
v -0.01260400 0.00536000 -0.00400900
v -0.01204000 0.00505000 -0.00436100
v -0.01239500 0.00347200 -0.00452300
v -0.01159000 0.00480900 -0.00490400
v -0.01343000 0.00582000 -0.00381000
v -0.01281900 0.00117000 -0.00452300
v -0.02421600 0.00848200 -0.00381000
v -0.02492100 0.00942400 -0.00381000
v -0.02533100 0.01178800 -0.00406000
v -0.02524300 0.01284800 -0.00401200
v -0.02534800 0.01178700 -0.00397300
v -0.02526000 0.01284500 -0.00397500
v -0.02540700 0.01178600 -0.00388300
v -0.02528500 0.01284000 -0.00391900
v -0.02538900 0.01281800 -0.00383500
v -0.02549800 0.01178300 -0.00382500
v -0.02529200 0.01049900 -0.00382500
v -0.02484600 0.00946800 -0.00382500
v -0.02520500 0.01052600 -0.00388300
v -0.02476700 0.00951300 -0.00388300
v -0.02415300 0.00854200 -0.00382500
v -0.01745300 0.00824700 -0.00384200
v -0.01749900 0.00838100 -0.00406000
v -0.01837300 0.00776800 -0.00406000
v -0.01958000 0.00734800 -0.00406000
v -0.02135300 0.00725300 -0.00406000
v -0.01982000 0.00726500 -0.00406000
v -0.01748200 0.00833500 -0.00391900
v -0.01833600 0.00770100 -0.00388300
v -0.02408700 0.00860400 -0.00388300
v -0.01747800 0.00839500 -0.00405900
v -0.01746600 0.00839800 -0.00405900
v -0.01743000 0.00840700 -0.00405900
v -0.01117900 0.00492000 -0.00935800
v -0.01221700 0.00542100 -0.00442600
v -0.01195500 0.00527600 -0.00474100
v -0.01129400 0.00492500 -0.00626600
v -0.01338600 0.00589500 -0.00382500
v -0.01338400 0.00590000 -0.00382900
v -0.01334100 0.00597400 -0.00388300
v -0.01331300 0.00602300 -0.00396900
v -0.01136400 0.00478800 -0.00532200
v -0.01253700 0.00558100 -0.00414300
v -0.01141300 0.00495800 -0.00537700
v -0.01187200 0.00520800 -0.00463600
v -0.01185200 0.00504800 -0.00453600
v -0.01117300 0.00469500 -0.00626100
v -0.01116800 0.00472700 -0.00626100
v -0.01137300 0.00487900 -0.00534400
v -0.01255900 0.00543800 -0.00401300
v -0.01123100 0.00486400 -0.00626300
v -0.01120700 0.00484100 -0.00626200
v -0.01100000 0.00485500 -0.01244800
v -0.01094300 0.00468500 -0.01244600
v -0.01095700 0.00459800 -0.01244600
v -0.01097600 0.00483200 -0.01244700
v -0.01095700 0.00477500 -0.01244600
v -0.01093800 0.00471800 -0.01244500
v -0.01088700 0.00511600 -0.01272300
v -0.01095300 0.00460100 -0.01250500
v -0.01092100 0.00292600 -0.02489200
v -0.01098300 0.00487900 -0.01255400
v -0.01090300 0.00486700 -0.01268100
v -0.01093500 0.00480000 -0.01257400
v -0.01095800 0.00493500 -0.01264200
v -0.01085900 0.00496500 -0.01274900
v -0.01092400 0.00501800 -0.01269900
v -0.01085500 0.00510100 -0.01273300
v -0.01073800 0.00504600 -0.01294500
v -0.01083500 0.00483900 -0.01288800
v -0.01082200 0.00491400 -0.01282400
v -0.01087900 0.00479400 -0.01273800
v -0.01088300 0.00473800 -0.01279000
v -0.01091200 0.00467900 -0.01273100
v -0.01081400 0.00508200 -0.01277700
v -0.01077200 0.00506200 -0.01282200
v -0.00994800 0.00692200 -0.01270000
v -0.00987400 0.00687000 -0.01272300
v -0.00984600 0.00685000 -0.01273300
v -0.00980800 0.00682400 -0.01277700
v -0.00977000 0.00679800 -0.01282200
v -0.00973900 0.00677700 -0.01294500
v -0.00978900 0.00712300 -0.01245000
v -0.00970500 0.00709900 -0.01244800
v -0.00949100 0.00713500 -0.01268300
v -0.00954600 0.00705500 -0.01279000
v -0.00959100 0.00702500 -0.01273700
v -0.00989200 0.00698900 -0.01268000
v -0.00980800 0.00695100 -0.01269900
v -0.00967300 0.00709000 -0.01244700
v -0.00962500 0.00707000 -0.01257400
v -0.00970700 0.00682200 -0.01294200
v -0.00958200 0.00700300 -0.01286000
v -0.00966700 0.00691500 -0.01282400
v -0.00975300 0.00702300 -0.01264200
v -0.00971700 0.00707300 -0.01255400
v -0.00980100 0.00710300 -0.01253400
v -0.00983500 0.00705700 -0.01262200
v -0.00972900 0.00692100 -0.01274900
v -0.00966600 0.00700900 -0.01268100
v -0.00961400 0.00710200 -0.01244600
v -0.00955400 0.00711400 -0.01244500
v -0.00985100 0.00722100 -0.00935800
v -0.00991200 0.00731900 -0.00626600
v -0.00982800 0.00729400 -0.00626300
v -0.00979600 0.00728500 -0.00626200
v -0.00973700 0.00729700 -0.00626200
v -0.00967800 0.00730800 -0.00626100
v -0.00965200 0.00732900 -0.00626100
v -0.00958400 0.00738400 -0.00626100
v -0.01175500 0.00872100 -0.00381000
v -0.01580000 0.01097300 -0.00382000
v -0.01179900 0.00864500 -0.00382500
v -0.01589200 0.01090400 -0.00388300
v -0.01180100 0.00864100 -0.00382800
v -0.01588900 0.01090600 -0.00387900
v -0.01102300 0.00828300 -0.00399100
v -0.01098700 0.00815700 -0.00401400
v -0.01029600 0.00774000 -0.00453700
v -0.00991000 0.00740900 -0.00534600
v -0.01044400 0.00767700 -0.00463600
v -0.00999900 0.00740400 -0.00537800
v -0.01133500 0.00847100 -0.00385700
v -0.00972500 0.00748300 -0.00542500
v -0.00982700 0.00744800 -0.00532300
v -0.01025200 0.00781400 -0.00454500
v -0.01010300 0.00772200 -0.00468700
v -0.00977700 0.00751600 -0.00532300
v -0.00878000 0.00858300 -0.00540700
v -0.00341500 0.01334600 -0.00396000
v -0.00304300 0.01189500 -0.00540700
v -0.00299900 0.01172100 -0.00626100
v -0.00319100 0.01247100 -0.00452300
v -0.00985100 0.00963000 -0.00396000
v -0.01046600 0.01023200 -0.00381000
v -0.00794400 0.01125500 -0.00396000
v -0.00577500 0.01250700 -0.00396000
v -0.00558950 0.01577550 -0.00381000
v -0.00920500 0.00899800 -0.00452300
v -0.00758400 0.00936700 -0.00626100
v -0.00539600 0.01168700 -0.00452300
v -0.00507200 0.01098400 -0.00626100
v -0.00697700 0.00988400 -0.00626100
v -0.00432000 0.01125100 -0.00626100
v -0.00742300 0.01051600 -0.00452300
v -0.03531600 0.02230200 -0.00561000
v -0.03541500 0.02234800 -0.00626100
v -0.03388900 0.02460000 -0.00626100
v -0.03193000 0.02698400 -0.00626100
v -0.03070600 0.02847400 -0.00626100
v -0.02696700 0.03180300 -0.00540700
v -0.00418500 0.03998000 -0.00396000
v -0.00427900 0.04087900 -0.00452300
v -0.00434100 0.04147000 -0.00540700
v -0.00436000 0.04164900 -0.00626100
v -0.00740400 0.04114500 -0.00626100
v -0.00926600 0.04065400 -0.00540700
v -0.01864900 0.03729400 -0.00540700
v -0.01438500 0.03931100 -0.00626100
v -0.01405800 0.03925500 -0.00540700
v -0.01411900 0.03942500 -0.00626100
v -0.00930600 0.04082900 -0.00626100
v -0.02297300 0.03479700 -0.00540700
v -0.01873000 0.03745500 -0.00626100
v -0.02708300 0.03194000 -0.00626100
v -0.02685200 0.03211300 -0.00626100
v -0.02307200 0.03494800 -0.00626100
v -0.03470800 0.02196700 -0.00454900
v -0.03443500 0.02181400 -0.00424700
v -0.00893300 0.03919300 -0.00396000
v -0.01385800 0.03869600 -0.00452300
v -0.01797900 0.03595400 -0.00396000
v -0.02214700 0.03354700 -0.00396000
v -0.02658300 0.03135000 -0.00452300
v -0.02264500 0.03430200 -0.00452300
v -0.01838400 0.03676200 -0.00452300
v -0.00913400 0.04007500 -0.00452300
v -0.03540300 0.02206000 -0.00626300
v -0.03544700 0.02215100 -0.00626100
v -0.03525300 0.02205600 -0.00534100
v -0.03409100 0.02134100 -0.00414100
v -0.03475500 0.02171500 -0.00463400
v -0.03409000 0.02140700 -0.00406200
v -0.03477800 0.02179600 -0.00457200
v -0.03521300 0.02196500 -0.00537600
v -0.03539900 0.02205600 -0.00626300
v -0.03525300 0.02216000 -0.00531900
v -0.03545100 0.02225300 -0.00626000
v -0.03545000 0.02225600 -0.00626000
v -0.03406500 0.02149300 -0.00401000
v -0.03476800 0.02189200 -0.00453200
v -0.03564500 0.02207300 -0.01244700
v -0.03569400 0.02227300 -0.01244500
v -0.03566000 0.02236400 -0.01244600
v -0.03569600 0.02226900 -0.01244500
v -0.03569100 0.02216800 -0.01244500
v -0.03564800 0.02207600 -0.01244700
v -0.03571000 0.02214900 -0.01256900
v -0.03566200 0.02205800 -0.01254900
v -0.03569800 0.02201200 -0.01263700
v -0.03576900 0.02217400 -0.01273400
v -0.03575100 0.02209200 -0.01267400
v -0.03584300 0.02206200 -0.01282200
v -0.03581100 0.02200400 -0.01274500
v -0.03581800 0.02214000 -0.01288600
v -0.03575600 0.02223200 -0.01278900
v -0.03571800 0.02224800 -0.01260100
v -0.03566400 0.02236100 -0.01250100
v -0.03571700 0.02229200 -0.01272600
v -0.03574900 0.02194000 -0.01269500
v -0.03567400 0.02188400 -0.01267500
v -0.03568000 0.02187600 -0.01267800
v -0.03565800 0.02190800 -0.01266800
v -0.02400300 0.01518200 -0.01266700
v -0.02398000 0.01522200 -0.01262100
v -0.02356400 0.01522600 -0.01266700
v -0.02362500 0.01529500 -0.01257500
v -0.02372200 0.01523900 -0.01257500
v -0.02222900 0.01604100 -0.01266700
v -0.02226200 0.01612700 -0.01257500
v -0.02069500 0.01643400 -0.01257500
v -0.01911900 0.01617800 -0.01257500
v -0.01667000 0.01418800 -0.01245000
v -0.01714100 0.01474700 -0.01245000
v -0.01910800 0.01621100 -0.01245000
v -0.01770800 0.01541800 -0.01245000
v -0.02069400 0.01634100 -0.01266700
v -0.01915000 0.01609000 -0.01266700
v -0.01631600 0.01296800 -0.01266700
v -0.01689000 0.01406100 -0.01270000
v -0.01619100 0.01299800 -0.01245000
v -0.01643800 0.01293700 -0.01270000
v -0.01605900 0.01199800 -0.01245000
v -0.01615100 0.01099300 -0.01245000
v -0.01695894 0.01051650 -0.01270000
v -0.01606900 0.01066100 -0.01262700
v -0.01603900 0.01071200 -0.01253700
v -0.02666362 0.01505887 0.00000000
v -0.00225500 0.00705900 -0.02540000
v -0.00156894 0.00597563 0.00000000
v 0.00490088 -0.00782175 0.00000000
v 0.00248400 -0.00780300 0.00000000
v 0.00408013 -0.00581300 0.00000000
v 0.00232013 -0.00633913 -0.02540000
v 0.03682900 0.02126300 -0.02487400
v 0.03645000 0.02181100 -0.02487400
v 0.03214200 0.02773900 -0.02487400
v 0.03282700 0.02703500 -0.02487400
v 0.02827500 0.03246700 -0.02540000
v 0.02792900 0.03207000 -0.02487400
v 0.02227000 0.03622900 -0.02487400
v 0.02083000 0.03695800 -0.02487400
v 0.01600300 0.03940100 -0.02487400
v 0.00707500 0.04180600 -0.02487400
v 0.00234300 0.04246200 -0.02487400
v -0.00021900 0.04239100 -0.02487400
v -0.00467800 0.04226900 -0.02487400
v -0.00750400 0.04171700 -0.02487400
v -0.01157200 0.04092200 -0.02487400
v -0.01456400 0.03980200 -0.02487400
v -0.02718700 0.03251400 -0.02487400
v -0.01814900 0.03845900 -0.02487400
v -0.03660300 0.02138500 -0.02487400
v -0.02965400 0.03048200 -0.02487400
v -0.03237600 0.02735700 -0.02487400
v -0.03426600 0.02518600 -0.02487400
v -0.03794500 0.01920200 -0.02487400
v -0.03974200 0.01477600 -0.02487400
v -0.04058800 0.01269500 -0.02487400
v -0.04170100 0.00772500 -0.02487400
v -0.04212400 0.00584100 -0.02487400
v -0.04242200 0.00044000 -0.02487400
v -0.04251000 -0.00117200 -0.02487400
v -0.04009400 -0.01396700 -0.02487400
v -0.03982700 -0.01491100 -0.02487400
v -0.03711300 -0.02066100 -0.02487400
v -0.03682900 -0.02126300 -0.02487400
v -0.03645000 -0.02181100 -0.02487400
v -0.03214200 -0.02773900 -0.02487400
v -0.03282700 -0.02703500 -0.02487400
v -0.02827500 -0.03246700 -0.02540000
v -0.02792900 -0.03207000 -0.02487400
v -0.02227000 -0.03622900 -0.02487400
v -0.02083000 -0.03695800 -0.02487400
v -0.01600300 -0.03940100 -0.02487400
v -0.00707500 -0.04180600 -0.02487400
v -0.00234300 -0.04246200 -0.02487400
v 0.00021900 -0.04239100 -0.02487400
v 0.00467800 -0.04226900 -0.02487400
v 0.00750400 -0.04171700 -0.02487400
v 0.01157200 -0.04092200 -0.02487400
v 0.01456400 -0.03980200 -0.02487400
v 0.02718700 -0.03251400 -0.02487400
v 0.01814900 -0.03845900 -0.02487400
v 0.03660300 -0.02138500 -0.02487400
v 0.02965400 -0.03048200 -0.02487400
v 0.03237600 -0.02735700 -0.02487400
v 0.03426600 -0.02518600 -0.02487400
v 0.03794500 -0.01920200 -0.02487400
v 0.03974200 -0.01477600 -0.02487400
v 0.04058800 -0.01269500 -0.02487400
v 0.04170100 -0.00772500 -0.02487400
v 0.04212400 -0.00584100 -0.02487400
v 0.04242200 -0.00044000 -0.02487400
v 0.04251000 0.00117200 -0.02487400
v 0.04009400 0.01396700 -0.02487400
v 0.03982700 0.01491100 -0.02487400
v 0.03711300 0.02066100 -0.02487400
v 0.01591100 0.04145475 0.00000000
v -0.00242900 0.03261438 0.00000000
v -0.02143338 0.02192288 0.00000000
v -0.04481500 -0.00220750 0.00000000
v -0.03842263 -0.02470800 0.00000000
v -0.01679556 -0.04161675 0.00000000
v 0.00111125 -0.03077431 0.00000000
v 0.02648400 -0.03741350 0.00000000
v 0.02657050 -0.02334975 0.00000000
v 0.02824456 0.01358325 0.00000000
v 0.04495750 0.00916450 0.00000000
v -0.00441175 -0.00706200 0.00000000
v 0.00210000 0.00436300 0.00000000
v -0.00828975 0.00513650 0.00000000
v -0.00972650 -0.00279000 0.00000000
v 0.01332238 0.00962850 0.00000000
v -0.02421269 -0.00954188 0.00000000
v -0.02079562 -0.02221475 0.00000000
v 0.00159150 -0.01545050 0.00000000
v -0.00260775 0.01486400 0.00000000
v 0.00989712 -0.00276844 0.00000000
v 0.00589300 0.00503525 0.00000000
v 0.00744575 0.00348238 0.00000000
v 0.00991400 0.00572400 -0.02489200
v 0.01055600 0.00405200 -0.02489200
v 0.01119800 0.00238000 -0.02489200
v 0.01045800 -0.00465600 -0.02489200
v 0.00948300 -0.00615800 -0.02489200
v 0.00850700 -0.00766000 -0.02489200
v 0.00711600 -0.00878700 -0.02489200
v 0.00572400 -0.00991400 -0.02489200
v 0.00278675 -0.00985475 -0.02540000
v 0.00405200 -0.01055600 -0.02489200
v 0.00059200 -0.01129100 -0.02489200
v -0.00597388 -0.00772488 -0.02540000
v -0.00119700 -0.01138500 -0.02489200
v -0.00292600 -0.01092100 -0.02489200
v -0.00991400 -0.00572400 -0.02489200
v -0.00878700 -0.00711600 -0.02489200
v -0.00280875 0.00873725 -0.02540000
v -0.00105200 -0.00392700 -0.02540000
v -0.01119800 -0.00238000 -0.02489200
v -0.01055600 -0.00405200 -0.02489200
v -0.01045800 0.00465600 -0.02489200
v -0.00948300 0.00615800 -0.02489200
v -0.00850700 0.00766000 -0.02489200
v -0.00711600 0.00878700 -0.02489200
v -0.00572400 0.00991400 -0.02489200
v -0.00405200 0.01055600 -0.02489200
v -0.00059200 0.01129100 -0.02489200
v 0.00119700 0.01138500 -0.02489200
v 0.00292600 0.01092100 -0.02489200
v 0.00878700 0.00711600 -0.02489200
v 0.00758400 -0.00936700 -0.00626100
v 0.00432000 -0.01125100 -0.00626100
v 0.00299900 -0.01172100 -0.00626100
v 0.00507200 -0.01098400 -0.00626100
v 0.00697700 -0.00988400 -0.00626100
v 0.00166200 -0.01369800 -0.00395200
v 0.00166200 -0.01367800 -0.00396300
v 0.00341500 -0.01334600 -0.00396000
v 0.00162100 -0.01224100 -0.00532700
v 0.00304300 -0.01189500 -0.00540700
v 0.00878000 -0.00858300 -0.00540700
v 0.01046600 -0.01023200 -0.00381000
v 0.00985100 -0.00963000 -0.00396000
v 0.00920500 -0.00899800 -0.00452300
v 0.00539600 -0.01168700 -0.00452300
v 0.00166000 -0.01359500 -0.00400900
v 0.00164600 -0.01295300 -0.00436100
v 0.00319100 -0.01247100 -0.00452300
v 0.00164100 -0.01278800 -0.00453600
v 0.00164100 -0.01278500 -0.00453900
v 0.00163000 -0.01244200 -0.00490400
v 0.00167500 -0.01454100 -0.00381000
v 0.00794400 -0.01125500 -0.00396000
v 0.00577500 -0.01250700 -0.00396000
v 0.00742300 -0.01051600 -0.00452300
v 0.00159400 -0.02839700 -0.00383500
v 0.00152300 -0.02831700 -0.00391900
v 0.00241200 -0.02794600 -0.00388300
v 0.00149500 -0.02828500 -0.00401200
v 0.00149100 -0.02828000 -0.00406000
v 0.00237400 -0.02788000 -0.00406000
v 0.00149500 -0.01934000 -0.00401200
v 0.00150600 -0.01932700 -0.00397500
v 0.00238300 -0.01973000 -0.00397300
v 0.00158500 -0.01923800 -0.00384200
v 0.00149100 -0.01934500 -0.00406000
v 0.00237400 -0.01974500 -0.00406000
v 0.00342500 -0.02063300 -0.00406000
v 0.00472700 -0.02381200 -0.00397300
v 0.00361800 -0.02079600 -0.00406000
v 0.00444400 -0.02542200 -0.00397300
v 0.00450800 -0.02496700 -0.00406000
v 0.00471000 -0.02381200 -0.00406000
v 0.00361800 -0.02682900 -0.00406000
v 0.00442900 -0.02541600 -0.00406000
v 0.00342500 -0.02699200 -0.00406000
v 0.00152300 -0.01930800 -0.00391900
v 0.00241200 -0.01967900 -0.00388300
v 0.00478600 -0.02381200 -0.00388300
v 0.00450000 -0.02544200 -0.00388300
v 0.00158800 -0.01454100 -0.00382500
v 0.00158900 -0.01917600 -0.00382900
v 0.00158200 -0.01454100 -0.00382900
v 0.00153600 -0.01223500 -0.00532200
v 0.00141300 -0.01236300 -0.00537700
v 0.00140900 -0.01299100 -0.00474100
v 0.00148900 -0.01361700 -0.00406500
v 0.00147700 -0.01282900 -0.00457700
v 0.00155400 -0.01278800 -0.00453600
v 0.00146100 -0.01228900 -0.00534400
v 0.00130800 -0.01937200 -0.01245000
v 0.00146900 -0.01933400 -0.00405900
v 0.00146000 -0.01932500 -0.00405900
v 0.00136600 -0.01944000 -0.01245000
v 0.00142100 -0.02837800 -0.00406000
v 0.00142900 -0.02833800 -0.00406000
v 0.00145600 -0.02830000 -0.00406000
v 0.00140400 -0.04118800 -0.00505000
v 0.00144000 -0.03930300 -0.00396900
v 0.00144200 -0.02838700 -0.00397500
v 0.00143800 -0.03930300 -0.00397300
v 0.00158100 -0.04025000 -0.00401100
v 0.00142800 -0.04095700 -0.00463500
v 0.00148700 -0.04101800 -0.00457300
v 0.00147400 -0.04155900 -0.00534300
v 0.00141600 -0.04147900 -0.00537800
v 0.00149400 -0.04022800 -0.00406200
v 0.00167500 -0.04053000 -0.00412600
v 0.00157500 -0.04105700 -0.00453400
v 0.00165900 -0.04166400 -0.00540800
v 0.00156400 -0.04161100 -0.00532100
v 0.00166900 -0.04121200 -0.00467200
v 0.02696700 -0.03180300 -0.00540700
v 0.03057400 -0.02835200 -0.00540700
v 0.03070600 -0.02847400 -0.00626100
v 0.03374300 -0.02449400 -0.00540700
v 0.03531600 -0.02230200 -0.00561000
v 0.03541500 -0.02234800 -0.00626100
v 0.03388900 -0.02460000 -0.00626100
v 0.03498400 -0.02212200 -0.00485500
v 0.03470900 -0.02196800 -0.00455000
v 0.03443500 -0.02181400 -0.00424700
v 0.02214700 -0.03354700 -0.00396000
v 0.01797900 -0.03595400 -0.00396000
v 0.01385800 -0.03869600 -0.00452300
v 0.00893300 -0.03919300 -0.00396000
v 0.00418500 -0.03998000 -0.00396000
v 0.00427900 -0.04087900 -0.00452300
v 0.00434100 -0.04147000 -0.00540700
v 0.00436000 -0.04164900 -0.00626100
v 0.00740400 -0.04114500 -0.00626100
v 0.00926600 -0.04065400 -0.00540700
v 0.01864900 -0.03729400 -0.00540700
v 0.01438500 -0.03931100 -0.00626100
v 0.01405800 -0.03925500 -0.00540700
v 0.01411900 -0.03942500 -0.00626100
v 0.00930600 -0.04082900 -0.00626100
v 0.02297300 -0.03479700 -0.00540700
v 0.01873000 -0.03745500 -0.00626100
v 0.02708300 -0.03194000 -0.00626100
v 0.02685200 -0.03211300 -0.00626100
v 0.02307200 -0.03494800 -0.00626100
v 0.03193000 -0.02698400 -0.00626100
v 0.02658300 -0.03135000 -0.00452300
v 0.02264500 -0.03430200 -0.00452300
v 0.01838400 -0.03676200 -0.00452300
v 0.00913400 -0.04007500 -0.00452300
v 0.03540300 -0.02206000 -0.00626300
v 0.03525300 -0.02205600 -0.00534100
v 0.03409100 -0.02134100 -0.00414100
v 0.03475500 -0.02171500 -0.00463400
v 0.03409000 -0.02140700 -0.00406200
v 0.03477800 -0.02179600 -0.00457200
v 0.03521300 -0.02196500 -0.00537600
v 0.03540000 -0.02205700 -0.00626300
v 0.03525300 -0.02216000 -0.00531900
v 0.03544900 -0.02225700 -0.00626000
v 0.03545100 -0.02225300 -0.00626000
v 0.03406500 -0.02149300 -0.00401000
v 0.03476800 -0.02189200 -0.00453200
v 0.03564500 -0.02207300 -0.01244700
v 0.03553800 -0.02235600 -0.00935400
v 0.03566000 -0.02236400 -0.01244600
v 0.03569400 -0.02227300 -0.01244500
v 0.03569600 -0.02226900 -0.01244500
v 0.03569100 -0.02216800 -0.01244500
v 0.03564800 -0.02207600 -0.01244700
v 0.03571000 -0.02214900 -0.01256900
v 0.03566200 -0.02205800 -0.01254900
v 0.03569800 -0.02201200 -0.01263700
v 0.03576900 -0.02217400 -0.01273400
v 0.03575100 -0.02209200 -0.01267400
v 0.03584300 -0.02206200 -0.01282200
v 0.03581100 -0.02200400 -0.01274500
v 0.03581800 -0.02214000 -0.01288600
v 0.03575600 -0.02223200 -0.01278900
v 0.03571800 -0.02224800 -0.01260100
v 0.03566400 -0.02236100 -0.01250100
v 0.03571700 -0.02229200 -0.01272600
v 0.03574900 -0.02194000 -0.01269500
v 0.03567400 -0.02188400 -0.01267500
v 0.03568000 -0.02187600 -0.01267800
v 0.03565800 -0.02190800 -0.01266800
v 0.02406600 -0.01507300 -0.01270000
v 0.02400300 -0.01518200 -0.01266700
v 0.02398000 -0.01522200 -0.01262100
v 0.02348000 -0.01513200 -0.01270000
v 0.02356400 -0.01522600 -0.01266700
v 0.02362500 -0.01529500 -0.01257500
v 0.02372200 -0.01523900 -0.01257500
v 0.02221900 -0.01604400 -0.01266700
v 0.02225200 -0.01613100 -0.01257500
v 0.01909000 -0.01616700 -0.01257500
v 0.01907800 -0.01620100 -0.01245000
v 0.01769800 -0.01536400 -0.01257500
v 0.01667500 -0.01412500 -0.01257500
v 0.01664400 -0.01414200 -0.01245000
v 0.01614900 -0.01260700 -0.01257500
v 0.01624100 -0.01298100 -0.01245000
v 0.01611300 -0.01261200 -0.01245000
v 0.01615100 -0.01099300 -0.01245000
v 0.01618600 -0.01100000 -0.01257500
v 0.02067300 -0.01634100 -0.01266700
v 0.01912100 -0.01608000 -0.01266700
v 0.01775800 -0.01529300 -0.01266700
v 0.02217400 -0.01592700 -0.01270000
v 0.02067200 -0.01621600 -0.01270000
v 0.01916400 -0.01596200 -0.01270000
v 0.01783900 -0.01519700 -0.01270000
v 0.01606900 -0.01066100 -0.01262700
v 0.01603900 -0.01071200 -0.01253700
v 0.02492700 -0.01169800 -0.01270000
v 0.02363300 -0.00882200 -0.01270000
v 0.02072600 -0.00759800 -0.01270000
v 0.02178800 -0.00775700 -0.01270000
v 0.02277700 -0.00817400 -0.01270000
v 0.02457400 -0.00962400 -0.01245000
v 0.02498500 -0.01056600 -0.01245000
v 0.02495100 -0.01057700 -0.01257500
v 0.02486200 -0.01060400 -0.01266700
v 0.02518100 -0.01168600 -0.01245000
v 0.02514500 -0.01168800 -0.01257500
v 0.02505200 -0.01169200 -0.01266700
v 0.01761900 -0.00851700 -0.01257500
v 0.01855000 -0.00788000 -0.01257500
v 0.01759600 -0.00849000 -0.01245000
v 0.01853400 -0.00784800 -0.01245000
v 0.01960100 -0.00745800 -0.01245000
v 0.02073200 -0.00734400 -0.01245000
v 0.02185600 -0.00751300 -0.01245000
v 0.02184700 -0.00754700 -0.01257500
v 0.02290400 -0.00795400 -0.01245000
v 0.02288600 -0.00798500 -0.01257500
v 0.02378500 -0.00866600 -0.01257500
v 0.02072900 -0.00747200 -0.01266700
v 0.02182200 -0.00763600 -0.01266700
v 0.02284000 -0.00806500 -0.01266700
v 0.02372000 -0.00873200 -0.01266700
v 0.01740000 -0.00858700 -0.01257500
v 0.01743000 -0.00855300 -0.01245000
v 0.01750600 -0.00854100 -0.01245000
v 0.01743000 -0.00840700 -0.00405900
v 0.01747800 -0.00839500 -0.00405900
v 0.01749900 -0.00838100 -0.00406000
v 0.01746600 -0.00839800 -0.00405900
v 0.01828600 -0.00781600 -0.00406000
v 0.01981900 -0.00726500 -0.00406000
v 0.02144700 -0.00726900 -0.00406000
v 0.02422600 -0.00887300 -0.00406000
v 0.02504300 -0.01028100 -0.00406000
v 0.02508800 -0.01053000 -0.00406000
v 0.02533200 -0.01188400 -0.00406000
v 0.02538900 -0.01281800 -0.00383500
v 0.02540800 -0.01188400 -0.00388300
v 0.02524300 -0.01284800 -0.00401200
v 0.01749700 -0.00837500 -0.00401200
v 0.01749100 -0.00835900 -0.00397500
v 0.01827800 -0.00780100 -0.00397300
v 0.02549900 -0.01188300 -0.00382500
v 0.02520000 -0.01022400 -0.00382500
v 0.01745300 -0.00824700 -0.00384200
v 0.02423900 -0.00886200 -0.00397300
v 0.02428400 -0.00882400 -0.00388300
v 0.02505900 -0.01027600 -0.00397300
v 0.02534900 -0.01188400 -0.00397300
v 0.01748200 -0.00833500 -0.00391900
v 0.01824900 -0.00775000 -0.00388300
v 0.02511400 -0.01025500 -0.00388300
v 0.04102500 0.00745300 -0.00540700
v 0.03984000 0.01230200 -0.00540700
v 0.04001200 0.01235500 -0.00626100
v 0.04102500 -0.00745300 -0.00540700
v 0.04162200 -0.00249600 -0.00540700
v 0.04180200 -0.00250700 -0.00626100
v 0.03652500 -0.01916000 -0.00467200
v 0.03754200 -0.01673400 -0.00452300
v 0.03593800 -0.01881500 -0.00412600
v 0.03561000 -0.01862500 -0.00399300
v 0.03671600 -0.01636600 -0.00396000
v 0.03525000 -0.01841600 -0.00384700
v 0.03808500 0.01697500 -0.00540700
v 0.03697200 0.01943300 -0.00561000
v 0.03706100 0.01949600 -0.00626100
v 0.03824900 0.01704900 -0.00626100
v 0.03754200 0.01673400 -0.00452300
v 0.03610900 0.01891500 -0.00424700
v 0.03671600 0.01636600 -0.00396000
v 0.03840900 -0.01186000 -0.00396000
v 0.03691200 -0.01939500 -0.00540800
v 0.03808500 -0.01697500 -0.00540700
v 0.03918000 -0.01457100 -0.00626100
v 0.03984000 -0.01230200 -0.00540700
v 0.04120200 -0.00748500 -0.00626100
v 0.04120200 0.00748500 -0.00626100
v 0.04162200 0.00249600 -0.00540700
v 0.04180200 -0.00043900 -0.00626100
v 0.03948900 0.01375000 -0.00626100
v 0.03927300 0.01212700 -0.00452300
v 0.04044100 0.00734600 -0.00452300
v 0.04102900 0.00246100 -0.00452300
v 0.04044100 -0.00734600 -0.00452300
v 0.03927300 -0.01212700 -0.00452300
v 0.03680600 0.01963000 -0.00626300
v 0.03690700 0.01962200 -0.00626100
v 0.03672800 0.01950200 -0.00534100
v 0.03552700 0.01885300 -0.00414100
v 0.03618300 0.01924100 -0.00463400
v 0.03558400 0.01881900 -0.00406200
v 0.03626500 0.01922100 -0.00457200
v 0.03662900 0.01951300 -0.00537600
v 0.03680200 0.01962900 -0.00626300
v 0.03681700 0.01945000 -0.00531900
v 0.03700000 0.01957200 -0.00626000
v 0.03699700 0.01957500 -0.00626000
v 0.03564600 0.01875400 -0.00401000
v 0.03634300 0.01916400 -0.00453200
v 0.03693900 0.01983200 -0.01244700
v 0.03713000 0.01959900 -0.00935400
v 0.03719800 0.01970100 -0.01244600
v 0.03713600 0.01977600 -0.01244500
v 0.03713300 0.01977900 -0.01244500
v 0.03704400 0.01982600 -0.01244500
v 0.03694200 0.01983400 -0.01244700
v 0.03693400 0.01985500 -0.01254900
v 0.03703600 0.01985100 -0.01256900
v 0.03691200 0.01991000 -0.01263700
v 0.03684100 0.01982800 -0.01254500
v 0.03684200 0.01982500 -0.01253500
v 0.03684700 0.01980500 -0.01247800
v 0.03708800 0.01989000 -0.01273400
v 0.03700800 0.01991600 -0.01267400
v 0.03702700 0.02001000 -0.01282200
v 0.03696100 0.02001100 -0.01274500
v 0.03694700 0.02014700 -0.01285600
v 0.03697100 0.02016000 -0.01294500
v 0.03708300 0.01994900 -0.01288600
v 0.03713200 0.01985000 -0.01278900
v 0.03712600 0.01980900 -0.01260100
v 0.03716300 0.01978600 -0.01272600
v 0.03678900 0.01995300 -0.01267500
v 0.03683700 0.01984100 -0.01258100
v 0.03680200 0.01992700 -0.01266800
v 0.03685700 0.02009800 -0.01273300
v 0.03689800 0.02012000 -0.01277700
v 0.03693800 0.02014200 -0.01282200
v 0.02520100 0.01310600 -0.01253500
v 0.02514900 0.01319600 -0.01266700
v 0.02496800 0.01279400 -0.01266700
v 0.02496900 0.01295000 -0.01266700
v 0.02505900 0.01281200 -0.01257500
v 0.02506000 0.01293000 -0.01257500
v 0.02509400 0.01292200 -0.01245000
v 0.02500400 0.01122000 -0.01266700
v 0.02509600 0.01120600 -0.01257500
v 0.02457000 0.00968700 -0.01257500
v 0.02354600 0.00844900 -0.01257500
v 0.01761900 0.00851700 -0.01257500
v 0.02448900 0.00973300 -0.01266700
v 0.02348600 0.00851900 -0.01266700
v 0.02212300 0.00773300 -0.01266700
v 0.02488000 0.01124000 -0.01270000
v 0.02437900 0.00979500 -0.01270000
v 0.02340500 0.00861500 -0.01270000
v 0.02208100 0.00785100 -0.01270000
v 0.01736600 0.00880300 -0.01270000
v 0.01738200 0.00867800 -0.01266700
v 0.01752300 0.00857300 -0.01257500
v 0.01759300 0.00878000 -0.01270000
v 0.03571000 0.02183300 -0.01269800
v 0.03568000 0.02187600 -0.01267800
v 0.03562800 0.02194800 -0.01262300
v 0.03567500 0.02188300 -0.01267500
v 0.03562650 0.02202500 -0.01254200
v 0.03559300 0.02199000 -0.01254500
v 0.03559900 0.02198400 -0.01257500
v 0.03571000 0.02214900 -0.01256900
v 0.03581100 0.02200400 -0.01274500
v 0.03574900 0.02194000 -0.01269500
v 0.03569800 0.02201200 -0.01263700
v 0.03576900 0.02217400 -0.01273300
v 0.03575100 0.02209200 -0.01267400
v 0.03571800 0.02224800 -0.01260100
v 0.03570000 0.02231500 -0.01268000
v 0.03575700 0.02223100 -0.01279000
v 0.03583400 0.02187000 -0.01273300
v 0.03587300 0.02189400 -0.01277700
v 0.03584300 0.02206200 -0.01282200
v 0.03591300 0.02191900 -0.01282200
v 0.03591500 0.02198600 -0.01294200
v 0.03579200 0.02218000 -0.01285800
v 0.03566200 0.02205800 -0.01254900
v 0.03646800 0.02105500 -0.01294500
v 0.03679200 0.02047800 -0.01294500
v -0.03165200 -0.02732300 -0.00626100
v -0.03388900 -0.02460000 -0.00626100
v -0.03070600 -0.02847400 -0.00626100
v -0.02708300 -0.03194000 -0.00626100
v -0.02307200 -0.03494800 -0.00626100
v -0.00436000 -0.04164900 -0.00626100
v -0.00697100 -0.04121600 -0.00626100
v -0.01411900 -0.03942500 -0.00626100
v -0.01873000 -0.03745500 -0.00626100
v -0.02052100 -0.03642000 -0.00626100
v -0.02696700 -0.03180300 -0.00540700
v -0.03057400 -0.02835200 -0.00540700
v -0.00167400 -0.04072900 -0.00424700
v -0.00427900 -0.04087900 -0.00452300
v -0.00166700 -0.04135800 -0.00485500
v -0.00165900 -0.04164000 -0.00541900
v -0.00434100 -0.04147000 -0.00540700
v -0.00165600 -0.04173500 -0.00561000
v -0.00418500 -0.03998000 -0.00396000
v -0.01355300 -0.03784500 -0.00396000
v -0.01797900 -0.03595400 -0.00396000
v -0.03326300 -0.02414600 -0.00452300
v -0.03374300 -0.02449400 -0.00540700
v -0.00913400 -0.04007500 -0.00452300
v -0.01385800 -0.03869600 -0.00452300
v -0.01838400 -0.03676200 -0.00452300
v -0.02658300 -0.03135000 -0.00452300
v -0.03013900 -0.02794800 -0.00452300
f 8 12 9
f 8 14 12
f 8 9 14
f 13 3 11
f 10 1 6
f 6 1 2
f 6 2 7
f 2 5 7
f 15 4 16
f 19 20 21
f 21 20 22
f 23 17 24
f 24 17 18
f 25 23 26
f 26 23 24
f 31 32 33
f 33 32 34
f 33 34 35
f 35 34 36
f 37 38 39
f 39 38 40
f 41 42 43
f 48 39 49
f 49 39 41
f 50 47 51
f 51 47 48
f 40 54 42
f 42 54 55
f 42 55 45
f 45 55 44
f 46 44 56
f 62 63 64
f 64 63 65
f 67 60 68
f 68 60 59
f 72 69 70
f 72 70 73
f 73 70 71
f 73 71 74
f 75 76 77
f 77 76 78
f 79 78 80
f 82 83 84
f 81 82 85
f 86 56 44
f 86 44 87
f 87 44 55
f 87 55 88
f 90 53 52
f 90 52 91
f 93 88 89
f 93 89 94
f 94 89 90
f 95 91 92
f 96 97 98
f 99 100 101
f 102 103 104
f 107 105 108
f 110 106 107
f 110 107 111
f 111 108 112
f 112 30 111
f 111 113 110
f 109 113 114
f 109 114 102
f 29 115 116
f 117 23 25
f 117 25 118
f 120 119 122
f 120 122 121
f 122 123 124
f 125 61 126
f 126 61 66
f 58 127 128
f 58 128 57
f 30 112 27
f 28 129 130
f 28 130 131
f 131 130 132
f 130 129 133
f 133 129 134
f 136 137 138
f 142 143 138
f 138 143 144
f 138 144 136
f 136 144 145
f 146 147 148
f 148 147 149
f 152 155 153
f 153 155 156
f 158 150 151
f 151 159 160
f 140 141 162
f 163 164 165
f 169 168 162
f 138 137 169
f 169 137 170
f 172 164 163
f 172 163 173
f 176 175 177
f 161 139 166
f 162 141 169
f 169 141 142
f 169 142 138
f 166 140 162
f 166 162 165
f 165 168 163
f 163 168 167
f 174 167 171
f 174 171 178
f 185 186 187
f 187 186 188
f 192 185 193
f 193 185 187
f 195 194 190
f 197 199 200
f 197 200 198
f 198 200 201
f 198 201 204
f 204 201 202
f 204 202 205
f 205 202 203
f 205 203 206
f 209 208 212
f 212 216 213
f 213 216 214
f 215 214 217
f 220 218 219
f 220 219 221
f 226 225 227
f 230 229 231
f 233 228 232
f 235 237 238
f 235 238 236
f 234 236 239
f 234 239 242
f 244 237 245
f 245 237 235
f 248 247 246
f 191 189 243
f 252 241 253
f 253 241 240
f 255 238 186
f 186 238 237
f 257 250 251
f 258 253 259
f 259 253 254
f 263 258 264
f 264 258 259
f 264 259 265
f 265 259 260
f 266 261 262
f 261 267 268
f 261 268 256
f 269 231 229
f 224 271 223
f 223 271 272
f 211 222 210
f 275 273 276
f 276 273 274
f 270 275 271
f 271 275 276
f 279 277 280
f 280 277 278
f 207 281 196
f 196 281 249
f 282 284 285
f 285 286 287
f 284 283 290
f 290 283 291
f 290 291 292
f 292 291 293
f 300 301 302
f 303 304 305
f 319 321 320
f 320 321 322
f 321 323 322
f 322 323 324
f 325 326 327
f 326 328 329
f 326 329 327
f 327 329 330
f 327 330 333
f 333 330 331
f 333 331 334
f 334 331 332
f 334 332 335
f 325 327 336
f 338 337 341
f 341 345 343
f 343 345 342
f 344 342 346
f 349 347 348
f 349 348 350
f 355 354 356
f 363 362 365
f 364 357 362
f 362 357 358
f 365 358 359
f 367 369 370
f 367 370 368
f 366 368 371
f 366 371 374
f 378 377 369
f 378 369 367
f 375 376 379
f 325 382 326
f 326 382 383
f 383 381 380
f 388 373 389
f 389 373 372
f 391 370 323
f 323 370 369
f 392 386 387
f 393 389 394
f 394 389 390
f 398 393 399
f 399 393 394
f 399 394 400
f 400 394 395
f 401 396 397
f 404 403 405
f 402 357 406
f 406 357 364
f 407 361 385
f 385 361 360
f 353 409 352
f 352 409 410
f 340 351 339
f 413 411 414
f 414 411 412
f 408 413 409
f 409 413 414
f 417 415 418
f 418 415 416
f 336 419 325
f 325 419 384
f 425 426 427
f 427 426 428
f 427 428 429
f 429 428 430
f 426 425 431
f 431 425 432
f 433 434 435
f 435 436 437
f 438 439 440
f 425 446 432
f 455 444 443
f 457 441 458
f 445 438 446
f 446 440 447
f 447 440 459
f 444 460 442
f 439 457 440
f 466 462 467
f 467 462 463
f 468 464 469
f 469 464 465
f 469 465 470
f 470 466 471
f 471 466 467
f 473 472 474
f 477 476 478
f 479 480 481
f 481 480 482
f 490 479 491
f 491 479 481
f 492 484 493
f 493 484 486
f 494 487 495
f 495 487 488
f 499 494 495
f 499 495 500
f 500 495 496
f 501 497 502
f 502 497 498
f 503 499 504
f 505 508 506
f 506 509 507
f 507 509 510
f 461 514 512
f 515 469 516
f 516 469 470
f 516 470 475
f 475 470 471
f 517 519 520
f 517 520 518
f 475 474 517
f 517 474 521
f 522 476 489
f 522 489 524
f 527 485 483
f 527 483 528
f 523 524 525
f 523 525 529
f 529 526 530
f 531 532 533
f 531 533 534
f 536 535 511
f 536 511 537
f 538 540 539
f 539 540 541
f 540 542 541
f 541 542 543
f 546 547 548
f 549 548 543
f 549 543 542
f 545 544 551
f 550 552 544
f 556 553 513
f 555 557 554
f 554 557 558
f 562 563 564
f 565 559 566
f 568 569 561
f 572 573 574
f 574 559 575
f 572 575 570
f 571 577 576
f 578 563 579
f 577 580 579
f 579 580 581
f 579 581 578
f 587 588 589
f 590 591 592
f 588 590 589
f 589 590 592
f 593 585 586
f 594 606 595
f 595 606 607
f 608 583 609
f 609 583 584
f 597 584 596
f 611 612 613
f 614 615 616
f 618 619 620
f 620 619 621
f 624 622 625
f 624 625 627
f 618 611 619
f 619 611 613
f 628 626 634
f 613 632 633
f 635 617 636
f 623 640 638
f 641 642 643
f 643 642 644
f 646 647 648
f 645 646 648
f 639 648 637
f 637 648 642
f 642 648 647
f 642 647 644
f 649 654 651
f 659 662 660
f 660 662 663
f 667 670 668
f 672 673 675
f 679 678 666
f 681 675 676
f 682 665 664
f 683 680 684
f 691 690 692
f 694 695 696
f 697 698 699
f 699 685 700
f 697 699 700
f 697 700 701
f 702 703 704
f 704 703 694
f 704 694 696
f 704 696 705
f 691 693 706
f 707 695 694
f 709 710 711
f 711 710 708
f 709 711 712
f 712 711 713
f 708 686 689
f 713 688 687
f 703 716 694
f 694 716 717
f 694 717 707
f 714 718 712
f 712 715 709
f 709 715 716
f 723 724 725
f 726 727 728
f 729 726 730
f 730 726 728
f 730 728 731
f 731 728 732
f 725 734 735
f 725 735 723
f 723 735 736
f 737 738 739
f 719 740 720
f 737 739 724
f 743 742 744
f 743 744 738
f 745 746 747
f 740 750 751
f 752 720 740
f 739 733 725
f 739 725 724
f 739 744 752
f 753 745 741
f 748 757 749
f 754 758 756
f 756 758 759
f 756 759 755
f 762 767 768
f 762 768 763
f 764 629 765
f 765 630 766
f 766 631 761
f 769 760 770
f 773 774 775
f 771 772 776
f 777 735 778
f 735 734 778
f 772 774 773
f 786 736 787
f 792 791 793
f 790 789 794
f 794 792 795
f 797 798 799
f 799 801 802
f 787 781 785
f 789 804 792
f 792 804 799
f 780 779 785
f 785 779 784
f 806 805 807
f 812 822 820
f 809 806 819
f 820 818 813
f 824 814 815
f 825 824 826
f 826 824 815
f 826 815 816
f 828 817 818
f 831 830 832
f 831 832 833
f 833 832 834
f 826 827 835
f 839 836 840
f 840 838 834
f 844 834 832
f 841 832 843
f 829 840 844
f 845 841 835
f 853 854 855
f 858 853 859
f 859 853 855
f 859 855 860
f 867 847 846
f 873 872 870
f 861 872 862
f 871 873 874
f 877 876 878
f 852 875 846
f 846 875 880
f 875 881 882
f 875 882 880
f 851 850 877
f 877 850 849
f 877 849 848
f 864 878 856
f 856 878 879
f 872 864 862
f 882 885 880
f 867 886 847
f 865 890 891
f 865 891 863
f 889 892 891
f 895 887 888
f 894 860 891
f 898 899 900
f 901 902 903
f 904 901 905
f 910 893 866
f 907 912 908
f 908 912 911
f 915 914 913
f 925 924 926
f 926 927 928
f 933 923 934
f 922 934 936
f 936 934 935
f 939 925 940
f 940 925 926
f 940 926 941
f 932 942 931
f 930 943 944
f 930 944 929
f 948 947 951
f 949 950 951
f 957 955 954
f 958 954 959
f 902 960 903
f 903 960 961
f 896 952 897
f 961 959 954
f 961 954 953
f 962 963 964
f 920 921 956
f 919 920 965
f 965 920 956
f 965 956 966
f 966 956 957
f 918 919 965
f 971 972 973
f 969 970 963
f 980 978 974
f 980 974 982
f 981 917 916
f 966 967 975
f 975 967 968
f 970 980 982
f 983 982 981
f 994 996 995
f 995 996 997
f 1008 1001 1002
f 1008 1002 1009
f 1012 1005 1006
f 1014 1007 1015
f 1016 1008 1017
f 1018 1010 1011
f 1018 1011 1019
f 1020 1013 997
f 1020 997 996
f 1021 1023 1022
f 1030 985 986
f 1025 1026 1034
f 1035 1036 1037
f 1037 1036 1034
f 987 1039 986
f 1039 1027 1028
f 1039 1028 1029
f 988 989 1040
f 1040 989 990
f 1033 1042 1031
f 1035 1040 1041
f 1035 1041 1036
f 1045 1024 1038
f 1043 1044 1046
f 1045 1038 1049
f 796 793 1044
f 1050 802 1053
f 782 803 1055
f 1055 1057 783
f 801 800 1053
f 1053 798 1057
f 1051 1048 1054
f 1054 1047 1050
f 1056 1052 1057
f 1058 1059 1060
f 1063 1062 1060
f 1063 1060 1064
f 1062 1065 1066
f 1062 1066 1067
f 1068 1060 1062
f 998 1069 1067
f 999 1065 1071
f 999 1071 1000
f 1003 1073 1074
f 1074 1075 1004
f 1077 1078 1079
f 1061 1063 1081
f 1082 1083 1084
f 1064 1070 1085
f 1071 1061 1081
f 1087 1072 1086
f 1088 1080 1076
f 1063 1064 1081
f 1079 1082 1077
f 1090 653 1091
f 1092 591 1093
f 1094 1092 1095
f 1095 1092 1093
f 1095 1093 1096
f 1091 1098 1090
f 1090 1098 1089
f 1100 1099 1101
f 1104 1106 1107
f 1104 1107 1102
f 1097 1100 1096
f 1110 1094 1095
f 1111 1095 1109
f 652 650 1099
f 1105 1114 1104
f 1104 1114 1115
f 1108 1109 1102
f 1102 1100 1103
f 1105 1112 1113
f 1118 1119 1120
f 1121 1122 1123
f 1126 1125 1120
f 1126 1129 1124
f 1132 1116 1131
f 656 658 657
f 1120 1119 1126
f 1126 1119 1135
f 656 1118 1120
f 1131 1130 1133
f 1136 1137 1138
f 1128 1127 1139
f 1139 1127 1140
f 1139 1140 1141
f 655 1137 1134
f 1134 1137 1136
f 1134 1136 1118
f 1118 1136 1142
f 1118 1142 1119
f 1119 1142 1143
f 1119 1143 1135
f 1135 1144 1127
f 1127 1144 1140
f 1144 1143 1148
f 1148 1136 1149
f 1146 1149 1150
f 1145 1152 1153
f 1145 1153 1151
f 1141 1140 1154
f 1154 1140 1155
f 1153 1156 1155
f 1155 1144 1148
f 1153 1148 1147
f 1158 1157 661
f 1158 661 1159
f 1162 1161 1163
f 1164 1163 1165
f 670 669 1166
f 1166 1165 670
f 671 1167 674
f 677 1168 1169
f 678 1169 1160
f 1170 669 1171
f 1171 1172 1173
f 1184 1186 1187
f 1184 1187 1185
f 1189 1190 1191
f 1191 1190 1192
f 1186 1183 1193
f 1193 1183 1188
f 1187 1186 1194
f 1194 1186 1193
f 1195 1197 1196
f 1196 1197 1198
f 1201 1202 1203
f 1203 1202 1204
f 1203 1204 1205
f 1205 1204 1206
f 1207 1208 1209
f 1209 1208 1210
f 1211 1212 1213
f 1218 1209 1219
f 1219 1209 1211
f 1220 1217 1221
f 1221 1217 1218
f 1210 1225 1212
f 1212 1225 1226
f 1212 1226 1214
f 1214 1226 1215
f 1216 1215 1227
f 1234 1233 1235
f 1232 1231 1237
f 1238 1239 1240
f 1236 1242 1202
f 1202 1242 1222
f 1249 1250 1251
f 1251 1250 1252
f 1254 1253 1200
f 1254 1200 1255
f 1256 1199 1257
f 1257 1258 1259
f 1260 1261 1262
f 1262 1261 1229
f 1262 1229 1230
f 1230 1228 1263
f 1264 1265 1266
f 1267 1227 1215
f 1267 1215 1268
f 1268 1215 1226
f 1268 1226 1269
f 1271 1224 1223
f 1271 1223 1272
f 1274 1269 1270
f 1274 1270 1275
f 1275 1270 1271
f 1276 1272 1273
f 1241 1243 1277
f 1244 1246 1278
f 1278 1246 1279
f 1280 1279 1281
f 1248 1285 1286
f 1248 1286 1247
f 1247 1286 1282
f 1247 1282 1245
f 1283 1287 1284
f 1284 1287 1288
f 1289 1291 1290
f 1290 1291 1292
f 1293 1295 1294
f 1294 1295 1296
f 1307 1308 1309
f 1310 1311 1312
f 1316 1315 1309
f 1317 1318 1316
f 1316 1318 1319
f 1306 1311 1310
f 1306 1310 1304
f 1301 1300 1322
f 1297 1324 1313
f 1309 1308 1316
f 1316 1308 1325
f 1316 1325 1317
f 1313 1307 1309
f 1313 1309 1312
f 1312 1315 1310
f 1310 1315 1314
f 1321 1314 1320
f 1321 1320 1323
f 1326 1318 1317
f 1325 1327 1317
f 1317 1327 1328
f 1317 1328 1326
f 1326 1328 1329
f 1338 1339 1340
f 1341 1342 1343
f 1336 1344 1332
f 1353 1352 1354
f 1353 1354 1355
f 1362 1359 1363
f 1364 1360 1365
f 1366 1361 1367
f 1367 1361 1358
f 1369 1356 1371
f 1368 1370 1372
f 1377 1376 1378
f 1378 1379 1380
f 1386 1385 1387
f 1391 1374 1392
f 1373 1392 1395
f 1395 1392 1393
f 1389 1394 1388
f 1396 1375 1397
f 1398 1377 1399
f 1399 1377 1378
f 1399 1378 1400
f 1405 1404 1406
f 1405 1406 1407
f 1404 1408 1409
f 1404 1409 1406
f 1414 1410 1415
f 1415 1410 1411
f 1417 1412 1418
f 1418 1412 1413
f 1418 1413 1419
f 1419 1413 1414
f 1419 1414 1420
f 1420 1414 1415
f 1421 1422 1423
f 1423 1422 1424
f 1426 1425 1427
f 1426 1427 1428
f 1428 1427 1429
f 1431 1432 1433
f 1433 1432 1434
f 1437 1421 1438
f 1441 1430 1431
f 1441 1431 1442
f 1442 1431 1433
f 1442 1433 1443
f 1443 1433 1435
f 1444 1439 1445
f 1445 1439 1440
f 1446 1442 1447
f 1422 1448 1424
f 1424 1448 1449
f 1454 1455 1456
f 1456 1455 1457
f 1436 1453 1459
f 1459 1453 1460
f 1461 1462 1463
f 1467 1464 1468
f 1468 1464 1465
f 1468 1465 1469
f 1469 1465 1466
f 1470 1467 1468
f 1471 1472 1473
f 1416 1477 1478
f 1479 1417 1480
f 1480 1418 1481
f 1481 1418 1419
f 1481 1419 1458
f 1458 1419 1420
f 1482 1484 1485
f 1485 1486 1487
f 1482 1485 1483
f 1490 1487 1488
f 1458 1457 1482
f 1482 1457 1492
f 1492 1494 1493
f 1493 1494 1495
f 1460 1453 1496
f 1496 1453 1498
f 1496 1498 1497
f 1497 1498 1499
f 1498 1453 1452
f 1498 1452 1501
f 1504 1451 1450
f 1504 1450 1505
f 1500 1501 1502
f 1500 1502 1506
f 1506 1502 1503
f 1506 1503 1507
f 1509 1508 1510
f 1511 1512 1513
f 1515 1514 1516
f 1518 1519 1520
f 1518 1520 1521
f 1523 1522 1524
f 1523 1524 1525
f 1475 1527 1526
f 1526 1527 1528
f 1529 1530 1409
f 1409 1530 1531
f 1409 1531 1517
f 1532 1533 1530
f 1530 1533 1531
f 1536 1537 1538
f 1538 1537 1539
f 1535 1540 1537
f 1537 1540 1541
f 1539 1542 1527
f 1527 1542 1528
f 1536 1544 1534
f 1534 1544 1545
f 1543 1546 1544
f 1544 1546 1547
f 1553 1548 1476
f 1476 1548 1474
f 1552 1554 1550
f 1550 1554 1551
f 1549 1551 1555
f 1556 1491 1557
f 1557 1491 1489
f 1562 1561 1560
f 1558 1561 1568
f 1568 1561 1562
f 1568 1562 1570
f 1572 1573 1564
f 1564 1573 1565
f 1575 1576 1577
f 1575 1578 1559
f 1574 1580 1581
f 1574 1581 1579
f 1582 1565 1583
f 1581 1584 1583
f 1583 1584 1585
f 1583 1585 1582
f 1583 1577 1581
f 1581 1576 1579
f 1597 1595 1598
f 1597 1598 1599
f 1599 1600 1601
f 1601 1600 1602
f 1602 1603 1604
f 1594 1587 1596
f 1607 1589 1588
f 1607 1588 1608
f 1600 1609 1607
f 1600 1607 1603
f 1610 1606 1611
f 1611 1606 1605
f 1611 1605 1612
f 1612 1608 1613
f 1613 1588 1614
f 1615 1616 1617
f 1618 1619 1620
f 1620 1619 1621
f 1620 1621 1622
f 1623 1616 1624
f 1624 1616 1615
f 1624 1615 1625
f 1625 1615 1626
f 1625 1626 1627
f 1627 1626 1628
f 1627 1628 1630
f 1619 1629 1621
f 1635 1636 1637
f 1637 1636 1638
f 1637 1638 1639
f 1638 1643 1640
f 1640 1643 1644
f 1644 1647 1645
f 1645 1647 1648
f 1656 1655 1648
f 1656 1648 1647
f 1657 1654 1658
f 1659 1656 1647
f 1659 1647 1646
f 1660 1661 1662
f 1662 1661 1663
f 1665 1664 1666
f 1674 1669 1675
f 1676 1675 1677
f 1681 1682 1683
f 1688 1689 1690
f 1690 1689 1681
f 1690 1681 1683
f 1690 1683 1691
f 1676 1678 1692
f 1693 1682 1681
f 1667 1668 1694
f 1695 1696 1697
f 1697 1696 1694
f 1680 1667 1694
f 1680 1694 1687
f 1695 1697 1698
f 1698 1697 1699
f 1692 1699 1674
f 1694 1670 1673
f 1694 1673 1697
f 1697 1673 1672
f 1699 1672 1671
f 1689 1702 1681
f 1681 1702 1703
f 1681 1703 1693
f 1700 1704 1698
f 1698 1701 1695
f 1695 1701 1702
f 1710 1711 1712
f 1713 1714 1715
f 1716 1713 1717
f 1717 1713 1715
f 1717 1715 1718
f 1718 1715 1719
f 1712 1720 1722
f 1712 1722 1710
f 1710 1722 1723
f 1725 1726 1727
f 1707 1728 1706
f 1725 1727 1711
f 1731 1730 1732
f 1731 1732 1726
f 1733 1734 1735
f 1728 1738 1739
f 1732 1705 1706
f 1732 1706 1741
f 1741 1706 1728
f 1733 1728 1740
f 1729 1721 1727
f 1727 1721 1712
f 1727 1712 1711
f 1727 1732 1741
f 1742 1733 1729
f 1717 1735 1737
f 1740 1744 1734
f 1736 1747 1737
f 1737 1748 1724
f 1743 1749 1746
f 1746 1749 1750
f 1746 1750 1745
f 1755 1756 1634
f 1631 1632 1665
f 1762 1635 1637
f 1625 1627 1766
f 1767 1768 1769
f 1773 1772 1766
f 1773 1774 1771
f 1762 1763 1770
f 1779 1777 1776
f 1761 1781 1764
f 1781 1765 1764
f 1766 1627 1773
f 1773 1627 1630
f 1781 1625 1766
f 1776 1771 1775
f 1776 1775 1780
f 1788 1789 1790
f 1791 1788 1792
f 1792 1788 1790
f 1792 1790 1793
f 1796 1795 1797
f 1798 1795 1799
f 1800 1787 1786
f 1803 1782 1805
f 1803 1805 1801
f 1794 1796 1793
f 1808 1791 1792
f 1808 1792 1809
f 1809 1792 1807
f 1798 1812 1795
f 1810 1813 1814
f 1804 1784 1803
f 1803 1784 1783
f 1806 1807 1801
f 1801 1796 1802
f 1802 1797 1804
f 1804 1797 1810
f 1804 1810 1785
f 1816 1811 1815
f 1818 1817 1819
f 1821 1822 1610
f 1756 1754 1820
f 1822 1823 1819
f 1819 1823 1818
f 1821 1610 1611
f 1821 1611 1825
f 1614 1827 1826
f 1834 1828 1829
f 1834 1829 1835
f 1757 1824 1833
f 1757 1833 1758
f 1759 1836 1760
f 1590 1753 1832
f 1591 1831 1592
f 1592 1830 1593
f 1837 1751 1838
f 1838 1751 1752
f 1842 1841 1843
f 1849 1850 1851
f 1715 1839 1852
f 1715 1852 1719
f 1853 1842 1854
f 1845 1848 1854
f 1856 1722 1857
f 1855 1844 1840
f 1722 1720 1857
f 1848 1850 1849
f 1854 1849 1851
f 1864 1847 1846
f 1866 1723 1867
f 1871 1872 1873
f 1873 1872 1874
f 1870 1869 1875
f 1875 1869 1873
f 1875 1873 1876
f 1876 1873 1874
f 1876 1874 1877
f 1878 1879 1880
f 1880 1882 1883
f 1861 1863 1884
f 1863 1886 1884
f 1867 1860 1865
f 1869 1888 1873
f 1873 1888 1880
f 1859 1858 1865
f 1865 1858 1864
f 1887 1864 1885
f 1896 1897 1898
f 1897 1900 1898
f 1896 1898 1902
f 1904 1903 1906
f 1912 1916 1913
f 1914 1918 1915
f 1915 1918 1919
f 1916 1920 1917
f 1922 1924 1925
f 1922 1925 1923
f 1927 1928 1929
f 1936 1927 1929
f 1936 1929 1937
f 1940 1932 1933
f 1940 1933 1941
f 1942 1921 1934
f 1942 1934 1943
f 1944 1935 1936
f 1944 1936 1945
f 1946 1937 1938
f 1946 1938 1947
f 1947 1938 1939
f 1947 1939 1948
f 1949 1941 1919
f 1949 1919 1918
f 1950 1952 1951
f 1952 1956 1953
f 1954 1959 1924
f 1924 1959 1960
f 1924 1960 1957
f 1925 1958 1961
f 1925 1961 1926
f 1930 1964 1965
f 1965 1966 1931
f 1968 1969 1970
f 1972 1973 1974
f 1976 1890 1977
f 1977 1891 1975
f 1975 1891 1889
f 1975 1889 1586
f 1978 1979 1980
f 1961 1972 1974
f 1983 1963 1982
f 1982 1963 1962
f 1985 1971 1967
f 1973 1978 1974
f 1974 1980 1982
f 1985 1970 1984
f 1970 1975 1968
f 1987 1988 1989
f 1973 1990 1989
f 1973 1989 1978
f 1990 1958 1957
f 1990 1957 1960
f 1955 1992 1956
f 1988 1986 1981
f 1991 1989 1992
f 1992 1989 1990
f 2000 1993 1997
f 2001 2000 1999
f 1877 1874 2003
f 2003 1874 1872
f 1996 1883 2002
f 1996 2002 2005
f 1861 1884 1994
f 1994 2006 1862
f 1882 1881 2002
f 2002 1879 2006
f 2006 1878 1862
f 2005 2008 1996
f 1996 2008 2009
f 1996 2009 2004
f 1995 1993 2006
f 2006 2000 2002
f 1998 1999 1894
f 1893 1892 2010
f 1895 1893 2007
f 2007 1893 2010
f 2007 2010 2008
f 2008 2010 2013
f 2009 2014 2004
f 1905 1908 2015
f 1899 1901 2017
f 2018 2019 2020
f 2020 2019 2017
f 2026 2025 2027
f 2023 2022 2015
f 1901 1900 2017
f 2022 1896 1902
f 2022 1902 1904
f 2029 2030 2026
f 2026 2030 2031
f 2026 2031 2024
f 2011 2028 2016
f 2023 2029 2021
f 2021 2029 2026
f 2018 2026 2027
f 2018 2027 2019
f 2031 2036 2038
f 2039 2040 2041
f 2033 2045 2046
f 2033 2046 2034
f 2041 2047 2048
f 2042 2044 2049
f 2051 2052 2043
f 2052 2036 2035
f 2052 2035 2058
f 2058 2035 2046
f 2053 2057 2054
f 2047 2060 2048
f 2048 2060 2061
f 2044 2052 2058
f 2059 2058 2053
f 2063 2049 2062
f 2064 2065 2066
f 2040 2064 2041
f 2041 2064 2066
f 2041 2066 2047
f 2047 2066 2067
f 2045 2072 2073
f 2055 2074 2056
f 2075 2079 2076
f 2078 2077 2080
f 2077 2081 2080
f 1401 2032 1907
f 2084 1910 2085
f 2089 1909 1911
f 1911 2091 2090
f 1569 1571 2092
f 2097 2098 2099
f 2099 2098 2092
f 2099 1563 2100
f 2099 2100 2097
f 2102 2094 2093
f 2102 2093 2103
f 2103 2093 2104
f 2103 2104 2105
f 2092 1571 2099
f 2096 1569 2092
f 2096 2092 2095
f 2095 2092 2098
f 2104 2097 2101
f 2109 2112 2105
f 2116 2117 2118
f 2119 2120 2121
f 2129 2130 2131
f 2124 2127 2126
f 1329 2136 2137
f 2137 2136 2138
f 2121 2141 2119
f 2118 2142 2116
f 2128 2129 2131
f 2134 2133 2132
f 2135 2150 2126
f 2126 2150 2123
f 2126 2123 2125
f 2132 2128 2146
f 2146 2128 2117
f 2147 2116 2148
f 2148 2116 2143
f 2149 2119 2150
f 2150 2119 2140
f 2150 2140 2123
f 2123 2140 2138
f 2123 2138 2122
f 2122 2138 2136
f 2151 2152 2153
f 2157 2156 2155
f 2155 2156 2154
f 2158 2159 2153
f 2161 2129 2160
f 2161 2160 2162
f 2153 2160 2164
f 2163 2156 2164
f 2164 2156 2157
f 2164 2157 2153
f 2153 2157 2155
f 2153 2155 2158
f 2166 2130 2161
f 2167 2166 2168
f 2168 2166 2161
f 2168 2161 2169
f 2170 2162 2152
f 2170 2152 2171
f 2171 2152 2151
f 2171 2151 2165
f 2171 2165 2172
f 2175 2172 2176
f 2178 2179 2180
f 2180 2179 2181
f 2109 2111 2180
f 2180 2111 2182
f 2171 2172 2170
f 2170 2172 2173
f 2170 2173 2169
f 2169 2184 2168
f 2185 2168 2184
f 2185 2184 2183
f 2181 2114 2113
f 2181 2113 2180
f 2180 2113 2112
f 2180 2112 2109
f 2179 2173 2174
f 2179 2174 2181
f 2187 2175 2189
f 2115 2176 2177
f 2190 2186 2188
f 2191 2192 2193
f 2193 2192 2194
f 2193 2194 1396
f 1396 2194 2195
f 2191 2193 2197
f 2193 1396 1397
f 2193 1397 2197
f 2197 1397 1398
f 2198 1400 2199
f 2191 2197 2196
f 2086 2205 2087
f 2087 2205 2206
f 2087 2206 2088
f 2088 2206 2207
f 2088 2207 2083
f 1386 2082 1385
f 1384 2204 2203
f 1384 2203 1383
f 1383 2203 2202
f 1383 2202 1382
f 1381 2201 2200
f 2078 2210 2211
f 2213 2209 2214
f 2211 2210 2217
f 2218 2216 1390
f 2215 2208 2213
f 2212 2214 2217
f 2219 2222 2223
f 2067 2227 2226
f 2067 2226 2068
f 2068 2226 2069
f 2224 2225 2228
f 2071 2070 2230
f 2230 2070 2231
f 2229 2221 2220
f 2070 2069 2231
f 2231 2069 2226
f 2231 2226 2225
f 2233 2232 2236
f 2237 2071 2230
f 2238 2237 2239
f 2247 2245 2248
f 2249 2250 2251
f 2241 2254 2244
f 2244 2254 2251
f 1356 2257 2258
f 2260 2259 2261
f 2260 2261 2262
f 2263 2261 2264
f 2266 2265 2267
f 2266 2267 2268
f 2267 2261 2259
f 2269 2255 2266
f 2266 2255 2256
f 2276 2270 2277
f 2278 2269 2268
f 1347 2271 1349
f 1349 2271 2272
f 2272 2273 1350
f 1350 2275 1351
f 1351 2275 2274
f 1356 1357 2257
f 2279 1347 2280
f 1345 2281 1346
f 2285 2284 2282
f 2243 2242 2290
f 2291 2288 2289
f 2293 2291 2283
f 2295 2243 2290
f 2295 2290 2296
f 2242 2252 2290
f 2290 2252 2294
f 2290 2294 2297
f 2234 2253 2286
f 2286 2298 2235
f 2292 2299 2297
f 2297 2300 2290
f 2287 2288 2298
f 2282 1335 2301
f 2285 2282 2299
f 2299 2282 2301
f 2299 2301 2300
f 2300 2301 2304
f 1341 1343 2307
f 2311 2312 2313
f 2313 2312 2310
f 2301 1333 2310
f 2304 2310 2312
f 2304 2312 2305
f 2311 2313 2314
f 2319 2318 2320
f 2320 2318 2321
f 2316 2315 2307
f 2307 2315 1340
f 1334 1337 2310
f 2310 1337 1331
f 2315 1330 1338
f 2315 1338 1340
f 2323 2324 2319
f 2306 2320 2302
f 2302 2320 2322
f 2314 2323 2319
f 2312 2320 2306
f 2312 2306 2305
f 2333 2334 2335
f 2326 2336 2337
f 2326 2337 2327
f 2327 2337 2328
f 2332 2338 2339
f 2340 2330 2329
f 2341 2340 2342
f 2342 2329 2328
f 2347 2328 2337
f 2343 2337 2346
f 2335 2342 2347
f 2348 2343 2339
f 2339 2344 2332
f 2332 2344 2345
f 2351 2352 2353
f 2331 2351 2332
f 2332 2351 2353
f 2332 2353 2354
f 2338 2354 2349
f 2350 2355 2356
f 2360 2359 2361
f 2363 2362 2364
f 2369 2368 2370
f 2354 2368 2355
f 2355 2368 2356
f 2358 2357 2372
f 2367 2375 2373
f 2366 2363 2371
f 2371 2361 2359
f 2357 2356 2373
f 2373 2356 2368
f 2373 2368 2367
f 1182 1181 2381
f 1181 1180 2381
f 2381 1180 1178
f 2381 1178 1177
f 1179 2378 1174
f 2382 2365 2383
f 2383 2371 2359
f 2376 2375 2387
f 2377 2376 2387
f 2379 2389 2381
f 2379 2381 1176
f 2375 2374 2387
f 2387 2374 2382
f 2393 2384 2389
f 2389 2385 2381
f 2381 2378 1182
f 2386 420 1175
f 2394 2395 2396
f 1141 1154 2403
f 2403 1154 2402
f 2408 2409 2405
f 2405 2409 2410
f 2421 2423 2420
f 2420 2423 2424
f 2418 2419 2425
f 2400 2401 1152
f 2422 2399 2423
f 2423 2399 2411
f 2424 2406 2419
f 2419 2406 2408
f 2419 2408 2425
f 2425 2408 2405
f 2401 2402 1156
f 2430 2431 2429
f 2430 2429 424
f 2433 2434 2428
f 2428 2434 2426
f 2436 2437 2435
f 2437 2395 2435
f 2435 2395 2394
f 2439 2416 2417
f 2439 2417 2438
f 2428 2432 2430
f 2428 2430 2433
f 422 421 2440
f 2443 2437 2436
f 2443 2436 2444
f 2444 2436 2427
f 2445 2426 2440
f 2440 2426 2434
f 2440 2434 422
f 422 2434 423
f 2446 2447 2448
f 2451 2450 2452
f 2449 2453 2454
f 2444 2446 2443
f 2443 2446 2455
f 2456 2442 2441
f 2456 2441 2457
f 2457 2455 2454
f 2458 2459 2460
f 2452 1305 1303
f 2452 1303 2451
f 2451 1303 1302
f 2454 2455 2449
f 2449 2455 2446
f 2450 2446 2448
f 2461 2463 2462
f 2461 2462 2459
f 2465 2466 426
f 2464 2465 2468
f 2465 426 431
f 2465 431 2468
f 2469 435 437
f 2464 2468 2467
f 2475 2469 2470
f 2475 2470 2476
f 2478 2477 2480
f 449 2473 448
f 449 450 2474
f 2474 451 2472
f 2472 451 452
f 2471 453 2479
f 2479 453 454
f 2481 454 455
f 2482 455 456
f 2345 2484 2485
f 2325 1343 2483
f 2483 1343 1342
f 2483 1342 1348
f 2495 2498 2497
f 2527 2530 2529
f 2568 308 2571
f 311 308 2568
f 2577 311 2568
f 311 2577 2569
f 311 2569 2488
f 2488 2569 2576
f 308 310 2571
f 2574 1403 2573
f 2573 1402 2568
f 1403 2574 2568
f 1403 2568 1402
f 2576 2559 2570
f 2576 2570 2488
f 2488 2570 309
f 2572 2557 2558
f 2557 2572 313
f 2577 2567 2566
f 2577 318 2567
f 316 2565 318
f 316 318 317
f 2577 314 318
f 2575 2564 2577
f 2577 2564 314
f 2575 1633 2564
f 2574 2563 2575
f 2575 2563 1633
f 2574 2562 2563
f 2574 2561 2562
f 2560 2561 2573
f 2573 2561 2574
f 610 2559 2576
f 2570 2571 309
f 309 2571 310
f 2486 2560 2573
f 1402 2573 1403
f 2558 610 2572
f 2572 610 2576
f 2572 2576 2569
f 2572 2569 2578
f 2578 2579 2572
f 2572 2579 2577
f 2578 2569 2579
f 2579 2569 2577
f 2572 2577 2566
f 2572 2566 313
f 2559 2486 2570
f 2570 2486 2573
f 2570 2573 2571
f 2571 2573 2568
f 2568 2491 2577
f 2489 2575 2577
f 2575 2489 2490
f 2577 2491 2489
f 2574 2575 2568
f 2568 2575 2490
f 2568 2490 2491
f 312 2487 2596
f 306 2492 2597
f 306 2597 307
f 2597 2591 307
f 2492 2588 2597
f 2597 2588 2591
f 2604 2603 2388
f 1032 1031 2609
f 984 2580 991
f 723 788 724
f 696 2380 705
f 2606 721 2607
f 2608 722 742
f 2608 742 743
f 2601 2330 2602
f 2602 2330 2340
f 2308 2322 2309
f 2309 2318 2317
f 2317 2601 2600
f 2599 2038 2037
f 2037 2050 2599
f 2599 2050 2051
f 2599 2049 2237
f 2237 2063 2071
f 2598 2238 2240
f 2309 2246 2303
f 695 707 2392
f 2392 2605 2390
f 2391 2604 2388
f 2587 2586 2610
f 2012 2016 2595
f 2038 2594 2024
f 1710 1868 1711
f 1683 2612 1691
f 2590 1708 2592
f 2593 1709 1730
f 2593 1730 1731
f 2584 837 2585
f 2585 837 836
f 869 879 868
f 868 876 848
f 848 2584 2583
f 2581 984 977
f 977 976 2581
f 2581 976 979
f 2581 963 901
f 901 962 902
f 2582 904 906
f 868 909 857
f 1682 1693 2611
f 2611 2589 2613
f 2614 2587 2610
f 2622 811 810
f 823 822 2623
f 2625 2626 2627
f 2626 2628 2627
f 2627 2628 2629
f 2627 2629 2630
f 2615 2617 2631
f 2622 808 2621
f 2620 823 2623
f 2619 2624 2627
f 2619 2627 2618
f 822 821 2623
f 2623 821 2622
f 2634 2632 2624
f 2624 2633 2627
f 2627 2617 2625
f 2635 2636 2637
f 2638 2639 2640
f 2641 2642 2643
f 2645 2641 2646
f 2646 2641 2643
f 2642 2656 2643
f 2643 2656 2657
f 2648 2658 2650
f 2650 2658 2659
f 2656 2644 2657
f 2660 2661 2662
f 2618 2630 2663
f 2660 2616 2615
f 2664 1685 2669
f 2669 1685 1686
f 2668 2666 2667
f 1684 2665 1679
f 2671 1660 2672
f 1660 2673 2672
f 2672 2673 2670
f 2647 2649 1649
f 1650 2652 1651
f 1651 2652 2651
f 1651 2651 1652
f 1652 2654 2653
f 1652 2653 1653
f 1653 2653 2655
f 1655 2655 2640
f 1655 2640 1648
f 1648 2640 2639
f 2674 1642 2675
f 2675 1642 1641
f 2675 1641 2676
f 2676 1641 1645
f 2676 1645 2639
f 2639 1645 1648
f 2679 2678 2680
f 1629 1628 2684
f 1626 1615 2684
f 2682 2685 2677
f 2681 2687 2688
f 2681 2688 2686
f 1622 1621 2689
f 2689 1621 2690
f 2688 2691 2690
f 1621 1629 2690
f 2690 1629 2684
f 2688 2684 2683
f 2692 2693 2694
f 2696 2697 2698
f 2714 2715 2711
f 2711 2715 2716
f 2695 2696 2698
f 2702 2724 2703
f 2703 2724 2725
f 2705 2704 2726
f 2706 2707 2687
f 2723 2692 2724
f 2724 2692 2717
f 2725 2712 2704
f 2704 2712 2714
f 2704 2714 2726
f 2726 2714 2711
f 2707 2708 2691
f 2730 2731 2729
f 2730 2729 297
f 2733 296 2734
f 2733 2734 2728
f 2728 2734 2727
f 2736 2735 2737
f 2739 2701 2738
f 2739 2699 2700
f 2728 2732 2730
f 2728 2730 2733
f 295 294 2740
f 2741 2697 2736
f 2743 2736 2744
f 2746 2727 2740
f 2740 2727 2734
f 2740 2734 295
f 295 2734 296
f 2747 2748 2749
f 2752 2751 2753
f 2750 2754 2755
f 2745 2747 2744
f 2744 2747 2756
f 2757 2742 2743
f 2757 2743 2758
f 2758 2756 2755
f 2759 2760 2761
f 2753 183 182
f 2753 182 2752
f 2752 182 181
f 2755 2756 2750
f 2750 2756 2747
f 2751 2747 2749
f 2762 2765 2764
f 2762 2764 2760
f 2768 2769 283
f 2766 2767 2770
f 2767 2768 2771
f 289 2773 2772
f 2777 2779 2780
f 2777 2780 2781
f 2767 2771 2770
f 2784 2774 2775
f 2785 2770 2782
f 2785 2782 2786
f 2787 2783 2784
f 2787 2784 2788
f 289 288 2773
f 301 2779 298
f 298 2779 2778
f 298 2778 299
f 299 2778 2776
f 842 2789 2790
f 157 184 315
f 315 184 2763
f 2798 2801 2799
f 2799 2801 2802
f 2800 149 2801
f 2801 149 156
f 2802 155 2791
f 2791 155 154
f 2803 2806 2804
f 2810 2811 2812
f 2816 2812 2813
f 2793 2814 2815
f 2793 2815 2794
f 2795 2817 2792
f 884 2818 883
f 2822 2805 2824
f 2819 2821 2820
f 2805 2823 2806
f 2806 2823 2825
f 2807 2826 2808
f 2808 2827 2809
f 2796 2829 2797
f 2800 2830 2831
f 2834 148 2831
f 2835 2836 2837
f 2823 2835 2825
f 2825 2835 2837
f 2843 2829 2841
f 2841 2829 2828
f 2844 2834 2831
f 2836 2845 2837
f 2843 2842 2847
f 2845 2840 2846
f 2847 2839 2833
f 2833 2838 2832
f 2848 2849 2850
f 2851 2852 2853
f 2861 2862 2863
f 2857 2859 2858
f 2853 2872 2851
f 2850 2873 2848
f 2860 2861 2863
f 2866 2865 2864
f 2867 2881 2858
f 2858 2881 2855
f 2858 2855 2856
f 2864 2860 2877
f 2877 2860 2849
f 2878 2848 2879
f 2879 2848 2874
f 2880 2851 2881
f 2881 2851 2871
f 2881 2871 2855
f 2855 2871 2869
f 2855 2869 2854
f 2854 2869 2868
f 2882 2883 2884
f 2888 2887 2886
f 2886 2887 2885
f 2862 2861 2892
f 2892 2861 2891
f 2884 2891 2895
f 2894 2887 2895
f 2895 2887 2888
f 2895 2888 2884
f 2884 2888 2886
f 2884 2886 2889
f 2897 2862 2892
f 2898 2897 2899
f 2899 2897 2892
f 2899 2892 2900
f 2900 2892 2901
f 2892 2893 2901
f 2901 2893 2883
f 2901 2883 2902
f 2902 2883 2882
f 2902 2882 2896
f 2896 2882 2890
f 2902 2896 2903
f 2906 2903 2907
f 2909 2910 2911
f 2911 2910 2912
f 2913 2914 2911
f 2911 2914 2915
f 2902 2903 2901
f 2901 2903 2904
f 2901 2904 2900
f 2900 2917 2899
f 2918 2899 2917
f 2918 2917 2916
f 2912 2922 2923
f 2912 2923 2911
f 2911 2923 2924
f 2911 2924 2913
f 2910 2904 2905
f 2910 2905 2912
f 2920 2906 2925
f 135 2907 2908
f 2926 2919 2921
f 2929 2928 2930
f 2929 2930 937
f 937 2930 2931
f 2927 2929 2933
f 2929 937 938
f 2929 938 2933
f 2933 938 939
f 2934 941 2935
f 2927 2933 2932
f 2940 2937 2941
f 2941 2937 2938
f 2941 2938 2942
f 2942 2938 2939
f 2942 2939 2943
f 2944 2947 2945
f 945 2946 946
f 2946 2936 946
f 2948 992 993
f 993 2951 2949
f 565 567 2955
f 2959 2960 2961
f 2961 2960 2955
f 2961 560 2962
f 2961 2962 2959
f 2964 2957 2956
f 2964 2956 2965
f 2965 2956 2966
f 2965 2966 2967
f 2970 2950 2954
f 2952 2954 2953
f 2955 567 2961
f 2970 565 2955
f 2970 2955 2958
f 2958 2955 2960
f 2966 2959 2963
f 2167 2522 2145
f 2167 2145 2131
f 2185 2183 2522
f 2522 2183 2182
f 2523 2182 2111
f 2523 2111 2524
f 2524 2111 2110
f 2524 2110 2525
f 2525 2110 2108
f 2515 1322 2516
f 2516 1322 1323
f 2456 2457 2513
f 2456 2513 2442
f 2513 2453 2514
f 2514 2453 1298
f 2511 1298 1299
f 2515 1301 1322
f 2504 1117 2505
f 2505 1132 2506
f 1129 1128 2404
f 2404 1128 2403
f 2403 1128 1139
f 2403 1139 1141
f 1110 2502 1094
f 2503 1107 1106
f 2503 1106 2504
f 2494 2968 2496
f 2495 2969 2963
f 2495 2963 2962
f 2962 560 599
f 598 560 562
f 598 562 564
f 2495 600 2498
f 2498 600 582
f 2499 601 2500
f 591 1092 592
f 592 1092 1094
f 592 1094 605
f 605 1094 2502
f 604 2501 603
f 603 2501 2500
f 603 2500 602
f 602 2500 601
f 1129 2404 2506
f 2506 2404 2410
f 2506 2410 2507
f 2507 2410 2409
f 2507 2409 2508
f 2508 2409 2407
f 2508 2407 2510
f 2510 2407 2412
f 2415 2414 2509
f 2509 2414 2413
f 2509 2413 2512
f 2512 2413 2398
f 2513 2397 2442
f 2442 2397 2396
f 2516 2139 2517
f 2518 2141 2519
f 2519 2141 2121
f 2520 2144 2521
f 2522 2142 2118
f 2522 2118 2145
f 2898 2554 2876
f 2898 2876 2863
f 2547 177 2548
f 2548 177 178
f 2757 2758 2545
f 2757 2545 2742
f 2545 2754 2546
f 2546 2754 179
f 2543 179 180
f 2547 176 177
f 2536 1778 2537
f 2537 1779 2538
f 1774 1618 2710
f 2710 1618 2709
f 2709 1618 1620
f 2709 1620 1622
f 1808 2534 1791
f 2535 1805 1782
f 2535 1782 2536
f 2526 2106 2528
f 2527 2107 2101
f 2527 2101 2100
f 2100 1563 2973
f 2974 1563 1566
f 2974 1566 1567
f 2971 2493 2972
f 2972 2493 2556
f 2972 2556 2914
f 2914 2556 2555
f 2915 2554 2916
f 2916 2554 2918
f 2527 2975 2530
f 2530 2975 2976
f 2531 2977 2532
f 1789 1788 2978
f 2978 1788 1791
f 2978 1791 2979
f 2979 1791 2534
f 2980 2533 2981
f 2981 2533 2532
f 2981 2532 2982
f 2982 2532 2977
f 1774 2710 2538
f 2538 2710 2716
f 2538 2716 2539
f 2539 2716 2715
f 2539 2715 2540
f 2540 2715 2713
f 2540 2713 2542
f 2542 2713 2718
f 2721 2720 2541
f 2541 2720 2719
f 2541 2719 2544
f 2544 2719 2694
f 2545 2722 2742
f 2742 2722 2698
f 2548 2870 2549
f 2550 2872 2551
f 2551 2872 2853
f 2552 2875 2553
f 2554 2873 2850
f 2554 2850 2876
f 2987 2988 2989
f 2990 1789 2978
f 2988 2990 2989
f 2989 2990 2978
f 2991 2985 2986
f 2992 2997 2993
f 2993 2997 2998
f 2986 2989 2996
f 2999 2983 3000
f 3000 2983 2984
f 3000 2984 2994
f 2994 2984 2995

