# https://github.com/mikedh/trimesh

o link_gripper_0.obj
v -0.01295950 -0.01350000 -0.01058750
v 0.00465925 -0.01350000 -0.01000475
v 0.01305000 0.00575000 -0.01150000
v -0.01471200 -0.01269150 -0.00525000
v 0.01434575 -0.00866850 -0.00525000
v -0.01254375 0.00575000 -0.00624525
v -0.01300475 0.00575000 -0.01166875
v 0.00000000 0.00093750 -0.00525000
v 0.00550000 0.00575000 -0.00757800
v -0.00550000 0.00575000 -0.00942200
v -0.01167500 0.00575000 -0.00966900
v -0.01216900 0.00575000 -0.00782500
v 0.01133750 0.00575000 -0.00975950
v 0.01216900 0.00575000 -0.00917500
v 0.01283600 0.00575000 -0.00641400
v 0.01007800 0.00575000 -0.00942200
v -0.01007800 0.00575000 -0.00757800
v -0.01203750 -0.01350000 -0.00629050
v 0.01231725 -0.01350000 -0.00751875
v 0.01271250 -0.01350000 -0.01083450
v -0.01083125 -0.01350000 -0.00971425
v -0.01133750 -0.01350000 -0.00724050
v 0.00503900 -0.01350000 -0.00770150
v 0.01100000 -0.01350000 -0.00985000
v -0.01225950 -0.01350000 -0.00816250
v -0.01465775 0.00502250 -0.00525000
v 0.01445700 -0.01320700 -0.00525000
v -0.01413300 0.00567400 -0.00525000
v -0.01429500 -0.01331550 -0.00525000
v 0.01443300 0.00543300 -0.00525000
v 0.01467400 -0.01288300 -0.00525000
v -0.00003800 -0.00456625 -0.00825000
v 0.00544125 0.00221200 -0.00825000
v 0.00675000 -0.00950000 -0.00825000
v -0.01150950 -0.00586150 -0.00150000
v -0.00874200 -0.00587400 -0.00150000
v -0.00592200 0.00000000 -0.00150000
v -0.00543350 0.00215700 -0.00150000
v -0.00542175 0.00053900 -0.00150000
v 0.00158900 0.00654100 -0.00100000
v 0.00115600 0.00629100 -0.00150000
v 0.00090850 0.00575375 -0.00150000
v 0.00157300 0.00587400 -0.00150000
v 0.00535900 0.01643300 -0.00150000
v 0.00754500 0.00716125 -0.00150000
v -0.00565150 -0.00587400 -0.00150000
v -0.00702375 -0.00117475 -0.00150000
v -0.00874200 0.00000000 -0.00150000
v -0.00538100 -0.00155550 -0.00150000
v -0.00548600 -0.00196100 -0.00150000
v -0.00474900 -0.00301700 -0.00150000
v -0.00533200 -0.00135000 -0.00150000
v -0.00078650 -0.00568700 -0.00150000
v -0.00178600 -0.00520200 -0.00150000
v -0.00386675 -0.00501000 -0.00150000
v -0.00237900 -0.00488100 0.00000000
v -0.00538100 -0.00376900 -0.00150000
v -0.00519100 -0.00306100 -0.00150000
v -0.00306100 -0.00519100 -0.00150000
v -0.00567775 -0.00428100 -0.00150000
v -0.00766600 -0.00504050 -0.00150000
v -0.01179550 -0.00304350 -0.00150000
v -0.00849100 -0.00115600 -0.00150000
v -0.01137100 -0.00070350 -0.00150000
v -0.00943900 -0.00249350 -0.00150000
v 0.00000000 -0.00728450 -0.00150000
v -0.00108225 -0.00766600 -0.00150000
v -0.00538100 -0.01250000 -0.00150000
v -0.00461650 -0.00994675 -0.00150000
v -0.00306100 -0.00959100 -0.00150000
v 0.00000000 -0.01250000 -0.00150000
v -0.00159550 -0.01002050 -0.00150000
v -0.00196100 -0.00929600 -0.00150000
v -0.00504050 -0.00766600 -0.00150000
v 0.00754500 -0.00728450 -0.00150000
v 0.00592950 -0.00506575 -0.00150000
v 0.00416100 -0.00548600 -0.00150000
v 0.00306100 -0.00519100 -0.00150000
v 0.00506300 -0.00799200 -0.00150000
v 0.00496700 -0.00849100 -0.00150000
v 0.00526100 -0.00739100 -0.00150000
v 0.00496700 -0.00629100 -0.00150000
v 0.01077250 -0.01250000 -0.00150000
v 0.00302600 -0.01250000 -0.00150000
v 0.00303475 -0.01031375 -0.00150000
v 0.00196100 -0.00929600 -0.00150000
v 0.00136000 -0.00869500 -0.00150000
v 0.00125800 -0.00859300 -0.00150000
v 0.00158900 -0.00824100 -0.00100000
v 0.00100850 -0.00684100 -0.00150000
v 0.00302600 -0.00486550 -0.00150000
v 0.00182025 -0.00551200 -0.00150000
v 0.00475850 0.00608250 -0.00150000
v 0.00526100 0.00739100 -0.00150000
v 0.00849100 0.00496700 -0.00150000
v 0.00801800 0.00509350 -0.00150000
v 0.00558000 0.00532100 -0.00150000
v 0.00416100 0.00548600 -0.00150000
v 0.00376900 0.00538100 -0.00150000
v 0.00588850 0.00456400 -0.00150000
v 0.00754500 0.00000000 -0.00150000
v 0.00433375 0.00354650 -0.00150000
v 0.00306100 0.00519100 -0.00150000
v 0.00196100 0.00548600 -0.00150000
v 0.00086100 0.00739100 -0.00150000
v 0.00000000 0.00728450 -0.00150000
v 0.00100850 0.00794100 -0.00150000
v 0.00000000 0.03925000 -0.00150000
v 0.00158675 0.01670575 -0.00150000
v -0.00119750 0.00597025 -0.00150000
v -0.00090500 0.00542500 -0.00150000
v -0.00326575 0.00441700 -0.00150000
v -0.00412600 0.00412600 -0.00150000
v -0.00488100 0.00244800 0.00000000
v -0.00503700 0.00220900 -0.00150000
v 0.00662925 -0.00014150 -0.00150000
v 0.00739100 -0.00086100 -0.00150000
v 0.00629100 -0.00115600 -0.00150000
v 0.00504250 -0.00304350 -0.00150000
v 0.00337800 -0.00434000 -0.00150000
v 0.00935675 0.00073000 -0.00150000
v 0.01172175 0.00394600 -0.00150000
v 0.00959100 0.00306100 -0.00150000
v 0.00929600 0.00416100 -0.00150000
v 0.01179550 -0.00304350 -0.00150000
v 0.00958200 -0.00302600 -0.00150000
v 0.00929600 -0.00196100 -0.00150000
v 0.00849100 -0.00115600 -0.00150000
v 0.00801800 -0.00102950 -0.00150000
v 0.00983300 -0.00505550 -0.00150000
v 0.00849100 -0.00496700 -0.00150000
v 0.00929600 -0.00416100 -0.00150000
v -0.00599750 0.00467300 -0.00150000
v -0.00592200 0.00538100 -0.00150000
v -0.00794100 0.00511400 -0.00150000
v -0.00849100 0.00496700 -0.00150000
v -0.00702375 0.00117475 -0.00150000
v -0.01150950 0.00490975 -0.00150000
v -0.00930500 0.00237250 -0.00150000
v -0.00565150 0.00869500 -0.00150000
v -0.00851125 0.03925000 -0.00150000
v -0.00538100 0.03925000 -0.00150000
v -0.00118425 0.00831800 -0.00150000
v -0.00158900 0.00824100 -0.00100000
v -0.00136000 0.00869500 -0.00150000
v -0.00348650 0.00921950 -0.00150000
v -0.00196100 0.00929600 -0.00150000
v -0.00551625 0.00562750 -0.00150000
v -0.00435550 0.00568000 -0.00150000
v -0.00457500 0.00457500 -0.00150000
v -0.00416100 0.00548600 -0.00150000
v -0.00511400 0.00794100 -0.00150000
v -0.00496700 0.00629100 -0.00150000
v -0.00864650 0.03925000 -0.00150000
v -0.00874200 0.00869500 -0.00150000
v -0.01400000 0.00728450 -0.00150000
v -0.00874200 0.00562750 -0.00150000
v -0.01066600 -0.01250000 -0.00150000
v -0.00874200 -0.00869500 -0.00150000
v -0.00565150 -0.00869500 -0.00150000
v -0.00864650 -0.01250000 -0.00150000
v -0.00728600 -0.00764975 -0.00150000
v -0.00649200 -0.00685575 -0.00150000
v -0.00757650 -0.00656500 -0.00150000
v -0.00692450 0.00630000 -0.00150000
v -0.00764750 0.00649400 -0.00150000
v -0.00649200 0.00719150 -0.00150000
v -0.00731200 0.00774650 -0.00150000
v -0.00784100 0.00721750 -0.00150000
v 0.00992650 -0.00979650 -0.00150000
v 0.01400000 0.02397250 -0.00150000
v 0.00689925 0.03925000 -0.00150000
v 0.01400000 0.00587400 -0.00150000
v 0.00765075 0.00403100 0.00000000
v 0.00904325 -0.00147625 0.00000000
v 0.00584500 0.00000000 0.00000000
v -0.00966575 -0.00412325 0.00000000
v -0.00824200 -0.00488100 0.00000000
v 0.00202200 0.00799100 0.00000000
v 0.00106200 0.02367150 0.00000000
v 0.00000000 0.00819500 0.00000000
v -0.00557400 -0.00488100 0.00000000
v 0.00209150 -0.00713125 0.00000000
v 0.00000000 -0.00622000 0.00000000
v 0.00584500 -0.00622000 0.00000000
v 0.00584500 -0.00584500 0.00000000
v 0.00321125 -0.00624575 0.00000000
v 0.00431700 -0.00881825 0.00000000
v 0.00410100 -0.00799100 0.00000000
v -0.00039575 -0.00922800 0.00000000
v -0.00484750 -0.01250000 0.00000000
v 0.00366100 -0.00843000 0.00000000
v 0.00584500 -0.00488100 0.00000000
v 0.00392325 -0.00339475 0.00000000
v 0.00500200 0.00159700 0.00000000
v -0.00090500 0.00542500 0.00000000
v 0.00065450 0.00527800 0.00000000
v 0.00000000 0.00584500 0.00000000
v -0.00557400 0.00584500 0.00000000
v -0.00261800 0.00483700 0.00000000
v -0.00103400 0.00538100 -0.00150000
v -0.00725450 0.00000000 0.00000000
v -0.00570800 -0.00224150 0.00000000
v -0.00635200 -0.00246100 0.00000000
v -0.00622900 -0.00320350 0.00000000
v -0.00208250 -0.00504150 0.00000000
v -0.00178600 -0.00520200 0.00000000
v -0.00399100 -0.00367400 0.00000000
v 0.00089300 -0.00535100 0.00000000
v -0.00244050 -0.00584500 0.00000000
v 0.00246100 0.00843000 0.00000000
v 0.00584500 0.00702000 0.00000000
v 0.00366100 0.00843000 0.00000000
v 0.00411600 0.01611650 0.00000000
v 0.00403100 0.00713125 0.00000000
v 0.00235125 0.00668125 0.00000000
v -0.00232450 -0.00668850 0.00000000
v -0.00418100 -0.00709100 0.00000000
v -0.00641425 -0.00603250 0.00000000
v -0.00366100 -0.00635200 0.00000000
v -0.00338800 -0.00627875 0.00000000
v -0.00347100 -0.00840075 0.00000000
v -0.00769100 -0.00194150 0.00000000
v -0.00679100 -0.00202200 0.00000000
v -0.00970600 0.00030850 0.00000000
v -0.00833600 -0.00236700 0.00000000
v -0.00672150 -0.00392100 0.00000000
v -0.00546250 0.00022700 0.00000000
v -0.00565200 0.00249300 0.00000000
v -0.00503700 0.00220900 0.00000000
v -0.00479100 0.00323975 0.00000000
v -0.00630950 0.00350350 0.00000000
v -0.00635200 0.00366100 0.00000000
v -0.00824200 0.00584500 0.00000000
v -0.00724100 0.00414100 0.00000000
v -0.00972850 0.00430150 0.00000000
v -0.00843000 0.00246100 0.00000000
v -0.00859100 0.00306100 0.00000000
v -0.00657150 0.00224150 0.00000000
v -0.00739100 0.00186100 0.00000000
v -0.00222600 0.00819500 0.00000000
v -0.00246100 0.00843000 -0.00050000
v -0.00214250 0.00800175 0.00000000
v -0.00306100 0.00859100 0.00000000
v -0.00427100 0.02384000 0.00000000
v -0.00336100 0.00627150 0.00000000
v -0.00224150 0.00657150 0.00000000
v -0.00409000 0.00759200 0.00000000
v -0.00557400 0.00819500 0.00000000
v 0.01260750 -0.00485175 0.00000000
v 0.01400000 -0.01250000 0.00000000
v 0.00709100 -0.00418100 0.00000000
v 0.00821050 -0.00388100 0.00000000
v 0.00631175 -0.00291100 0.00000000
v 0.00859100 -0.00306100 0.00000000
v 0.01400000 0.00702000 0.00000000
v 0.00859100 0.00306100 0.00000000
v 0.00843000 0.00246100 0.00000000
v 0.00713125 0.00209150 0.00000000
v 0.00627150 0.00336100 0.00000000
v 0.01400000 0.03925000 0.00000000
v -0.00824200 -0.00622000 0.00000000
v -0.00757650 -0.00656500 0.00000000
v -0.00649200 -0.00685575 0.00000000
v -0.00508500 -0.01028125 0.00000000
v -0.00778900 -0.00741100 0.00000000
v -0.00824200 0.00819500 0.00000000
v -0.00757650 0.00748200 0.00000000
v -0.00658900 0.00755300 0.00000000
v -0.00639500 0.00683000 0.00000000
v -0.00702150 0.00632600 0.00000000
v -0.00778900 0.00663600 0.00000000
v -0.01400000 -0.01250000 0.00000000
v -0.00921650 -0.01012325 0.00000000
v -0.01400000 -0.00622000 0.00000000
v -0.01400000 -0.00584500 0.00000000
v -0.01062725 0.02372250 0.00000000
v -0.01278900 0.04175000 -0.00869375
v -0.01213750 0.04025000 -0.00487200
v -0.01175000 0.04175000 -0.01072500
v 0.00111250 0.04175000 -0.01062800
v 0.00026550 0.04175000 -0.00949050
v 0.01244350 0.04175000 -0.01043875
v 0.01322500 0.04175000 -0.00925000
v 0.01225600 0.04175000 -0.00922500
v 0.00482350 0.04175000 -0.00831875
v 0.00974400 0.04175000 -0.00922500
v -0.01379900 0.04175000 -0.01075000
v -0.01275300 0.04175000 -0.01026200
v -0.01172500 0.04175000 -0.00975600
v 0.01211250 0.04025000 -0.00600950
v 0.00500475 0.04025000 -0.00764225
v 0.01300600 0.04025000 -0.01077600
v -0.00462975 0.04025000 -0.01010775
v 0.01063750 0.04025000 -0.00985300
v 0.00487200 0.04025000 -0.00886250
v -0.01199050 0.04025000 -0.00750950
v -0.01100000 0.04025000 -0.00705000
v -0.01322500 0.04025000 -0.00925000
v 0.00000000 0.03963300 -0.00157600
v 0.00000000 -0.01300000 -0.00163400
v 0.01196125 -0.01297850 -0.00009500
v -0.01213750 -0.01500000 -0.00487200
v -0.01400000 -0.01345700 -0.00019000
v -0.01400000 -0.01412150 -0.00189650
v 0.01322500 -0.01350000 -0.00925000
v 0.01312800 -0.01500000 -0.00961250
v -0.01400000 -0.01500000 -0.00625000
v -0.01278900 -0.01350000 -0.00869375
v -0.01400000 -0.01350000 -0.01000000
v 0.01211250 -0.01500000 -0.00600950
v 0.01235300 -0.01500000 -0.00813750
v 0.00500475 -0.01500000 -0.00764225
v 0.01087975 -0.01500000 -0.01010775
v -0.00513750 -0.01500000 -0.00886250
v -0.01268125 -0.01500000 -0.01096350
v -0.01199050 -0.01500000 -0.00750950
v -0.01100000 -0.01500000 -0.00705000
v -0.01322500 -0.01500000 -0.00925000
v -0.01175000 -0.01350000 -0.01072500
v 0.01087975 -0.01350000 -0.01010775
v 0.01237800 -0.01350000 -0.00627500
v -0.00513750 -0.01350000 -0.00912800
v 0.01325000 -0.01350000 -0.01129900
v 0.01276200 -0.01350000 -0.01025300
v 0.01225600 -0.01350000 -0.00922500
v -0.01211250 -0.01350000 -0.00600950
v 0.00000000 -0.01350000 -0.00724400
v -0.01379900 -0.01350000 -0.01075000
v -0.01275300 -0.01350000 -0.01026200
v -0.01172500 -0.01350000 -0.00975600
v 0.00246100 0.00843000 -0.00050000
v 0.00202200 0.00799100 -0.00050000
v 0.00186100 0.00739100 -0.00050000
v 0.00202200 0.00679100 -0.00050000
v 0.00246100 0.00635200 -0.00050000
v 0.00366100 0.00635200 -0.00050000
v 0.00389700 0.00819500 0.00000000
v 0.00366100 0.00843000 -0.00050000
v 0.00754500 0.00522000 -0.00150000
v 0.00799100 0.00410100 -0.00050000
v 0.00843000 0.00366100 -0.00050000
v 0.00859100 0.00306100 -0.00050000
v 0.00739100 -0.00186100 -0.00050000
v 0.00799100 -0.00202200 -0.00050000
v 0.00843000 -0.00246100 -0.00050000
v 0.00843000 -0.00366100 -0.00050000
v 0.00799100 -0.00410100 -0.00050000
v 0.00679100 -0.00202200 -0.00050000
v 0.00306100 -0.00619100 -0.00050000
v 0.00366100 -0.00635200 -0.00050000
v 0.00455000 -0.00587400 -0.00150000
v 0.00246100 -0.00843000 -0.00050000
v 0.00410100 -0.00799100 -0.00050000
v 0.00426100 -0.00739100 -0.00050000
v 0.00410100 -0.00679100 -0.00050000
v -0.00316900 -0.00622000 0.00000000
v -0.00306100 -0.00619100 -0.00050000
v -0.00416100 -0.00548600 -0.00150000
v -0.00366100 -0.00635200 -0.00050000
v -0.00306100 -0.00859100 -0.00050000
v -0.00246100 -0.00843000 -0.00050000
v -0.00626700 -0.00277700 0.00000000
v -0.00619100 -0.00306100 -0.00050000
v -0.00799100 -0.00202200 -0.00050000
v -0.00843000 -0.00246100 -0.00050000
v -0.00635200 -0.00246100 -0.00050000
v -0.00626700 0.00334600 0.00000000
v -0.00799100 0.00410100 -0.00050000
v -0.00874200 0.00471600 -0.00150000
v -0.00635200 0.00366100 -0.00050000
v -0.00366100 0.00635200 -0.00050000
v -0.00376900 0.00538100 -0.00150000
v -0.00202200 0.00799100 -0.00050000
v -0.00712950 -0.00700000 -0.00150000
v -0.00805000 -0.00752200 -0.00150000
v -0.00656800 -0.00701725 -0.00150000
v -0.00799700 -0.00761100 -0.00150000
v -0.00606600 -0.00712700 -0.00150000
v -0.00766850 -0.00703000 -0.00150000
v -0.00817500 -0.00702400 -0.00150000
v -0.00817000 -0.00692000 -0.00150000
v -0.00608200 -0.00723000 -0.00150000
v -0.00610700 -0.00733000 -0.00150000
v -0.00614200 -0.00742800 -0.00150000
v -0.00815500 -0.00681700 -0.00150000
v -0.00813000 -0.00671700 -0.00150000
v -0.00809500 -0.00661900 -0.00150000
v -0.00732125 -0.00612700 -0.00150000
v -0.00618600 -0.00752200 -0.00150000
v -0.00623900 -0.00761100 -0.00150000
v -0.00630100 -0.00769400 -0.00150000
v -0.00717000 -0.00807750 -0.00150000
v -0.00778900 -0.00784100 -0.00150000
v -0.00637100 -0.00777100 -0.00150000
v -0.00719150 -0.00776750 -0.00150000
v -0.00793500 -0.00769400 -0.00150000
v -0.00786600 -0.00777100 -0.00150000
v -0.00805000 -0.00652500 -0.00150000
v -0.00799700 -0.00643600 -0.00150000
v -0.00793500 -0.00635300 -0.00150000
v -0.00786600 -0.00627600 -0.00150000
v -0.00778900 -0.00620600 -0.00150000
v -0.00670800 -0.00627775 -0.00150000
v -0.00671400 -0.00800000 -0.00150000
v -0.00686150 -0.00804750 -0.00150000
v -0.00681100 -0.00803500 -0.00150000
v -0.00653100 -0.00790200 -0.00150000
v -0.00701500 -0.00807500 -0.00150000
v -0.00770600 -0.00790200 -0.00150000
v -0.00720725 -0.00792475 -0.00150000
v -0.00761700 -0.00795600 -0.00150000
v -0.00752300 -0.00800000 -0.00150000
v -0.00732400 -0.00598700 -0.00150000
v -0.00722200 -0.00597200 -0.00150000
v -0.00732400 -0.00806000 -0.00150000
v -0.00742500 -0.00803500 -0.00150000
v -0.00681750 -0.00603150 -0.00150000
v -0.00711800 -0.00596600 -0.00150000
v -0.00653100 -0.00614500 -0.00150000
v -0.00701200 -0.00594000 -0.00149200
v -0.00711800 -0.00591200 -0.00146800
v -0.00700900 -0.00591700 -0.00146800
v -0.00711800 -0.00590300 -0.00143700
v -0.00700800 -0.00590900 -0.00143700
v -0.00690100 -0.00593300 -0.00146800
v -0.00679300 -0.00595200 -0.00143700
v -0.00679600 -0.00596000 -0.00146800
v -0.00669000 -0.00598900 -0.00143700
v -0.00669300 -0.00599700 -0.00146800
v -0.00659000 -0.00603600 -0.00143700
v -0.00659400 -0.00604300 -0.00146800
v -0.00650100 -0.00609900 -0.00146800
v -0.00640800 -0.00615800 -0.00143700
v -0.00641300 -0.00616400 -0.00146800
v -0.00632600 -0.00623200 -0.00143700
v -0.00633200 -0.00623800 -0.00146800
v -0.00625300 -0.00631300 -0.00143700
v -0.00625900 -0.00631800 -0.00146800
v -0.00618700 -0.00640100 -0.00143700
v -0.00619400 -0.00640600 -0.00146800
v -0.00613100 -0.00649600 -0.00143700
v -0.00613800 -0.00650000 -0.00146800
v -0.00609100 -0.00659800 -0.00146800
v -0.00604600 -0.00669800 -0.00143700
v -0.00605500 -0.00670100 -0.00146800
v -0.00602000 -0.00680500 -0.00143700
v -0.00602800 -0.00680700 -0.00146800
v -0.00600400 -0.00691400 -0.00143700
v -0.00601200 -0.00691500 -0.00146800
v -0.00599800 -0.00702400 -0.00143700
v -0.00600700 -0.00702400 -0.00146800
v -0.00600400 -0.00713300 -0.00143700
v -0.00601200 -0.00713200 -0.00146800
v -0.00602000 -0.00724200 -0.00143700
v -0.00602800 -0.00724000 -0.00146800
v -0.00604600 -0.00734900 -0.00143700
v -0.00605500 -0.00734600 -0.00146800
v -0.00608400 -0.00745200 -0.00143700
v -0.00609100 -0.00744900 -0.00146800
v -0.00613100 -0.00755100 -0.00143700
v -0.00613800 -0.00754700 -0.00146800
v -0.00641300 -0.00788300 -0.00146800
v -0.00649600 -0.00795500 -0.00143700
v -0.00650100 -0.00794800 -0.00146800
v -0.00659000 -0.00801100 -0.00143700
v -0.00659400 -0.00800400 -0.00146800
v -0.00669300 -0.00805000 -0.00146800
v -0.00679300 -0.00809500 -0.00143700
v -0.00679600 -0.00808700 -0.00146800
v -0.00690000 -0.00812200 -0.00143700
v -0.00690100 -0.00811400 -0.00146800
v -0.00700800 -0.00813800 -0.00143700
v -0.00700900 -0.00813000 -0.00146800
v -0.00711800 -0.00814300 -0.00143700
v -0.00711800 -0.00813500 -0.00146800
v -0.00690600 -0.00595600 -0.00149200
v -0.00680200 -0.00598200 -0.00149200
v -0.00670200 -0.00601800 -0.00149200
v -0.00651400 -0.00611800 -0.00149200
v -0.00642800 -0.00618200 -0.00149200
v -0.00627700 -0.00633300 -0.00149200
v -0.00621300 -0.00641900 -0.00149200
v -0.00611300 -0.00660700 -0.00149200
v -0.00607700 -0.00670700 -0.00149200
v -0.00603000 -0.00702400 -0.00149200
v -0.00603500 -0.00713000 -0.00149200
v -0.00627700 -0.00771400 -0.00149200
v -0.00642800 -0.00786500 -0.00149200
v -0.00651400 -0.00792900 -0.00149200
v -0.00670200 -0.00802900 -0.00149200
v -0.00680200 -0.00806500 -0.00149200
v -0.00711800 -0.00811200 -0.00149200
v -0.00722500 -0.00810700 -0.00149200
v -0.00722700 -0.00813000 -0.00146800
v -0.00722800 -0.00813800 -0.00143700
v -0.00733700 -0.00812200 -0.00143700
v -0.00733500 -0.00811400 -0.00146800
v -0.00744300 -0.00809500 -0.00143700
v -0.00744100 -0.00808700 -0.00146800
v -0.00764600 -0.00801100 -0.00143700
v -0.00764200 -0.00800400 -0.00146800
v -0.00774000 -0.00795500 -0.00143700
v -0.00773600 -0.00794800 -0.00146800
v -0.00782900 -0.00788900 -0.00143700
v -0.00782300 -0.00788300 -0.00146800
v -0.00791000 -0.00781500 -0.00143700
v -0.00790400 -0.00780900 -0.00146800
v -0.00798400 -0.00773400 -0.00143700
v -0.00797800 -0.00772900 -0.00146800
v -0.00804300 -0.00764100 -0.00146800
v -0.00810600 -0.00755100 -0.00143700
v -0.00809900 -0.00754700 -0.00146800
v -0.00815300 -0.00745200 -0.00143700
v -0.00814500 -0.00744900 -0.00146800
v -0.00819000 -0.00734900 -0.00143700
v -0.00818200 -0.00734600 -0.00146800
v -0.00821700 -0.00724200 -0.00143700
v -0.00820800 -0.00724000 -0.00146800
v -0.00823300 -0.00713300 -0.00143700
v -0.00822400 -0.00713200 -0.00146800
v -0.00823800 -0.00702400 -0.00143700
v -0.00823000 -0.00702400 -0.00146800
v -0.00823300 -0.00691400 -0.00143700
v -0.00822400 -0.00691500 -0.00146800
v -0.00820800 -0.00680700 -0.00146800
v -0.00819000 -0.00669800 -0.00143700
v -0.00818200 -0.00670100 -0.00146800
v -0.00815300 -0.00659500 -0.00143700
v -0.00814500 -0.00659800 -0.00146800
v -0.00810600 -0.00649600 -0.00143700
v -0.00809900 -0.00650000 -0.00146800
v -0.00804900 -0.00640100 -0.00143700
v -0.00804300 -0.00640600 -0.00146800
v -0.00774000 -0.00609200 -0.00143700
v -0.00773600 -0.00609900 -0.00146800
v -0.00764200 -0.00604300 -0.00146800
v -0.00733700 -0.00592500 -0.00143700
v -0.00733500 -0.00593300 -0.00146800
v -0.00722800 -0.00590900 -0.00143700
v -0.00722700 -0.00591700 -0.00146800
v -0.00733100 -0.00809100 -0.00149200
v -0.00743400 -0.00806500 -0.00149200
v -0.00753500 -0.00802900 -0.00149200
v -0.00763100 -0.00798300 -0.00149200
v -0.00772300 -0.00792900 -0.00149200
v -0.00780900 -0.00786500 -0.00149200
v -0.00788800 -0.00779300 -0.00149200
v -0.00796000 -0.00771400 -0.00149200
v -0.00802300 -0.00762800 -0.00149200
v -0.00812400 -0.00744000 -0.00149200
v -0.00816000 -0.00733900 -0.00149200
v -0.00818600 -0.00723600 -0.00149200
v -0.00820200 -0.00713000 -0.00149200
v -0.00820700 -0.00702400 -0.00149200
v -0.00820200 -0.00691700 -0.00149200
v -0.00818600 -0.00681100 -0.00149200
v -0.00816000 -0.00670700 -0.00149200
v -0.00780900 -0.00618200 -0.00149200
v -0.00690000 -0.00592500 -0.00124800
v -0.00679300 -0.00595200 -0.00124800
v -0.00669000 -0.00598900 -0.00124800
v -0.00659000 -0.00603600 -0.00124800
v -0.00649600 -0.00609200 -0.00124800
v -0.00640800 -0.00615800 -0.00124800
v -0.00632600 -0.00623200 -0.00124800
v -0.00613100 -0.00649600 -0.00124800
v -0.00608400 -0.00659500 -0.00124800
v -0.00604600 -0.00669800 -0.00124800
v -0.00602000 -0.00680500 -0.00124800
v -0.00600400 -0.00691400 -0.00124800
v -0.00599800 -0.00702400 -0.00124800
v -0.00600400 -0.00713300 -0.00124800
v -0.00602000 -0.00724200 -0.00124800
v -0.00604600 -0.00734900 -0.00124800
v -0.00608400 -0.00745200 -0.00124800
v -0.00613100 -0.00755100 -0.00124800
v -0.00640800 -0.00788900 -0.00124800
v -0.00659000 -0.00801100 -0.00124800
v -0.00669000 -0.00805800 -0.00124800
v -0.00679300 -0.00809500 -0.00124800
v -0.00690000 -0.00812200 -0.00124800
v -0.00700800 -0.00813800 -0.00124800
v -0.00711800 -0.00814300 -0.00124800
v -0.00722800 -0.00813800 -0.00124800
v -0.00754700 -0.00805800 -0.00124800
v -0.00764600 -0.00801100 -0.00124800
v -0.00791000 -0.00781500 -0.00124800
v -0.00798400 -0.00773400 -0.00124800
v -0.00815300 -0.00745200 -0.00124800
v -0.00819000 -0.00734900 -0.00124800
v -0.00821700 -0.00724200 -0.00124800
v -0.00823300 -0.00713300 -0.00124800
v -0.00823800 -0.00702400 -0.00124800
v -0.00823300 -0.00691400 -0.00124800
v -0.00821700 -0.00680500 -0.00124800
v -0.00819000 -0.00669800 -0.00124800
v -0.00810600 -0.00649600 -0.00124800
v -0.00804900 -0.00640100 -0.00124800
v -0.00711800 -0.00808000 -0.00118500
v -0.00711800 -0.00811200 -0.00119300
v -0.00711800 -0.00813500 -0.00121600
v -0.00700900 -0.00813000 -0.00121600
v -0.00690100 -0.00811400 -0.00121600
v -0.00679600 -0.00808700 -0.00121600
v -0.00669300 -0.00805000 -0.00121600
v -0.00659400 -0.00800400 -0.00121600
v -0.00650100 -0.00794800 -0.00121600
v -0.00641300 -0.00788300 -0.00121600
v -0.00619400 -0.00764100 -0.00121600
v -0.00613800 -0.00754700 -0.00121600
v -0.00609100 -0.00744900 -0.00121600
v -0.00605500 -0.00734600 -0.00121600
v -0.00602800 -0.00724000 -0.00121600
v -0.00601200 -0.00713200 -0.00121600
v -0.00600700 -0.00702400 -0.00121600
v -0.00601200 -0.00691500 -0.00121600
v -0.00602800 -0.00680700 -0.00121600
v -0.00605500 -0.00670100 -0.00121600
v -0.00609100 -0.00659800 -0.00121600
v -0.00613800 -0.00650000 -0.00121600
v -0.00619400 -0.00640600 -0.00121600
v -0.00625900 -0.00631800 -0.00121600
v -0.00633200 -0.00623800 -0.00121600
v -0.00641300 -0.00616400 -0.00121600
v -0.00659400 -0.00604300 -0.00121600
v -0.00669300 -0.00599700 -0.00121600
v -0.00679600 -0.00596000 -0.00121600
v -0.00690100 -0.00593300 -0.00121600
v -0.00700900 -0.00591700 -0.00121600
v -0.00711800 -0.00591200 -0.00121600
v -0.00621300 -0.00762800 -0.00119300
v -0.00611300 -0.00744000 -0.00119300
v -0.00607700 -0.00733900 -0.00119300
v -0.00605100 -0.00723600 -0.00119300
v -0.00603000 -0.00702400 -0.00119300
v -0.00603500 -0.00691700 -0.00119300
v -0.00605100 -0.00681100 -0.00119300
v -0.00615800 -0.00651000 -0.00119300
v -0.00621300 -0.00641900 -0.00119300
v -0.00627700 -0.00633300 -0.00119300
v -0.00634900 -0.00625400 -0.00119300
v -0.00642800 -0.00618200 -0.00119300
v -0.00651400 -0.00611800 -0.00119300
v -0.00660500 -0.00606400 -0.00119300
v -0.00670200 -0.00601800 -0.00119300
v -0.00680200 -0.00598200 -0.00119300
v -0.00690600 -0.00595600 -0.00119300
v -0.00701200 -0.00594000 -0.00119300
v -0.00711800 -0.00593500 -0.00119300
v -0.00701500 -0.00807500 -0.00118500
v -0.00691200 -0.00806000 -0.00118500
v -0.00662000 -0.00795600 -0.00118500
v -0.00648025 -0.00778875 -0.00118500
v -0.00606100 -0.00702400 -0.00118500
v -0.00606600 -0.00692000 -0.00118500
v -0.00618600 -0.00652500 -0.00118500
v -0.00623900 -0.00643600 -0.00118500
v -0.00630100 -0.00635300 -0.00118500
v -0.00637100 -0.00627600 -0.00118500
v -0.00653100 -0.00614500 -0.00118500
v -0.00662000 -0.00609100 -0.00118500
v -0.00691200 -0.00598700 -0.00118500
v -0.00701500 -0.00597200 -0.00118500
v -0.00711800 -0.00596600 -0.00118500
v -0.00722500 -0.00594000 -0.00119300
v -0.00733500 -0.00593300 -0.00121600
v -0.00744100 -0.00596000 -0.00121600
v -0.00754400 -0.00599700 -0.00121600
v -0.00764200 -0.00604300 -0.00121600
v -0.00798400 -0.00631300 -0.00124800
v -0.00804300 -0.00640600 -0.00121600
v -0.00814500 -0.00659800 -0.00121600
v -0.00818200 -0.00670100 -0.00121600
v -0.00820800 -0.00680700 -0.00121600
v -0.00822400 -0.00691500 -0.00121600
v -0.00823000 -0.00702400 -0.00121600
v -0.00822400 -0.00713200 -0.00121600
v -0.00820800 -0.00724000 -0.00121600
v -0.00818200 -0.00734600 -0.00121600
v -0.00814500 -0.00744900 -0.00121600
v -0.00804300 -0.00764100 -0.00121600
v -0.00797800 -0.00772900 -0.00121600
v -0.00790400 -0.00780900 -0.00121600
v -0.00782300 -0.00788300 -0.00121600
v -0.00773600 -0.00794800 -0.00121600
v -0.00764200 -0.00800400 -0.00121600
v -0.00754400 -0.00805000 -0.00121600
v -0.00722700 -0.00813000 -0.00121600
v -0.00733100 -0.00595600 -0.00119300
v -0.00743400 -0.00598200 -0.00119300
v -0.00753500 -0.00601800 -0.00119300
v -0.00807800 -0.00651000 -0.00119300
v -0.00812400 -0.00660700 -0.00119300
v -0.00820700 -0.00702400 -0.00119300
v -0.00820200 -0.00713000 -0.00119300
v -0.00818600 -0.00723600 -0.00119300
v -0.00816000 -0.00733900 -0.00119300
v -0.00802300 -0.00762800 -0.00119300
v -0.00796000 -0.00771400 -0.00119300
v -0.00788800 -0.00779300 -0.00119300
v -0.00780900 -0.00786500 -0.00119300
v -0.00763100 -0.00798300 -0.00119300
v -0.00753500 -0.00802900 -0.00119300
v -0.00733100 -0.00809100 -0.00119300
v -0.00722500 -0.00810700 -0.00119300
v -0.00722200 -0.00597200 -0.00118500
v -0.00732400 -0.00598700 -0.00118500
v -0.00742500 -0.00601200 -0.00118500
v -0.00761700 -0.00609100 -0.00118500
v -0.00775650 -0.00625825 -0.00118500
v -0.00793500 -0.00635300 -0.00118500
v -0.00799700 -0.00643600 -0.00118500
v -0.00807250 -0.00657200 -0.00118500
v -0.00810550 -0.00689550 -0.00118500
v -0.00817000 -0.00712700 -0.00118500
v -0.00816250 -0.00717850 -0.00118500
v -0.00815500 -0.00723000 -0.00118500
v -0.00809500 -0.00742800 -0.00118500
v -0.00796025 -0.00755900 -0.00118500
v -0.00793500 -0.00769400 -0.00118500
v -0.00786600 -0.00777100 -0.00118500
v -0.00778900 -0.00784100 -0.00118500
v -0.00781025 -0.00773275 -0.00118500
v -0.00742500 -0.00803500 -0.00118500
v -0.00732400 -0.00806000 -0.00118500
v -0.00722200 -0.00807500 -0.00118500
v -0.00796175 -0.00727125 -0.00118500
v -0.00706875 -0.00795850 -0.00118500
v -0.00798675 -0.00668000 -0.00118500
v -0.00674350 -0.00794725 -0.00118500
v -0.00751250 -0.00617000 -0.00118500
v -0.00633350 -0.00697400 -0.00111500
v -0.00645400 -0.00660150 -0.00111500
v -0.00664650 -0.00641950 -0.00111500
v -0.00728250 -0.00625350 -0.00111500
v -0.00752200 -0.00637250 -0.00111500
v -0.00778250 -0.00744500 -0.00111500
v -0.00758950 -0.00762750 -0.00111500
v -0.00638000 -0.00715400 -0.00111500
v -0.00641400 -0.00728000 -0.00111500
v -0.00654400 -0.00750600 -0.00111500
v -0.00674300 -0.00767300 -0.00111500
v -0.00686200 -0.00772800 -0.00111500
v -0.00711800 -0.00777400 -0.00111500
v -0.00785700 -0.00689300 -0.00111500
v -0.00646900 -0.00664800 -0.00111500
v -0.00641400 -0.00676700 -0.00111500
v -0.00638050 -0.00674900 -0.00111500
v -0.00638000 -0.00689300 -0.00111500
v -0.00776800 -0.00739800 -0.00111500
v -0.00782300 -0.00728000 -0.00111500
v -0.00785700 -0.00715400 -0.00111500
v -0.00786800 -0.00702400 -0.00111500
v -0.00724900 -0.00628500 -0.00111500
v -0.00724900 -0.00776200 -0.00111500
v -0.00737500 -0.00772800 -0.00111500
v -0.00760000 -0.00759800 -0.00111500
v -0.00769300 -0.00750600 -0.00111500
v -0.00776800 -0.00664800 -0.00111500
v -0.00769300 -0.00654100 -0.00111500
v -0.00749300 -0.00637400 -0.00111500
v -0.00737500 -0.00631900 -0.00111500
v -0.00698800 -0.00628500 -0.00111500
v -0.00686200 -0.00631900 -0.00111500
v -0.00663600 -0.00644900 -0.00111500
v -0.00654400 -0.00654100 -0.00111500
v -0.00711800 -0.00702400 0.00235100
v -0.00721700 -0.00678600 0.00250000
v -0.00738000 -0.00673950 0.00250000
v -0.00730000 -0.00684100 0.00250000
v -0.00718000 -0.00664450 0.00250000
v -0.00711800 -0.00676600 0.00250000
v -0.00749300 -0.00694300 0.00250000
v -0.00721700 -0.00726100 0.00250000
v -0.00733850 -0.00733500 0.00250000
v -0.00705650 -0.00740250 0.00250000
v -0.00730000 -0.00720600 0.00250000
v -0.00687050 -0.00697450 0.00250000
v -0.00688000 -0.00692500 0.00250000
v -0.00678700 -0.00721900 0.00250000
v -0.00689850 -0.00671200 0.00250000
v -0.00693600 -0.00684100 0.00250000
v -0.00681500 -0.00678600 0.00250000
v -0.00711800 -0.00766100 -0.00100500
v -0.00711800 -0.00767000 -0.00104700
v -0.00700800 -0.00765100 -0.00100500
v -0.00700600 -0.00766000 -0.00104700
v -0.00700200 -0.00768500 -0.00108300
v -0.00690000 -0.00762300 -0.00100500
v -0.00689700 -0.00763100 -0.00104700
v -0.00680000 -0.00757600 -0.00100500
v -0.00679500 -0.00758400 -0.00104700
v -0.00670900 -0.00751200 -0.00100500
v -0.00670300 -0.00751900 -0.00096200
v -0.00663000 -0.00743300 -0.00100500
v -0.00656600 -0.00734200 -0.00100500
v -0.00651900 -0.00724200 -0.00100500
v -0.00649000 -0.00713400 -0.00100500
v -0.00648100 -0.00713600 -0.00104700
v -0.00647200 -0.00702400 -0.00096200
v -0.00648100 -0.00702400 -0.00100500
v -0.00647200 -0.00702400 -0.00104700
v -0.00648100 -0.00691100 -0.00096200
v -0.00649000 -0.00691300 -0.00100500
v -0.00648100 -0.00691100 -0.00104700
v -0.00651900 -0.00680500 -0.00100500
v -0.00651100 -0.00680200 -0.00104700
v -0.00656600 -0.00670500 -0.00100500
v -0.00655800 -0.00670000 -0.00104700
v -0.00663000 -0.00661400 -0.00100500
v -0.00662300 -0.00660800 -0.00104700
v -0.00670900 -0.00653500 -0.00100500
v -0.00670300 -0.00652800 -0.00104700
v -0.00680000 -0.00647100 -0.00100500
v -0.00679500 -0.00646300 -0.00104700
v -0.00690000 -0.00642400 -0.00100500
v -0.00689700 -0.00641600 -0.00104700
v -0.00688900 -0.00639300 -0.00108300
v -0.00700800 -0.00639600 -0.00100500
v -0.00700600 -0.00638700 -0.00104700
v -0.00711800 -0.00638600 -0.00100500
v -0.00711800 -0.00637700 -0.00104700
v -0.00711800 -0.00769500 -0.00108300
v -0.00688900 -0.00765400 -0.00108300
v -0.00676500 -0.00763600 -0.00110700
v -0.00678300 -0.00760500 -0.00108300
v -0.00666400 -0.00756500 -0.00110700
v -0.00668700 -0.00753800 -0.00108300
v -0.00660400 -0.00745500 -0.00108300
v -0.00653700 -0.00735900 -0.00108300
v -0.00648700 -0.00725300 -0.00108300
v -0.00645700 -0.00714000 -0.00108300
v -0.00644700 -0.00702400 -0.00108300
v -0.00645700 -0.00690700 -0.00108300
v -0.00642200 -0.00690100 -0.00110700
v -0.00648700 -0.00679400 -0.00108300
v -0.00653700 -0.00668800 -0.00108300
v -0.00660400 -0.00659200 -0.00108300
v -0.00668700 -0.00650900 -0.00108300
v -0.00678300 -0.00644200 -0.00108300
v -0.00700200 -0.00636200 -0.00108300
v -0.00711800 -0.00635200 -0.00108300
v -0.00711800 -0.00773100 -0.00110700
v -0.00699500 -0.00772000 -0.00110700
v -0.00698800 -0.00776200 -0.00111500
v -0.00687600 -0.00768800 -0.00110700
v -0.00657600 -0.00747800 -0.00110700
v -0.00650600 -0.00737700 -0.00110700
v -0.00646900 -0.00739800 -0.00111500
v -0.00645300 -0.00726500 -0.00110700
v -0.00642200 -0.00714600 -0.00110700
v -0.00641100 -0.00702400 -0.00110700
v -0.00636800 -0.00702400 -0.00111500
v -0.00645300 -0.00678200 -0.00110700
v -0.00650600 -0.00667000 -0.00110700
v -0.00657600 -0.00656900 -0.00110700
v -0.00666400 -0.00648200 -0.00110700
v -0.00674300 -0.00637400 -0.00111500
v -0.00676500 -0.00641100 -0.00110700
v -0.00687600 -0.00635900 -0.00110700
v -0.00699500 -0.00632700 -0.00110700
v -0.00711800 -0.00631600 -0.00110700
v -0.00711800 -0.00627400 -0.00111500
v -0.00722900 -0.00639600 -0.00100500
v -0.00723100 -0.00638700 -0.00104700
v -0.00723500 -0.00636200 -0.00108300
v -0.00733600 -0.00642400 -0.00100500
v -0.00734800 -0.00639300 -0.00108300
v -0.00733900 -0.00641600 -0.00104700
v -0.00743700 -0.00647100 -0.00100500
v -0.00744200 -0.00646300 -0.00096200
v -0.00744200 -0.00646300 -0.00104700
v -0.00752800 -0.00653500 -0.00100500
v -0.00753400 -0.00652800 -0.00104700
v -0.00755000 -0.00650900 -0.00108300
v -0.00760700 -0.00661400 -0.00100500
v -0.00761400 -0.00660800 -0.00104700
v -0.00767800 -0.00670000 -0.00104700
v -0.00767000 -0.00670500 -0.00100500
v -0.00771700 -0.00680500 -0.00100500
v -0.00772600 -0.00680200 -0.00104700
v -0.00774900 -0.00679400 -0.00108300
v -0.00774600 -0.00691300 -0.00100500
v -0.00775500 -0.00691100 -0.00104700
v -0.00775600 -0.00702400 -0.00100500
v -0.00778900 -0.00702400 -0.00108300
v -0.00776500 -0.00702400 -0.00104700
v -0.00774600 -0.00713400 -0.00100500
v -0.00775500 -0.00713600 -0.00104700
v -0.00771700 -0.00724200 -0.00100500
v -0.00772600 -0.00724500 -0.00096200
v -0.00772600 -0.00724500 -0.00104700
v -0.00767000 -0.00734200 -0.00100500
v -0.00770000 -0.00735900 -0.00108300
v -0.00767800 -0.00734700 -0.00104700
v -0.00760700 -0.00743300 -0.00100500
v -0.00761400 -0.00743900 -0.00104700
v -0.00752800 -0.00751200 -0.00100500
v -0.00753400 -0.00751900 -0.00104700
v -0.00755000 -0.00753800 -0.00108300
v -0.00743700 -0.00757600 -0.00100500
v -0.00745400 -0.00760500 -0.00108300
v -0.00744200 -0.00758400 -0.00104700
v -0.00733600 -0.00762300 -0.00100500
v -0.00733900 -0.00763100 -0.00104700
v -0.00734800 -0.00765400 -0.00108300
v -0.00722900 -0.00765100 -0.00100500
v -0.00723100 -0.00766000 -0.00104700
v -0.00745400 -0.00644200 -0.00108300
v -0.00747200 -0.00641100 -0.00110700
v -0.00757300 -0.00648200 -0.00110700
v -0.00763200 -0.00659200 -0.00108300
v -0.00766000 -0.00656900 -0.00110700
v -0.00770000 -0.00668800 -0.00108300
v -0.00777900 -0.00690700 -0.00108300
v -0.00781500 -0.00690100 -0.00110700
v -0.00782600 -0.00702400 -0.00110700
v -0.00777900 -0.00714000 -0.00108300
v -0.00781500 -0.00714600 -0.00110700
v -0.00774900 -0.00725300 -0.00108300
v -0.00763200 -0.00745500 -0.00108300
v -0.00723500 -0.00768500 -0.00108300
v -0.00724100 -0.00632700 -0.00110700
v -0.00736000 -0.00635900 -0.00110700
v -0.00773100 -0.00667000 -0.00110700
v -0.00778300 -0.00678200 -0.00110700
v -0.00782300 -0.00676700 -0.00111500
v -0.00778300 -0.00726500 -0.00110700
v -0.00773100 -0.00737700 -0.00110700
v -0.00766000 -0.00747800 -0.00110700
v -0.00757300 -0.00756500 -0.00110700
v -0.00749300 -0.00767300 -0.00111500
v -0.00747200 -0.00763600 -0.00110700
v -0.00736000 -0.00768800 -0.00110700
v -0.00724100 -0.00772000 -0.00110700
v -0.00660700 -0.00696100 0.00250000
v -0.00699500 -0.00752400 0.00250000
v -0.00687900 -0.00747900 0.00250000
v -0.00763000 -0.00696100 0.00250000
v -0.00774650 -0.00694700 0.00225900
v -0.00763000 -0.00708600 0.00250000
v -0.00724200 -0.00752400 0.00250000
v -0.00711800 -0.00753800 0.00250000
v -0.00760000 -0.00720600 0.00250000
v -0.00754200 -0.00731600 0.00250000
v -0.00746000 -0.00740900 0.00250000
v -0.00735800 -0.00747900 0.00250000
v -0.00724200 -0.00652300 0.00250000
v -0.00735800 -0.00656700 0.00250000
v -0.00669400 -0.00731600 0.00250000
v -0.00663700 -0.00720600 0.00250000
v -0.00660700 -0.00708600 0.00250000
v -0.00649050 -0.00710000 0.00225900
v -0.00699500 -0.00652300 0.00250000
v -0.00711800 -0.00650800 0.00250000
v -0.00663700 -0.00684100 0.00250000
v -0.00669400 -0.00673100 0.00250000
v -0.00677700 -0.00663800 0.00250000
v -0.00687900 -0.00656700 0.00250000
v -0.00746000 -0.00663800 0.00250000
v -0.00754200 -0.00673100 0.00250000
v -0.00760000 -0.00684100 0.00250000
v -0.00711800 -0.00777400 0.00201800
v -0.00693900 -0.00775200 0.00201800
v -0.00677000 -0.00768800 0.00201800
v -0.00662100 -0.00758500 0.00201800
v -0.00650100 -0.00745000 0.00201800
v -0.00641700 -0.00728900 0.00201800
v -0.00637400 -0.00711400 0.00201800
v -0.00637400 -0.00693300 0.00201800
v -0.00641700 -0.00675800 0.00201800
v -0.00650100 -0.00659700 0.00201800
v -0.00662100 -0.00646200 0.00201800
v -0.00677000 -0.00635900 0.00201800
v -0.00693900 -0.00629500 0.00201800
v -0.00711800 -0.00627400 0.00201800
v -0.00677100 -0.00636100 -0.00089400
v -0.00674300 -0.00637400 -0.00089400
v -0.00676500 -0.00641100 -0.00090300
v -0.00650300 -0.00659900 -0.00089400
v -0.00646900 -0.00664800 -0.00089400
v -0.00650600 -0.00667000 -0.00090300
v -0.00641800 -0.00675800 -0.00089400
v -0.00651100 -0.00680200 -0.00096200
v -0.00648700 -0.00679400 -0.00092700
v -0.00679500 -0.00758400 -0.00096200
v -0.00666400 -0.00756500 -0.00090300
v -0.00711800 -0.00637700 -0.00096200
v -0.00700600 -0.00638700 -0.00096200
v -0.00689700 -0.00641600 -0.00096200
v -0.00679500 -0.00646300 -0.00096200
v -0.00670300 -0.00652800 -0.00096200
v -0.00662300 -0.00660800 -0.00096200
v -0.00651100 -0.00724500 -0.00096200
v -0.00655800 -0.00734700 -0.00096200
v -0.00688900 -0.00765400 -0.00092700
v -0.00700200 -0.00768500 -0.00092700
v -0.00700600 -0.00766000 -0.00096200
v -0.00657600 -0.00747800 -0.00090300
v -0.00668700 -0.00753800 -0.00092700
v -0.00660400 -0.00745500 -0.00092700
v -0.00662300 -0.00743900 -0.00096200
v -0.00644700 -0.00702400 -0.00092700
v -0.00645700 -0.00714000 -0.00092700
v -0.00648100 -0.00713600 -0.00096200
v -0.00653700 -0.00668800 -0.00092700
v -0.00655800 -0.00670000 -0.00096200
v -0.00699500 -0.00772000 -0.00090300
v -0.00687600 -0.00768800 -0.00090300
v -0.00676500 -0.00763600 -0.00090300
v -0.00689700 -0.00763100 -0.00096200
v -0.00678300 -0.00760500 -0.00092700
v -0.00662200 -0.00758400 -0.00089400
v -0.00642200 -0.00714600 -0.00090300
v -0.00641100 -0.00702400 -0.00090300
v -0.00642200 -0.00690100 -0.00090300
v -0.00645700 -0.00690700 -0.00092700
v -0.00645300 -0.00678200 -0.00090300
v -0.00641400 -0.00676700 -0.00089400
v -0.00711800 -0.00767000 -0.00096200
v -0.00711800 -0.00769500 -0.00092700
v -0.00711800 -0.00773100 -0.00090300
v -0.00698800 -0.00776200 -0.00089400
v -0.00677100 -0.00768600 -0.00089400
v -0.00686200 -0.00772800 -0.00089400
v -0.00693900 -0.00774900 -0.00089400
v -0.00654400 -0.00750600 -0.00089400
v -0.00650600 -0.00737700 -0.00090300
v -0.00646900 -0.00739800 -0.00089400
v -0.00650300 -0.00744800 -0.00089400
v -0.00653700 -0.00735900 -0.00092700
v -0.00645300 -0.00726500 -0.00090300
v -0.00641400 -0.00728000 -0.00089400
v -0.00641800 -0.00728900 -0.00089400
v -0.00648700 -0.00725300 -0.00092700
v -0.00638000 -0.00715400 -0.00089400
v -0.00637600 -0.00693300 -0.00089400
v -0.00638000 -0.00689300 -0.00089400
v -0.00636800 -0.00702400 -0.00089400
v -0.00637600 -0.00711400 -0.00089400
v -0.00660400 -0.00659200 -0.00092700
v -0.00657600 -0.00656900 -0.00090300
v -0.00654400 -0.00654100 -0.00089400
v -0.00666400 -0.00648200 -0.00090300
v -0.00662200 -0.00646300 -0.00089400
v -0.00663600 -0.00644900 -0.00089400
v -0.00668700 -0.00650900 -0.00092700
v -0.00678300 -0.00644200 -0.00092700
v -0.00688900 -0.00639300 -0.00092700
v -0.00687600 -0.00635900 -0.00090300
v -0.00686200 -0.00631900 -0.00089400
v -0.00699500 -0.00632700 -0.00090300
v -0.00698800 -0.00628500 -0.00089400
v -0.00693900 -0.00629800 -0.00089400
v -0.00700200 -0.00636200 -0.00092700
v -0.00711800 -0.00635200 -0.00092700
v -0.00711800 -0.00631600 -0.00090300
v -0.00711800 -0.00627400 -0.00089400
v -0.00746600 -0.00768600 -0.00089400
v -0.00749300 -0.00767300 -0.00089400
v -0.00747200 -0.00763600 -0.00090300
v -0.00773300 -0.00744800 -0.00089400
v -0.00776800 -0.00739800 -0.00089400
v -0.00773100 -0.00737700 -0.00090300
v -0.00775500 -0.00713600 -0.00096200
v -0.00777900 -0.00714000 -0.00092700
v -0.00774900 -0.00725300 -0.00092700
v -0.00753400 -0.00652800 -0.00096200
v -0.00755000 -0.00650900 -0.00092700
v -0.00723100 -0.00766000 -0.00096200
v -0.00733900 -0.00763100 -0.00096200
v -0.00744200 -0.00758400 -0.00096200
v -0.00753400 -0.00751900 -0.00096200
v -0.00761400 -0.00743900 -0.00096200
v -0.00772600 -0.00680200 -0.00096200
v -0.00767800 -0.00670000 -0.00096200
v -0.00734800 -0.00639300 -0.00092700
v -0.00723500 -0.00636200 -0.00092700
v -0.00723100 -0.00638700 -0.00096200
v -0.00766000 -0.00656900 -0.00090300
v -0.00763200 -0.00659200 -0.00092700
v -0.00761400 -0.00660800 -0.00096200
v -0.00778900 -0.00702400 -0.00092700
v -0.00777900 -0.00690700 -0.00092700
v -0.00775500 -0.00691100 -0.00096200
v -0.00770000 -0.00735900 -0.00092700
v -0.00767800 -0.00734700 -0.00096200
v -0.00724100 -0.00632700 -0.00090300
v -0.00736000 -0.00635900 -0.00090300
v -0.00747200 -0.00641100 -0.00090300
v -0.00745400 -0.00644200 -0.00092700
v -0.00733900 -0.00641600 -0.00096200
v -0.00757300 -0.00648200 -0.00090300
v -0.00760000 -0.00644900 -0.00089400
v -0.00761500 -0.00646300 -0.00089400
v -0.00781500 -0.00690100 -0.00090300
v -0.00782600 -0.00702400 -0.00090300
v -0.00781500 -0.00714600 -0.00090300
v -0.00776500 -0.00702400 -0.00096200
v -0.00781900 -0.00728900 -0.00089400
v -0.00778300 -0.00726500 -0.00090300
v -0.00782300 -0.00728000 -0.00089400
v -0.00729700 -0.00629800 -0.00089400
v -0.00724900 -0.00628500 -0.00089400
v -0.00749300 -0.00637400 -0.00089400
v -0.00746600 -0.00636100 -0.00089400
v -0.00737500 -0.00631900 -0.00089400
v -0.00769300 -0.00654100 -0.00089400
v -0.00773100 -0.00667000 -0.00090300
v -0.00773300 -0.00659900 -0.00089400
v -0.00776800 -0.00664800 -0.00089400
v -0.00770000 -0.00668800 -0.00092700
v -0.00778300 -0.00678200 -0.00090300
v -0.00782300 -0.00676700 -0.00089400
v -0.00781900 -0.00675800 -0.00089400
v -0.00774900 -0.00679400 -0.00092700
v -0.00785700 -0.00689300 -0.00089400
v -0.00785700 -0.00715400 -0.00089400
v -0.00786000 -0.00711400 -0.00089400
v -0.00786800 -0.00702400 -0.00089400
v -0.00786000 -0.00693300 -0.00089400
v -0.00763200 -0.00745500 -0.00092700
v -0.00766000 -0.00747800 -0.00090300
v -0.00769300 -0.00750600 -0.00089400
v -0.00757300 -0.00756500 -0.00090300
v -0.00761500 -0.00758400 -0.00089400
v -0.00760000 -0.00759800 -0.00089400
v -0.00755000 -0.00753800 -0.00092700
v -0.00745400 -0.00760500 -0.00092700
v -0.00734800 -0.00765400 -0.00092700
v -0.00736000 -0.00768800 -0.00090300
v -0.00737500 -0.00772800 -0.00089400
v -0.00724100 -0.00772000 -0.00090300
v -0.00729700 -0.00774900 -0.00089400
v -0.00723500 -0.00768500 -0.00092700
v -0.00729800 -0.00629500 0.00201800
v -0.00746700 -0.00635900 0.00201800
v -0.00761600 -0.00646200 0.00201800
v -0.00773500 -0.00659700 0.00201800
v -0.00782000 -0.00675800 0.00201800
v -0.00786300 -0.00693300 0.00201800
v -0.00786300 -0.00711400 0.00201800
v -0.00782000 -0.00728900 0.00201800
v -0.00773500 -0.00745000 0.00201800
v -0.00761600 -0.00758500 0.00201800
v -0.00746700 -0.00768800 0.00201800
v -0.00729800 -0.00775200 0.00201800
v -0.00807250 0.00657200 -0.00150000
v -0.00809500 0.00661900 -0.00150000
v -0.00623900 0.00643600 -0.00150000
v -0.00616400 0.00747500 -0.00150000
v -0.00618600 0.00752200 -0.00150000
v -0.00614200 0.00742800 -0.00150000
v -0.00608200 0.00723000 -0.00150000
v -0.00606600 0.00712700 -0.00150000
v -0.00618600 0.00652500 -0.00150000
v -0.00796600 0.00639450 -0.00150000
v -0.00793500 0.00635300 -0.00150000
v -0.00799700 0.00643600 -0.00150000
v -0.00644800 0.00620600 -0.00150000
v -0.00817000 0.00692000 -0.00150000
v -0.00815500 0.00681700 -0.00150000
v -0.00813000 0.00671700 -0.00150000
v -0.00816000 0.00670700 -0.00149200
v -0.00610700 0.00733000 -0.00150000
v -0.00606100 0.00702400 -0.00150000
v -0.00606600 0.00692000 -0.00150000
v -0.00608200 0.00681700 -0.00150000
v -0.00637100 0.00627600 -0.00150000
v -0.00817500 0.00702400 -0.00150000
v -0.00817000 0.00712700 -0.00150000
v -0.00815500 0.00723000 -0.00150000
v -0.00610700 0.00671700 -0.00150000
v -0.00614200 0.00661900 -0.00150000
v -0.00813000 0.00733000 -0.00150000
v -0.00809500 0.00742800 -0.00150000
v -0.00623900 0.00761100 -0.00150000
v -0.00714450 0.00756650 -0.00150000
v -0.00799700 0.00761100 -0.00150000
v -0.00793500 0.00769400 -0.00150000
v -0.00786600 0.00777100 -0.00150000
v -0.00778900 0.00784100 -0.00150000
v -0.00630100 0.00769400 -0.00150000
v -0.00704500 0.00776750 -0.00150000
v -0.00637100 0.00777100 -0.00150000
v -0.00630100 0.00635300 -0.00150000
v -0.00701500 0.00807500 -0.00150000
v -0.00691200 0.00806000 -0.00150000
v -0.00662000 0.00795600 -0.00150000
v -0.00653100 0.00790200 -0.00150000
v -0.00644800 0.00784100 -0.00150000
v -0.00742500 0.00803500 -0.00150000
v -0.00732400 0.00806000 -0.00150000
v -0.00681100 0.00803500 -0.00150000
v -0.00671400 0.00800000 -0.00150000
v -0.00653100 0.00614500 -0.00150000
v -0.00716000 0.00617550 -0.00150000
v -0.00778900 0.00620600 -0.00150000
v -0.00786600 0.00627600 -0.00150000
v -0.00691200 0.00598700 -0.00150000
v -0.00696350 0.00597950 -0.00150000
v -0.00701500 0.00597200 -0.00150000
v -0.00711800 0.00596600 -0.00150000
v -0.00770600 0.00790200 -0.00150000
v -0.00761700 0.00795600 -0.00150000
v -0.00752300 0.00800000 -0.00150000
v -0.00722200 0.00807500 -0.00150000
v -0.00711800 0.00808000 -0.00150000
v -0.00681100 0.00601200 -0.00150000
v -0.00662000 0.00609100 -0.00150000
v -0.00671400 0.00604700 -0.00150000
v -0.00770600 0.00614500 -0.00150000
v -0.00721000 0.00609600 -0.00150000
v -0.00761700 0.00609100 -0.00150000
v -0.00722200 0.00597200 -0.00150000
v -0.00732400 0.00598700 -0.00150000
v -0.00742500 0.00601200 -0.00150000
v -0.00752300 0.00604700 -0.00150000
v -0.00711800 0.00811200 -0.00149200
v -0.00701200 0.00810700 -0.00149200
v -0.00711800 0.00813500 -0.00146800
v -0.00700900 0.00813000 -0.00146800
v -0.00711800 0.00814300 -0.00134250
v -0.00711800 0.00814300 -0.00143700
v -0.00700800 0.00813800 -0.00143700
v -0.00700800 0.00813800 -0.00134250
v -0.00690000 0.00812200 -0.00134250
v -0.00690000 0.00812200 -0.00143700
v -0.00690100 0.00811400 -0.00146800
v -0.00679300 0.00809500 -0.00134250
v -0.00679300 0.00809500 -0.00143700
v -0.00679600 0.00808700 -0.00146800
v -0.00669000 0.00805800 -0.00143700
v -0.00669000 0.00805800 -0.00134250
v -0.00669300 0.00805000 -0.00146800
v -0.00659000 0.00801100 -0.00143700
v -0.00659000 0.00801100 -0.00134250
v -0.00659400 0.00800400 -0.00146800
v -0.00649600 0.00795500 -0.00143700
v -0.00649600 0.00795500 -0.00134250
v -0.00650100 0.00794800 -0.00146800
v -0.00640800 0.00788900 -0.00143700
v -0.00640800 0.00788900 -0.00134250
v -0.00641300 0.00788300 -0.00146800
v -0.00632600 0.00781500 -0.00143700
v -0.00632600 0.00781500 -0.00134250
v -0.00633200 0.00780900 -0.00146800
v -0.00625300 0.00773400 -0.00143700
v -0.00625300 0.00773400 -0.00134250
v -0.00625900 0.00772900 -0.00146800
v -0.00618700 0.00764600 -0.00134250
v -0.00618700 0.00764600 -0.00143700
v -0.00619400 0.00764100 -0.00146800
v -0.00613100 0.00755100 -0.00143700
v -0.00613100 0.00755100 -0.00134250
v -0.00613800 0.00754700 -0.00146800
v -0.00608400 0.00745200 -0.00143700
v -0.00608400 0.00745200 -0.00134250
v -0.00609100 0.00744900 -0.00146800
v -0.00604600 0.00734900 -0.00143700
v -0.00604600 0.00734900 -0.00134250
v -0.00605500 0.00734600 -0.00146800
v -0.00602000 0.00724200 -0.00134250
v -0.00602000 0.00724200 -0.00143700
v -0.00602800 0.00724000 -0.00146800
v -0.00600400 0.00713300 -0.00143700
v -0.00600400 0.00713300 -0.00134250
v -0.00601200 0.00713200 -0.00146800
v -0.00599800 0.00702400 -0.00134250
v -0.00599800 0.00702400 -0.00143700
v -0.00600700 0.00702400 -0.00146800
v -0.00600400 0.00691400 -0.00143700
v -0.00600400 0.00691400 -0.00134250
v -0.00601200 0.00691500 -0.00146800
v -0.00602000 0.00680500 -0.00143700
v -0.00602000 0.00680500 -0.00134250
v -0.00602800 0.00680700 -0.00146800
v -0.00604600 0.00669800 -0.00134250
v -0.00604600 0.00669800 -0.00143700
v -0.00605500 0.00670100 -0.00146800
v -0.00608400 0.00659500 -0.00143700
v -0.00608400 0.00659500 -0.00134250
v -0.00609100 0.00659800 -0.00146800
v -0.00613100 0.00649600 -0.00143700
v -0.00613100 0.00649600 -0.00134250
v -0.00613800 0.00650000 -0.00146800
v -0.00618700 0.00640100 -0.00143700
v -0.00618700 0.00640100 -0.00134250
v -0.00619400 0.00640600 -0.00146800
v -0.00625300 0.00631300 -0.00134250
v -0.00625300 0.00631300 -0.00143700
v -0.00625900 0.00631800 -0.00146800
v -0.00632600 0.00623200 -0.00143700
v -0.00632600 0.00623200 -0.00134250
v -0.00633200 0.00623800 -0.00146800
v -0.00640800 0.00615800 -0.00143700
v -0.00640800 0.00615800 -0.00134250
v -0.00641300 0.00616400 -0.00146800
v -0.00649600 0.00609200 -0.00143700
v -0.00649600 0.00609200 -0.00134250
v -0.00650100 0.00609900 -0.00146800
v -0.00659000 0.00603600 -0.00143700
v -0.00659000 0.00603600 -0.00134250
v -0.00659400 0.00604300 -0.00146800
v -0.00669000 0.00598900 -0.00143700
v -0.00669000 0.00598900 -0.00134250
v -0.00669300 0.00599700 -0.00146800
v -0.00679300 0.00595200 -0.00143700
v -0.00679300 0.00595200 -0.00134250
v -0.00679600 0.00596000 -0.00146800
v -0.00690000 0.00592500 -0.00143700
v -0.00690000 0.00592500 -0.00134250
v -0.00690100 0.00593300 -0.00146800
v -0.00700800 0.00590900 -0.00134250
v -0.00700800 0.00590900 -0.00143700
v -0.00700900 0.00591700 -0.00146800
v -0.00711800 0.00590300 -0.00143700
v -0.00711800 0.00590300 -0.00134250
v -0.00711800 0.00591200 -0.00146800
v -0.00690600 0.00809100 -0.00149200
v -0.00680200 0.00806500 -0.00149200
v -0.00670200 0.00802900 -0.00149200
v -0.00660500 0.00798300 -0.00149200
v -0.00651400 0.00792900 -0.00149200
v -0.00642800 0.00786500 -0.00149200
v -0.00634900 0.00779300 -0.00149200
v -0.00627700 0.00771400 -0.00149200
v -0.00621300 0.00762800 -0.00149200
v -0.00615800 0.00753700 -0.00149200
v -0.00611300 0.00744000 -0.00149200
v -0.00607700 0.00733900 -0.00149200
v -0.00605100 0.00723600 -0.00149200
v -0.00603500 0.00713000 -0.00149200
v -0.00603000 0.00702400 -0.00149200
v -0.00603500 0.00691700 -0.00149200
v -0.00605100 0.00681100 -0.00149200
v -0.00607700 0.00670700 -0.00149200
v -0.00611300 0.00660700 -0.00149200
v -0.00615800 0.00651000 -0.00149200
v -0.00621300 0.00641900 -0.00149200
v -0.00627700 0.00633300 -0.00149200
v -0.00634900 0.00625400 -0.00149200
v -0.00642800 0.00618200 -0.00149200
v -0.00651400 0.00611800 -0.00149200
v -0.00660500 0.00606400 -0.00149200
v -0.00670200 0.00601800 -0.00149200
v -0.00680200 0.00598200 -0.00149200
v -0.00690600 0.00595600 -0.00149200
v -0.00701200 0.00594000 -0.00149200
v -0.00711800 0.00593500 -0.00149200
v -0.00722500 0.00594000 -0.00149200
v -0.00722700 0.00591700 -0.00146800
v -0.00722800 0.00590900 -0.00134250
v -0.00722800 0.00590900 -0.00143700
v -0.00733700 0.00592500 -0.00143700
v -0.00733700 0.00592500 -0.00134250
v -0.00733500 0.00593300 -0.00146800
v -0.00744300 0.00595200 -0.00143700
v -0.00744200 0.00595600 -0.00145250
v -0.00744300 0.00595200 -0.00134250
v -0.00744100 0.00596000 -0.00146800
v -0.00754700 0.00598900 -0.00134250
v -0.00754700 0.00598900 -0.00143700
v -0.00754400 0.00599700 -0.00146800
v -0.00764600 0.00603600 -0.00134250
v -0.00764600 0.00603600 -0.00143700
v -0.00764200 0.00604300 -0.00146800
v -0.00774000 0.00609200 -0.00143700
v -0.00774000 0.00609200 -0.00134250
v -0.00773600 0.00609900 -0.00146800
v -0.00782900 0.00615800 -0.00143700
v -0.00782900 0.00615800 -0.00134250
v -0.00782600 0.00616100 -0.00145250
v -0.00782300 0.00616400 -0.00146800
v -0.00791000 0.00623200 -0.00134250
v -0.00791000 0.00623200 -0.00143700
v -0.00790400 0.00623800 -0.00146800
v -0.00798400 0.00631300 -0.00143700
v -0.00798400 0.00631300 -0.00134250
v -0.00797800 0.00631800 -0.00146800
v -0.00804900 0.00640100 -0.00134250
v -0.00804900 0.00640100 -0.00143700
v -0.00804300 0.00640600 -0.00146800
v -0.00810600 0.00649600 -0.00143700
v -0.00810600 0.00649600 -0.00134250
v -0.00809900 0.00650000 -0.00146800
v -0.00815300 0.00659500 -0.00134250
v -0.00815300 0.00659500 -0.00143700
v -0.00814500 0.00659800 -0.00146800
v -0.00819000 0.00669800 -0.00143700
v -0.00819000 0.00669800 -0.00134250
v -0.00818200 0.00670100 -0.00146800
v -0.00821700 0.00680500 -0.00143700
v -0.00821700 0.00680500 -0.00134250
v -0.00820800 0.00680700 -0.00146800
v -0.00823300 0.00691400 -0.00143700
v -0.00823300 0.00691400 -0.00134250
v -0.00822400 0.00691500 -0.00146800
v -0.00823800 0.00702400 -0.00143700
v -0.00823800 0.00702400 -0.00134250
v -0.00823000 0.00702400 -0.00146800
v -0.00823300 0.00713300 -0.00143700
v -0.00823300 0.00713300 -0.00134250
v -0.00822400 0.00713200 -0.00146800
v -0.00821700 0.00724200 -0.00143700
v -0.00821700 0.00724200 -0.00134250
v -0.00820800 0.00724000 -0.00146800
v -0.00819000 0.00734900 -0.00134250
v -0.00819000 0.00734900 -0.00143700
v -0.00818200 0.00734600 -0.00146800
v -0.00815300 0.00745200 -0.00143700
v -0.00815300 0.00745200 -0.00134250
v -0.00814500 0.00744900 -0.00146800
v -0.00810600 0.00755100 -0.00143700
v -0.00810600 0.00755100 -0.00134250
v -0.00809900 0.00754700 -0.00146800
v -0.00804900 0.00764600 -0.00143700
v -0.00804900 0.00764600 -0.00134250
v -0.00804300 0.00764100 -0.00146800
v -0.00797800 0.00772900 -0.00146800
v -0.00798400 0.00773400 -0.00143700
v -0.00798400 0.00773400 -0.00134250
v -0.00791000 0.00781500 -0.00143700
v -0.00791000 0.00781500 -0.00134250
v -0.00790400 0.00780900 -0.00146800
v -0.00782900 0.00788900 -0.00143700
v -0.00782900 0.00788900 -0.00134250
v -0.00782300 0.00788300 -0.00146800
v -0.00774000 0.00795500 -0.00143700
v -0.00774000 0.00795500 -0.00134250
v -0.00773600 0.00794800 -0.00146800
v -0.00764600 0.00801100 -0.00143700
v -0.00764600 0.00801100 -0.00134250
v -0.00764200 0.00800400 -0.00146800
v -0.00754700 0.00805800 -0.00143700
v -0.00754700 0.00805800 -0.00134250
v -0.00754400 0.00805000 -0.00146800
v -0.00744300 0.00809500 -0.00143700
v -0.00744300 0.00809500 -0.00134250
v -0.00744100 0.00808700 -0.00146800
v -0.00733700 0.00812200 -0.00143700
v -0.00733700 0.00812200 -0.00134250
v -0.00733500 0.00811400 -0.00146800
v -0.00722800 0.00813800 -0.00134250
v -0.00722800 0.00813800 -0.00143700
v -0.00722700 0.00813000 -0.00146800
v -0.00733100 0.00595600 -0.00149200
v -0.00743400 0.00598200 -0.00149200
v -0.00753500 0.00601800 -0.00149200
v -0.00763100 0.00606400 -0.00149200
v -0.00772300 0.00611800 -0.00149200
v -0.00780900 0.00618200 -0.00149200
v -0.00788800 0.00625400 -0.00149200
v -0.00796000 0.00633300 -0.00149200
v -0.00802300 0.00641900 -0.00149200
v -0.00807800 0.00651000 -0.00149200
v -0.00812400 0.00660700 -0.00149200
v -0.00818600 0.00681100 -0.00149200
v -0.00820200 0.00691700 -0.00149200
v -0.00820700 0.00702400 -0.00149200
v -0.00820200 0.00713000 -0.00149200
v -0.00818600 0.00723600 -0.00149200
v -0.00816000 0.00733900 -0.00149200
v -0.00812400 0.00744000 -0.00149200
v -0.00807800 0.00753700 -0.00149200
v -0.00802300 0.00762800 -0.00149200
v -0.00796000 0.00771400 -0.00149200
v -0.00788800 0.00779300 -0.00149200
v -0.00780900 0.00786500 -0.00149200
v -0.00772300 0.00792900 -0.00149200
v -0.00763100 0.00798300 -0.00149200
v -0.00753500 0.00802900 -0.00149200
v -0.00743400 0.00806500 -0.00149200
v -0.00733100 0.00809100 -0.00149200
v -0.00722500 0.00810700 -0.00149200
v -0.00711800 0.00814300 -0.00124800
v -0.00700800 0.00813800 -0.00124800
v -0.00690000 0.00812200 -0.00124800
v -0.00679300 0.00809500 -0.00124800
v -0.00669000 0.00805800 -0.00124800
v -0.00659000 0.00801100 -0.00124800
v -0.00649600 0.00795500 -0.00124800
v -0.00640800 0.00788900 -0.00124800
v -0.00632600 0.00781500 -0.00124800
v -0.00625300 0.00773400 -0.00124800
v -0.00618700 0.00764600 -0.00124800
v -0.00613100 0.00755100 -0.00124800
v -0.00608400 0.00745200 -0.00124800
v -0.00604600 0.00734900 -0.00124800
v -0.00602000 0.00724200 -0.00124800
v -0.00600400 0.00713300 -0.00124800
v -0.00599800 0.00702400 -0.00124800
v -0.00600400 0.00691400 -0.00124800
v -0.00602000 0.00680500 -0.00124800
v -0.00604600 0.00669800 -0.00124800
v -0.00608400 0.00659500 -0.00124800
v -0.00613100 0.00649600 -0.00124800
v -0.00618700 0.00640100 -0.00124800
v -0.00625300 0.00631300 -0.00124800
v -0.00632600 0.00623200 -0.00124800
v -0.00640800 0.00615800 -0.00124800
v -0.00649600 0.00609200 -0.00124800
v -0.00659000 0.00603600 -0.00124800
v -0.00669000 0.00598900 -0.00124800
v -0.00679300 0.00595200 -0.00124800
v -0.00690000 0.00592500 -0.00124800
v -0.00700800 0.00590900 -0.00124800
v -0.00711800 0.00590300 -0.00124800
v -0.00722800 0.00590900 -0.00124800
v -0.00733700 0.00592500 -0.00124800
v -0.00744300 0.00595200 -0.00124800
v -0.00754700 0.00598900 -0.00124800
v -0.00764600 0.00603600 -0.00124800
v -0.00774000 0.00609200 -0.00124800
v -0.00782900 0.00615800 -0.00124800
v -0.00791000 0.00623200 -0.00124800
v -0.00798400 0.00631300 -0.00124800
v -0.00804900 0.00640100 -0.00124800
v -0.00810600 0.00649600 -0.00124800
v -0.00815300 0.00659500 -0.00124800
v -0.00819000 0.00669800 -0.00124800
v -0.00821700 0.00680500 -0.00124800
v -0.00823300 0.00691400 -0.00124800
v -0.00823800 0.00702400 -0.00124800
v -0.00823300 0.00713300 -0.00124800
v -0.00821700 0.00724200 -0.00124800
v -0.00819000 0.00734900 -0.00124800
v -0.00815300 0.00745200 -0.00124800
v -0.00810600 0.00755100 -0.00124800
v -0.00804900 0.00764600 -0.00124800
v -0.00804600 0.00764350 -0.00123200
v -0.00798400 0.00773400 -0.00124800
v -0.00791000 0.00781500 -0.00124800
v -0.00782900 0.00788900 -0.00124800
v -0.00773800 0.00795150 -0.00123200
v -0.00774000 0.00795500 -0.00124800
v -0.00764600 0.00801100 -0.00124800
v -0.00754700 0.00805800 -0.00124800
v -0.00744300 0.00809500 -0.00124800
v -0.00733700 0.00812200 -0.00124800
v -0.00722800 0.00813800 -0.00124800
v -0.00711800 0.00596600 -0.00118500
v -0.00711800 0.00593500 -0.00119300
v -0.00701200 0.00594000 -0.00119300
v -0.00711800 0.00591200 -0.00121600
v -0.00700900 0.00591700 -0.00121600
v -0.00690100 0.00593300 -0.00121600
v -0.00679600 0.00596000 -0.00121600
v -0.00669300 0.00599700 -0.00121600
v -0.00659400 0.00604300 -0.00121600
v -0.00650100 0.00609900 -0.00121600
v -0.00641300 0.00616400 -0.00121600
v -0.00633200 0.00623800 -0.00121600
v -0.00625900 0.00631800 -0.00121600
v -0.00619400 0.00640600 -0.00121600
v -0.00613800 0.00650000 -0.00121600
v -0.00609100 0.00659800 -0.00121600
v -0.00605500 0.00670100 -0.00121600
v -0.00602800 0.00680700 -0.00121600
v -0.00601200 0.00691500 -0.00121600
v -0.00600700 0.00702400 -0.00121600
v -0.00601200 0.00713200 -0.00121600
v -0.00602800 0.00724000 -0.00121600
v -0.00605500 0.00734600 -0.00121600
v -0.00609100 0.00744900 -0.00121600
v -0.00613800 0.00754700 -0.00121600
v -0.00619400 0.00764100 -0.00121600
v -0.00625900 0.00772900 -0.00121600
v -0.00633200 0.00780900 -0.00121600
v -0.00641300 0.00788300 -0.00121600
v -0.00650100 0.00794800 -0.00121600
v -0.00659400 0.00800400 -0.00121600
v -0.00669300 0.00805000 -0.00121600
v -0.00679600 0.00808700 -0.00121600
v -0.00690100 0.00811400 -0.00121600
v -0.00700900 0.00813000 -0.00121600
v -0.00711800 0.00813500 -0.00121600
v -0.00690600 0.00595600 -0.00119300
v -0.00680200 0.00598200 -0.00119300
v -0.00670200 0.00601800 -0.00119300
v -0.00651400 0.00611800 -0.00119300
v -0.00642800 0.00618200 -0.00119300
v -0.00634900 0.00625400 -0.00119300
v -0.00627700 0.00633300 -0.00119300
v -0.00621300 0.00641900 -0.00119300
v -0.00615800 0.00651000 -0.00119300
v -0.00611300 0.00660700 -0.00119300
v -0.00607700 0.00670700 -0.00119300
v -0.00605100 0.00681100 -0.00119300
v -0.00603500 0.00691700 -0.00119300
v -0.00603000 0.00702400 -0.00119300
v -0.00603500 0.00713000 -0.00119300
v -0.00605100 0.00723600 -0.00119300
v -0.00607700 0.00733900 -0.00119300
v -0.00611300 0.00744000 -0.00119300
v -0.00615800 0.00753700 -0.00119300
v -0.00621300 0.00762800 -0.00119300
v -0.00627700 0.00771400 -0.00119300
v -0.00634900 0.00779300 -0.00119300
v -0.00642800 0.00786500 -0.00119300
v -0.00651400 0.00792900 -0.00119300
v -0.00660500 0.00798300 -0.00119300
v -0.00670200 0.00802900 -0.00119300
v -0.00680200 0.00806500 -0.00119300
v -0.00690600 0.00809100 -0.00119300
v -0.00701200 0.00810700 -0.00119300
v -0.00711800 0.00811200 -0.00119300
v -0.00701500 0.00597200 -0.00118500
v -0.00691200 0.00598700 -0.00118500
v -0.00681100 0.00601200 -0.00118500
v -0.00672450 0.00617000 -0.00118500
v -0.00662000 0.00609100 -0.00118500
v -0.00653100 0.00614500 -0.00118500
v -0.00644800 0.00620600 -0.00118500
v -0.00637100 0.00627600 -0.00118500
v -0.00643600 0.00637950 -0.00118500
v -0.00630100 0.00635300 -0.00118500
v -0.00623900 0.00643600 -0.00118500
v -0.00618600 0.00652500 -0.00118500
v -0.00631250 0.00654000 -0.00118500
v -0.00614200 0.00661900 -0.00118500
v -0.00622700 0.00672400 -0.00118500
v -0.00608200 0.00681700 -0.00118500
v -0.00606600 0.00692000 -0.00118500
v -0.00606100 0.00702400 -0.00118500
v -0.00618000 0.00697400 -0.00118500
v -0.00606600 0.00712700 -0.00118500
v -0.00618250 0.00712500 -0.00118500
v -0.00608200 0.00723000 -0.00118500
v -0.00612450 0.00737900 -0.00118500
v -0.00610700 0.00733000 -0.00118500
v -0.00614200 0.00742800 -0.00118500
v -0.00618600 0.00752200 -0.00118500
v -0.00623900 0.00761100 -0.00118500
v -0.00630100 0.00769400 -0.00118500
v -0.00637100 0.00777100 -0.00118500
v -0.00648950 0.00787150 -0.00118500
v -0.00644800 0.00784100 -0.00118500
v -0.00653100 0.00790200 -0.00118500
v -0.00662000 0.00795600 -0.00118500
v -0.00671400 0.00800000 -0.00118500
v -0.00681100 0.00803500 -0.00118500
v -0.00691200 0.00806000 -0.00118500
v -0.00701500 0.00807500 -0.00118500
v -0.00696800 0.00795000 -0.00118500
v -0.00711800 0.00808000 -0.00118500
v -0.00722500 0.00810700 -0.00119300
v -0.00722700 0.00813000 -0.00121600
v -0.00733500 0.00811400 -0.00121600
v -0.00744100 0.00808700 -0.00121600
v -0.00754400 0.00805000 -0.00121600
v -0.00764200 0.00800400 -0.00121600
v -0.00773600 0.00794800 -0.00121600
v -0.00782300 0.00788300 -0.00121600
v -0.00790400 0.00780900 -0.00121600
v -0.00797800 0.00772900 -0.00121600
v -0.00804300 0.00764100 -0.00121600
v -0.00809900 0.00754700 -0.00121600
v -0.00814500 0.00744900 -0.00121600
v -0.00818200 0.00734600 -0.00121600
v -0.00820800 0.00724000 -0.00121600
v -0.00822400 0.00713200 -0.00121600
v -0.00823000 0.00702400 -0.00121600
v -0.00822400 0.00691500 -0.00121600
v -0.00820800 0.00680700 -0.00121600
v -0.00818200 0.00670100 -0.00121600
v -0.00814500 0.00659800 -0.00121600
v -0.00809900 0.00650000 -0.00121600
v -0.00804300 0.00640600 -0.00121600
v -0.00804600 0.00640350 -0.00123200
v -0.00797800 0.00631800 -0.00121600
v -0.00790400 0.00623800 -0.00121600
v -0.00782300 0.00616400 -0.00121600
v -0.00773800 0.00609550 -0.00123200
v -0.00764200 0.00604300 -0.00121600
v -0.00754400 0.00599700 -0.00121600
v -0.00744100 0.00596000 -0.00121600
v -0.00733500 0.00593300 -0.00121600
v -0.00722700 0.00591700 -0.00121600
v -0.00733100 0.00809100 -0.00119300
v -0.00743400 0.00806500 -0.00119300
v -0.00753500 0.00802900 -0.00119300
v -0.00763100 0.00798300 -0.00119300
v -0.00772300 0.00792900 -0.00119300
v -0.00780900 0.00786500 -0.00119300
v -0.00788800 0.00779300 -0.00119300
v -0.00796000 0.00771400 -0.00119300
v -0.00802300 0.00762800 -0.00119300
v -0.00807800 0.00753700 -0.00119300
v -0.00812400 0.00744000 -0.00119300
v -0.00816000 0.00733900 -0.00119300
v -0.00818600 0.00723600 -0.00119300
v -0.00820200 0.00713000 -0.00119300
v -0.00820700 0.00702400 -0.00119300
v -0.00820200 0.00691700 -0.00119300
v -0.00818600 0.00681100 -0.00119300
v -0.00816000 0.00670700 -0.00119300
v -0.00812400 0.00660700 -0.00119300
v -0.00807800 0.00651000 -0.00119300
v -0.00802300 0.00641900 -0.00119300
v -0.00796000 0.00633300 -0.00119300
v -0.00788800 0.00625400 -0.00119300
v -0.00780900 0.00618200 -0.00119300
v -0.00772300 0.00611800 -0.00119300
v -0.00763100 0.00606400 -0.00119300
v -0.00753500 0.00601800 -0.00119300
v -0.00743400 0.00598200 -0.00119300
v -0.00733100 0.00595600 -0.00119300
v -0.00722500 0.00594000 -0.00119300
v -0.00722200 0.00807500 -0.00118500
v -0.00732400 0.00806000 -0.00118500
v -0.00737050 0.00793000 -0.00118500
v -0.00751250 0.00787700 -0.00118500
v -0.00752300 0.00800000 -0.00118500
v -0.00761700 0.00795600 -0.00118500
v -0.00770600 0.00790200 -0.00118500
v -0.00778900 0.00784100 -0.00118500
v -0.00786600 0.00777100 -0.00118500
v -0.00780000 0.00766750 -0.00118500
v -0.00793500 0.00769400 -0.00118500
v -0.00799700 0.00761100 -0.00118500
v -0.00805000 0.00752200 -0.00118500
v -0.00792350 0.00750700 -0.00118500
v -0.00809500 0.00742800 -0.00118500
v -0.00801000 0.00732300 -0.00118500
v -0.00815500 0.00723000 -0.00118500
v -0.00816250 0.00717850 -0.00118500
v -0.00817000 0.00712700 -0.00118500
v -0.00817500 0.00702400 -0.00118500
v -0.00817000 0.00692000 -0.00118500
v -0.00815500 0.00681700 -0.00118500
v -0.00813000 0.00671700 -0.00118500
v -0.00801000 0.00672400 -0.00118500
v -0.00809500 0.00661900 -0.00118500
v -0.00807250 0.00657200 -0.00118500
v -0.00805000 0.00652500 -0.00118500
v -0.00799700 0.00643600 -0.00118500
v -0.00793500 0.00635300 -0.00118500
v -0.00786600 0.00627600 -0.00118500
v -0.00778900 0.00620600 -0.00118500
v -0.00770600 0.00614500 -0.00118500
v -0.00768550 0.00627550 -0.00118500
v -0.00755950 0.00619200 -0.00118500
v -0.00761700 0.00609100 -0.00118500
v -0.00752300 0.00604700 -0.00118500
v -0.00742500 0.00601200 -0.00118500
v -0.00732400 0.00598700 -0.00118500
v -0.00722200 0.00597200 -0.00118500
v -0.00629900 0.00712300 -0.00118500
v -0.00629900 0.00692400 -0.00118500
v -0.00626650 0.00741900 -0.00118500
v -0.00634700 0.00731600 -0.00118500
v -0.00711800 0.00796450 -0.00118500
v -0.00711800 0.00784900 -0.00118500
v -0.00643900 0.00749200 -0.00118500
v -0.00634700 0.00673100 -0.00118500
v -0.00789000 0.00673100 -0.00118500
v -0.00789700 0.00649550 -0.00118500
v -0.00779700 0.00655500 -0.00118500
v -0.00793700 0.00692400 -0.00118500
v -0.00805350 0.00692200 -0.00118500
v -0.00731600 0.00782500 -0.00118500
v -0.00692100 0.00782500 -0.00118500
v -0.00692100 0.00622200 -0.00118500
v -0.00701950 0.00621000 -0.00118500
v -0.00711800 0.00619800 -0.00118500
v -0.00737050 0.00611700 -0.00118500
v -0.00731600 0.00622200 -0.00118500
v -0.00805600 0.00707350 -0.00118500
v -0.00793700 0.00712300 -0.00118500
v -0.00789000 0.00731600 -0.00118500
v -0.00779700 0.00749200 -0.00118500
v -0.00750200 0.00775400 -0.00118500
v -0.00657100 0.00764100 -0.00118500
v -0.00643600 0.00766750 -0.00118500
v -0.00667750 0.00785500 -0.00118500
v -0.00673500 0.00775400 -0.00118500
v -0.00643900 0.00655500 -0.00118500
v -0.00673500 0.00629300 -0.00118500
v -0.00750200 0.00629300 -0.00118500
v -0.00766500 0.00640600 -0.00118500
v -0.00766500 0.00764100 -0.00118500
v -0.00657100 0.00640600 -0.00118500
v -0.00711800 0.00619800 -0.00111500
v -0.00711800 0.00619800 -0.00115000
v -0.00692100 0.00622200 -0.00115000
v -0.00692100 0.00622200 -0.00111500
v -0.00695450 0.00625350 -0.00111500
v -0.00668550 0.00637100 -0.00111500
v -0.00673500 0.00629300 -0.00111500
v -0.00673500 0.00629300 -0.00115000
v -0.00657100 0.00640600 -0.00115000
v -0.00657100 0.00640600 -0.00111500
v -0.00643900 0.00655500 -0.00111500
v -0.00643900 0.00655500 -0.00115000
v -0.00634700 0.00673100 -0.00111500
v -0.00634700 0.00673100 -0.00115000
v -0.00629900 0.00692400 -0.00115000
v -0.00629900 0.00692400 -0.00111500
v -0.00633350 0.00707350 -0.00111500
v -0.00629900 0.00712300 -0.00111500
v -0.00629900 0.00712300 -0.00115000
v -0.00634700 0.00731600 -0.00111500
v -0.00634700 0.00731600 -0.00115000
v -0.00645400 0.00744500 -0.00111500
v -0.00643900 0.00749200 -0.00111500
v -0.00643900 0.00749200 -0.00115000
v -0.00665700 0.00765700 -0.00111500
v -0.00657100 0.00764100 -0.00115000
v -0.00657100 0.00764100 -0.00111500
v -0.00673500 0.00775400 -0.00115000
v -0.00673500 0.00775400 -0.00111500
v -0.00692100 0.00782500 -0.00115000
v -0.00692100 0.00782500 -0.00111500
v -0.00711800 0.00784900 -0.00115000
v -0.00711800 0.00784900 -0.00111500
v -0.00731600 0.00782500 -0.00111500
v -0.00731600 0.00782500 -0.00115000
v -0.00728250 0.00779350 -0.00111500
v -0.00755100 0.00767600 -0.00111500
v -0.00750200 0.00775400 -0.00111500
v -0.00750200 0.00775400 -0.00115000
v -0.00766500 0.00764100 -0.00115000
v -0.00766500 0.00764100 -0.00111500
v -0.00779700 0.00749200 -0.00115000
v -0.00779700 0.00749200 -0.00111500
v -0.00789000 0.00731600 -0.00115000
v -0.00789000 0.00731600 -0.00111500
v -0.00793700 0.00712300 -0.00115000
v -0.00793700 0.00712300 -0.00111500
v -0.00793700 0.00692400 -0.00111500
v -0.00790250 0.00697400 -0.00111500
v -0.00793700 0.00692400 -0.00115000
v -0.00789000 0.00673100 -0.00111500
v -0.00789000 0.00673100 -0.00115000
v -0.00779700 0.00655500 -0.00111500
v -0.00779700 0.00655500 -0.00115000
v -0.00778250 0.00660150 -0.00111500
v -0.00766500 0.00640600 -0.00115000
v -0.00766500 0.00640600 -0.00111500
v -0.00757900 0.00639000 -0.00111500
v -0.00750200 0.00629300 -0.00111500
v -0.00750200 0.00629300 -0.00115000
v -0.00731600 0.00622200 -0.00115000
v -0.00731600 0.00622200 -0.00111500
v -0.00638000 0.00689300 -0.00111500
v -0.00641400 0.00676700 -0.00111500
v -0.00641400 0.00728000 -0.00111500
v -0.00638000 0.00715400 -0.00111500
v -0.00698800 0.00628500 -0.00111500
v -0.00711800 0.00627400 -0.00111500
v -0.00786800 0.00702400 -0.00111500
v -0.00785700 0.00715400 -0.00111500
v -0.00646900 0.00664800 -0.00111500
v -0.00654400 0.00654100 -0.00111500
v -0.00663600 0.00644900 -0.00111500
v -0.00674300 0.00637400 -0.00111500
v -0.00686200 0.00631900 -0.00111500
v -0.00776800 0.00664800 -0.00111500
v -0.00782300 0.00676700 -0.00111500
v -0.00785700 0.00689300 -0.00111500
v -0.00724900 0.00776200 -0.00111500
v -0.00724900 0.00628500 -0.00111500
v -0.00737500 0.00631900 -0.00111500
v -0.00749300 0.00637400 -0.00111500
v -0.00760000 0.00644900 -0.00111500
v -0.00769300 0.00654100 -0.00111500
v -0.00776800 0.00739800 -0.00111500
v -0.00769300 0.00750600 -0.00111500
v -0.00760000 0.00759800 -0.00111500
v -0.00749300 0.00767300 -0.00111500
v -0.00737500 0.00772800 -0.00111500
v -0.00698800 0.00776200 -0.00111500
v -0.00686200 0.00772800 -0.00111500
v -0.00663600 0.00759800 -0.00111500
v -0.00654400 0.00750600 -0.00111500
v -0.00711800 0.00702400 0.00235100
v -0.00721700 0.00726100 0.00250000
v -0.00730000 0.00720600 0.00250000
v -0.00738000 0.00730750 0.00250000
v -0.00718000 0.00740250 0.00250000
v -0.00711800 0.00728100 0.00250000
v -0.00737600 0.00702400 0.00250000
v -0.00735600 0.00692500 0.00250000
v -0.00749300 0.00710400 0.00250000
v -0.00735600 0.00712200 0.00250000
v -0.00721700 0.00678600 0.00250000
v -0.00705650 0.00664450 0.00250000
v -0.00711800 0.00676600 0.00250000
v -0.00730000 0.00684100 0.00250000
v -0.00742100 0.00678600 0.00250000
v -0.00702000 0.00678600 0.00250000
v -0.00693600 0.00684100 0.00250000
v -0.00685650 0.00673950 0.00250000
v -0.00686100 0.00702400 0.00250000
v -0.00688000 0.00712200 0.00250000
v -0.00688000 0.00692500 0.00250000
v -0.00674350 0.00694300 0.00250000
v -0.00702000 0.00726100 0.00250000
v -0.00693600 0.00720600 0.00250000
v -0.00681500 0.00726100 0.00250000
v -0.00711800 0.00638600 -0.00100500
v -0.00711800 0.00637700 -0.00104700
v -0.00700800 0.00639600 -0.00100500
v -0.00700200 0.00636200 -0.00108300
v -0.00700600 0.00638700 -0.00104700
v -0.00690000 0.00642400 -0.00100500
v -0.00689700 0.00641600 -0.00104700
v -0.00680000 0.00647100 -0.00100500
v -0.00679500 0.00646300 -0.00104700
v -0.00670900 0.00653500 -0.00100500
v -0.00670600 0.00653150 -0.00102600
v -0.00666950 0.00657450 -0.00100500
v -0.00670300 0.00652800 -0.00104700
v -0.00662300 0.00660800 -0.00104700
v -0.00663000 0.00661400 -0.00100500
v -0.00656600 0.00670500 -0.00100500
v -0.00655800 0.00670000 -0.00104700
v -0.00651900 0.00680500 -0.00100500
v -0.00651100 0.00680200 -0.00104700
v -0.00649000 0.00691300 -0.00100500
v -0.00648100 0.00691100 -0.00104700
v -0.00645700 0.00690700 -0.00108300
v -0.00648100 0.00702400 -0.00100500
v -0.00647200 0.00702400 -0.00104700
v -0.00649000 0.00713400 -0.00100500
v -0.00648100 0.00713600 -0.00104700
v -0.00651900 0.00724200 -0.00100500
v -0.00651100 0.00724500 -0.00096200
v -0.00651100 0.00724500 -0.00104700
v -0.00656600 0.00734200 -0.00100500
v -0.00655800 0.00734700 -0.00104700
v -0.00663000 0.00743300 -0.00100500
v -0.00662650 0.00743600 -0.00102600
v -0.00662300 0.00743900 -0.00104700
v -0.00661350 0.00744700 -0.00106500
v -0.00670900 0.00751200 -0.00100500
v -0.00670300 0.00751900 -0.00104700
v -0.00680000 0.00757600 -0.00100500
v -0.00679500 0.00758400 -0.00104700
v -0.00690000 0.00762300 -0.00100500
v -0.00689700 0.00763100 -0.00104700
v -0.00700800 0.00765100 -0.00100500
v -0.00700600 0.00766000 -0.00104700
v -0.00700200 0.00768500 -0.00108300
v -0.00711800 0.00766100 -0.00100500
v -0.00711800 0.00767000 -0.00104700
v -0.00711800 0.00769500 -0.00108300
v -0.00711800 0.00635200 -0.00108300
v -0.00688900 0.00639300 -0.00108300
v -0.00678300 0.00644200 -0.00108300
v -0.00676500 0.00641100 -0.00110700
v -0.00668700 0.00650900 -0.00108300
v -0.00660400 0.00659200 -0.00108300
v -0.00653700 0.00668800 -0.00108300
v -0.00648700 0.00679400 -0.00108300
v -0.00644700 0.00702400 -0.00108300
v -0.00645700 0.00714000 -0.00108300
v -0.00648700 0.00725300 -0.00108300
v -0.00653700 0.00735900 -0.00108300
v -0.00660400 0.00745500 -0.00108300
v -0.00657600 0.00747800 -0.00110700
v -0.00668700 0.00753800 -0.00108300
v -0.00666400 0.00756500 -0.00110700
v -0.00678300 0.00760500 -0.00108300
v -0.00688900 0.00765400 -0.00108300
v -0.00711800 0.00631600 -0.00110700
v -0.00699500 0.00632700 -0.00110700
v -0.00687600 0.00635900 -0.00110700
v -0.00666400 0.00648200 -0.00110700
v -0.00657600 0.00656900 -0.00110700
v -0.00650600 0.00667000 -0.00110700
v -0.00645300 0.00678200 -0.00110700
v -0.00642200 0.00690100 -0.00110700
v -0.00641100 0.00702400 -0.00110700
v -0.00642200 0.00714600 -0.00110700
v -0.00645300 0.00726500 -0.00110700
v -0.00650600 0.00737700 -0.00110700
v -0.00646900 0.00739800 -0.00111500
v -0.00676500 0.00763600 -0.00110700
v -0.00674300 0.00767300 -0.00111500
v -0.00687600 0.00768800 -0.00110700
v -0.00699500 0.00772000 -0.00110700
v -0.00711800 0.00773100 -0.00110700
v -0.00711800 0.00777400 -0.00111500
v -0.00722900 0.00765100 -0.00100500
v -0.00723500 0.00768500 -0.00108300
v -0.00723100 0.00766000 -0.00104700
v -0.00733600 0.00762300 -0.00100500
v -0.00733900 0.00763100 -0.00096200
v -0.00733900 0.00763100 -0.00104700
v -0.00734800 0.00765400 -0.00108300
v -0.00743700 0.00757600 -0.00100500
v -0.00744200 0.00758400 -0.00104700
v -0.00753400 0.00751900 -0.00096200
v -0.00753100 0.00751550 -0.00102600
v -0.00752800 0.00751200 -0.00100500
v -0.00753400 0.00751900 -0.00104700
v -0.00761400 0.00743900 -0.00104700
v -0.00760700 0.00743300 -0.00100500
v -0.00767000 0.00734200 -0.00100500
v -0.00767800 0.00734700 -0.00104700
v -0.00771700 0.00724200 -0.00100500
v -0.00774900 0.00725300 -0.00108300
v -0.00772600 0.00724500 -0.00104700
v -0.00774600 0.00713400 -0.00100500
v -0.00775500 0.00713600 -0.00104700
v -0.00775600 0.00702400 -0.00100500
v -0.00776500 0.00702400 -0.00104700
v -0.00778900 0.00702400 -0.00108300
v -0.00774600 0.00691300 -0.00100500
v -0.00775500 0.00691100 -0.00104700
v -0.00772600 0.00680200 -0.00096200
v -0.00771700 0.00680500 -0.00100500
v -0.00772600 0.00680200 -0.00104700
v -0.00767000 0.00670500 -0.00100500
v -0.00767800 0.00670000 -0.00104700
v -0.00760700 0.00661400 -0.00100500
v -0.00761050 0.00661100 -0.00102600
v -0.00763200 0.00659200 -0.00108300
v -0.00752800 0.00653500 -0.00100500
v -0.00753400 0.00652800 -0.00104700
v -0.00743700 0.00647100 -0.00100500
v -0.00744200 0.00646300 -0.00104700
v -0.00745400 0.00644200 -0.00108300
v -0.00733600 0.00642400 -0.00100500
v -0.00733900 0.00641600 -0.00104700
v -0.00722900 0.00639600 -0.00100500
v -0.00723100 0.00638700 -0.00104700
v -0.00745400 0.00760500 -0.00108300
v -0.00755000 0.00753800 -0.00108300
v -0.00763200 0.00745500 -0.00108300
v -0.00770000 0.00735900 -0.00108300
v -0.00778300 0.00726500 -0.00110700
v -0.00777900 0.00714000 -0.00108300
v -0.00777900 0.00690700 -0.00108300
v -0.00781500 0.00690100 -0.00110700
v -0.00774900 0.00679400 -0.00108300
v -0.00773100 0.00667000 -0.00110700
v -0.00770000 0.00668800 -0.00108300
v -0.00755000 0.00650900 -0.00108300
v -0.00734800 0.00639300 -0.00108300
v -0.00723500 0.00636200 -0.00108300
v -0.00724100 0.00772000 -0.00110700
v -0.00736000 0.00768800 -0.00110700
v -0.00747200 0.00763600 -0.00110700
v -0.00757300 0.00756500 -0.00110700
v -0.00766000 0.00747800 -0.00110700
v -0.00773100 0.00737700 -0.00110700
v -0.00782300 0.00728000 -0.00111500
v -0.00781500 0.00714600 -0.00110700
v -0.00782600 0.00702400 -0.00110700
v -0.00778300 0.00678200 -0.00110700
v -0.00766000 0.00656900 -0.00110700
v -0.00757300 0.00648200 -0.00110700
v -0.00747200 0.00641100 -0.00110700
v -0.00736000 0.00635900 -0.00110700
v -0.00724100 0.00632700 -0.00110700
v -0.00660700 0.00696100 0.00250000
v -0.00649050 0.00694700 0.00225900
v -0.00660700 0.00708600 0.00250000
v -0.00763000 0.00708600 0.00250000
v -0.00774650 0.00710000 0.00225900
v -0.00763000 0.00696100 0.00250000
v -0.00760000 0.00684100 0.00250000
v -0.00754200 0.00673100 0.00250000
v -0.00740900 0.00660250 0.00250000
v -0.00746000 0.00663800 0.00250000
v -0.00699500 0.00652300 0.00250000
v -0.00687900 0.00656700 0.00250000
v -0.00677700 0.00663800 0.00250000
v -0.00669400 0.00673100 0.00250000
v -0.00663700 0.00684100 0.00250000
v -0.00735800 0.00656700 0.00250000
v -0.00724200 0.00652300 0.00250000
v -0.00711800 0.00650800 0.00250000
v -0.00754200 0.00731600 0.00250000
v -0.00760000 0.00720600 0.00250000
v -0.00724200 0.00752400 0.00250000
v -0.00735800 0.00747900 0.00250000
v -0.00746000 0.00740900 0.00250000
v -0.00663700 0.00720600 0.00250000
v -0.00669400 0.00731600 0.00250000
v -0.00677700 0.00740900 0.00250000
v -0.00682800 0.00744400 0.00250000
v -0.00687900 0.00747900 0.00250000
v -0.00699500 0.00752400 0.00250000
v -0.00711800 0.00753800 0.00250000
v -0.00711800 0.00627400 0.00201800
v -0.00693900 0.00629500 0.00201800
v -0.00677000 0.00635900 0.00201800
v -0.00662100 0.00646200 0.00201800
v -0.00650100 0.00659700 0.00201800
v -0.00641700 0.00675800 0.00201800
v -0.00637400 0.00693300 0.00201800
v -0.00637400 0.00711400 0.00201800
v -0.00641700 0.00728900 0.00201800
v -0.00650100 0.00745000 0.00201800
v -0.00662100 0.00758500 0.00201800
v -0.00677000 0.00768800 0.00201800
v -0.00693900 0.00775200 0.00201800
v -0.00711800 0.00777400 0.00201800
v -0.00677100 0.00768600 -0.00089400
v -0.00674300 0.00767300 -0.00089400
v -0.00676500 0.00763600 -0.00090300
v -0.00650300 0.00744800 -0.00089400
v -0.00650600 0.00737700 -0.00090300
v -0.00641800 0.00728900 -0.00089400
v -0.00646900 0.00739800 -0.00089400
v -0.00648100 0.00713600 -0.00096200
v -0.00648700 0.00725300 -0.00092700
v -0.00679500 0.00646300 -0.00096200
v -0.00670300 0.00652800 -0.00096200
v -0.00668700 0.00650900 -0.00092700
v -0.00711800 0.00767000 -0.00096200
v -0.00700600 0.00766000 -0.00096200
v -0.00689700 0.00763100 -0.00096200
v -0.00679500 0.00758400 -0.00096200
v -0.00670300 0.00751900 -0.00096200
v -0.00662300 0.00743900 -0.00096200
v -0.00651100 0.00680200 -0.00096200
v -0.00655800 0.00670000 -0.00096200
v -0.00688900 0.00639300 -0.00092700
v -0.00700200 0.00636200 -0.00092700
v -0.00700600 0.00638700 -0.00096200
v -0.00657600 0.00656900 -0.00090300
v -0.00660400 0.00659200 -0.00092700
v -0.00662300 0.00660800 -0.00096200
v -0.00644700 0.00702400 -0.00092700
v -0.00645700 0.00690700 -0.00092700
v -0.00648100 0.00691100 -0.00096200
v -0.00653700 0.00735900 -0.00092700
v -0.00655800 0.00734700 -0.00096200
v -0.00699500 0.00632700 -0.00090300
v -0.00687600 0.00635900 -0.00090300
v -0.00678300 0.00644200 -0.00092700
v -0.00676500 0.00641100 -0.00090300
v -0.00689700 0.00641600 -0.00096200
v -0.00666400 0.00648200 -0.00090300
v -0.00663600 0.00644900 -0.00089400
v -0.00642200 0.00690100 -0.00090300
v -0.00641100 0.00702400 -0.00090300
v -0.00642200 0.00714600 -0.00090300
v -0.00645700 0.00714000 -0.00092700
v -0.00647200 0.00702400 -0.00096200
v -0.00645300 0.00726500 -0.00090300
v -0.00641400 0.00728000 -0.00089400
v -0.00711800 0.00637700 -0.00096200
v -0.00711800 0.00635200 -0.00092700
v -0.00711800 0.00631600 -0.00090300
v -0.00698800 0.00628500 -0.00089400
v -0.00711800 0.00627400 -0.00089400
v -0.00674300 0.00637400 -0.00089400
v -0.00677100 0.00636100 -0.00089400
v -0.00686200 0.00631900 -0.00089400
v -0.00693900 0.00629800 -0.00089400
v -0.00654400 0.00654100 -0.00089400
v -0.00662200 0.00646300 -0.00089400
v -0.00650600 0.00667000 -0.00090300
v -0.00646900 0.00664800 -0.00089400
v -0.00653700 0.00668800 -0.00092700
v -0.00645300 0.00678200 -0.00090300
v -0.00641400 0.00676700 -0.00089400
v -0.00641800 0.00675800 -0.00089400
v -0.00648700 0.00679400 -0.00092700
v -0.00638000 0.00689300 -0.00089400
v -0.00638000 0.00715400 -0.00089400
v -0.00637600 0.00711400 -0.00089400
v -0.00636800 0.00702400 -0.00089400
v -0.00637600 0.00693300 -0.00089400
v -0.00660400 0.00745500 -0.00092700
v -0.00657600 0.00747800 -0.00090300
v -0.00654400 0.00750600 -0.00089400
v -0.00666400 0.00756500 -0.00090300
v -0.00663600 0.00759800 -0.00089400
v -0.00668700 0.00753800 -0.00092700
v -0.00678300 0.00760500 -0.00092700
v -0.00688900 0.00765400 -0.00092700
v -0.00687600 0.00768800 -0.00090300
v -0.00686200 0.00772800 -0.00089400
v -0.00693900 0.00774900 -0.00089400
v -0.00699500 0.00772000 -0.00090300
v -0.00698800 0.00776200 -0.00089400
v -0.00700200 0.00768500 -0.00092700
v -0.00711800 0.00769500 -0.00092700
v -0.00711800 0.00773100 -0.00090300
v -0.00711800 0.00777400 -0.00089400
v -0.00746600 0.00636100 -0.00089400
v -0.00749300 0.00637400 -0.00089400
v -0.00747200 0.00641100 -0.00090300
v -0.00773300 0.00659900 -0.00089400
v -0.00773100 0.00667000 -0.00090300
v -0.00776800 0.00664800 -0.00089400
v -0.00775500 0.00691100 -0.00096200
v -0.00774900 0.00679400 -0.00092700
v -0.00744200 0.00758400 -0.00096200
v -0.00755000 0.00753800 -0.00092700
v -0.00723100 0.00638700 -0.00096200
v -0.00733900 0.00641600 -0.00096200
v -0.00744200 0.00646300 -0.00096200
v -0.00761400 0.00660800 -0.00096200
v -0.00753400 0.00652800 -0.00096200
v -0.00772600 0.00724500 -0.00096200
v -0.00767800 0.00734700 -0.00096200
v -0.00734800 0.00765400 -0.00092700
v -0.00723500 0.00768500 -0.00092700
v -0.00723100 0.00766000 -0.00096200
v -0.00766000 0.00747800 -0.00090300
v -0.00763200 0.00745500 -0.00092700
v -0.00761400 0.00743900 -0.00096200
v -0.00778900 0.00702400 -0.00092700
v -0.00777900 0.00714000 -0.00092700
v -0.00775500 0.00713600 -0.00096200
v -0.00770000 0.00668800 -0.00092700
v -0.00767800 0.00670000 -0.00096200
v -0.00724100 0.00772000 -0.00090300
v -0.00736000 0.00768800 -0.00090300
v -0.00747200 0.00763600 -0.00090300
v -0.00745400 0.00760500 -0.00092700
v -0.00757300 0.00756500 -0.00090300
v -0.00761500 0.00758400 -0.00089400
v -0.00760000 0.00759800 -0.00089400
v -0.00781500 0.00714600 -0.00090300
v -0.00782600 0.00702400 -0.00090300
v -0.00781500 0.00690100 -0.00090300
v -0.00777900 0.00690700 -0.00092700
v -0.00776500 0.00702400 -0.00096200
v -0.00781900 0.00675800 -0.00089400
v -0.00778300 0.00678200 -0.00090300
v -0.00782300 0.00676700 -0.00089400
v -0.00724900 0.00776200 -0.00089400
v -0.00749300 0.00767300 -0.00089400
v -0.00746600 0.00768600 -0.00089400
v -0.00737500 0.00772800 -0.00089400
v -0.00729700 0.00774900 -0.00089400
v -0.00769300 0.00750600 -0.00089400
v -0.00773100 0.00737700 -0.00090300
v -0.00773300 0.00744800 -0.00089400
v -0.00776800 0.00739800 -0.00089400
v -0.00770000 0.00735900 -0.00092700
v -0.00778300 0.00726500 -0.00090300
v -0.00782300 0.00728000 -0.00089400
v -0.00781900 0.00728900 -0.00089400
v -0.00774900 0.00725300 -0.00092700
v -0.00785700 0.00715400 -0.00089400
v -0.00785700 0.00689300 -0.00089400
v -0.00786800 0.00702400 -0.00089400
v -0.00786000 0.00693300 -0.00089400
v -0.00786000 0.00711400 -0.00089400
v -0.00763200 0.00659200 -0.00092700
v -0.00766000 0.00656900 -0.00090300
v -0.00769300 0.00654100 -0.00089400
v -0.00757300 0.00648200 -0.00090300
v -0.00760000 0.00644900 -0.00089400
v -0.00761500 0.00646300 -0.00089400
v -0.00755000 0.00650900 -0.00092700
v -0.00745400 0.00644200 -0.00092700
v -0.00734800 0.00639300 -0.00092700
v -0.00736000 0.00635900 -0.00090300
v -0.00737500 0.00631900 -0.00089400
v -0.00724100 0.00632700 -0.00090300
v -0.00724900 0.00628500 -0.00089400
v -0.00723500 0.00636200 -0.00092700
v -0.00729800 0.00775200 0.00201800
v -0.00746700 0.00768800 0.00201800
v -0.00761600 0.00758500 0.00201800
v -0.00773500 0.00745000 0.00201800
v -0.00782000 0.00728900 0.00201800
v -0.00786300 0.00711400 0.00201800
v -0.00786300 0.00693300 0.00201800
v -0.00782000 0.00675800 0.00201800
v -0.00773500 0.00659700 0.00201800
v -0.00761600 0.00646200 0.00201800
v -0.00746700 0.00635900 0.00201800
v -0.00729800 0.00629500 0.00201800
f 7 11 10
f 6 12 7
f 3 13 14
f 13 3 16
f 16 3 7
f 16 7 10
f 17 6 15
f 17 15 9
f 18 23 19
f 2 21 1
f 24 2 20
f 1 25 18
f 18 25 22
f 5 30 8
f 31 5 27
f 4 29 8
f 4 8 26
f 26 8 28
f 34 32 33
f 37 47 48
f 51 49 52
f 55 60 51
f 51 60 58
f 60 55 46
f 61 46 36
f 36 35 61
f 48 47 64
f 64 65 62
f 66 72 67
f 55 74 46
f 46 74 160
f 160 74 69
f 76 77 78
f 75 79 82
f 75 82 76
f 79 75 170
f 86 85 72
f 86 72 88
f 88 72 66
f 66 92 90
f 66 90 88
f 67 53 66
f 66 53 92
f 45 93 94
f 45 94 44
f 45 96 97
f 93 45 98
f 98 45 97
f 97 100 102
f 42 106 107
f 106 109 107
f 50 47 49
f 49 47 37
f 49 37 39
f 39 37 137
f 39 137 38
f 113 112 38
f 38 112 115
f 38 115 39
f 120 119 76
f 120 76 91
f 91 76 78
f 116 121 101
f 121 125 126
f 126 127 121
f 121 127 129
f 121 129 101
f 101 129 116
f 137 37 48
f 138 139 64
f 64 139 48
f 48 139 137
f 146 140 142
f 106 143 109
f 109 143 146
f 109 146 142
f 143 106 110
f 110 106 42
f 150 148 149
f 146 152 140
f 140 152 148
f 148 152 153
f 148 153 149
f 156 154 155
f 156 155 157
f 156 157 138
f 138 157 135
f 161 159 160
f 36 164 159
f 36 159 35
f 35 159 161
f 164 162 159
f 159 162 160
f 162 163 160
f 160 163 46
f 46 163 164
f 46 164 36
f 133 135 134
f 134 135 157
f 134 157 148
f 148 157 165
f 165 157 166
f 165 167 148
f 148 167 140
f 155 168 169
f 155 169 157
f 157 169 166
f 155 154 140
f 155 140 168
f 168 140 167
f 61 60 46
f 161 160 69
f 154 142 140
f 134 148 133
f 133 148 150
f 76 130 75
f 75 130 170
f 44 171 45
f 45 171 173
f 45 173 122
f 45 122 96
f 96 122 124
f 187 185 186
f 187 186 210
f 187 210 184
f 187 184 183
f 187 188 185
f 192 188 189
f 194 193 176
f 194 176 195
f 212 195 176
f 198 197 212
f 212 197 195
f 199 231 200
f 182 206 208
f 203 205 182
f 203 182 208
f 186 209 210
f 180 211 214
f 214 215 212
f 198 216 181
f 181 216 180
f 212 215 216
f 212 216 198
f 210 221 217
f 210 217 184
f 184 217 190
f 184 190 183
f 219 218 221
f 202 223 224
f 202 224 203
f 225 226 202
f 202 226 223
f 205 227 182
f 182 227 178
f 178 227 177
f 203 228 202
f 202 228 229
f 232 231 199
f 232 199 235
f 235 199 234
f 234 236 235
f 225 237 236
f 236 237 238
f 229 239 202
f 202 239 240
f 202 240 225
f 243 181 180
f 243 180 244
f 244 180 245
f 181 243 198
f 198 243 247
f 200 197 199
f 199 197 198
f 199 198 246
f 246 198 247
f 250 186 185
f 250 185 188
f 250 188 251
f 252 254 193
f 193 254 176
f 176 254 175
f 250 255 253
f 253 252 250
f 250 252 193
f 250 193 186
f 186 193 194
f 186 194 209
f 256 174 257
f 256 257 175
f 257 258 175
f 175 258 259
f 175 259 176
f 176 259 260
f 176 260 212
f 212 260 174
f 174 256 212
f 212 256 261
f 212 261 214
f 262 263 219
f 219 263 264
f 219 264 265
f 219 265 218
f 218 265 222
f 267 268 249
f 249 268 269
f 269 270 249
f 249 270 199
f 249 199 248
f 248 199 246
f 270 271 199
f 199 271 234
f 234 271 272
f 266 263 274
f 274 263 262
f 274 262 275
f 219 221 210
f 262 219 275
f 275 219 276
f 209 206 210
f 210 206 182
f 210 182 219
f 219 182 178
f 219 178 276
f 276 178 177
f 272 268 234
f 234 268 267
f 234 267 236
f 236 267 277
f 249 248 245
f 249 245 277
f 249 277 267
f 281 282 283
f 285 284 283
f 282 286 287
f 288 278 289
f 280 289 290
f 292 291 279
f 294 293 295
f 296 294 295
f 279 297 298
f 297 279 299
f 108 141 300
f 172 108 300
f 304 191 273
f 191 304 302
f 158 68 301
f 301 68 71
f 301 71 84
f 301 84 83
f 310 308 305
f 313 311 303
f 311 312 307
f 316 314 315
f 303 317 318
f 317 303 319
f 321 320 323
f 324 321 325
f 306 325 326
f 328 327 322
f 329 309 330
f 320 330 331
f 196 201 111
f 115 114 230
f 54 56 207
f 333 332 179
f 339 338 213
f 105 334 41
f 41 334 335
f 43 40 336
f 43 336 104
f 337 99 103
f 337 98 99
f 341 340 95
f 342 124 343
f 343 124 123
f 349 118 344
f 347 132 348
f 348 132 131
f 118 117 344
f 345 128 346
f 346 128 127
f 350 78 351
f 353 87 89
f 353 86 87
f 78 77 351
f 356 352 82
f 355 81 354
f 354 81 80
f 360 357 220
f 362 73 361
f 361 73 70
f 358 359 59
f 367 363 204
f 57 364 58
f 365 366 63
f 371 368 233
f 369 370 136
f 374 241 242
f 372 373 151
f 242 145 144
f 242 147 145
f 376 375 377
f 379 383 377
f 377 383 384
f 377 384 385
f 382 386 380
f 380 386 387
f 380 387 388
f 385 390 377
f 377 390 391
f 377 391 392
f 392 395 377
f 377 395 396
f 388 399 380
f 380 399 400
f 380 400 401
f 401 402 380
f 380 402 404
f 398 396 411
f 411 396 408
f 411 406 409
f 411 409 393
f 412 411 413
f 389 414 415
f 393 416 411
f 411 416 417
f 411 417 413
f 415 419 389
f 389 419 418
f 389 418 420
f 422 424 425
f 422 425 423
f 428 427 429
f 428 429 430
f 430 429 431
f 430 431 432
f 435 434 436
f 435 436 437
f 439 438 440
f 439 440 441
f 441 440 442
f 441 442 443
f 446 445 447
f 446 447 448
f 448 449 450
f 452 451 453
f 452 453 454
f 454 453 455
f 454 455 456
f 456 455 457
f 456 457 458
f 460 459 461
f 460 461 462
f 465 464 466
f 465 466 467
f 470 469 471
f 470 471 472
f 472 471 473
f 472 473 474
f 474 473 475
f 421 423 426
f 421 426 477
f 478 430 479
f 480 433 435
f 480 435 481
f 482 439 441
f 482 441 483
f 484 444 446
f 484 446 485
f 486 452 454
f 486 454 487
f 487 454 456
f 489 463 465
f 489 465 490
f 491 468 470
f 491 470 492
f 391 488 392
f 405 492 407
f 493 476 495
f 476 475 496
f 495 496 497
f 495 497 498
f 498 497 499
f 498 499 500
f 502 501 503
f 502 503 504
f 506 505 507
f 506 507 508
f 508 507 509
f 508 509 510
f 513 512 514
f 513 514 515
f 515 514 516
f 515 516 517
f 517 516 518
f 517 518 519
f 521 520 522
f 521 522 523
f 523 522 524
f 523 524 525
f 528 527 529
f 528 529 530
f 530 529 531
f 530 531 532
f 532 531 533
f 532 533 534
f 536 535 537
f 539 538 540
f 539 540 541
f 493 495 494
f 494 495 498
f 542 498 500
f 542 500 543
f 547 506 508
f 547 508 548
f 548 510 549
f 549 510 511
f 549 511 550
f 551 515 517
f 551 517 552
f 552 517 519
f 552 519 553
f 553 519 521
f 553 521 554
f 554 521 523
f 554 523 555
f 557 526 528
f 557 528 558
f 413 544 545
f 413 545 412
f 410 546 547
f 410 547 394
f 397 549 550
f 397 550 378
f 381 556 382
f 382 556 557
f 382 557 386
f 402 559 403
f 602 584 583
f 602 583 603
f 603 583 582
f 603 582 604
f 604 582 581
f 604 581 605
f 606 580 579
f 606 579 607
f 608 578 609
f 611 577 576
f 611 576 612
f 612 576 575
f 612 575 613
f 614 574 573
f 614 573 615
f 615 572 616
f 617 571 570
f 617 570 618
f 619 569 568
f 619 568 620
f 620 567 621
f 624 566 565
f 624 565 625
f 625 565 564
f 626 563 562
f 628 561 560
f 628 560 629
f 632 610 611
f 633 613 634
f 634 613 614
f 634 614 635
f 640 622 623
f 642 624 625
f 642 625 643
f 646 627 628
f 646 628 647
f 647 628 629
f 647 629 648
f 648 629 630
f 648 630 649
f 649 630 631
f 649 631 650
f 655 636 637
f 656 637 638
f 657 639 640
f 657 640 658
f 659 641 642
f 659 642 660
f 661 644 645
f 661 645 662
f 663 649 664
f 665 650 666
f 671 599 672
f 672 599 598
f 674 597 596
f 674 596 675
f 676 595 594
f 677 594 593
f 677 593 678
f 678 592 679
f 680 591 590
f 680 590 681
f 683 589 588
f 683 588 684
f 687 587 586
f 687 586 688
f 689 585 584
f 690 667 668
f 690 668 691
f 692 669 670
f 693 673 694
f 695 677 678
f 695 678 696
f 697 679 680
f 697 680 698
f 699 682 683
f 699 683 700
f 702 685 686
f 703 687 688
f 703 688 704
f 706 689 602
f 706 602 601
f 665 666 707
f 708 690 691
f 708 691 709
f 709 691 692
f 716 696 697
f 716 697 718
f 721 701 722
f 722 701 702
f 725 705 726
f 727 601 600
f 728 719 720
f 717 728 715
f 654 731 653
f 711 712 730
f 730 712 713
f 730 713 714
f 711 732 710
f 651 652 729
f 729 652 731
f 724 722 723
f 733 749 750
f 738 739 759
f 736 737 763
f 734 735 767
f 768 769 771
f 773 769 768
f 778 775 768
f 780 783 768
f 787 786 788
f 787 788 790
f 790 788 791
f 799 800 802
f 802 800 803
f 805 806 807
f 807 806 808
f 815 816 817
f 817 816 818
f 791 789 825
f 791 825 793
f 793 825 827
f 803 834 806
f 806 834 835
f 808 837 810
f 810 837 838
f 812 839 814
f 814 840 816
f 816 840 841
f 816 841 818
f 821 819 842
f 821 842 823
f 823 842 843
f 824 844 789
f 789 845 825
f 825 845 847
f 827 847 826
f 829 826 828
f 830 828 848
f 831 849 832
f 832 849 851
f 833 851 852
f 833 852 834
f 834 852 853
f 834 853 835
f 835 853 836
f 837 836 855
f 837 855 838
f 839 856 857
f 841 860 819
f 842 861 862
f 843 862 863
f 844 745 845
f 847 846 744
f 826 744 743
f 848 742 849
f 851 850 741
f 851 741 852
f 852 741 740
f 836 854 750
f 855 748 856
f 856 748 747
f 857 747 767
f 857 767 858
f 858 767 766
f 861 859 765
f 862 765 764
f 862 764 863
f 865 823 866
f 865 866 868
f 868 870 871
f 871 870 873
f 871 873 874
f 877 874 878
f 877 878 880
f 881 879 882
f 884 882 885
f 884 885 886
f 886 885 888
f 886 888 889
f 889 888 890
f 891 890 893
f 891 893 894
f 894 893 896
f 894 896 897
f 902 900 904
f 902 904 905
f 905 904 906
f 905 906 908
f 908 906 909
f 908 909 785
f 785 909 786
f 870 867 869
f 873 869 910
f 873 910 875
f 878 876 913
f 879 915 882
f 882 915 883
f 885 883 916
f 885 916 888
f 888 916 887
f 890 887 919
f 890 919 893
f 893 919 921
f 893 921 896
f 896 921 895
f 898 895 922
f 898 922 900
f 900 922 901
f 904 901 903
f 906 903 907
f 909 907 923
f 909 923 786
f 786 923 824
f 867 863 924
f 867 924 869
f 869 924 925
f 869 925 910
f 910 925 911
f 876 911 912
f 913 912 914
f 915 914 926
f 883 926 927
f 887 917 918
f 919 918 920
f 921 920 929
f 895 929 930
f 895 930 922
f 922 930 931
f 922 931 901
f 903 934 907
f 907 934 935
f 907 935 923
f 923 935 936
f 923 936 824
f 824 936 844
f 924 864 755
f 925 755 763
f 911 763 762
f 914 761 926
f 926 760 927
f 917 928 746
f 918 746 754
f 920 754 753
f 929 753 752
f 930 752 751
f 931 751 759
f 932 759 758
f 935 933 757
f 936 757 756
f 844 756 745
f 776 943 777
f 777 943 944
f 776 948 943
f 781 952 779
f 779 952 953
f 779 953 937
f 782 955 772
f 772 955 956
f 937 957 779
f 779 957 784
f 782 960 955
f 770 962 774
f 774 962 963
f 944 964 965
f 944 965 938
f 938 965 966
f 938 966 939
f 939 966 967
f 951 968 969
f 952 970 953
f 954 971 937
f 937 971 972
f 937 972 957
f 957 973 958
f 958 973 974
f 958 974 959
f 959 974 975
f 960 975 976
f 960 976 955
f 955 976 977
f 955 977 956
f 820 822 989
f 817 820 990
f 811 813 993
f 809 811 994
f 792 795 987
f 807 985 805
f 805 985 804
f 1001 795 1003
f 795 794 796
f 1007 986 985
f 1007 985 1008
f 1010 998 997
f 999 787 1012
f 999 1012 997
f 997 1012 1013
f 997 1013 1011
f 1011 1013 988
f 798 799 1006
f 1006 799 801
f 1006 801 1004
f 1004 801 1018
f 1017 1018 1019
f 785 999 1021
f 1021 998 1022
f 1022 998 1009
f 1022 1009 1023
f 1011 1025 1010
f 1010 1025 1026
f 1000 1014 988
f 987 1013 1012
f 790 1012 787
f 796 996 1003
f 1003 1032 1002
f 1002 1029 1000
f 797 995 996
f 996 1036 1032
f 1032 1033 1029
f 995 1005 1036
f 1036 1015 1033
f 1033 1037 1034
f 1020 1039 1017
f 1017 1038 1016
f 1016 1038 1040
f 983 984 1019
f 986 1019 1018
f 986 1018 804
f 804 1018 801
f 804 801 802
f 809 994 1008
f 1008 1042 1007
f 1007 1042 1043
f 983 1043 1044
f 983 1044 981
f 811 993 994
f 1042 1048 1045
f 1043 1045 1046
f 1043 1046 1044
f 993 992 1049
f 993 1049 1048
f 1045 979 1047
f 815 991 992
f 1049 1050 1051
f 1049 1051 980
f 980 1051 1052
f 980 1052 978
f 817 990 991
f 991 990 1056
f 1050 1056 1053
f 1050 1053 1051
f 820 989 990
f 1053 1059 1054
f 908 785 1021
f 905 908 1071
f 902 905 1072
f 899 902 1073
f 897 899 1074
f 894 897 1075
f 880 881 1076
f 877 880 1077
f 889 892 1066
f 889 1066 886
f 1078 1079 1080
f 1081 1070 1082
f 1083 1069 874
f 1083 874 877
f 1084 1085 1086
f 1087 892 1088
f 1088 892 891
f 1089 1079 1090
f 1090 1079 1078
f 1080 1093 1078
f 1078 1093 1092
f 1097 1085 1098
f 1084 1100 1067
f 1084 1067 1099
f 1099 1102 1103
f 1057 1089 1058
f 1095 1106 1091
f 1081 1094 1070
f 1070 1094 1092
f 1070 1092 872
f 872 1092 1093
f 872 1093 868
f 868 1093 865
f 1083 1077 1113
f 1083 1113 1082
f 1082 1110 1081
f 1081 1110 1111
f 1081 1111 1109
f 880 1076 1077
f 1077 1117 1113
f 1113 1114 1110
f 881 1086 1076
f 1114 1097 1118
f 1103 1119 1099
f 1099 1120 1098
f 1098 1120 1121
f 1097 1122 1118
f 1064 1101 1065
f 1068 1102 1067
f 894 1075 1088
f 1088 1123 1087
f 1087 1123 1124
f 1065 1125 1063
f 1075 1129 1123
f 1124 1126 1127
f 1124 1127 1125
f 899 1073 1074
f 1074 1073 1130
f 1074 1130 1129
f 1129 1062 1126
f 902 1072 1073
f 1073 1072 1131
f 1130 1131 1132
f 1130 1132 1062
f 1062 1133 1060
f 905 1071 1072
f 1131 1136 1134
f 1131 1134 1132
f 1132 1134 1135
f 1132 1135 1133
f 908 1021 1071
f 1136 1023 1134
f 956 977 1137
f 956 1137 949
f 949 1137 1138
f 949 1138 950
f 950 1139 961
f 961 1139 1140
f 961 1140 962
f 962 1140 1141
f 962 1141 963
f 963 1141 1142
f 963 1142 940
f 941 1143 942
f 942 1143 1144
f 942 1144 945
f 945 1144 1145
f 946 1146 947
f 947 1146 1147
f 947 1147 948
f 948 1147 1148
f 948 1148 943
f 943 1148 964
f 943 964 944
f 964 1024 965
f 1025 966 1026
f 1027 965 1024
f 967 1014 1028
f 1028 1031 968
f 968 1030 969
f 969 1030 1035
f 969 1035 970
f 970 1035 1034
f 970 1034 1037
f 1040 970 1041
f 1041 970 1037
f 971 1039 1020
f 971 1020 972
f 972 982 973
f 1044 973 981
f 981 973 982
f 974 1047 979
f 974 979 975
f 979 978 975
f 975 978 1052
f 975 1052 976
f 1054 977 976
f 1055 976 1052
f 977 1105 1137
f 1107 1138 1108
f 1108 1138 1137
f 1108 1137 1104
f 1138 1095 1139
f 1139 1096 1109
f 1139 1109 1140
f 1109 1111 1140
f 1140 1111 1112
f 1140 1112 1141
f 1141 1112 1116
f 1141 1116 1142
f 1142 1116 1115
f 1120 1143 1121
f 1121 1142 1122
f 1122 1142 1118
f 1120 1119 1143
f 1143 1103 1144
f 1103 1101 1144
f 1127 1146 1125
f 1125 1146 1145
f 1125 1145 1063
f 1063 1145 1064
f 1127 1128 1146
f 1146 1128 1061
f 1146 1061 1147
f 1147 1060 1133
f 1155 1156 1149
f 1151 1149 1157
f 1162 1152 1163
f 1163 1152 1164
f 1164 1152 1149
f 1149 1152 1166
f 1149 1166 1155
f 1156 1167 1149
f 1149 1167 1168
f 1149 1168 1169
f 1161 1158 1170
f 1162 1171 1152
f 1152 1171 1172
f 1152 1172 1173
f 1169 1174 1149
f 1149 1174 1175
f 1149 1175 1157
f 1173 1176 1152
f 1152 1176 1177
f 1152 1177 1179
f 1179 1180 1181
f 1181 1182 1179
f 1179 1182 1185
f 1149 1151 1158
f 1158 1151 1187
f 1158 1187 1170
f 1188 1189 1185
f 1190 1191 1185
f 1185 1191 1192
f 1185 1192 1186
f 1185 1193 1194
f 1189 1195 1185
f 1185 1195 1196
f 1185 1196 1190
f 1161 1198 1200
f 1161 1200 1158
f 1205 1206 1185
f 1185 1206 1207
f 1185 1207 1193
f 1194 1208 1185
f 1185 1208 1209
f 1185 1209 1188
f 1202 1204 1210
f 1198 1211 1214
f 1210 1204 1214
f 1214 1204 1216
f 1214 1216 1217
f 1217 1218 1214
f 1214 1218 1219
f 1214 1219 1215
f 1209 1220 1221
f 1222 1225 1226
f 1222 1226 1223
f 1230 1229 1232
f 1230 1232 1233
f 1232 1234 1236
f 1236 1237 1239
f 1242 1240 1243
f 1242 1243 1245
f 1248 1249 1251
f 1251 1253 1254
f 1257 1255 1258
f 1257 1258 1260
f 1260 1261 1263
f 1266 1267 1269
f 1269 1271 1272
f 1272 1271 1273
f 1272 1273 1275
f 1275 1273 1276
f 1275 1276 1278
f 1281 1282 1284
f 1287 1285 1288
f 1287 1288 1290
f 1293 1292 1294
f 1293 1294 1296
f 1296 1294 1297
f 1296 1297 1299
f 1299 1297 1300
f 1299 1300 1302
f 1302 1300 1303
f 1302 1303 1305
f 1305 1306 1308
f 1308 1306 1309
f 1308 1309 1311
f 1311 1309 1312
f 1314 1312 1316
f 1314 1316 1317
f 1317 1316 1318
f 1221 1230 1321
f 1321 1230 1233
f 1321 1233 1322
f 1322 1233 1236
f 1322 1236 1323
f 1323 1236 1239
f 1324 1239 1242
f 1325 1242 1245
f 1325 1245 1326
f 1326 1245 1248
f 1326 1248 1327
f 1327 1248 1251
f 1327 1251 1328
f 1328 1254 1329
f 1329 1257 1330
f 1330 1260 1331
f 1331 1260 1263
f 1331 1263 1332
f 1332 1263 1266
f 1333 1266 1269
f 1334 1269 1272
f 1334 1272 1335
f 1335 1272 1275
f 1335 1275 1336
f 1337 1278 1281
f 1337 1281 1338
f 1338 1281 1284
f 1339 1287 1340
f 1340 1287 1290
f 1341 1293 1342
f 1342 1296 1343
f 1343 1296 1299
f 1344 1299 1302
f 1344 1302 1345
f 1345 1302 1305
f 1346 1305 1308
f 1346 1308 1347
f 1347 1308 1311
f 1347 1311 1348
f 1350 1317 1320
f 1350 1320 1351
f 1209 1221 1188
f 1188 1221 1321
f 1189 1321 1322
f 1189 1322 1195
f 1196 1324 1190
f 1190 1324 1325
f 1191 1325 1326
f 1192 1326 1327
f 1192 1327 1186
f 1186 1327 1328
f 1184 1329 1178
f 1178 1330 1153
f 1153 1331 1154
f 1154 1332 1166
f 1166 1333 1155
f 1155 1334 1156
f 1156 1335 1167
f 1167 1336 1168
f 1168 1337 1169
f 1169 1338 1174
f 1174 1339 1175
f 1157 1341 1151
f 1151 1342 1187
f 1187 1342 1343
f 1187 1343 1170
f 1170 1343 1344
f 1161 1345 1197
f 1197 1346 1211
f 1212 1348 1210
f 1210 1349 1201
f 1201 1350 1203
f 1203 1351 1204
f 1351 1320 1353
f 1320 1318 1355
f 1320 1355 1353
f 1358 1356 1360
f 1362 1359 1364
f 1362 1364 1365
f 1368 1367 1369
f 1371 1372 1375
f 1374 1377 1378
f 1378 1377 1379
f 1378 1379 1381
f 1381 1379 1383
f 1381 1383 1384
f 1384 1383 1385
f 1384 1385 1387
f 1387 1389 1390
f 1389 1391 1393
f 1393 1391 1394
f 1393 1394 1396
f 1396 1394 1397
f 1396 1397 1399
f 1399 1397 1400
f 1399 1400 1402
f 1402 1403 1405
f 1405 1406 1408
f 1408 1406 1410
f 1408 1410 1411
f 1414 1412 1415
f 1414 1415 1417
f 1417 1415 1418
f 1417 1418 1420
f 1420 1418 1421
f 1421 1422 1424
f 1421 1424 1426
f 1426 1424 1427
f 1426 1427 1429
f 1429 1430 1432
f 1432 1430 1433
f 1432 1433 1435
f 1435 1436 1438
f 1441 1439 1442
f 1444 1442 1446
f 1444 1446 1447
f 1449 1362 1365
f 1449 1365 1450
f 1450 1368 1451
f 1451 1371 1452
f 1452 1375 1453
f 1453 1378 1454
f 1454 1381 1455
f 1455 1381 1384
f 1455 1384 1456
f 1456 1384 1387
f 1456 1387 1457
f 1457 1387 1390
f 1457 1390 1458
f 1458 1390 1393
f 1458 1393 1165
f 1165 1393 1396
f 1459 1396 1399
f 1459 1399 1460
f 1461 1402 1405
f 1462 1405 1408
f 1462 1408 1463
f 1463 1408 1411
f 1463 1411 1464
f 1464 1414 1465
f 1465 1414 1417
f 1466 1417 1420
f 1466 1420 1467
f 1467 1421 1468
f 1468 1421 1426
f 1468 1426 1469
f 1469 1429 1470
f 1470 1429 1432
f 1471 1432 1435
f 1471 1435 1472
f 1472 1435 1438
f 1473 1438 1441
f 1473 1441 1474
f 1474 1441 1444
f 1474 1444 1475
f 1476 1447 1222
f 1476 1222 1220
f 1204 1352 1216
f 1216 1448 1217
f 1217 1449 1218
f 1218 1450 1219
f 1219 1451 1215
f 1215 1452 1213
f 1213 1453 1199
f 1199 1454 1200
f 1159 1456 1160
f 1160 1456 1457
f 1150 1458 1165
f 1150 1165 1164
f 1165 1459 1163
f 1163 1459 1460
f 1163 1460 1162
f 1162 1461 1171
f 1171 1462 1172
f 1173 1464 1176
f 1177 1465 1466
f 1180 1467 1468
f 1180 1468 1181
f 1181 1468 1469
f 1181 1469 1182
f 1182 1469 1470
f 1182 1470 1183
f 1183 1470 1471
f 1183 1471 1205
f 1205 1472 1206
f 1206 1473 1207
f 1207 1474 1193
f 1193 1474 1475
f 1193 1475 1194
f 1194 1475 1476
f 1208 1476 1220
f 1208 1220 1209
f 1226 1224 1478
f 1229 1227 1479
f 1232 1228 1480
f 1234 1231 1481
f 1237 1235 1482
f 1240 1238 1483
f 1243 1241 1484
f 1246 1244 1485
f 1249 1247 1486
f 1253 1250 1487
f 1255 1252 1488
f 1258 1256 1489
f 1261 1259 1490
f 1265 1262 1491
f 1267 1264 1492
f 1271 1268 1493
f 1273 1270 1494
f 1276 1274 1495
f 1280 1277 1496
f 1282 1279 1497
f 1285 1283 1498
f 1288 1286 1499
f 1292 1289 1500
f 1294 1291 1501
f 1297 1295 1502
f 1300 1298 1503
f 1303 1301 1504
f 1306 1304 1505
f 1309 1307 1506
f 1312 1310 1507
f 1316 1313 1508
f 1318 1315 1509
f 1355 1319 1510
f 1356 1354 1511
f 1359 1357 1512
f 1364 1361 1513
f 1367 1363 1514
f 1369 1366 1515
f 1372 1370 1516
f 1377 1373 1517
f 1379 1376 1518
f 1383 1380 1519
f 1385 1382 1520
f 1389 1386 1521
f 1391 1388 1522
f 1394 1392 1523
f 1397 1395 1524
f 1400 1398 1525
f 1403 1401 1526
f 1406 1404 1527
f 1410 1407 1528
f 1412 1409 1529
f 1415 1413 1530
f 1418 1416 1531
f 1422 1419 1533
f 1424 1423 1534
f 1427 1425 1535
f 1430 1428 1537
f 1433 1431 1538
f 1436 1434 1539
f 1439 1437 1540
f 1442 1440 1541
f 1446 1443 1542
f 1225 1445 1477
f 1546 1509 1508
f 1547 1508 1507
f 1547 1507 1548
f 1548 1507 1506
f 1548 1506 1549
f 1549 1506 1505
f 1549 1505 1550
f 1550 1505 1504
f 1550 1504 1551
f 1551 1503 1552
f 1552 1503 1502
f 1552 1502 1553
f 1553 1502 1501
f 1553 1501 1554
f 1554 1501 1500
f 1554 1500 1555
f 1555 1500 1499
f 1555 1499 1556
f 1557 1498 1497
f 1557 1497 1558
f 1558 1497 1496
f 1558 1496 1559
f 1559 1496 1495
f 1559 1495 1560
f 1560 1495 1494
f 1560 1494 1561
f 1562 1493 1492
f 1563 1492 1491
f 1563 1491 1564
f 1565 1489 1566
f 1566 1488 1567
f 1567 1488 1487
f 1567 1487 1568
f 1568 1487 1486
f 1569 1485 1570
f 1570 1484 1571
f 1571 1484 1483
f 1571 1483 1572
f 1572 1483 1482
f 1573 1482 1481
f 1575 1480 1479
f 1575 1479 1576
f 1479 1478 1577
f 1577 1478 1477
f 1577 1477 1578
f 1544 1547 1545
f 1545 1547 1548
f 1579 1549 1580
f 1580 1549 1550
f 1580 1550 1581
f 1582 1553 1583
f 1583 1553 1554
f 1583 1554 1584
f 1584 1554 1555
f 1584 1555 1585
f 1585 1555 1556
f 1585 1556 1586
f 1586 1557 1587
f 1588 1558 1559
f 1589 1559 1560
f 1589 1560 1590
f 1590 1560 1561
f 1590 1561 1591
f 1593 1563 1564
f 1593 1564 1594
f 1594 1564 1565
f 1595 1565 1566
f 1595 1566 1596
f 1597 1568 1598
f 1599 1570 1600
f 1600 1571 1601
f 1601 1572 1602
f 1602 1573 1603
f 1603 1574 1604
f 1607 1577 1578
f 1543 1545 1609
f 1610 1579 1580
f 1610 1580 1611
f 1613 1582 1614
f 1614 1583 1615
f 1616 1585 1618
f 1618 1585 1586
f 1618 1586 1619
f 1619 1587 1620
f 1620 1587 1588
f 1620 1588 1622
f 1625 1592 1626
f 1626 1592 1593
f 1626 1593 1628
f 1628 1593 1594
f 1632 1595 1596
f 1632 1596 1633
f 1633 1597 1634
f 1634 1598 1635
f 1635 1599 1636
f 1636 1599 1600
f 1637 1601 1639
f 1639 1602 1640
f 1640 1603 1641
f 1641 1604 1642
f 1642 1605 1643
f 1643 1606 1644
f 1644 1607 1645
f 1645 1608 1647
f 1647 1608 1648
f 1608 1578 1649
f 1578 1542 1649
f 1650 1541 1540
f 1650 1540 1651
f 1651 1540 1539
f 1651 1539 1652
f 1652 1539 1538
f 1652 1538 1653
f 1653 1538 1536
f 1654 1535 1655
f 1655 1535 1534
f 1655 1534 1656
f 1656 1534 1533
f 1656 1533 1657
f 1657 1533 1532
f 1658 1531 1530
f 1658 1530 1659
f 1659 1530 1529
f 1659 1529 1660
f 1660 1529 1528
f 1660 1528 1661
f 1661 1527 1662
f 1663 1526 1525
f 1663 1525 1664
f 1664 1525 1524
f 1664 1524 1665
f 1665 1523 1666
f 1667 1521 1668
f 1668 1521 1520
f 1668 1520 1669
f 1669 1519 1670
f 1671 1518 1672
f 1673 1516 1674
f 1675 1514 1676
f 1677 1513 1512
f 1677 1512 1678
f 1678 1512 1511
f 1678 1511 1679
f 1679 1511 1510
f 1679 1510 1680
f 1680 1509 1546
f 1648 1649 1650
f 1648 1650 1681
f 1681 1650 1651
f 1681 1651 1682
f 1682 1651 1652
f 1683 1652 1653
f 1683 1653 1684
f 1684 1653 1654
f 1685 1655 1686
f 1686 1655 1656
f 1686 1656 1687
f 1687 1656 1657
f 1688 1657 1658
f 1689 1658 1659
f 1689 1659 1690
f 1690 1660 1691
f 1691 1661 1692
f 1692 1662 1693
f 1693 1662 1663
f 1694 1664 1695
f 1696 1665 1666
f 1696 1666 1697
f 1697 1667 1698
f 1698 1668 1699
f 1700 1670 1701
f 1701 1672 1702
f 1702 1673 1703
f 1703 1674 1704
f 1705 1676 1706
f 1707 1677 1678
f 1707 1678 1708
f 1708 1678 1679
f 1708 1679 1709
f 1709 1679 1680
f 1709 1680 1710
f 1710 1680 1546
f 1710 1546 1544
f 1711 1681 1712
f 1715 1683 1684
f 1715 1684 1716
f 1716 1685 1717
f 1717 1685 1686
f 1717 1686 1718
f 1718 1686 1687
f 1718 1687 1719
f 1719 1687 1688
f 1721 1688 1689
f 1721 1689 1722
f 1722 1690 1723
f 1727 1694 1729
f 1729 1695 1730
f 1730 1695 1696
f 1730 1696 1731
f 1731 1697 1732
f 1697 1698 1733
f 1733 1699 1735
f 1735 1700 1737
f 1737 1701 1738
f 1739 1703 1740
f 1740 1704 1741
f 1741 1705 1742
f 1742 1705 1706
f 1742 1706 1745
f 1745 1706 1707
f 1745 1707 1746
f 1746 1708 1747
f 1747 1709 1748
f 1749 1710 1544
f 1749 1544 1543
f 1625 1627 1624
f 1629 1630 1631
f 1629 1631 1752
f 1624 1627 1623
f 1734 1736 1759
f 1734 1762 1732
f 1754 1711 1713
f 1768 1749 1766
f 1766 1749 1543
f 1766 1543 1609
f 1728 1770 1726
f 1725 1726 1724
f 1712 1713 1711
f 1776 1638 1777
f 1622 1623 1621
f 1611 1612 1766
f 1611 1766 1610
f 1610 1766 1609
f 1722 1724 1720
f 1714 1716 1717
f 1714 1717 1720
f 1720 1717 1718
f 1720 1718 1719
f 1776 1637 1638
f 1619 1621 1617
f 1612 1613 1614
f 1612 1614 1617
f 1617 1614 1615
f 1617 1615 1616
f 1744 1746 1768
f 1768 1748 1749
f 1759 1739 1743
f 1743 1739 1740
f 1743 1740 1741
f 1777 1642 1646
f 1646 1642 1643
f 1646 1643 1644
f 1786 1765 1788
f 1787 1780 1791
f 1792 1784 1794
f 1793 1779 1795
f 1796 1757 1797
f 1798 1751 1800
f 1799 1750 1802
f 1803 1753 1804
f 1805 1756 1807
f 1808 1775 1811
f 1810 1778 1813
f 1812 1764 1815
f 1814 1755 1817
f 1816 1763 1818
f 1819 1774 1822
f 1823 1783 1825
f 1824 1773 1827
f 1826 1772 1829
f 1828 1771 1831
f 1830 1761 1832
f 1834 1758 1835
f 1836 1760 1837
f 1838 1782 1841
f 1840 1781 1843
f 1844 1769 1846
f 1845 1767 1785
f 1804 1806 1849
f 1804 1849 1801
f 1801 1849 1850
f 1790 1858 1789
f 1789 1858 1859
f 1835 1839 1861
f 1835 1861 1833
f 1833 1861 1862
f 1842 1867 1839
f 1839 1867 1868
f 1821 1872 1820
f 1820 1872 1873
f 1809 1876 1806
f 1806 1876 1877
f 1878 1879 1880
f 1883 1879 1878
f 1878 1884 1885
f 1880 1887 1878
f 1878 1888 1890
f 1891 1888 1878
f 1878 1893 1894
f 1890 1893 1878
f 1878 1896 1897
f 1898 1896 1878
f 1894 1898 1878
f 1901 1900 1878
f 1897 1901 1878
f 1905 1904 1907
f 1910 1909 1911
f 1910 1911 1912
f 1912 1911 1915
f 1917 1913 1916
f 1918 1916 1919
f 1920 1919 1921
f 1925 1923 1926
f 1925 1926 1927
f 1927 1928 1929
f 1929 1928 1931
f 1929 1931 1932
f 1934 1933 1936
f 1938 1935 1939
f 1940 1939 1941
f 1942 1941 1943
f 1944 1945 1947
f 1947 1945 1948
f 1904 1950 1907
f 1907 1950 1906
f 1909 1906 1951
f 1909 1951 1911
f 1911 1951 1952
f 1911 1952 1915
f 1915 1954 1916
f 1916 1954 1955
f 1916 1955 1919
f 1919 1955 1956
f 1919 1956 1921
f 1921 1957 1923
f 1923 1957 1924
f 1926 1924 1958
f 1931 1960 1933
f 1933 1960 1961
f 1933 1961 1936
f 1936 1961 1962
f 1939 1937 1964
f 1939 1964 1941
f 1941 1966 1943
f 1943 1966 1967
f 1943 1967 1945
f 1945 1967 1946
f 1948 1946 1949
f 1950 1968 1906
f 1906 1968 1969
f 1951 1969 1970
f 1951 1970 1952
f 1952 1970 1953
f 1954 1953 1971
f 1954 1971 1955
f 1956 1972 1973
f 1957 1973 1974
f 1924 1974 1975
f 1958 1975 1976
f 1958 1976 1959
f 1959 1976 1977
f 1960 1978 1961
f 1961 1978 1979
f 1962 1979 1963
f 1964 1963 1965
f 1966 1965 1981
f 1946 1984 1949
f 1949 1984 1985
f 1968 1852 1969
f 1969 1851 1970
f 1970 1859 1953
f 1953 1858 1971
f 1971 1858 1857
f 1972 1857 1856
f 1973 1856 1855
f 1974 1848 1975
f 1975 1848 1847
f 1978 1850 1849
f 1978 1849 1979
f 1963 1980 1877
f 1983 1982 1875
f 1984 1875 1874
f 1947 1948 1987
f 1987 1948 1989
f 1987 1989 1990
f 1990 1989 1992
f 1994 1992 1995
f 1994 1995 1998
f 1998 1995 1999
f 2001 1997 2000
f 2002 2000 2003
f 2004 2003 2006
f 2007 2008 2009
f 2012 2013 2015
f 2015 2013 2016
f 2017 2016 2018
f 2022 2020 2023
f 2024 2023 2025
f 2027 2025 2028
f 2029 2030 1903
f 1903 2030 1904
f 1989 1949 1988
f 1992 1988 1993
f 1995 1993 2031
f 1995 2031 1999
f 1999 2031 2032
f 1999 2032 2000
f 2000 2032 2033
f 2000 2033 2003
f 2003 2034 2006
f 2006 2034 2005
f 2008 2005 2036
f 2008 2036 2010
f 2010 2036 2011
f 2013 2011 2037
f 2013 2037 2016
f 2016 2037 2039
f 2016 2039 2018
f 2023 2021 2042
f 2023 2042 2025
f 2028 2026 2043
f 1949 1985 1988
f 1988 1985 2045
f 1988 2045 1993
f 1993 2045 2046
f 1993 2046 2031
f 2031 2047 2032
f 2032 2047 2048
f 2032 2048 2033
f 2033 2049 2034
f 2034 2049 2050
f 2005 2050 2035
f 2036 2035 2052
f 2036 2052 2011
f 2011 2052 2053
f 2011 2053 2037
f 2037 2053 2038
f 2039 2038 2054
f 2039 2054 2041
f 2041 2054 2040
f 2021 2040 2055
f 2042 2056 2026
f 2026 2056 2057
f 2026 2057 2043
f 2043 2057 2058
f 2044 2058 2059
f 2044 2059 1950
f 1950 2059 1968
f 2045 1986 1863
f 2047 1873 1872
f 2048 1872 1871
f 2049 1871 1870
f 2050 1870 1869
f 2050 1869 2035
f 2052 2051 1854
f 2053 1854 1853
f 2054 1862 1861
f 2040 1861 1860
f 2040 1860 2055
f 2055 1868 2056
f 2057 1867 1866
f 2058 1866 1865
f 2058 1865 2059
f 2059 1864 1968
f 1968 1864 1852
f 1892 2068 1888
f 1895 2073 1899
f 1899 2073 2074
f 1888 2068 2076
f 1888 2076 1889
f 1889 2076 2077
f 1881 2078 1886
f 1886 2078 2079
f 1902 2086 1900
f 1900 2086 2088
f 1900 2088 1882
f 1882 2088 2089
f 2077 2090 2091
f 2077 2091 2070
f 2070 2091 2092
f 2070 2092 2071
f 2071 2092 2093
f 2072 2093 2094
f 2072 2094 2073
f 2073 2095 2074
f 2074 2095 2096
f 2074 2096 2060
f 2061 2097 2062
f 2062 2097 2098
f 2062 2098 2083
f 2083 2099 2084
f 2084 2099 2100
f 2084 2100 2085
f 2085 2101 2087
f 2088 2102 2103
f 2088 2103 2089
f 2113 2114 2115
f 1944 1947 2116
f 1942 1944 2117
f 1940 1942 2118
f 1938 1940 2119
f 1932 1934 2121
f 1918 1920 2122
f 1910 2113 1908
f 1927 1930 2111
f 1927 2111 1925
f 2128 2115 2114
f 2128 2114 2129
f 2129 2114 1914
f 2130 2131 2132
f 2133 1930 2134
f 2135 2125 2136
f 2136 2125 2124
f 2136 2124 2138
f 1903 1905 2126
f 2126 1905 2139
f 2126 2139 2124
f 2143 2130 2144
f 1920 1922 2132
f 2132 1922 2146
f 2132 2146 2130
f 2130 2145 2144
f 1903 2126 2149
f 2149 2125 2150
f 2150 2135 2151
f 2151 2152 2153
f 2141 2154 2138
f 2138 2155 2136
f 2136 2155 2156
f 2127 2159 2140
f 2115 2140 2137
f 2115 2137 2113
f 1908 2139 1905
f 1917 2123 2129
f 2128 2160 2127
f 1918 2122 2123
f 2123 2122 2166
f 2123 2166 2162
f 2162 2166 2163
f 2162 2163 2160
f 2160 2163 2165
f 2160 2165 2161
f 1920 2132 2122
f 2166 2142 2163
f 2163 2167 2164
f 2148 2168 2144
f 2142 2171 2167
f 2108 2109 2147
f 2112 2147 2145
f 2111 2146 1925
f 1925 2146 1922
f 1932 2121 2134
f 2134 2172 2133
f 2133 2173 2108
f 2108 2173 2174
f 2108 2174 2107
f 1934 2120 2121
f 2121 2120 2177
f 2172 2177 2175
f 1938 2119 2120
f 2120 2119 2178
f 2120 2178 2177
f 2177 2178 2106
f 2175 2106 2105
f 2175 2105 2176
f 1940 2118 2119
f 2119 2118 2179
f 2119 2179 2178
f 2178 2180 2106
f 2106 2180 2181
f 2106 2181 2104
f 1942 2117 2118
f 2118 2117 2185
f 2118 2185 2179
f 2179 2183 2180
f 2180 2183 2182
f 2180 2182 2181
f 1944 2116 2117
f 2117 2116 2186
f 2185 2186 2187
f 2183 2187 2188
f 2183 2188 2184
f 2029 1903 2149
f 2027 2029 2199
f 2019 2022 2202
f 2017 2019 2202
f 2002 2004 2204
f 2001 2002 2205
f 1994 1996 2197
f 1994 2197 1990
f 2012 2014 2195
f 2206 2207 2208
f 2209 2198 2210
f 2210 2198 1996
f 2210 1996 2211
f 1996 1998 2001
f 2215 2196 2014
f 2215 2014 2216
f 2216 2014 2015
f 2216 2015 2017
f 2218 2207 2206
f 2218 2206 2219
f 2208 1987 1991
f 2208 1991 2206
f 2206 1991 2220
f 2206 2220 2219
f 2223 2221 2222
f 2224 2213 2225
f 2225 2213 2212
f 2004 2007 2214
f 2214 2007 2228
f 2212 2228 2227
f 2212 2227 2226
f 2226 2230 2231
f 1947 2208 2116
f 2116 2208 2207
f 2116 2207 2186
f 2186 2207 2217
f 2187 2217 2232
f 2223 2233 2219
f 2219 2234 2218
f 2218 2234 2235
f 2209 2222 2221
f 2198 2221 2220
f 2198 2220 2197
f 2197 1991 1990
f 2001 2205 2211
f 2211 2205 2241
f 2210 2238 2209
f 2209 2238 2239
f 2209 2239 2237
f 2002 2204 2205
f 2205 2245 2241
f 2241 2245 2242
f 2241 2242 2238
f 2245 2213 2224
f 2242 2224 2246
f 2231 2247 2226
f 2194 2229 2193
f 2196 2230 2227
f 2195 2227 2228
f 2009 2228 2007
f 2017 2202 2216
f 2216 2251 2215
f 2193 2252 2253
f 2193 2253 2192
f 2202 2257 2251
f 2252 2254 2256
f 2252 2256 2253
f 2022 2201 2203
f 2203 2258 2257
f 2257 2191 2254
f 2254 2190 2255
f 2024 2200 2201
f 2201 2200 2259
f 2201 2259 2258
f 2258 2260 2191
f 2191 2260 2261
f 2191 2261 2189
f 2200 2199 2264
f 2200 2264 2259
f 2029 2149 2199
f 2199 2149 2150
f 2264 2150 2151
f 2262 2153 2263
f 2089 2103 2265
f 2089 2265 2080
f 2080 2266 2081
f 2081 2267 2082
f 2078 2269 2079
f 2079 2270 2063
f 2064 2271 2065
f 2065 2271 2272
f 2065 2272 2066
f 2066 2272 2273
f 2066 2273 2067
f 2067 2273 2274
f 2069 2275 2075
f 2076 2090 2077
f 2090 2152 2091
f 2155 2092 2156
f 2156 2092 2091
f 2156 2091 2157
f 2157 2091 2152
f 2155 2154 2092
f 2092 2154 2141
f 2093 2158 2094
f 2094 2161 2095
f 2095 2161 2165
f 2096 2164 2167
f 2169 2097 2170
f 2097 2168 2148
f 2097 2148 2098
f 2098 2109 2110
f 2174 2099 2107
f 2107 2099 2110
f 2100 2105 2101
f 2105 2104 2101
f 2184 2103 2102
f 2184 2102 2182
f 2236 2265 2232
f 2267 2222 2237
f 2237 2239 2268
f 2268 2239 2240
f 2268 2240 2269
f 2269 2244 2270
f 2270 2244 2243
f 2248 2270 2250
f 2250 2270 2246
f 2249 2247 2271
f 2271 2231 2272
f 2231 2229 2272
f 2272 2229 2194
f 2253 2274 2273
f 2253 2273 2192
f 2274 2190 2275
f 2275 2189 2261
f 2275 2261 2276
f 2263 2090 2276

