# https://github.com/mikedh/trimesh

o link_gripper_1.obj
v 0.01475000 0.04200000 -0.04989200
v 0.01605800 0.00000000 -0.01300900
v 0.01475000 0.00000000 -0.01200000
v 0.01475000 0.04225000 -0.01655000
v 0.01475000 0.01687500 -0.01780000
v 0.01475000 0.02775000 -0.03330000
v 0.01562500 0.00000000 -0.05699100
v 0.01475000 0.00300000 -0.03800000
v 0.01475000 0.04225000 -0.03960400
v 0.01475000 0.04175000 -0.04710800
v 0.01475000 0.01750000 -0.04675000
v 0.01475000 0.01875000 -0.03850000
v 0.01662500 0.03750000 -0.02110000
v 0.01725000 0.00000000 -0.01400000
v 0.01725000 0.01500000 -0.04552500
v 0.01725000 0.01406250 -0.03137500
v 0.01600000 0.00000000 -0.03643750
v -0.00867575 0.04475000 -0.03094900
v -0.01525000 0.04475000 -0.01400000
v 0.01200000 0.04475000 -0.01755000
v 0.01525000 0.04475000 -0.01400000
v 0.01525000 0.04475000 -0.05575000
v 0.01300175 0.04475000 -0.05193925
v -0.00618625 0.04475000 -0.03941225
v -0.00861800 0.04475000 -0.04987500
v -0.00825000 0.04475000 -0.04850000
v 0.00825000 0.04475000 -0.04850000
v 0.00146700 0.04475000 -0.04931250
v 0.01338200 0.04475000 -0.04987500
v 0.01375000 0.04475000 -0.04850000
v 0.01338200 0.04475000 -0.04712500
v 0.01172050 0.04475000 -0.04286525
v 0.01237500 0.04475000 -0.04611800
v 0.01100000 0.04475000 -0.04575000
v 0.01031250 0.04475000 -0.04593400
v 0.00962500 0.04475000 -0.04611800
v 0.00359400 0.04475000 -0.03851200
v 0.00389550 0.04475000 -0.03245600
v -0.00104350 0.04475000 -0.03782050
v 0.00104350 0.04475000 -0.02960450
v -0.00962500 0.04475000 -0.04611800
v -0.01338200 0.04475000 -0.04712500
v -0.01375000 0.04475000 -0.04850000
v -0.01525000 0.04475000 -0.05575000
v -0.01334550 0.04475000 -0.05184725
v -0.01338200 0.04475000 -0.04987500
v -0.01100000 0.04475000 -0.05125000
v 0.00511000 0.04475000 -0.04492200
v 0.00861800 0.04475000 -0.04712500
v 0.00962500 0.04475000 -0.05088200
v 0.00861800 0.04475000 -0.04987500
v -0.00962500 0.04475000 -0.05088200
v -0.00600300 0.04475000 -0.04737525
v -0.00861800 0.04475000 -0.04712500
v -0.00206200 0.04475000 -0.03992800
v -0.00206200 0.04475000 -0.04707200
v 0.00206200 0.04475000 -0.04707200
v 0.01417700 0.04225000 -0.04628550
v 0.01175000 0.04225000 -0.01882500
v 0.00025000 0.04250000 -0.01200000
v 0.00427475 0.04225000 -0.03134200
v -0.00232975 0.04225000 -0.03050825
v 0.00483800 0.04225000 -0.04872525
v 0.00665700 0.04225000 -0.04528550
v 0.01248950 0.04225000 -0.05288025
v -0.00541825 0.04225000 -0.04078025
v -0.01344025 0.04225000 -0.03687675
v -0.01475000 0.04225000 -0.04710800
v 0.00000000 0.04225000 -0.04762500
v -0.01475000 0.04225000 -0.05525000
v -0.01299000 0.04225000 -0.05290575
v -0.00761400 0.04225000 -0.04662150
v 0.00600000 0.04225000 -0.03726300
v -0.00103100 0.04225000 -0.03880150
v -0.00208700 0.04225000 -0.03711600
v -0.00361600 0.04225000 -0.03558700
v -0.00895050 0.04225000 -0.05178550
v -0.00370600 0.04225000 -0.04730225
v 0.01625000 0.04448200 -0.05575000
v 0.01698200 0.04375000 -0.05575000
v 0.01625000 0.04448200 -0.01400000
v 0.01550000 0.04336600 -0.02110000
v 0.01698200 0.04375000 -0.01400000
v 0.01698200 0.04375000 -0.02110000
v -0.09833400 0.01086300 -0.08610900
v -0.09783400 0.01004500 -0.08697500
v -0.09783400 0.01039900 -0.08697500
v -0.10671700 0.01224700 -0.07159000
v -0.10704100 0.01181300 -0.07102800
v -0.10683400 0.01086300 -0.07138700
v -0.10733400 0.01004500 -0.07052100
v -0.10633400 0.01239900 -0.07225300
v -0.09933400 0.01139900 -0.08437700
v -0.09883400 0.01239900 -0.08524300
v -0.09845100 0.01224700 -0.08590600
v -0.09812700 0.01181300 -0.08646800
v -0.09791000 0.01116500 -0.08684300
v 0.01175000 0.00000000 -0.01450000
v 0.01175000 0.00000000 -0.03800000
v 0.00375000 0.00150000 -0.05525000
v -0.01475000 0.01450000 -0.05525000
v -0.01317850 0.01281250 -0.05525000
v -0.00336350 0.00000000 -0.05293025
v 0.00000000 0.03045000 -0.05525000
v 0.01018750 0.01581250 -0.05525000
v -0.01000000 0.02475000 -0.05525000
v -0.01000000 0.01925000 -0.05525000
v 0.00737500 0.04150000 -0.05525000
v -0.01475000 0.01450000 -0.01450000
v -0.01475000 0.01781250 -0.01325000
v -0.01621625 0.01450000 -0.01853700
v -0.01804100 0.00725000 -0.01862500
v -0.01562200 0.00362500 -0.02051150
v -0.01476400 0.01450000 -0.02320950
v -0.02477200 0.01450000 -0.02458500
v -0.02503225 0.01450000 -0.02476375
v -0.02477200 0.00000000 -0.02458500
v -0.11341200 -0.00814900 -0.07599400
v -0.11351200 -0.00739900 -0.07582000
v -0.10561300 0.00814900 -0.08950200
v -0.10551200 0.00739900 -0.08967600
v -0.10701200 0.00575000 -0.08707800
v -0.10701200 -0.00575000 -0.08707800
v -0.10561300 -0.00814900 -0.08950200
v -0.10626200 0.00889900 -0.08837700
v -0.10588700 0.00869800 -0.08902700
v -0.10588700 -0.00869800 -0.08902700
v -0.10626200 -0.00889900 -0.08837700
v -0.11201200 -0.00575000 -0.07841800
v -0.11313700 0.00814900 -0.07646950
v -0.11341200 0.00814900 -0.07599400
v -0.11313700 0.00869800 -0.07646900
v -0.01672325 0.01450000 -0.04983175
v -0.02314550 0.00868000 -0.05090350
v -0.01933100 0.01446600 -0.03876400
v -0.01868400 0.00868000 -0.03839100
v -0.01872700 0.01450000 -0.03841600
v -0.03368000 0.01450000 -0.04396800
v -0.02773700 0.00868000 -0.04361800
v -0.02550800 0.01450000 -0.04228950
v -0.02543500 0.01450000 -0.04228900
v -0.02388100 0.01441800 -0.04139100
v -0.02143700 0.01434800 -0.03998100
v -0.02156600 0.01434050 -0.04005500
v -0.02338400 0.01439900 -0.04110400
v -0.02523700 0.01450000 -0.04919300
v -0.02615400 0.00868000 -0.04900300
v -0.02847400 0.01450000 -0.04767000
v -0.02277900 0.00434000 -0.05134900
v -0.01549000 0.00000000 -0.02543200
v -0.01533900 0.01450000 -0.03413850
v -0.01549000 0.00725000 -0.02543200
v -0.01802400 0.00362500 -0.02716050
v -0.02958100 0.01450000 -0.02736200
v -0.01797200 0.01450000 -0.03676200
v -0.01719200 0.01450000 -0.03848450
v -0.01729950 0.01450000 -0.03057850
v -0.01758100 0.01450000 -0.03429000
v -0.01797200 0.01450000 -0.03181800
v -0.02006000 0.00362500 -0.02726000
v -0.01910900 0.01450000 -0.02958800
v -0.02087800 0.01450000 -0.02781800
v -0.02109000 0.00725000 -0.02706600
v -0.02293000 0.01450000 -0.02623450
v -0.02310900 0.01450000 -0.02668200
v -0.02320150 0.00362500 -0.02484050
v -0.02558100 0.01450000 -0.02629000
v -0.02707100 0.00868000 -0.04881300
v -0.02974600 0.00725000 -0.04861400
v -0.02974600 0.01450000 -0.04861400
v -0.02707100 0.00000000 -0.04881300
v -0.03674150 0.01450000 -0.04800300
v -0.04323100 0.01450000 -0.05371800
v -0.06851800 0.00000000 -0.06831750
v -0.03845200 0.00000000 -0.05095900
v -0.02865400 0.01264800 -0.03006000
v -0.02976850 0.01077450 -0.03157050
v -0.02135100 0.01264800 -0.03121700
v -0.02250800 0.01264800 -0.03006000
v -0.02264200 0.01150000 -0.03024500
v -0.02250800 0.01264800 -0.03852000
v -0.02135100 0.01264800 -0.03736300
v -0.02153600 0.01150000 -0.03722900
v -0.02981000 0.01264800 -0.03736300
v -0.02852000 0.01150000 -0.03833500
v -0.02346300 0.01427200 -0.02777300
v -0.02003700 0.01427200 -0.03831700
v -0.02155300 0.01427200 -0.03983300
v -0.02212500 0.01362100 -0.03904600
v -0.02558100 0.01427200 -0.04114200
v -0.02346300 0.01427200 -0.04080700
v -0.02805300 0.01450000 -0.04189800
v -0.02769800 0.01427200 -0.04080700
v -0.03028300 0.01450000 -0.04076200
v -0.02155300 0.01427200 -0.02874700
v -0.02003700 0.01427200 -0.03026300
v -0.01906400 0.01427200 -0.03217300
v -0.01872900 0.01427200 -0.03429000
v -0.01906400 0.01427200 -0.03640700
v -0.02558100 0.01427200 -0.02743800
v -0.02769800 0.01427200 -0.02777300
v -0.03033700 0.01362100 -0.03083500
v -0.02960800 0.01427200 -0.02874700
v -0.02960800 0.01427200 -0.03983300
v -0.03205300 0.01450000 -0.03899200
v -0.03112400 0.01427200 -0.03831700
v -0.03338500 0.01450000 -0.03552600
v -0.03318900 0.01450000 -0.03676200
v -0.03209700 0.01427200 -0.03640700
v -0.02082500 0.01362100 -0.03774500
v -0.02376400 0.01362100 -0.03988100
v -0.02212500 0.01362100 -0.02953400
v -0.02082500 0.01362100 -0.03083500
v -0.01999000 0.01362100 -0.03247300
v -0.01970200 0.01362100 -0.03429000
v -0.01999000 0.01362100 -0.03610700
v -0.02903600 0.01362100 -0.02953400
v -0.02739700 0.01362100 -0.02869900
v -0.02558100 0.01362100 -0.02841100
v -0.02376400 0.01362100 -0.02869900
v -0.02903600 0.01362100 -0.03904600
v -0.03033700 0.01362100 -0.03774500
v -0.03117200 0.01362100 -0.03610700
v -0.03145900 0.01362100 -0.03429000
v -0.03117200 0.01362100 -0.03247300
v -0.02396500 0.01264800 -0.03926200
v -0.02558100 0.01264800 -0.03951800
v -0.02060800 0.01264800 -0.03267400
v -0.02035200 0.01264800 -0.03429000
v -0.02060800 0.01264800 -0.03590600
v -0.02719600 0.01264800 -0.02931700
v -0.02558100 0.01264800 -0.02906200
v -0.03055300 0.01264800 -0.03590600
v -0.03080900 0.01264800 -0.03429000
v -0.03055300 0.01264800 -0.03267400
v -0.02264200 0.01150000 -0.03833500
v -0.02403600 0.01150000 -0.03904500
v -0.02558100 0.01150000 -0.03929000
v -0.02712600 0.01150000 -0.03904500
v -0.02129900 0.01150000 -0.03676500
v -0.02153600 0.01150000 -0.03135100
v -0.02129900 0.01150000 -0.03181500
v -0.02082500 0.01150000 -0.03274500
v -0.02058100 0.01150000 -0.03429000
v -0.02082500 0.01150000 -0.03583500
v -0.02310600 0.01150000 -0.03000900
v -0.02852000 0.01150000 -0.03024500
v -0.02712600 0.01150000 -0.02953500
v -0.02558100 0.01150000 -0.02929000
v -0.02403600 0.01150000 -0.02953500
v -0.02962600 0.01150000 -0.03722900
v -0.03033600 0.01150000 -0.03583500
v -0.03058100 0.01150000 -0.03429000
v -0.03033600 0.01150000 -0.03274500
v -0.05501000 0.01450000 -0.04281000
v -0.05505800 0.01450000 -0.04231000
v -0.05481600 0.01450000 -0.04424600
v -0.05123100 0.01450000 -0.03986200
v -0.05508300 0.01450000 -0.04234200
v -0.05524700 0.01450000 -0.04281700
v -0.05520525 0.01450000 -0.04330475
v -0.05524700 0.01450000 -0.04305800
v -0.05508100 0.01450000 -0.04378700
v -0.05506800 0.01450000 -0.04380900
v -0.04252900 0.01450000 -0.05326200
v -0.04475900 0.01450000 -0.03918200
v -0.04002500 0.01450000 -0.04014500
v -0.04252900 0.01450000 -0.04031800
v -0.04021000 0.01450000 -0.03530400
v -0.04723100 0.01450000 -0.03879000
v -0.03923100 0.01450000 -0.04679000
v -0.03962300 0.01450000 -0.04926200
v -0.04970300 0.01450000 -0.03918200
v -0.06982300 0.01139900 -0.05232800
v -0.06332300 0.01139900 -0.06358600
v -0.05234700 0.00923900 -0.05724900
v -0.05884700 0.00923900 -0.04599100
v -0.05251500 0.00917700 -0.05734600
v -0.05901600 0.00917700 -0.04608800
v -0.02602200 0.00000000 -0.02242000
v -0.10806600 0.00000000 -0.06978900
v -0.02262800 0.00000000 -0.01995200
v -0.02113275 0.00000000 -0.02073250
v -0.01665300 0.00000000 -0.01214600
v -0.01309800 0.00406250 -0.01450000
v -0.01500000 0.01150000 -0.01200000
v -0.01729400 0.00000000 -0.01256400
v -0.01773200 0.00000000 -0.01319100
v -0.01982300 0.00000000 -0.01683000
v -0.01893200 0.00000000 -0.01772750
v -0.01925000 0.00000000 -0.02027900
v -0.01776650 0.00000000 -0.02126525
v -0.01791000 0.00000000 -0.02063800
v -0.01503600 0.00000000 -0.02138000
v -0.01791000 0.00000000 -0.02528000
v -0.01925000 0.00000000 -0.02563900
v -0.02059000 0.00000000 -0.02528000
v -0.02157100 0.00000000 -0.02429900
v -0.02193000 0.00000000 -0.02295900
v -0.01590300 0.01983500 -0.01200000
v -0.01590300 0.00991750 -0.01200000
v 0.01525000 0.00000000 -0.01200000
v 0.01625000 0.04275000 -0.01226800
v -0.01525000 0.04275000 -0.01200000
v -0.01600200 0.02300000 -0.01220100
v -0.01540400 0.02143900 -0.01200000
v -0.01638400 0.02163400 -0.01226800
v -0.01622600 0.00000000 -0.05775000
v -0.01448750 0.01486100 -0.05775000
v -0.01622600 0.01917000 -0.05775000
v -0.01549800 0.02102400 -0.05775000
v -0.01262500 0.02387500 -0.05775000
v -0.01525000 0.02300000 -0.05775000
v 0.00988500 0.03945000 -0.05775000
v 0.01525000 0.02137500 -0.05775000
v 0.01525000 0.00000000 -0.05775000
v -0.00263000 0.02600000 -0.05775000
v 0.00274000 0.02907500 -0.05775000
v -0.00536500 0.04175000 -0.05775000
v 0.00600000 0.02475000 -0.05775000
v -0.02280200 0.01511800 -0.05279500
v -0.02089600 0.00000000 -0.05397100
v -0.02400900 0.01500000 -0.05223600
v -0.02470400 0.00000000 -0.05197100
v -0.02471900 0.01500000 -0.05202200
v -0.02678300 0.01500000 -0.05140100
v -0.02892300 0.00000000 -0.05113400
v -0.03066675 0.00000000 -0.04939450
v -0.03107900 0.01500000 -0.05117700
v -0.03260300 0.00000000 -0.05022200
v -0.03320700 0.00000000 -0.05152900
v -0.03526200 0.01500000 -0.05218300
v -0.03720200 0.00000000 -0.05312400
v -0.06751800 0.00000000 -0.07004950
v -0.03720200 0.01500000 -0.05312400
v -0.04562800 0.01268000 -0.05798800
v -0.02158300 0.01548700 -0.05350100
v -0.02090500 0.01584900 -0.05398400
v -0.01746100 0.00000000 -0.05725650
v -0.01781200 0.00000000 -0.05696900
v -0.02044100 0.01609700 -0.05431400
v -0.01959100 0.01676100 -0.05503400
v -0.01868200 0.01775100 -0.05593700
v -0.01795000 0.01889500 -0.05679200
v -0.01781200 0.01917000 -0.05696900
v -0.09756600 0.00739900 -0.08797500
v -0.05214300 0.00739900 -0.06175000
v -0.04816300 0.00885100 -0.05945200
v -0.04522400 0.01500000 -0.05775500
v -0.04664000 0.01054000 -0.05857300
v -0.10722000 0.01181300 -0.09171800
v -0.10665600 0.01135600 -0.09242600
v -0.10692700 0.01039900 -0.09222500
v -0.11642700 -0.01039900 -0.07577100
v -0.11642700 0.01039900 -0.07577100
v -0.10722000 -0.01181300 -0.09171800
v -0.10792700 -0.01239900 -0.09049300
v -0.10754400 0.01224700 -0.09115600
v -0.10700300 -0.01116500 -0.09209300
v -0.10917700 -0.00575000 -0.08832800
v -0.11542700 -0.01239900 -0.07750300
v -0.11635100 -0.01116500 -0.07590200
v -0.11613400 -0.01181300 -0.07627800
v -0.11581000 -0.01224700 -0.07684000
v -0.11542700 0.01239900 -0.07750300
v -0.11417700 0.00575000 -0.07966800
v -0.11578950 0.01270900 -0.07660700
v -0.11581000 0.01224700 -0.07684000
v -0.11635100 0.01116500 -0.07590200
v -0.11613400 0.01181300 -0.07627800
v -0.05790150 0.00969550 -0.04082600
v -0.05866300 0.00885100 -0.04126600
v -0.05572400 0.01500000 -0.03956900
v -0.02602200 0.01500000 -0.02242000
v -0.05612800 0.01268000 -0.03980200
v -0.10856600 0.00964900 -0.06965500
v -0.06264300 0.00739900 -0.04356400
v -0.06055600 0.00777100 -0.04235900
v -0.02441100 0.01500000 -0.02138400
v -0.02374200 0.01503400 -0.02088600
v -0.02062600 0.01616900 -0.01786500
v -0.02178500 0.01554000 -0.01914600
v -0.01773200 0.01983500 -0.01319100
v -0.01834600 0.01858500 -0.01445700
v -0.01919000 0.01743100 -0.01590200
v -0.01959100 0.01700900 -0.01650300
v -0.01983300 0.01681200 -0.01682200
v -0.04969050 0.01700000 -0.04408500
v -0.05490500 0.01700000 -0.04141900
v -0.05472400 0.01700000 -0.04130100
v -0.03820200 0.01700000 -0.05139200
v -0.04358050 0.01700000 -0.05334250
v -0.02692050 0.01700000 -0.03664450
v -0.02881900 0.01700000 -0.04913700
v -0.02502200 0.01700000 -0.02415200
v -0.02639400 0.01700000 -0.04943900
v -0.02325000 0.01700000 -0.02301300
v -0.02325000 0.01700000 -0.05038600
v -0.03126300 0.01700000 -0.04918600
v -0.03367400 0.01700000 -0.04958500
v -0.03600300 0.01700000 -0.05032500
v -0.05543100 0.01700000 -0.04199000
v -0.05537400 0.01700000 -0.04190200
v -0.05498800 0.01700000 -0.04148300
v -0.05550625 0.01700000 -0.04235875
v -0.04883500 0.01700000 -0.05548100
v -0.04752950 0.01700000 -0.05575200
v -0.04622400 0.01700000 -0.05602300
v -0.04693500 0.01700000 -0.05625000
v -0.04665300 0.01700000 -0.05620800
v -0.04732200 0.01700000 -0.05629000
v -0.04804975 0.01700000 -0.05606050
v -0.04721700 0.01700000 -0.05629200
v -0.04877100 0.01700000 -0.05556400
v -0.04895900 0.01700000 -0.05529300
v -0.05545900 0.01700000 -0.04403500
v -0.05564700 0.01700000 -0.04359200
v -0.05572600 0.01700000 -0.04302900
v -0.05565700 0.01700000 -0.04251300
v -0.01725000 0.02300000 -0.03400000
v -0.01725000 0.02300000 -0.03900000
v -0.01725000 0.02300000 -0.05575000
v -0.06146200 0.01139900 -0.04750000
v -0.06064300 0.01139900 -0.04702800
v -0.06140900 0.01109500 -0.04570200
v -0.06162400 0.01080700 -0.04532900
v -0.06205800 0.01022800 -0.04457800
v -0.06249100 0.00893000 -0.04382700
v -0.10793400 0.00843900 -0.06987100
v -0.05775200 0.01326500 -0.04535800
v -0.05789200 0.01297000 -0.04543900
v -0.05844700 0.01278500 -0.04399300
v -0.05899500 0.01193000 -0.04607600
v -0.05960000 0.01158500 -0.04642500
v -0.06028600 0.01129500 -0.04505400
v -0.05718700 0.01513300 -0.04503200
v -0.05738600 0.01404000 -0.04514700
v -0.05756400 0.01512800 -0.04414700
v -0.05790300 0.01393600 -0.04367800
v -0.05764900 0.01511800 -0.04354900
v -0.05772300 0.01511000 -0.04302300
v -0.05771700 0.01510600 -0.04281600
v -0.05784600 0.01364100 -0.04214700
v -0.05758500 0.01508600 -0.04199100
v -0.05713700 0.01505400 -0.04094700
v -0.05722200 0.01320000 -0.04078500
v -0.05702200 0.01504800 -0.04077000
v -0.05608600 0.01501100 -0.03980500
v -0.05625200 0.01501700 -0.03993300
v -0.05687900 0.01504200 -0.04061400
v -0.06070800 0.01046800 -0.04379900
v -0.05865300 0.01212500 -0.04587900
v -0.05926700 0.01187600 -0.04446600
v -0.05948500 0.01116600 -0.04309300
v -0.06080300 0.00923000 -0.04285300
v -0.05927200 0.01010400 -0.04196900
v -0.05804100 0.01147000 -0.04125800
v -0.05850000 0.01225800 -0.04252400
v -0.05310000 0.01158500 -0.05768400
v -0.05249500 0.01193000 -0.05733400
v -0.05215300 0.01212500 -0.05713700
v -0.05125200 0.01326500 -0.05661700
v -0.05139200 0.01297000 -0.05669700
v -0.05088500 0.01404000 -0.05640500
v -0.05068700 0.01513300 -0.05629100
v -0.09757200 0.00843900 -0.08782000
v -0.05229600 0.00893000 -0.06148700
v -0.09764900 0.00939900 -0.08740400
v -0.05244000 0.00936100 -0.06123700
v -0.05272900 0.01022800 -0.06073600
v -0.05316200 0.01080700 -0.05998500
v -0.05337800 0.01109500 -0.05961200
v -0.05123600 0.01187600 -0.05837500
v -0.04987200 0.01393600 -0.05758800
v -0.05060800 0.00923000 -0.06051200
v -0.04741700 0.01506200 -0.05828600
v -0.04720700 0.01505700 -0.05829100
v -0.04702700 0.01320000 -0.05844500
v -0.04670800 0.01504200 -0.05821700
v -0.04608200 0.01502500 -0.05812500
v -0.04825200 0.01508600 -0.05815600
v -0.04851700 0.01364100 -0.05830400
v -0.04929800 0.01511200 -0.05771100
v -0.04947200 0.01511600 -0.05759800
v -0.05044000 0.01513200 -0.05666800
v -0.05031100 0.01513100 -0.05683300
v -0.04964100 0.01511900 -0.05744500
v -0.05138000 0.01046800 -0.05995700
v -0.05041700 0.01278500 -0.05790200
v -0.04917100 0.01225800 -0.05868200
v -0.04784500 0.01147000 -0.05891700
v -0.04907700 0.01010400 -0.05962800
v -0.05015600 0.01116600 -0.05925000
v -0.05225500 0.01129500 -0.05896400
v 0.01698200 0.00000000 -0.01300000
v 0.01625000 0.00000000 -0.01226800
v 0.01698200 0.00000000 -0.05675000
v 0.01614050 0.00000000 -0.05618300
v -0.01711000 0.00000000 -0.05754400
v -0.02492500 0.00000000 -0.05121350
v 0.01625000 -0.00100000 -0.05748200
v 0.01625000 0.02137500 -0.05748200
v -0.09858400 -0.00739900 -0.08567600
v -0.04805300 0.01030300 -0.05650200
v -0.05339300 0.00739900 -0.05958500
v -0.05139000 0.00774100 -0.05842900
v -0.04700500 0.01230400 -0.05589700
v -0.04880500 0.00952000 -0.05693650
v -0.04650900 0.01450000 -0.05561100
v -0.04672100 0.01450000 -0.05502975
v -0.10658400 -0.00739900 -0.07182000
v -0.05755700 0.00873700 -0.04351400
v -0.05605300 0.01030300 -0.04264600
v -0.05500500 0.01230400 -0.04204000
v -0.04723100 0.01450000 -0.05479000
v -0.04706700 0.01450000 -0.05579000
v -0.04699400 0.01450000 -0.05578900
v -0.04475900 0.01450000 -0.05439800
v -0.04651600 0.01450000 -0.05561400
v -0.04882100 0.01450000 -0.05463100
v -0.04856800 0.01450000 -0.05506700
v -0.04838500 0.01450000 -0.05532000
v -0.04816800 0.01450000 -0.05549000
v -0.04750500 0.01450000 -0.05579600
v -0.04726775 0.01450000 -0.05579275
v -0.04764800 0.01450000 -0.05574700
v -0.04798700 0.01450000 -0.05563300
v -0.01475000 0.03837500 -0.04522300
v -0.01475000 0.01637500 -0.02847950
v -0.05550300 0.01259400 -0.04256000
v -0.05566700 0.01280700 -0.04328900
v -0.05545300 0.01288400 -0.04403100
v -0.05934000 0.00898500 -0.04540900
v -0.05780500 0.00981900 -0.04452300
v -0.05752700 0.00998600 -0.04522800
v -0.05689600 0.01054900 -0.04486400
v -0.05654500 0.01113000 -0.04379600
v -0.05630400 0.01125800 -0.04452300
v -0.05572300 0.01236800 -0.04418700
v -0.05645300 0.01078100 -0.04310900
v -0.05781700 0.00936200 -0.04389600
v -0.05947700 0.00845900 -0.04485500
v -0.04895300 0.01288400 -0.05528900
v -0.04943000 0.01435400 -0.05362000
v -0.04922300 0.01236800 -0.05544500
v -0.04960800 0.01431100 -0.05332400
v -0.05042500 0.01388700 -0.05208400
v -0.05073300 0.01373200 -0.05163600
v -0.05097900 0.01360800 -0.05127800
v -0.05126700 0.01346200 -0.05085900
v -0.05175600 0.01335600 -0.05008200
v -0.05208800 0.01328400 -0.04955400
v -0.05262200 0.01342700 -0.04853500
v -0.05279100 0.01347200 -0.04821400
v -0.05299500 0.01360800 -0.04778600
v -0.05399400 0.01425700 -0.04575100
v -0.05408300 0.01431400 -0.04557300
v -0.05476800 0.01448800 -0.04433300
v -0.05039600 0.01054900 -0.05612200
v -0.04980400 0.01125800 -0.05578100
v -0.05345000 0.00797300 -0.05948600
v -0.05361300 0.00846000 -0.05920500
v -0.05350500 0.00813500 -0.05939300
v -0.05377500 0.00867700 -0.05892300
v -0.05385600 0.00878500 -0.05878300
v -0.05159100 0.00829100 -0.05841300
v -0.05187500 0.00875600 -0.05820100
v -0.04752000 0.01252600 -0.05606300
v -0.04807100 0.01271400 -0.05600500
v -0.04857400 0.01284000 -0.05573400
v -0.04944100 0.01118600 -0.05623400
v -0.05068500 0.00989100 -0.05695200
v -0.05220000 0.00906800 -0.05782700
v -0.05028600 0.00962100 -0.05728400
v -0.04898100 0.01097900 -0.05653000
v -0.04989000 0.00921500 -0.05743100
v -0.04849300 0.01066900 -0.05662400
v -0.04429200 0.01150000 -0.05083500
v -0.04473100 0.01004900 -0.05112000
v -0.04302350 0.01004900 -0.04849750
v -0.04318600 0.01150000 -0.04972900
v -0.04290100 0.01004900 -0.04929000
v -0.04848100 0.01004900 -0.05145500
v -0.04973100 0.01004900 -0.05112000
v -0.04877600 0.01150000 -0.05154500
v -0.04723100 0.01004900 -0.05179000
v -0.04723100 0.01150000 -0.05179000
v -0.04568600 0.01150000 -0.05154500
v -0.05127600 0.01150000 -0.04972900
v -0.05156100 0.01004900 -0.04929000
v -0.05017000 0.01150000 -0.05083500
v -0.05156100 0.01004900 -0.04429000
v -0.05198700 0.01150000 -0.04524500
v -0.05223100 0.01004900 -0.04679000
v -0.05223100 0.01150000 -0.04679000
v -0.05198700 0.01150000 -0.04833500
v -0.04970600 0.01150000 -0.04250900
v -0.05017000 0.01150000 -0.04274500
v -0.04973100 0.01004900 -0.04246000
v -0.05127100 0.01004900 -0.04570750
v -0.04473100 0.01004900 -0.04246000
v -0.04568600 0.01150000 -0.04203500
v -0.04723100 0.01004900 -0.04179000
v -0.04723100 0.01150000 -0.04179000
v -0.04877600 0.01150000 -0.04203500
v -0.04318600 0.01150000 -0.04385100
v -0.04552350 0.01004900 -0.04258250
v -0.04290100 0.01004900 -0.04429000
v -0.04429200 0.01150000 -0.04274500
v -0.04475600 0.01150000 -0.04250900
v -0.04295000 0.01150000 -0.04926500
v -0.04247600 0.01150000 -0.04833500
v -0.04223100 0.01004900 -0.04679000
v -0.04223100 0.01150000 -0.04679000
v -0.04247600 0.01150000 -0.04524500
v -0.04723100 0.01004900 -0.04679000
v -0.02308100 0.01004900 -0.03862000
v -0.02125100 0.01004900 -0.03679000
v -0.02808100 0.01004900 -0.03862000
v -0.02558100 0.01004900 -0.03929000
v -0.02991100 0.01004900 -0.03679000
v -0.02991100 0.01004900 -0.03179000
v -0.03058100 0.01004900 -0.03429000
v -0.02808100 0.01004900 -0.02996000
v -0.02308100 0.01004900 -0.02996000
v -0.02558100 0.01004900 -0.02929000
v -0.02125100 0.01004900 -0.03179000
v -0.02058100 0.01004900 -0.03429000
v -0.02928600 0.01004900 -0.03215100
v -0.02866100 0.01004900 -0.03251200
v -0.02913700 0.01004900 -0.03429000
v -0.02866100 0.01004900 -0.03606800
v -0.02558100 0.01004900 -0.03784700
v -0.02380200 0.01004900 -0.03737000
v -0.02202400 0.01004900 -0.03429000
v -0.02250000 0.01004900 -0.03251200
v -0.02735900 0.01004900 -0.03121000
v -0.02647000 0.01004900 -0.03061075
v -0.02345300 0.01504900 -0.03306100
v -0.02317700 0.01050000 -0.03290200
v -0.02435200 0.01504900 -0.03216200
v -0.02496650 0.01504900 -0.03199750
v -0.02419300 0.01050000 -0.03188700
v -0.02764850 0.01504900 -0.03345075
v -0.02680900 0.01504900 -0.03216200
v -0.02696800 0.01050000 -0.03188700
v -0.02770900 0.01504900 -0.03306100
v -0.02798400 0.01050000 -0.03290200
v -0.02803800 0.01504900 -0.03429000
v -0.02835600 0.01050000 -0.03429000
v -0.02770900 0.01504900 -0.03551900
v -0.02642000 0.01504900 -0.03635775
v -0.02798400 0.01050000 -0.03567800
v -0.02680900 0.01504900 -0.03641800
v -0.02696800 0.01050000 -0.03669300
v -0.02558100 0.01504900 -0.03674700
v -0.02558100 0.01050000 -0.03706500
v -0.02359550 0.01504900 -0.03482200
v -0.02419300 0.01050000 -0.03669300
v -0.02312400 0.01504900 -0.03429000
v -0.02280600 0.01050000 -0.03429000
v -0.02558100 0.01504900 -0.03429000
v -0.05030400 0.01264800 -0.04256000
v -0.05146100 0.01264800 -0.04371700
v -0.04300100 0.01264800 -0.04371700
v -0.04295000 0.01150000 -0.04431500
v -0.04415800 0.01264800 -0.04256000
v -0.04415800 0.01264800 -0.05102000
v -0.04475600 0.01150000 -0.05107100
v -0.04300100 0.01264800 -0.04986300
v -0.05146100 0.01264800 -0.04986300
v -0.05030400 0.01264800 -0.05102000
v -0.04511400 0.01427200 -0.04027300
v -0.05068700 0.01362100 -0.05154600
v -0.04934900 0.01427200 -0.05330700
v -0.05220400 0.01264800 -0.04840600
v -0.05246000 0.01264800 -0.04679000
v -0.05311000 0.01362100 -0.04679000
v -0.05282200 0.01362100 -0.04497300
v -0.05374800 0.01427200 -0.04467300
v -0.05277500 0.01427200 -0.04276300
v -0.04723100 0.01427200 -0.05364200
v -0.04511400 0.01427200 -0.05330700
v -0.04320400 0.01427200 -0.05233300
v -0.04320400 0.01427200 -0.04124700
v -0.04168800 0.01427200 -0.04276300
v -0.04071500 0.01427200 -0.04467300
v -0.04037900 0.01427200 -0.04679000
v -0.04071500 0.01427200 -0.04890700
v -0.04723100 0.01427200 -0.03993800
v -0.04934900 0.01427200 -0.04027300
v -0.05125900 0.01427200 -0.04124700
v -0.04377600 0.01362100 -0.05154600
v -0.04541500 0.01362100 -0.05238100
v -0.04723100 0.01362100 -0.05266900
v -0.04904800 0.01362100 -0.05238100
v -0.04377600 0.01362100 -0.04203400
v -0.04247500 0.01362100 -0.04333500
v -0.04164000 0.01362100 -0.04497300
v -0.04135300 0.01362100 -0.04679000
v -0.05198700 0.01362100 -0.04333500
v -0.05068700 0.01362100 -0.04203400
v -0.04904800 0.01362100 -0.04119900
v -0.04723100 0.01362100 -0.04091100
v -0.04541500 0.01362100 -0.04119900
v -0.04561600 0.01264800 -0.05176200
v -0.04884700 0.01264800 -0.05176200
v -0.04225900 0.01264800 -0.04517400
v -0.04884700 0.01264800 -0.04181700
v -0.04561600 0.01264800 -0.04181700
v -0.05220400 0.01264800 -0.04517400
v -0.02610850 0.00651000 -0.04963450
v -0.02396250 0.00651000 -0.05090250
v -0.09868400 -0.00814900 -0.08550200
v -0.09895900 -0.00869800 -0.08502700
v -0.09933400 -0.00889900 -0.08437700
v -0.10627550 -0.01057300 -0.07235450
v -0.10648300 -0.00814900 -0.07199400
v -0.10725800 -0.01116500 -0.07065200
v -0.09783400 -0.01039900 -0.08697500
v -0.09829700 -0.00965700 -0.08617250
v -0.09791000 -0.01116500 -0.08684300
v -0.09845100 -0.01224700 -0.08590600
v -0.09812700 -0.01181300 -0.08646800
v -0.10704100 -0.01181300 -0.07102800
v -0.10633400 -0.01239900 -0.07225300
v -0.09883400 -0.01239900 -0.08524300
v -0.01794200 0.00600000 -0.02220400
v -0.01762700 0.00080600 -0.02202200
v -0.01849500 0.00600000 -0.02165100
v -0.01887250 0.00600000 -0.02154950
v -0.01831300 0.00080600 -0.02133600
v -0.01925000 0.00600000 -0.02144800
v -0.01925000 0.00080600 -0.02108500
v -0.02052125 0.00600000 -0.02244325
v -0.02076100 0.00600000 -0.02295900
v -0.02112400 0.00080600 -0.02295900
v -0.02055800 0.00600000 -0.02371400
v -0.01976575 0.00600000 -0.02423025
v -0.02087300 0.00080600 -0.02389600
v -0.02000500 0.00600000 -0.02426700
v -0.02018700 0.00080600 -0.02458200
v -0.01925000 0.00600000 -0.02447000
v -0.01925000 0.00080600 -0.02483300
v -0.01849500 0.00600000 -0.02426700
v -0.01802950 0.00600000 -0.02328600
v -0.01831300 0.00080600 -0.02458200
v -0.01794200 0.00600000 -0.02371400
v -0.01762700 0.00080600 -0.02389600
v -0.01925000 0.00600000 -0.02295900
v -0.01268950 0.04175000 -0.05068950
v -0.00882700 0.04175000 -0.05007125
v -0.00712800 0.04175000 -0.04950200
v -0.00839300 0.04175000 -0.04761150
v -0.01420000 0.04175000 -0.04884800
v -0.01234200 0.04175000 -0.04927500
v 0.01100000 0.04355000 -0.04695000
v 0.01177500 0.04355000 -0.04715800
v 0.01234200 0.04355000 -0.04772500
v 0.01255000 0.04355000 -0.04850000
v 0.01234200 0.04355000 -0.04927500
v 0.00965800 0.04355000 -0.04927500
v 0.00945000 0.04355000 -0.04850000
v 0.00965800 0.04355000 -0.04772500
v 0.01022500 0.04355000 -0.04715800
v -0.01022500 0.04355000 -0.04715800
v -0.00965800 0.04355000 -0.04772500
v -0.00945000 0.04355000 -0.04850000
v -0.00965800 0.04355000 -0.04927500
v -0.01022500 0.04355000 -0.04984200
v -0.01100000 0.04355000 -0.05005000
v -0.01234200 0.04355000 -0.04927500
v -0.01255000 0.04355000 -0.04850000
v -0.01234200 0.04355000 -0.04772500
v -0.02012700 0.01787700 -0.01914200
v -0.01927300 0.01850700 -0.01764300
v -0.01900700 0.01875700 -0.03400000
v -0.01900900 0.01875900 -0.01711500
v -0.01770700 0.02070400 -0.03400000
v -0.01894200 0.01882300 -0.01698200
v -0.01824600 0.01968900 -0.01539300
v -0.02095800 0.01746600 -0.02036700
v -0.01958400 0.01825000 -0.03400000
v -0.02096100 0.01747200 -0.05203400
v -0.01958400 0.01825000 -0.03900000
v -0.02021700 0.01782300 -0.05274100
v -0.01900700 0.01875700 -0.03900000
v -0.01949500 0.01832100 -0.05355600
v -0.02118800 0.01736500 -0.05181900
v -0.02222400 0.01708800 -0.05101900
v -0.02108300 0.01740500 -0.02055100
v -0.02168400 0.01720800 -0.02132300
v -0.02269800 0.01702500 -0.02246500
v -0.01770700 0.02070400 -0.03900000
v -0.01777800 0.02037650 -0.05612300
v -0.01774900 0.02072100 -0.05575000
v -0.01798200 0.02012800 -0.05575000
v -0.01810000 0.01992100 -0.05554900
v -0.01872200 0.01906300 -0.05458000
v -0.01743600 0.02151800 -0.05575000
v -0.01736500 0.02182900 -0.01400000
v -0.01771500 0.02070600 -0.01400000
v -0.01773900 0.02062600 -0.01400000
v -0.01750200 0.02052400 -0.01303600
v -0.01749300 0.02052000 -0.01300000
v -0.01710200 0.02177700 -0.01300000
v -0.01666600 0.02016400 -0.01222300
v -0.01747800 0.02051400 -0.01298400
v -0.01732500 0.02044800 -0.01281600
v -0.01694700 0.02028500 -0.01240500
v -0.01682100 0.02023100 -0.01226800
v -0.01762900 0.02057900 -0.01355000
v -0.01704800 0.02300000 -0.01324800
v -0.01625000 0.02300000 -0.01226800
v -0.01752700 0.02053500 -0.01313800
v 0.01686600 0.04325000 -0.01306700
v -0.01525000 0.04448200 -0.01300000
v 0.01525000 0.04448200 -0.01300000
v -0.01525000 0.04375000 -0.01226800
v 0.01525000 0.04375000 -0.01226800
v -0.01698200 0.04275000 -0.01300000
v -0.01661600 0.04275000 -0.01263400
v -0.01625000 0.04275000 -0.01226800
v -0.01600200 0.04275000 -0.01220100
v 0.01611600 0.04375000 -0.01250000
v 0.01675000 0.04375000 -0.01313400
v 0.01575000 0.04448200 -0.01313400
v 0.01611600 0.04448200 -0.01350000
v -0.01575000 0.04448200 -0.01313400
v -0.01698200 0.04375000 -0.01400000
v -0.01675000 0.04375000 -0.01313400
v -0.01704800 0.04350200 -0.01400000
v -0.01704800 0.04312600 -0.01362400
v -0.01611600 0.04375000 -0.01250000
v -0.01611600 0.04448200 -0.01350000
v -0.01646700 0.02127100 -0.05748200
v -0.01717600 0.02145200 -0.05675000
v -0.01734600 0.01978100 -0.05720600
v -0.01625000 0.02300000 -0.05748200
v -0.01698200 0.02300000 -0.05675000
v -0.01774700 0.01999900 -0.05675000
v -0.01776100 0.02000700 -0.05669100
v -0.01780700 0.02003200 -0.05649600
v 0.01625000 0.04275000 -0.05748200
v 0.01698200 0.04275000 -0.05675000
v 0.01698200 0.02087500 -0.05675000
v -0.01600200 0.04454800 -0.05575000
v -0.01625000 0.04448200 -0.05575000
v -0.01661600 0.04411600 -0.05575000
v -0.01698200 0.04375000 -0.05575000
v -0.01704800 0.04350200 -0.05575000
v -0.01625000 0.04275000 -0.05748200
v -0.01698200 0.04275000 -0.05675000
v 0.01675000 0.04375000 -0.05661600
v 0.01611600 0.04448200 -0.05625000
v 0.01575000 0.04448200 -0.05661600
v 0.01525000 0.04448200 -0.05675000
v -0.01611600 0.04448200 -0.05625000
v -0.01675000 0.04375000 -0.05661600
v -0.01611600 0.04375000 -0.05725000
v -0.01575000 0.04448200 -0.05661600
v -0.01525000 0.04375000 -0.05748200
v -0.01525000 0.04448200 -0.05675000
v -0.01710900 0.01917000 -0.05754300
v -0.01710500 0.01917000 -0.05754700
v -0.01716700 0.01958200 -0.05746600
v -0.01783700 0.02000200 -0.05659500
v -0.01796100 0.01943600 -0.05671000
v -0.01804000 0.01969000 -0.05641200
v -0.01804300 0.01976000 -0.05631500
v -0.01804800 0.01992400 -0.05608800
v -0.02046600 0.01756400 -0.05325100
v -0.01817900 0.01945600 -0.05622800
v -0.01810200 0.01918200 -0.05653100
v -0.01817800 0.01970600 -0.05589600
v -0.01886100 0.01881100 -0.05497700
v -0.01969800 0.01805500 -0.05401300
v -0.01884100 0.01813500 -0.05567700
v -0.01974800 0.01724300 -0.05478200
v -0.02058400 0.01665700 -0.05407800
v -0.02168700 0.01613500 -0.05329300
v -0.01890200 0.01849500 -0.05535000
v -0.01978400 0.01768600 -0.05443300
v -0.02059300 0.01716200 -0.05371200
v -0.02165000 0.01670700 -0.05291100
v -0.02283700 0.01583800 -0.05262200
v -0.02274100 0.01645900 -0.05222900
v -0.02395100 0.01576500 -0.05209500
v -0.02389700 0.01598100 -0.05196200
v -0.02378700 0.01641400 -0.05169400
v -0.02362200 0.01670400 -0.05129300
v -0.02147700 0.01713400 -0.05240000
v -0.02252700 0.01689600 -0.05166900
v -0.02354000 0.01684800 -0.05109400
v -0.02673100 0.01600000 -0.05113800
v -0.02658900 0.01673200 -0.05042000
v -0.02890900 0.01600000 -0.05086700
v -0.03110400 0.01600000 -0.05091100
v -0.03326900 0.01600000 -0.05126900
v -0.03536100 0.01600000 -0.05193400
v -0.03733600 0.01600000 -0.05289200
v -0.02887100 0.01673200 -0.05013600
v -0.03117100 0.01673200 -0.05018200
v -0.03344000 0.01673200 -0.05055700
v -0.03563200 0.01673200 -0.05125400
v -0.03770200 0.01673200 -0.05225800
v -0.04572400 0.01673200 -0.05688900
v -0.04535800 0.01600000 -0.05752300
v -0.04979100 0.01675400 -0.05577300
v -0.05041900 0.01607600 -0.05613600
v -0.04960900 0.01675400 -0.05605300
v -0.05007300 0.01607400 -0.05663700
v -0.05019100 0.01607500 -0.05648400
v -0.04951300 0.01675300 -0.05617600
v -0.04889400 0.01675100 -0.05674600
v -0.04876500 0.01675000 -0.05683000
v -0.04799000 0.01674600 -0.05716800
v -0.04736800 0.01674200 -0.05727000
v -0.04721200 0.01674100 -0.05727600
v -0.04930100 0.01606600 -0.05734600
v -0.04914100 0.01606400 -0.05745100
v -0.04817600 0.01604900 -0.05787100
v -0.04740300 0.01603600 -0.05799900
v -0.04720800 0.01603200 -0.05800500
v -0.04616100 0.01601400 -0.05786000
v -0.04637000 0.01673600 -0.05716000
v -0.05629100 0.01675400 -0.04451500
v -0.05691900 0.01607600 -0.04487800
v -0.05522400 0.01673200 -0.04043500
v -0.05559000 0.01600000 -0.03980100
v -0.05549400 0.01673400 -0.04061500
v -0.05607900 0.01601000 -0.04014500
v -0.05592600 0.01600600 -0.04002400
v -0.05561700 0.01673500 -0.04071200
v -0.05618700 0.01674000 -0.04134400
v -0.05627100 0.01674100 -0.04147600
v -0.05659800 0.01674600 -0.04225800
v -0.05669100 0.01674900 -0.04287300
v -0.05669400 0.01675000 -0.04302600
v -0.05678800 0.01602800 -0.04093100
v -0.05689300 0.01603100 -0.04109600
v -0.05730000 0.01604900 -0.04206800
v -0.05741600 0.01606000 -0.04283300
v -0.05742000 0.01606300 -0.04302400
v -0.05726900 0.01607300 -0.04406100
v -0.05657200 0.01675300 -0.04386000
v -0.02552200 0.01673200 -0.02328600
v -0.02588800 0.01600000 -0.02265200
v -0.02432300 0.01576500 -0.02150800
v -0.02423900 0.01598100 -0.02162600
v -0.02407100 0.01641400 -0.02186100
v -0.02369400 0.01684800 -0.02239000
v -0.02382000 0.01670400 -0.02221400
v -0.02369700 0.01577100 -0.02103100
v -0.02348500 0.01640400 -0.02137900
v -0.02313600 0.01684300 -0.02188000
v -0.02253100 0.01594700 -0.02002700
v -0.02209000 0.01697400 -0.02081200
v -0.02145700 0.01714600 -0.02008300
v -0.02182800 0.01616100 -0.01934100
v -0.01966700 0.01744900 -0.01672000
v -0.02069400 0.01670100 -0.01807800
v -0.02043400 0.01759200 -0.01874400
v -0.01950300 0.01822200 -0.01730800
v -0.01926500 0.01783000 -0.01611700
v -0.01841500 0.01888600 -0.01466200
v -0.02238300 0.01653600 -0.02036200
v -0.02171400 0.01671600 -0.01966500
v -0.02062800 0.01718900 -0.01837900
v -0.01963700 0.01786100 -0.01699400
v -0.01924800 0.01820800 -0.01637900
v -0.01842200 0.01917700 -0.01489100
v -0.01779200 0.02004300 -0.01337800
v -0.01781400 0.02024800 -0.01357800
v -0.01780100 0.02038400 -0.01372400
v -0.01913800 0.01854500 -0.01667200
v -0.01836500 0.01944800 -0.01513800
v -0.01779600 0.02044300 -0.01378700
v -0.01765000 0.02047200 -0.01347600
v -0.01732300 0.02017400 -0.01263400
v -0.01741400 0.02044000 -0.01283800
v -0.01729100 0.01983500 -0.01256000
v -0.01665200 0.01983500 -0.01214800
v -0.01590300 0.00000000 -0.01200000
v -0.01664500 0.01983500 -0.01214300
v -0.01729400 0.01983500 -0.01256400
v -0.02378875 0.00868000 -0.04589350
v -0.02140700 0.00868000 -0.04612800
v -0.01969050 0.00868000 -0.04653050
v -0.02072400 0.01450000 -0.04244500
v -0.02302300 0.01450000 -0.04369500
v -0.02190700 0.01450000 -0.04599400
v -0.01972400 0.01450000 -0.04481100
v -0.02140700 0.01450000 -0.04412800
v -0.10434700 -0.01193000 -0.09269300
v -0.10449100 -0.01236100 -0.09244400
v -0.09886200 -0.01236100 -0.08919400
v -0.10478100 -0.01322800 -0.09194200
v -0.09958500 -0.01380700 -0.08794200
v -0.09915200 -0.01322800 -0.08869200
v -0.10521400 -0.01380700 -0.09119200
v -0.10543000 -0.01409500 -0.09081900
v -0.09980100 -0.01409500 -0.08756900
v -0.10619500 -0.01439900 -0.08949300
v -0.10056600 -0.01439900 -0.08624300
v -0.10543000 0.01409500 -0.09081900
v -0.10478100 0.01322800 -0.09194200
v -0.09886200 0.01236100 -0.08919400
v -0.09958500 0.01380700 -0.08794200
v -0.10449100 0.01236100 -0.09244400
v -0.10494700 0.01039900 -0.09315900
v -0.10434700 0.01193000 -0.09269300
v -0.09871800 0.01193000 -0.08944300
v -0.10806600 0.01439900 -0.07325300
v -0.11369500 0.01439900 -0.07650300
v -0.10883100 0.01409500 -0.07192700
v -0.11467600 0.01380700 -0.07480300
v -0.10904700 0.01380700 -0.07155300
v -0.11446000 0.01409500 -0.07517700
v -0.11434700 0.01419800 -0.07687900
v -0.10948000 0.01322800 -0.07080300
v -0.10977000 0.01236100 -0.07030200
v -0.11510900 0.01322800 -0.07405300
v -0.11539900 0.01236100 -0.07355200
v -0.10991400 0.01193000 -0.07005200
v -0.11554300 0.01193000 -0.07330200
v -0.11006600 0.01039900 -0.06978900
v -0.11569500 0.01039900 -0.07303900
v -0.10977000 -0.01236100 -0.07030200
v -0.11554300 -0.01193000 -0.07330200
v -0.10904700 -0.01380700 -0.07155300
v -0.11467600 -0.01380700 -0.07480300
v -0.10883100 -0.01409500 -0.07192700
v -0.10806600 -0.01439900 -0.07325300
v -0.10619500 0.01039900 -0.09295700
v -0.10637600 0.01039900 -0.09277600
v -0.10569500 -0.01039900 -0.09309100
v -0.10519500 0.01039900 -0.09322500
v -0.10494700 -0.01039900 -0.09315900
v -0.10533700 -0.01182700 -0.09297900
v -0.10574200 -0.01303800 -0.09227800
v -0.10634700 -0.01384700 -0.09123000
v -0.10541275 -0.01333525 -0.09184800
v -0.10706100 -0.01413100 -0.08999300
v -0.10630900 -0.01154700 -0.09275900
v -0.10663400 -0.01252100 -0.09219600
v -0.10712100 -0.01317100 -0.09135300
v -0.10769500 -0.01339900 -0.09035900
v -0.10684700 0.01419800 -0.08986900
v -0.10737800 0.01376500 -0.09017600
v -0.10706100 0.01413100 -0.08999300
v -0.10521400 0.01380700 -0.09119200
v -0.10634700 0.01384700 -0.09123000
v -0.10574200 0.01303800 -0.09227800
v -0.10569500 0.01039900 -0.09309100
v -0.10533700 0.01182700 -0.09297900
v -0.10775300 0.01315100 -0.09039200
v -0.10769500 0.01339900 -0.09035900
v -0.10721950 0.01394800 -0.09008450
v -0.10712100 0.01317100 -0.09135300
v -0.10663400 0.01252100 -0.09219600
v -0.10630900 0.01154700 -0.09275900
v -0.11519500 -0.01339900 -0.07736900
v -0.11456100 -0.01413100 -0.07700300
v -0.11525300 0.01315100 -0.07740200
v -0.11519500 0.01339900 -0.07736900
v -0.11487800 0.01376500 -0.07718600
v -0.11456100 0.01413100 -0.07700300
v -0.11576900 -0.01317100 -0.07637400
v -0.11539900 -0.01236100 -0.07355200
v -0.11628500 -0.01182700 -0.07401700
v -0.11625600 -0.01252100 -0.07553200
v -0.11658100 -0.01154700 -0.07496800
v -0.11669500 0.01039900 -0.07477100
v -0.11658100 0.01154700 -0.07496800
v -0.11642700 0.01039900 -0.07377100
v -0.11628500 0.01182700 -0.07401700
v -0.11588100 0.01303800 -0.07471700
v -0.11527500 0.01384700 -0.07576600
v -0.11625600 0.01252100 -0.07553200
v -0.11576900 0.01317100 -0.07637400
v -0.09906600 0.01339900 -0.08537700
v -0.10656600 0.01339900 -0.07238700
v -0.09970000 0.01413100 -0.08574300
v -0.10720000 0.01413100 -0.07275300
v -0.09838000 0.01303800 -0.08802800
v -0.09898600 0.01384700 -0.08698000
v -0.09849200 0.01317100 -0.08637100
v -0.09800500 0.01252100 -0.08721400
v -0.09797600 0.01182700 -0.08872900
v -0.09768000 0.01154700 -0.08777700
v -0.09756600 0.01039900 -0.08797500
v -0.09783400 0.01039900 -0.08897500
v -0.10851900 0.01303800 -0.07046700
v -0.10892400 0.01182700 -0.06976700
v -0.10806600 0.01039900 -0.06978900
v -0.10795200 0.01154700 -0.06998600
v -0.10906600 0.01039900 -0.06952100
v -0.10762700 0.01252100 -0.07054900
v -0.10791400 0.01384700 -0.07151600
v -0.10714000 0.01317100 -0.07139200
v -0.09756600 -0.01039900 -0.08797500
v -0.09783400 -0.01039900 -0.08897500
v -0.10856600 -0.01039900 -0.06965500
v -0.10906600 -0.01039900 -0.06952100
v -0.10806600 -0.01039900 -0.06978900
v -0.09838000 -0.01303800 -0.08802800
v -0.09797600 -0.01182700 -0.08872900
v -0.09768000 -0.01154700 -0.08777700
v -0.09800500 -0.01252100 -0.08721400
v -0.09898600 -0.01384700 -0.08698000
v -0.09849200 -0.01317100 -0.08637100
v -0.09906600 -0.01339900 -0.08537700
v -0.09970000 -0.01413100 -0.08574300
v -0.10851900 -0.01303800 -0.07046700
v -0.10791400 -0.01384700 -0.07151600
v -0.10656600 -0.01339900 -0.07238700
v -0.10714000 -0.01317100 -0.07139200
v -0.10720000 -0.01413100 -0.07275300
v -0.10762700 -0.01252100 -0.07054900
v -0.10892400 -0.01182700 -0.06976700
v -0.10795200 -0.01154700 -0.06998600
v 0.00225000 -0.01500000 -0.01200000
v 0.00412775 -0.01469000 -0.01200000
v -0.01475025 -0.01356650 -0.01200000
v -0.01590300 -0.01500000 -0.01200000
v 0.00478600 -0.01475000 -0.01200000
v 0.00889200 -0.01315450 -0.01200000
v 0.00831200 -0.01350000 -0.01200000
v -0.01475000 -0.01250000 -0.01200000
v 0.01475000 -0.00557100 -0.01200000
v 0.01475000 -0.00903550 -0.01200000
v 0.01500000 -0.00453600 -0.01200000
v 0.01525000 -0.00200000 -0.01200000
v -0.10610100 -0.00489900 -0.07165650
v -0.10182100 -0.00739900 -0.06907000
v -0.09382100 -0.00489900 -0.08292600
v -0.09815100 -0.00489900 -0.08542600
v -0.11154200 -0.00819900 -0.07523100
v -0.10591300 -0.00819900 -0.07198100
v -0.09825100 -0.00739900 -0.08525300
v -0.10388000 -0.00739900 -0.08850300
v -0.10120300 -0.00819900 -0.08663900
v -0.10391500 -0.00782200 -0.08844200
v -0.09828600 -0.00782200 -0.08519200
v 0.01225600 -0.00150000 -0.04922500
v 0.01225600 0.00475000 -0.04922500
v 0.01245000 0.00475000 -0.04850000
v 0.01245000 -0.00150000 -0.04850000
v 0.01425000 0.00475000 -0.05225000
v 0.01300000 0.00475000 -0.05441500
v 0.01100000 -0.00150000 -0.04995000
v 0.01100000 0.00475000 -0.04995000
v 0.01351800 0.00475000 -0.05401800
v 0.01172500 -0.00150000 -0.04975600
v 0.01172500 0.00475000 -0.04975600
v 0.01391500 0.00475000 -0.05350000
v 0.01239700 0.00475000 -0.05466500
v 0.01027500 0.00475000 -0.04975600
v 0.01027500 -0.00150000 -0.04975600
v 0.00475000 0.00475000 -0.05475000
v 0.00974400 -0.00150000 -0.04922500
v 0.00974400 0.00475000 -0.04922500
v 0.00816050 0.00475000 -0.04988100
v 0.01307800 0.00475000 -0.04200000
v 0.01248900 0.00475000 -0.04606575
v 0.01225600 -0.00150000 -0.04777500
v 0.01225600 0.00475000 -0.04777500
v 0.01172500 -0.00150000 -0.04724400
v 0.01172500 0.00475000 -0.04724400
v 0.01100000 0.00475000 -0.04705000
v 0.01100000 -0.00150000 -0.04705000
v 0.00475000 0.00475000 -0.05152000
v 0.00657700 0.00475000 -0.05053700
v 0.00893750 0.00475000 -0.04849875
v 0.00820700 0.00475000 -0.04925500
v 0.01416500 0.00475000 -0.05289700
v 0.01190600 0.00475000 -0.04200000
v 0.01147000 0.00475000 -0.04402800
v 0.01123500 0.00475000 -0.04553900
v 0.01069100 0.00475000 -0.04595100
v 0.01027500 0.00475000 -0.04724400
v 0.01027500 -0.00150000 -0.04724400
v 0.00959200 0.00475000 -0.04771000
v 0.00974400 0.00475000 -0.04777500
v 0.00974400 -0.00150000 -0.04777500
v 0.00955000 -0.00150000 -0.04850000
v 0.00955000 0.00475000 -0.04850000
v -0.05339300 -0.00739900 -0.05958500
v -0.05109900 -0.00845950 -0.05826075
v -0.09382100 -0.00739900 -0.08292600
v -0.05345000 -0.00797300 -0.05948600
v -0.09387800 -0.00797300 -0.08282700
v -0.05361300 -0.00846000 -0.05920500
v -0.09404000 -0.00846000 -0.08254600
v -0.05385600 -0.00878500 -0.05878300
v -0.09428400 -0.00878500 -0.08212400
v -0.05414300 -0.00889900 -0.05828600
v -0.09457100 -0.00889900 -0.08162700
v -0.06064300 -0.00889900 -0.04702800
v -0.10107100 -0.00889900 -0.07036900
v -0.06101800 -0.00869800 -0.04637800
v -0.10144600 -0.00869800 -0.06971900
v -0.10172000 -0.00814900 -0.06924400
v -0.06139300 -0.00739900 -0.04572900
v -0.10182100 -0.00489900 -0.06907000
v -0.00682650 -0.01700000 -0.01400000
v -0.01786200 -0.01700000 -0.02055600
v -0.01727650 -0.01700000 -0.02018725
v -0.01925000 -0.01700000 -0.02018400
v -0.01965500 -0.01700000 -0.01980100
v -0.02015000 -0.01700000 -0.02033400
v -0.01684700 -0.01700000 -0.02157200
v -0.01647500 -0.01700000 -0.02295900
v 0.00225000 -0.01700000 -0.05575000
v -0.01197975 -0.01700000 -0.03185075
v -0.01684700 -0.01700000 -0.02434700
v -0.01786200 -0.01700000 -0.02536200
v -0.01622600 -0.01700000 -0.05575000
v -0.01785650 -0.01700000 -0.03964350
v -0.01785100 -0.01700000 -0.05392500
v -0.01972200 -0.01700000 -0.05235200
v -0.01925000 -0.01700000 -0.02573400
v -0.02179800 -0.01700000 -0.05106300
v -0.02063700 -0.01700000 -0.02536200
v -0.04214350 -0.01700000 -0.04068550
v -0.05545900 -0.01700000 -0.04403500
v -0.03820200 -0.01700000 -0.05139200
v -0.04895900 -0.01700000 -0.05529300
v -0.04358050 -0.01700000 -0.05334250
v -0.04883500 -0.01700000 -0.05548100
v -0.02181300 -0.01700000 -0.02189600
v -0.02216700 -0.01700000 -0.02218900
v -0.02202500 -0.01700000 -0.02295900
v -0.02352350 -0.01700000 -0.02355550
v -0.02502200 -0.01700000 -0.02415200
v -0.02165300 -0.01700000 -0.02434700
v -0.05564700 -0.01700000 -0.04359200
v -0.05490500 -0.01700000 -0.04141900
v -0.05527600 -0.01700000 -0.04250550
v -0.05472400 -0.01700000 -0.04130100
v -0.02639400 -0.01700000 -0.04943900
v -0.02403800 -0.01700000 -0.05008500
v -0.05545625 -0.01700000 -0.04231275
v -0.05500500 -0.01700000 -0.04149700
v -0.05537400 -0.01700000 -0.04190200
v -0.04803550 -0.01700000 -0.05600250
v -0.04875700 -0.01700000 -0.05558000
v -0.04719500 -0.01700000 -0.05629200
v -0.04665300 -0.01700000 -0.05620800
v -0.04622400 -0.01700000 -0.05602300
v -0.05565700 -0.01700000 -0.04251300
v -0.05572300 -0.01700000 -0.04292600
v -0.05572600 -0.01700000 -0.04305100
v -0.02958100 -0.01450000 -0.02736200
v -0.02514475 -0.01450000 -0.02480400
v -0.02365200 -0.01450000 -0.02389400
v -0.01598200 -0.01450000 -0.05525000
v 0.00561100 -0.01420500 -0.04816600
v 0.00425000 -0.01450000 -0.04899600
v 0.00425000 -0.01450000 -0.01450000
v 0.00450000 -0.01300000 -0.01450000
v 0.00679900 -0.01381300 -0.04713500
v 0.00914700 -0.01261500 -0.04306700
v 0.00859800 -0.01295200 -0.04454000
v 0.00800600 -0.01327500 -0.01450000
v 0.00800300 -0.01326900 -0.04557200
v 0.00780600 -0.01337500 -0.04591500
v 0.01475000 -0.00400000 -0.01450000
v 0.01475000 -0.00400000 -0.04150000
v 0.01013750 -0.00862800 -0.01450000
v 0.00755925 -0.01173050 -0.01450000
v 0.01120100 -0.01095100 -0.04150000
v 0.00944700 -0.01241400 -0.04150000
v -0.01558000 -0.01450000 -0.01450000
v -0.00675000 -0.00950000 -0.01450000
v -0.00593300 -0.01068300 -0.01450000
v -0.00648200 -0.01050000 -0.01450000
v -0.00675000 0.00075000 -0.01450000
v -0.00675000 0.00075000 -0.01137500
v 0.00616400 -0.01091400 -0.01450000
v -0.00575000 -0.01123200 -0.01450000
v -0.00475000 -0.01150000 -0.01137500
v 0.00475000 -0.01150000 -0.01450000
v 0.00551500 -0.01134800 -0.01450000
v 0.00659800 0.00151500 -0.01450000
v 0.00616400 0.00216400 -0.01450000
v 0.00481625 0.00346200 -0.01450000
v 0.00551500 0.00259800 -0.01450000
v 0.00475000 0.00275000 -0.01137500
v -0.00475000 0.00275000 -0.01450000
v -0.00575000 0.00248200 -0.01450000
v -0.01025000 0.00361600 -0.01450000
v -0.00648200 0.00175000 -0.01450000
v 0.00675000 0.00075000 -0.01450000
v 0.00659800 -0.01026500 -0.01450000
v 0.00675000 -0.00950000 -0.01137500
v -0.01419925 0.00558450 -0.01450000
v -0.01467400 0.00513300 -0.01450000
v -0.02106400 -0.00878200 -0.05092300
v -0.02025000 -0.00439100 -0.05138600
v -0.02027250 -0.01450000 -0.05149550
v -0.01259925 -0.01450000 -0.05089525
v -0.01526900 -0.01450000 -0.04575200
v -0.01518800 -0.00878200 -0.04284500
v -0.01641200 -0.00878200 -0.04020700
v -0.01868400 -0.00878200 -0.03839100
v -0.01868400 -0.01450000 -0.03839100
v -0.01946850 -0.01446100 -0.03884400
v -0.03129500 -0.01450000 -0.04446750
v -0.02543500 -0.01450000 -0.04228900
v -0.02327900 -0.01437700 -0.04104400
v -0.02562200 -0.00878200 -0.04387300
v -0.02400200 -0.01441800 -0.04146200
v -0.02255600 -0.01433600 -0.04062600
v -0.01872700 -0.01450000 -0.03841600
v -0.02538950 -0.00878200 -0.04545150
v -0.02668800 -0.00878200 -0.04765500
v -0.02400800 -0.00878200 -0.05027100
v -0.02850300 -0.01450000 -0.02684300
v -0.02275100 -0.01450000 -0.02578700
v -0.02216600 -0.01450000 -0.02657450
v -0.01767000 -0.01450000 -0.03309800
v -0.01836150 -0.01450000 -0.03054750
v -0.01903000 -0.01450000 -0.02745400
v -0.01078600 -0.01450000 -0.04038825
v -0.01701800 -0.01450000 -0.02686700
v -0.01549000 -0.01450000 -0.02543200
v -0.01477800 -0.00725000 -0.02346000
v -0.01477800 -0.01450000 -0.02346000
v -0.01837300 -0.01450000 -0.03081900
v -0.01971600 -0.01450000 -0.02884900
v -0.02109000 -0.01450000 -0.02706600
v -0.02158100 -0.01450000 -0.02736200
v -0.02380000 -0.01450000 -0.02649100
v -0.02617900 -0.01450000 -0.02631200
v -0.01704100 -0.01450000 -0.03784450
v -0.01837300 -0.01450000 -0.03776100
v -0.01804100 -0.01450000 -0.01862500
v -0.01620800 -0.01450000 -0.01964300
v -0.01503600 -0.01450000 -0.02138000
v -0.02707100 -0.00439100 -0.04881300
v -0.02707100 -0.00878200 -0.04881300
v -0.03010800 -0.01450000 -0.04852475
v -0.02974600 -0.01450000 -0.04861400
v -0.03845200 -0.01450000 -0.05095900
v -0.03990950 -0.01450000 -0.05159500
v -0.02405600 -0.01427200 -0.04097000
v -0.02215500 -0.01427200 -0.04022400
v -0.02055800 -0.01427200 -0.03895000
v -0.01940700 -0.01427200 -0.03726300
v -0.03057700 -0.01264800 -0.03583100
v -0.02987300 -0.01150000 -0.03677200
v -0.02990100 -0.01264800 -0.03723500
v -0.02971200 -0.01150000 -0.03710700
v -0.02884000 -0.01264800 -0.03837800
v -0.02805300 -0.01150000 -0.03857200
v -0.02869800 -0.01150000 -0.03819900
v -0.02749100 -0.01264800 -0.03915700
v -0.02740700 -0.01150000 -0.03894400
v -0.02558400 -0.01150000 -0.03924800
v -0.02597100 -0.01264800 -0.03950400
v -0.02595400 -0.01150000 -0.03927600
v -0.02441700 -0.01264800 -0.03938700
v -0.02446800 -0.01150000 -0.03916500
v -0.02296700 -0.01264800 -0.03881800
v -0.02308100 -0.01150000 -0.03862000
v -0.02174800 -0.01264800 -0.03784600
v -0.02191500 -0.01150000 -0.03769100
v -0.02087000 -0.01264800 -0.03655800
v -0.02107600 -0.01150000 -0.03645900
v -0.02041100 -0.01264800 -0.03506900
v -0.02063600 -0.01150000 -0.03503500
v -0.02041100 -0.01264800 -0.03351100
v -0.02063600 -0.01150000 -0.03354500
v -0.02128500 -0.01150000 -0.03181400
v -0.02087000 -0.01264800 -0.03202100
v -0.02107600 -0.01150000 -0.03212100
v -0.02174800 -0.01264800 -0.03073400
v -0.02191500 -0.01150000 -0.03088900
v -0.02296700 -0.01264800 -0.02976200
v -0.02308100 -0.01150000 -0.02996000
v -0.02441700 -0.01264800 -0.02919300
v -0.02558400 -0.01150000 -0.02933200
v -0.02446800 -0.01150000 -0.02941500
v -0.02597100 -0.01264800 -0.02907600
v -0.02595400 -0.01150000 -0.02930400
v -0.02805300 -0.01150000 -0.03000800
v -0.02749100 -0.01264800 -0.02942300
v -0.02740700 -0.01150000 -0.02963600
v -0.02884000 -0.01264800 -0.03020200
v -0.02869800 -0.01150000 -0.03038100
v -0.02990100 -0.01264800 -0.03134500
v -0.02987300 -0.01150000 -0.03180800
v -0.02971200 -0.01150000 -0.03147300
v -0.03119800 -0.01362100 -0.03255700
v -0.03057700 -0.01264800 -0.03274900
v -0.03035900 -0.01150000 -0.03281600
v -0.03080900 -0.01264800 -0.03429000
v -0.03058100 -0.01150000 -0.03429000
v -0.03035900 -0.01150000 -0.03576400
v -0.03043800 -0.01362100 -0.03097800
v -0.03124200 -0.01427200 -0.03043000
v -0.02924600 -0.01362100 -0.02969400
v -0.02772800 -0.01362100 -0.02881800
v -0.02427300 -0.01362100 -0.02855900
v -0.02264100 -0.01362100 -0.02919900
v -0.02127100 -0.01362100 -0.03029100
v -0.02028400 -0.01362100 -0.03173900
v -0.01976800 -0.01362100 -0.03516600
v -0.02028400 -0.01362100 -0.03684100
v -0.02127100 -0.01362100 -0.03828800
v -0.02264100 -0.01362100 -0.03938100
v -0.02427300 -0.01362100 -0.04002100
v -0.02602000 -0.01362100 -0.04015200
v -0.02772800 -0.01362100 -0.03976200
v -0.02924600 -0.01362100 -0.03888600
v -0.03043800 -0.01362100 -0.03760200
v -0.03119800 -0.01362100 -0.03602300
v -0.03145900 -0.01362100 -0.03429000
v -0.02985300 -0.01427200 -0.02893300
v -0.02808400 -0.01427200 -0.02791200
v -0.02609300 -0.01427200 -0.02745700
v -0.02215500 -0.01427200 -0.02835600
v -0.02055800 -0.01427200 -0.02962900
v -0.01940700 -0.01427200 -0.03131700
v -0.01880500 -0.01427200 -0.03326900
v -0.02609300 -0.01427200 -0.04112300
v -0.02985300 -0.01427200 -0.03964700
v -0.03124200 -0.01427200 -0.03815000
v -0.03212800 -0.01427200 -0.03631000
v -0.03243300 -0.01427200 -0.03429000
v -0.02580700 -0.01450000 -0.04227850
v -0.02617900 -0.01450000 -0.04226800
v -0.02850300 -0.01450000 -0.04173700
v -0.03270800 -0.01450000 -0.03772250
v -0.03056900 -0.01450000 -0.02803500
v -0.09386575 -0.00198225 -0.06159025
v -0.10244800 0.00000000 -0.06943200
v -0.01925000 0.00000000 -0.02140900
v -0.01925000 -0.00375000 -0.02140900
v -0.02002500 0.00000000 -0.02161700
v -0.02002500 -0.00375000 -0.02161700
v -0.02059200 0.00000000 -0.02218400
v -0.02059200 -0.00375000 -0.02218400
v -0.02080000 -0.00375000 -0.02295900
v -0.02080000 0.00000000 -0.02295900
v -0.02059200 0.00000000 -0.02373400
v -0.02059200 -0.00375000 -0.02373400
v -0.02002500 0.00000000 -0.02430100
v -0.02002500 -0.00375000 -0.02430100
v -0.01925000 0.00000000 -0.02450900
v -0.01925000 -0.00375000 -0.02450900
v -0.01847500 -0.00375000 -0.02430100
v -0.01847500 0.00000000 -0.02430100
v -0.01790800 0.00000000 -0.02373400
v -0.01790800 -0.00375000 -0.02373400
v -0.01770000 0.00000000 -0.02295900
v -0.01770000 -0.00375000 -0.02295900
v -0.01790800 0.00000000 -0.02218400
v -0.01790800 -0.00375000 -0.02218400
v -0.01847500 0.00000000 -0.02161700
v -0.01847500 -0.00375000 -0.02161700
v -0.04545100 -0.01450000 -0.05458900
v -0.04323100 -0.01450000 -0.05371800
v -0.04650900 -0.01450000 -0.05561100
v -0.04782900 -0.01450000 -0.05476800
v -0.04707800 -0.01450000 -0.05548875
v -0.04798100 -0.01450000 -0.05563600
v -0.04827425 -0.01450000 -0.05537950
v -0.04816800 -0.01450000 -0.05549000
v -0.04838000 -0.01450000 -0.05532500
v -0.04856800 -0.01450000 -0.05506700
v -0.04882100 -0.01450000 -0.05463100
v -0.04698700 -0.01450000 -0.05578800
v -0.04706700 -0.01450000 -0.05578900
v -0.04749800 -0.01450000 -0.05579700
v -0.04764800 -0.01450000 -0.05574700
v -0.03932100 -0.01450000 -0.04798200
v -0.03967250 -0.01450000 -0.04445850
v -0.03932100 -0.01450000 -0.04559800
v -0.04002400 -0.01450000 -0.04331900
v -0.04229900 -0.01450000 -0.04060550
v -0.04136700 -0.01450000 -0.04134900
v -0.04323100 -0.01450000 -0.03986200
v -0.04545100 -0.01450000 -0.03899100
v -0.03951600 -0.01450000 -0.03664050
v -0.05123100 -0.01450000 -0.03986200
v -0.05015400 -0.01450000 -0.03934300
v -0.04782900 -0.01450000 -0.03881200
v -0.04136700 -0.01450000 -0.05223100
v -0.04002400 -0.01450000 -0.05026100
v -0.09890100 -0.01139900 -0.08412700
v -0.06280700 -0.01139900 -0.06328800
v -0.09838800 -0.00819900 -0.08501400
v -0.10540100 -0.01139900 -0.07286900
v -0.06930700 -0.01139900 -0.05203000
v -0.05251500 -0.00917700 -0.05734600
v -0.05901600 -0.00917700 -0.04608800
v -0.05218000 -0.00930800 -0.05715200
v -0.05868000 -0.00930800 -0.04589400
v -0.05414300 -0.01139900 -0.05828600
v -0.06064300 -0.01139900 -0.04702800
v -0.05444600 -0.01139900 -0.05846100
v -0.06094600 -0.01139900 -0.04720300
v -0.05506800 -0.01450000 -0.04380900
v -0.05481600 -0.01450000 -0.04424600
v -0.05545300 -0.01288400 -0.04403100
v -0.05469200 -0.01446800 -0.04447100
v -0.05347600 -0.01392700 -0.04678200
v -0.05407900 -0.01431100 -0.04558100
v -0.05399400 -0.01425700 -0.04575000
v -0.05341300 -0.01388700 -0.04690900
v -0.05299200 -0.01360800 -0.04779100
v -0.05277300 -0.01346200 -0.04825100
v -0.05570800 -0.01239700 -0.04417800
v -0.05266200 -0.01343500 -0.04846000
v -0.05124400 -0.01347200 -0.05089200
v -0.04920800 -0.01239700 -0.05543700
v -0.05184800 -0.01333200 -0.04993900
v -0.05205300 -0.01328400 -0.04961400
v -0.05097600 -0.01360800 -0.05128300
v -0.05089200 -0.01365000 -0.05140400
v -0.05041100 -0.01389400 -0.05210400
v -0.04895300 -0.01288400 -0.05528900
v -0.04971700 -0.01425500 -0.05315900
v -0.04971300 -0.01425700 -0.05316600
v -0.04960300 -0.01431400 -0.05333200
v -0.05035300 -0.01059400 -0.05609800
v -0.05685300 -0.01059400 -0.04483900
v -0.04980400 -0.01125800 -0.05578100
v -0.05630400 -0.01125800 -0.04452300
v 0.01325000 0.00000000 -0.05484800
v 0.01434800 0.00000000 -0.05375000
v -0.09319800 0.00000000 -0.08545300
v -0.09444800 0.00000000 -0.08328800
v 0.00800000 0.00000000 -0.05525000
v 0.01175000 0.00000000 -0.05525000
v 0.01475000 0.00000000 -0.04150000
v 0.01662500 0.00000000 -0.04175000
v 0.01475000 0.00000000 -0.05225000
v 0.01725000 -0.00200000 -0.05575000
v 0.01725000 -0.00200000 -0.01400000
v 0.01525000 -0.00200000 -0.05775000
v -0.01622600 -0.01500000 -0.05775000
v 0.01075850 -0.00907050 -0.05775000
v 0.00225000 -0.01500000 -0.05775000
v 0.00428400 -0.01484000 -0.05775000
v 0.01461400 -0.00601700 -0.05775000
v 0.01383300 -0.00790200 -0.05775000
v 0.01509000 -0.00403400 -0.05775000
v 0.01276700 -0.00964100 -0.05775000
v 0.01144200 -0.01119200 -0.05775000
v 0.00989100 -0.01251700 -0.05775000
v 0.00815200 -0.01358300 -0.05775000
v 0.00626700 -0.01436400 -0.05775000
v -0.03526200 -0.01500000 -0.05218300
v -0.03107900 -0.01500000 -0.05117700
v -0.02892300 -0.01500000 -0.05113400
v -0.02678300 -0.01500000 -0.05140100
v -0.02470400 -0.01500000 -0.05197100
v -0.02272800 -0.01500000 -0.05283400
v -0.01924600 -0.01500000 -0.05535900
v -0.01781200 -0.01500000 -0.05696900
v -0.04624000 -0.01121200 -0.05834200
v -0.04734500 -0.00962800 -0.05898000
v -0.04876100 -0.00841700 -0.05979800
v -0.05214300 -0.00739900 -0.06175000
v -0.09679600 -0.00262000 -0.08753000
v -0.09690100 -0.00739900 -0.08759100
v -0.04551600 -0.01306700 -0.05792400
v -0.04522400 -0.01500000 -0.05775500
v -0.09603100 -0.00157200 -0.08708900
v -0.09406100 -0.00026500 -0.08595100
v -0.09649400 -0.00201800 -0.08735600
v -0.09577000 -0.00146825 -0.08693800
v -0.05039600 -0.00765800 -0.06074100
v -0.06007850 -0.00803750 -0.04208300
v -0.05926100 -0.00841700 -0.04161100
v -0.05784500 -0.00962800 -0.04079400
v -0.05572400 -0.01500000 -0.03956900
v -0.02602200 -0.01500000 -0.02242000
v -0.05601600 -0.01306700 -0.03973800
v -0.05637800 -0.01213950 -0.03994650
v -0.05674000 -0.01121200 -0.04015500
v -0.10672600 -0.00739900 -0.07057400
v -0.10653100 -0.00157200 -0.06890200
v -0.10740100 -0.00739900 -0.06940500
v -0.10699400 -0.00201800 -0.06917000
v -0.10729600 -0.00262000 -0.06934400
v -0.10412950 -0.00013250 -0.06751600
v -0.10677600 -0.00330600 -0.07048750
v -0.10740100 -0.00330600 -0.06940500
v -0.01773200 -0.01500000 -0.01319100
v -0.01922900 -0.01500000 -0.01596300
v -0.01986700 -0.01500000 -0.01679600
v -0.02114300 -0.01500000 -0.01846500
v -0.02333000 -0.01576500 -0.02075400
v -0.02342600 -0.01500000 -0.02063500
v -0.06249100 -0.00893000 -0.04382700
v -0.10713300 -0.00939900 -0.06986900
v -0.06234700 -0.00936100 -0.04407700
v -0.06205800 -0.01022800 -0.04457800
v -0.10640100 -0.01086300 -0.07113700
v -0.05248000 -0.01189500 -0.05732600
v -0.05895200 -0.01190800 -0.04605200
v -0.05958900 -0.01164300 -0.04465200
v -0.05769200 -0.01330600 -0.04532400
v -0.05823200 -0.01314600 -0.04386800
v -0.05702200 -0.01504800 -0.04077000
v -0.05688000 -0.01504200 -0.04061400
v -0.05713200 -0.01351300 -0.04073300
v -0.05608600 -0.01501100 -0.03980500
v -0.05628500 -0.01501800 -0.03996000
v -0.05784300 -0.01414400 -0.04364300
v -0.05765200 -0.01511900 -0.04354900
v -0.05772300 -0.01511100 -0.04306600
v -0.05777300 -0.01389200 -0.04210500
v -0.05771700 -0.01510600 -0.04281600
v -0.05758500 -0.01508600 -0.04199100
v -0.05715900 -0.01505500 -0.04098300
v -0.05733000 -0.01423300 -0.04511500
v -0.05718700 -0.01513300 -0.04503200
v -0.05756400 -0.01512800 -0.04414700
v -0.06092800 -0.01039500 -0.04392600
v -0.05771700 -0.01201300 -0.04107100
v -0.05824100 -0.01269300 -0.04237500
v -0.05824400 -0.01251400 -0.04564300
v -0.05772900 -0.01325300 -0.04534500
v -0.05882700 -0.01229400 -0.04421200
v -0.05895600 -0.01166900 -0.04278800
v -0.05861100 -0.01073200 -0.04158700
v -0.05975600 -0.00975300 -0.04224800
v -0.05987100 -0.01088600 -0.04331600
v -0.05898000 -0.01189500 -0.04606700
v -0.05977000 -0.01152900 -0.04652300
v -0.06046800 -0.01123400 -0.04515900
v -0.09790100 -0.01086300 -0.08585900
v -0.05337800 -0.01109500 -0.05961200
v -0.05272900 -0.01022800 -0.06073600
v -0.09716900 -0.00939900 -0.08712700
v -0.05244000 -0.00936100 -0.06123700
v -0.05229600 -0.00893000 -0.06148700
v -0.05068700 -0.01513300 -0.05629100
v -0.05083000 -0.01423300 -0.05637300
v -0.05119200 -0.01330600 -0.05658200
v -0.05174400 -0.01251400 -0.05690100
v -0.05245200 -0.01190800 -0.05731000
v -0.05327000 -0.01152900 -0.05778200
v -0.05079600 -0.01229400 -0.05812100
v -0.05243800 -0.01123400 -0.05906900
v -0.04947200 -0.01511600 -0.05759800
v -0.04964100 -0.01511900 -0.05744600
v -0.04981200 -0.01414400 -0.05755300
v -0.05044000 -0.01513200 -0.05666800
v -0.05028400 -0.01513000 -0.05686600
v -0.04670700 -0.01504200 -0.05822100
v -0.04716400 -0.01505500 -0.05829100
v -0.04693600 -0.01351300 -0.05839200
v -0.04741700 -0.01506200 -0.05828600
v -0.04844500 -0.01389200 -0.05826200
v -0.04825200 -0.01508600 -0.05815600
v -0.04926100 -0.01511100 -0.05773300
v -0.04608200 -0.01502500 -0.05812500
v -0.05088200 -0.00913900 -0.06067100
v -0.05159900 -0.01039500 -0.06008300
v -0.05155800 -0.01164300 -0.05856100
v -0.05054300 -0.01088600 -0.05947300
v -0.04956100 -0.00975300 -0.05990800
v -0.04841600 -0.01073200 -0.05924700
v -0.04962700 -0.01166900 -0.05894500
v -0.05020200 -0.01314600 -0.05777800
v -0.04891300 -0.01269300 -0.05853200
v -0.04752200 -0.01201300 -0.05873000
v -0.01819200 -0.01684800 -0.01663300
v -0.02264900 -0.01684800 -0.02159400
v -0.02063300 -0.01699100 -0.02056300
v -0.02022500 -0.01684800 -0.01929000
v -0.02164900 -0.01699500 -0.02157400
v -0.02540500 -0.01684800 -0.02349000
v -0.02551300 -0.01670400 -0.02330300
v -0.02305700 -0.01641400 -0.02109000
v -0.01660300 -0.01684800 -0.01369000
v -0.01685700 -0.01666200 -0.01357800
v -0.01873700 -0.01641400 -0.01628100
v -0.01749800 -0.01592000 -0.01329400
v -0.02587400 -0.01598100 -0.02267700
v -0.02572900 -0.01641400 -0.02292800
v -0.02070700 -0.01641400 -0.01885600
v -0.02103000 -0.01576500 -0.01856600
v -0.01910100 -0.01576500 -0.01604500
v -0.02594600 -0.01576500 -0.02255200
v -0.01719600 -0.01641400 -0.01342800
v -0.01759200 -0.01576500 -0.01325200
v -0.01760300 -0.01570700 -0.01324800
v -0.05522400 -0.01673200 -0.04043500
v -0.05559000 -0.01600000 -0.03980100
v -0.05691900 -0.01607600 -0.04487800
v -0.05726900 -0.01607300 -0.04406100
v -0.05592600 -0.01600600 -0.04002400
v -0.05549400 -0.01673400 -0.04061500
v -0.05611000 -0.01601000 -0.04017100
v -0.05678800 -0.01602800 -0.04093100
v -0.05691300 -0.01603200 -0.04113000
v -0.05730000 -0.01604900 -0.04206800
v -0.05741600 -0.01606000 -0.04283300
v -0.05742000 -0.01606300 -0.04306300
v -0.05564200 -0.01673500 -0.04073200
v -0.05618700 -0.01674000 -0.04134400
v -0.05628700 -0.01674100 -0.04150400
v -0.05659800 -0.01674600 -0.04225800
v -0.05669100 -0.01674900 -0.04287300
v -0.05669400 -0.01675000 -0.04305800
v -0.05657200 -0.01675300 -0.04386000
v -0.05629100 -0.01675400 -0.04451500
v -0.05041900 -0.01607600 -0.05613600
v -0.04979100 -0.01675400 -0.05577300
v -0.04535800 -0.01600000 -0.05752300
v -0.04616100 -0.01601400 -0.05786000
v -0.05019100 -0.01607500 -0.05648400
v -0.04960900 -0.01675400 -0.05605300
v -0.05004800 -0.01607400 -0.05666700
v -0.04930100 -0.01606600 -0.05734600
v -0.04910700 -0.01606400 -0.05747200
v -0.04817600 -0.01604900 -0.05787100
v -0.04740300 -0.01603600 -0.05799900
v -0.04716900 -0.01603200 -0.05800500
v -0.04949300 -0.01675300 -0.05620000
v -0.04889400 -0.01675100 -0.05674600
v -0.04873700 -0.01675000 -0.05684700
v -0.04799000 -0.01674600 -0.05716800
v -0.04736800 -0.01674200 -0.05727000
v -0.04718000 -0.01674100 -0.05727600
v -0.04637000 -0.01673600 -0.05716000
v -0.04572400 -0.01673200 -0.05688900
v -0.03770200 -0.01673200 -0.05225800
v -0.03733600 -0.01600000 -0.05289200
v -0.01854800 -0.01673200 -0.05464200
v -0.01701900 -0.01673200 -0.05636000
v -0.01720200 -0.01650200 -0.05650000
v -0.01763500 -0.01583000 -0.05683400
v -0.01759900 -0.01600000 -0.05680600
v -0.01905900 -0.01600000 -0.05516700
v -0.02030900 -0.01673200 -0.05316100
v -0.02226300 -0.01673200 -0.05194800
v -0.02437100 -0.01673200 -0.05102800
v -0.02658900 -0.01673200 -0.05042000
v -0.03344000 -0.01673200 -0.05055700
v -0.03563200 -0.01673200 -0.05125400
v -0.02073800 -0.01600000 -0.05375400
v -0.02260300 -0.01600000 -0.05259700
v -0.02461500 -0.01600000 -0.05171800
v -0.02673100 -0.01600000 -0.05113800
v -0.02890900 -0.01600000 -0.05086700
v -0.03110400 -0.01600000 -0.05091100
v -0.03326900 -0.01600000 -0.05126900
v -0.03536100 -0.01600000 -0.05193400
v -0.09690100 -0.00330600 -0.08759100
v -0.05139000 -0.00774100 -0.05842900
v -0.09531100 -0.00026500 -0.08378600
v -0.04955700 -0.00873700 -0.05737100
v -0.04805300 -0.01030300 -0.05650200
v -0.04700500 -0.01230400 -0.05589700
v -0.09815100 -0.00330600 -0.08542600
v -0.09774400 -0.00201800 -0.08519100
v -0.09728100 -0.00157200 -0.08492400
v -0.05605300 -0.01030300 -0.04264600
v -0.05755700 -0.00873700 -0.04351400
v -0.05500500 -0.01230400 -0.04204000
v -0.10615100 -0.00330600 -0.07157000
v -0.10528100 -0.00157200 -0.07106700
v -0.10331100 -0.00026500 -0.06993000
v -0.10604600 -0.00262000 -0.07150900
v -0.10574400 -0.00201800 -0.07133500
v -0.10636900 -0.00201800 -0.07025250
v -0.05450900 -0.01450000 -0.04175400
v -0.05524200 -0.01450000 -0.04334000
v -0.05524700 -0.01450000 -0.04305800
v -0.05384100 -0.01450000 -0.04228300
v -0.05468000 -0.01450000 -0.04345825
v -0.05507450 -0.01450000 -0.04233700
v -0.05336400 -0.01450000 -0.04114450
v -0.05478600 -0.01450000 -0.04195900
v -0.05525100 -0.01450000 -0.04284000
v -0.05566700 -0.01280700 -0.04328900
v -0.05550300 -0.01259400 -0.04256000
v -0.05654500 -0.01113000 -0.04379600
v -0.05780500 -0.00981900 -0.04452300
v -0.05752700 -0.00998600 -0.04522800
v -0.05934000 -0.00898500 -0.04540900
v -0.05781700 -0.00936200 -0.04389600
v -0.05645300 -0.01078100 -0.04310900
v -0.04752000 -0.01252600 -0.05606300
v -0.04807100 -0.01271400 -0.05600500
v -0.04857400 -0.01284000 -0.05573400
v -0.05220000 -0.00906800 -0.05782700
v -0.05068500 -0.00989100 -0.05695200
v -0.05102700 -0.00998600 -0.05648700
v -0.04944100 -0.01118600 -0.05623400
v -0.04898100 -0.01097900 -0.05653000
v -0.05187500 -0.00875600 -0.05820100
v -0.04849300 -0.01066900 -0.05662400
v -0.04989000 -0.00921500 -0.05743100
v -0.05159100 -0.00829100 -0.05841300
v -0.02125100 -0.01015100 -0.03679000
v -0.02058100 -0.01015100 -0.03429000
v -0.02558100 -0.01015100 -0.03929000
v -0.02808100 -0.01015100 -0.03862000
v -0.02991100 -0.01015100 -0.03679000
v -0.03058100 -0.01015100 -0.03429000
v -0.02991100 -0.01015100 -0.03179000
v -0.02808100 -0.01015100 -0.02996000
v -0.02558100 -0.01015100 -0.02929000
v -0.02308100 -0.01015100 -0.02996000
v -0.02125100 -0.01015100 -0.03179000
v -0.02948400 -0.01015100 -0.03429000
v -0.02315000 -0.01015100 -0.03569300
v -0.02417700 -0.01015100 -0.03672100
v -0.02558100 -0.01015100 -0.03709700
v -0.02698400 -0.01015100 -0.03672100
v -0.02801100 -0.01015100 -0.03569300
v -0.02777175 -0.01015100 -0.03668175
v -0.04552350 -0.01015100 -0.05099750
v -0.04290100 -0.01015100 -0.04929000
v -0.04228700 -0.01150000 -0.04753500
v -0.04223100 -0.01015100 -0.04679000
v -0.04356600 -0.01150000 -0.05019100
v -0.04473100 -0.01015100 -0.05112000
v -0.04473100 -0.01150000 -0.05112000
v -0.04723100 -0.01015100 -0.05179000
v -0.04611900 -0.01150000 -0.05166500
v -0.04973100 -0.01015100 -0.05112000
v -0.05127100 -0.01015100 -0.04787250
v -0.04905800 -0.01150000 -0.05144400
v -0.05034900 -0.01150000 -0.05069900
v -0.04970300 -0.01150000 -0.05107200
v -0.05136300 -0.01150000 -0.04960700
v -0.05156100 -0.01015100 -0.04929000
v -0.05152400 -0.01150000 -0.04927200
v -0.05200900 -0.01150000 -0.04826400
v -0.05223100 -0.01015100 -0.04679000
v -0.05223100 -0.01150000 -0.04679000
v -0.05156100 -0.01015100 -0.04429000
v -0.05200900 -0.01150000 -0.04531600
v -0.05136300 -0.01150000 -0.04397300
v -0.04973100 -0.01015100 -0.04246000
v -0.04848100 -0.01015100 -0.04212500
v -0.05034900 -0.01150000 -0.04288100
v -0.04970300 -0.01150000 -0.04250800
v -0.04905800 -0.01150000 -0.04213600
v -0.04760500 -0.01150000 -0.04180400
v -0.04723100 -0.01015100 -0.04179000
v -0.04611900 -0.01150000 -0.04191500
v -0.04302350 -0.01015100 -0.04508250
v -0.04473100 -0.01015100 -0.04246000
v -0.04473100 -0.01150000 -0.04246000
v -0.04290100 -0.01015100 -0.04429000
v -0.04356600 -0.01150000 -0.04338900
v -0.04272600 -0.01150000 -0.04462100
v -0.04228700 -0.01150000 -0.04604500
v -0.04723100 -0.01015100 -0.04679000
v -0.02619500 -0.01515100 -0.03199750
v -0.02351325 -0.01515100 -0.03345075
v -0.02474175 -0.01515100 -0.03635775
v -0.02345300 -0.01515100 -0.03551900
v -0.02435200 -0.01515100 -0.03641800
v -0.02558100 -0.01515100 -0.03674700
v -0.02680900 -0.01515100 -0.03641800
v -0.02756625 -0.01515100 -0.03482200
v -0.02770900 -0.01515100 -0.03551900
v -0.02558100 -0.01515100 -0.03429000
v -0.05155100 -0.01264800 -0.04973500
v -0.05377900 -0.01427200 -0.04477000
v -0.05289300 -0.01427200 -0.04293000
v -0.05150300 -0.01427200 -0.04143300
v -0.05311000 -0.01362100 -0.04679000
v -0.05284900 -0.01362100 -0.04505700
v -0.05222700 -0.01264800 -0.04833100
v -0.05246000 -0.01264800 -0.04679000
v -0.05089700 -0.01362100 -0.05138600
v -0.04937900 -0.01362100 -0.05226200
v -0.04767100 -0.01362100 -0.05265200
v -0.04774300 -0.01427200 -0.05362300
v -0.05049100 -0.01264800 -0.05087800
v -0.04914100 -0.01264800 -0.05165700
v -0.04762200 -0.01264800 -0.05200400
v -0.04723400 -0.01150000 -0.05174800
v -0.04606800 -0.01264800 -0.05188700
v -0.04461700 -0.01264800 -0.05131800
v -0.04339900 -0.01264800 -0.05034600
v -0.04193500 -0.01362100 -0.04934100
v -0.04252100 -0.01264800 -0.04905800
v -0.04206100 -0.01264800 -0.04756900
v -0.04206100 -0.01264800 -0.04601100
v -0.04293600 -0.01150000 -0.04431400
v -0.04252100 -0.01264800 -0.04452100
v -0.04339900 -0.01264800 -0.04323400
v -0.04461700 -0.01264800 -0.04226200
v -0.04723400 -0.01150000 -0.04183200
v -0.04762200 -0.01264800 -0.04157600
v -0.04914100 -0.01264800 -0.04192300
v -0.05049100 -0.01264800 -0.04270200
v -0.05152400 -0.01150000 -0.04430800
v -0.05155100 -0.01264800 -0.04384500
v -0.05222700 -0.01264800 -0.04524900
v -0.05208800 -0.01362100 -0.04347800
v -0.05089700 -0.01362100 -0.04219400
v -0.04937900 -0.01362100 -0.04131800
v -0.04767100 -0.01362100 -0.04092800
v -0.04592300 -0.01362100 -0.04105900
v -0.04429200 -0.01362100 -0.04169900
v -0.04292200 -0.01362100 -0.04279100
v -0.04193500 -0.01362100 -0.04423900
v -0.04093700 -0.01394650 -0.04584150
v -0.04141800 -0.01362100 -0.04591400
v -0.04141800 -0.01362100 -0.04766600
v -0.04105800 -0.01427200 -0.04976300
v -0.04220800 -0.01427200 -0.05145000
v -0.04292200 -0.01362100 -0.05078900
v -0.04429200 -0.01362100 -0.05188100
v -0.04592300 -0.01362100 -0.05252100
v -0.04570700 -0.01427200 -0.05347000
v -0.04973500 -0.01427200 -0.04041200
v -0.04774300 -0.01427200 -0.03995700
v -0.04570700 -0.01427200 -0.04011000
v -0.04380500 -0.01427200 -0.04085600
v -0.04220800 -0.01427200 -0.04212900
v -0.04105800 -0.01427200 -0.04381700
v -0.04045600 -0.01427200 -0.04576900
v -0.03988850 -0.01438600 -0.04568350
v -0.04045600 -0.01427200 -0.04781100
v -0.04380500 -0.01427200 -0.05272400
v -0.02277900 -0.00878200 -0.05134900
v -0.02277900 -0.00439100 -0.05134900
v -0.02514600 -0.00439100 -0.05045600
v -0.02514600 -0.00878200 -0.05045600
v 0.01338200 -0.01205400 -0.04712500
v 0.01364900 -0.01175000 -0.04776200
v 0.01435000 -0.01078700 -0.01400000
v 0.01106700 -0.01413500 -0.04575100
v 0.01237500 -0.01306700 -0.04611800
v 0.01285700 -0.01260700 -0.01400000
v 0.01293100 -0.01253200 -0.04654200
v 0.01375000 -0.01163100 -0.04850000
v 0.01365000 -0.01174900 -0.04923600
v 0.01438500 -0.01081700 -0.05575000
v 0.01338200 -0.01205400 -0.04987500
v 0.00861800 -0.01558100 -0.04987500
v 0.00834500 -0.01570600 -0.04921600
v 0.00688500 -0.01626600 -0.05575000
v 0.00906800 -0.01536100 -0.05045700
v 0.01293000 -0.01253200 -0.05045800
v 0.01237500 -0.01306700 -0.05088200
v 0.01285700 -0.01260700 -0.05575000
v 0.01106700 -0.01413500 -0.05124900
v 0.01106700 -0.01413500 -0.05575000
v 0.00906000 -0.01536500 -0.05575000
v 0.01030600 -0.01465300 -0.05116100
v 0.00962500 -0.01506200 -0.05088200
v 0.00825000 -0.01574800 -0.04850000
v 0.00834500 -0.01570600 -0.04778400
v 0.00686500 -0.01619900 -0.01400000
v 0.00861800 -0.01558100 -0.04712500
v 0.00906600 -0.01536200 -0.04654500
v 0.00962500 -0.01506200 -0.04611800
v 0.01030600 -0.01465300 -0.04583900
v 0.00799000 -0.01585800 -0.01400000
v 0.00793200 -0.01571800 -0.01323500
v 0.01100100 -0.01418000 -0.04575800
v 0.01058400 -0.01447200 -0.01400000
v 0.01103700 -0.01409900 -0.01400000
v 0.01706500 -0.00434600 -0.05575000
v 0.01696200 -0.00492600 -0.01400000
v 0.01651600 -0.00663500 -0.05575000
v 0.01644900 -0.00661500 -0.01400000
v 0.01610800 -0.00774000 -0.01400000
v 0.01561500 -0.00881000 -0.05575000
v 0.01472200 -0.01033400 -0.01400000
v 0.00517600 -0.01671200 -0.01400000
v 0.00459600 -0.01681500 -0.05575000
v 0.01175000 0.00443800 -0.05520000
v 0.01175000 0.00425000 -0.05525000
v 0.00425000 0.00425000 -0.05525000
v 0.01475000 0.00425000 -0.04687500
v 0.01475000 0.00425000 -0.05225000
v 0.01470000 0.00443800 -0.05225000
v 0.01332800 0.00425000 -0.04150000
v 0.00988700 0.00000000 -0.04200000
v 0.01141000 -0.00000400 -0.04193700
v 0.01141000 0.00425000 -0.04193700
v 0.01022600 0.00000000 -0.04337650
v 0.01140200 0.00000000 -0.04200000
v 0.01099200 0.00425000 -0.04388100
v 0.01024500 0.00000000 -0.04572300
v 0.00905500 0.00000000 -0.04730650
v 0.01024500 0.00425000 -0.04572300
v 0.00919300 0.00425000 -0.04741000
v 0.00786500 0.00000000 -0.04889000
v 0.00786500 0.00425000 -0.04889000
v 0.00630300 0.00425000 -0.05011900
v 0.00475000 0.00000000 -0.05097300
v 0.00455200 0.00425000 -0.05106100
v 0.00455200 -0.00004100 -0.05106100
v 0.00425000 -0.00050000 -0.04899600
v 0.00425000 -0.00050000 -0.05152000
v 0.00425000 0.00425000 -0.05152000
v 0.01190600 0.00425000 -0.04150000
v 0.01190600 -0.00050000 -0.04150000
v 0.01332800 -0.00225000 -0.04150000
v 0.01171700 -0.00031100 -0.04154600
v 0.00944700 -0.00050000 -0.04150000
v 0.00679900 -0.00050000 -0.04713500
v 0.00780700 -0.00050000 -0.04591300
v 0.00859800 -0.00050000 -0.04454000
v 0.00915000 -0.00050000 -0.04305600
v 0.00560300 -0.00050000 -0.04817200
v 0.00715700 0.00000000 -0.04748400
v 0.00475000 0.00000000 -0.04930000
v 0.00475000 0.00000000 -0.05013650
v 0.00589700 0.00000000 -0.04857600
v 0.00821800 0.00000000 -0.04619800
v 0.00905000 0.00000000 -0.04475300
v 0.00963100 0.00000000 -0.04319000
v -0.01770000 -0.00750000 -0.02295900
v -0.01790800 -0.00750000 -0.02218400
v -0.01847500 -0.00750000 -0.02161700
v -0.01925000 -0.00750000 -0.02080900
v -0.01925000 -0.00750000 -0.02140900
v -0.02002500 -0.00750000 -0.02161700
v -0.02059200 -0.00750000 -0.02218400
v -0.02111200 -0.00750000 -0.02188400
v -0.02080000 -0.00750000 -0.02295900
v -0.02059200 -0.00750000 -0.02373400
v -0.02002500 -0.00750000 -0.02430100
v -0.01925000 -0.00750000 -0.02450900
v -0.01847500 -0.00750000 -0.02430100
v -0.01790800 -0.00750000 -0.02373400
v -0.02163200 -0.01223750 -0.02158400
v -0.02163200 -0.00750000 -0.02158400
v -0.02200000 -0.01223750 -0.02295900
v -0.02200000 -0.00750000 -0.02295900
v -0.02163200 -0.00750000 -0.02433400
v -0.02163200 -0.01223750 -0.02433400
v -0.02062500 -0.01223750 -0.02534100
v -0.02062500 -0.00750000 -0.02534100
v -0.01925000 -0.00750000 -0.02570900
v -0.01925000 -0.01223750 -0.02570900
v -0.01787500 -0.01223750 -0.02534100
v -0.01787500 -0.00750000 -0.02534100
v -0.01686800 -0.01223750 -0.02433400
v -0.01686800 -0.00750000 -0.02433400
v -0.01650000 -0.00750000 -0.02295900
v -0.01650000 -0.01223750 -0.02295900
v -0.01686800 -0.00750000 -0.02158400
v -0.01686800 -0.01223750 -0.02158400
v -0.01787500 -0.00750000 -0.02057700
v -0.01787500 -0.01223750 -0.02057700
v -0.01925000 -0.01223750 -0.02020900
v -0.01925000 -0.00750000 -0.02020900
v -0.02062500 -0.00750000 -0.02057700
v -0.02062500 -0.01223750 -0.02057700
v -0.01650000 -0.01697500 -0.02295900
v -0.01686800 -0.01697500 -0.02158400
v -0.01787500 -0.01697500 -0.02057700
v -0.01925000 -0.01697500 -0.02020900
v -0.02062500 -0.01697500 -0.02057700
v -0.02163200 -0.01697500 -0.02158400
v -0.02200000 -0.01697500 -0.02295900
v -0.02163200 -0.01697500 -0.02433400
v -0.02062500 -0.01697500 -0.02534100
v -0.01925000 -0.01697500 -0.02570900
v -0.01787500 -0.01697500 -0.02534100
v -0.01686800 -0.01697500 -0.02433400
v -0.01728800 -0.00878200 -0.04494000
v -0.01930700 -0.00878200 -0.04412800
v -0.01958900 -0.00878200 -0.04517800
v -0.02035700 -0.00878200 -0.04594600
v -0.01968100 -0.00878200 -0.04797600
v -0.02140700 -0.00878200 -0.04622800
v -0.02245700 -0.00878200 -0.04594600
v -0.02322600 -0.00878200 -0.04517800
v -0.02035700 -0.00878200 -0.04230900
v -0.01952050 -0.00878200 -0.04035000
v -0.01958900 -0.00878200 -0.04307800
v -0.02140700 -0.00878200 -0.04202800
v -0.02245700 -0.00878200 -0.04230900
v -0.02284150 -0.00878200 -0.04269350
v -0.02322600 -0.00878200 -0.04307800
v -0.02350700 -0.00878200 -0.04412800
v -0.02336650 -0.01450000 -0.04360300
v -0.02350700 -0.01164100 -0.04412800
v -0.02350700 -0.01450000 -0.04412800
v -0.02322600 -0.01164100 -0.04307800
v -0.02322600 -0.01450000 -0.04307800
v -0.02245700 -0.01164100 -0.04230900
v -0.02245700 -0.01450000 -0.04230900
v -0.02193200 -0.01450000 -0.04216850
v -0.02140700 -0.01450000 -0.04202800
v -0.02140700 -0.01164100 -0.04202800
v -0.01997300 -0.01450000 -0.04269350
v -0.02035700 -0.01450000 -0.04230900
v -0.02035700 -0.01164100 -0.04230900
v -0.01958900 -0.01450000 -0.04307800
v -0.01958900 -0.01164100 -0.04307800
v -0.01930700 -0.01164100 -0.04412800
v -0.01930700 -0.01450000 -0.04412800
v -0.01958900 -0.01450000 -0.04517800
v -0.01997300 -0.01450000 -0.04556200
v -0.01958900 -0.01164100 -0.04517800
v -0.02035700 -0.01164100 -0.04594600
v -0.02035700 -0.01450000 -0.04594600
v -0.02140700 -0.01450000 -0.04622800
v -0.02140700 -0.01164100 -0.04622800
v -0.02245700 -0.01450000 -0.04594600
v -0.02245700 -0.01164100 -0.04594600
v -0.02284150 -0.01450000 -0.04556200
v -0.02322600 -0.01164100 -0.04517800
v -0.02322600 -0.01450000 -0.04517800
v -0.02140700 -0.01450000 -0.04412800
v 0.01474000 0.00434800 -0.04151000
v 0.01471200 0.00444100 -0.04153800
v 0.01468300 0.00450000 -0.05225000
v 0.01460400 0.00460400 -0.04164600
v 0.01325500 0.00460400 -0.04164600
v 0.01459100 0.00459100 -0.05225000
v 0.01444100 0.00471200 -0.04180900
v 0.01317350 0.00471200 -0.04180900
v 0.01450000 0.00468300 -0.05225000
v 0.01443800 0.00470000 -0.05225000
v 0.01190600 0.00471200 -0.04180900
v 0.01190600 0.00460400 -0.04164600
v 0.01190600 0.00444100 -0.04153800
v 0.01167400 0.00425000 -0.04155700
v 0.01167400 -0.00026800 -0.04155700
v 0.01169550 -0.00028950 -0.04155150
v 0.01149500 0.00425000 -0.04171500
v 0.01144400 -0.00003800 -0.04180900
v 0.01152800 -0.00012200 -0.04168550
v 0.01149500 -0.00008900 -0.04171500
v 0.00958100 -0.00014900 -0.04165000
v 0.01156100 -0.00015500 -0.04165600
v 0.00988400 0.00000000 -0.04199700
v 0.00975100 -0.00002500 -0.04184300
v 0.00972300 -0.00004300 -0.04181100
v 0.00960200 -0.00012100 -0.04167300
v 0.00967300 -0.00007500 -0.04175500
v 0.00950800 -0.00025000 -0.04156800
v 0.00948500 -0.00031000 -0.04154200
v 0.00950900 -0.00024600 -0.04156900
v 0.00946400 -0.00036500 -0.04151900
v 0.01175000 0.00470000 -0.05493800
v 0.00455900 0.00471200 -0.05494100
v 0.01175000 0.00468300 -0.05500000
v 0.00439600 0.00460400 -0.05510400
v 0.01175000 0.00459100 -0.05509200
v 0.01175000 0.00450000 -0.05518300
v 0.00428800 0.00444100 -0.05521200
v 0.00430000 0.00443800 -0.05152000
v 0.00426000 0.00434800 -0.05524000
v 0.01146000 0.00443800 -0.04194400
v 0.01152600 0.00444100 -0.04173600
v 0.01147600 0.00450000 -0.04194600
v 0.01161600 0.00460400 -0.04179800
v 0.01171900 0.00470000 -0.04197600
v 0.01174900 0.00471200 -0.04189100
v 0.01165800 0.00468300 -0.04196900
v 0.01156700 0.00459100 -0.04195700
v 0.01169200 0.00444100 -0.04159100
v 0.01174200 0.00460400 -0.04168700
v 0.01181700 0.00471200 -0.04183000
v 0.00921400 -0.00025000 -0.04307400
v 0.00939100 -0.00006700 -0.04312300
v 0.00443300 -0.00011400 -0.04910800
v 0.00433400 -0.00022200 -0.04904800
v 0.00564200 -0.00025000 -0.04822600
v 0.00432000 -0.00025200 -0.04904000
v 0.00427200 -0.00035300 -0.04901000
v 0.00474600 0.00000000 -0.04929700
v 0.00457100 -0.00003300 -0.04919200
v 0.00575000 -0.00006700 -0.04837400
v 0.00450300 -0.00007300 -0.04915100
v 0.00865900 -0.00025000 -0.04456900
v 0.00786200 -0.00025000 -0.04595100
v 0.00684700 -0.00025000 -0.04718100
v 0.00882400 -0.00006700 -0.04464700
v 0.00801300 -0.00006700 -0.04605500
v 0.00697800 -0.00006700 -0.04730900
v 0.00431700 0.00450000 -0.05152000
v 0.00440800 0.00459100 -0.05152000
v 0.00450000 0.00468300 -0.05152000
v 0.00456200 0.00470000 -0.05152000
v 0.01123100 0.00468300 -0.04395400
v 0.01105600 0.00450000 -0.04390100
v 0.01046800 0.00468300 -0.04583700
v 0.00939200 0.00468300 -0.04756000
v 0.00803600 0.00468300 -0.04907200
v 0.00644000 0.00468300 -0.05032800
v 0.00465100 0.00468300 -0.05129000
v 0.01030500 0.00450000 -0.04575400
v 0.00924600 0.00450000 -0.04745000
v 0.00791100 0.00450000 -0.04893900
v 0.00633900 0.00450000 -0.05017500
v 0.00457900 0.00450000 -0.05112200
v 0.00450000 -0.00006700 -0.05108700
v 0.00440500 -0.00016200 -0.05118200
v 0.00430000 -0.00031400 -0.05133400
v 0.00431700 -0.00025000 -0.05127000
v 0.00428700 0.00425000 -0.05133100
v 0.00434900 0.00450000 -0.05135600
v 0.00439300 0.00425000 -0.05117000
v 0.00444100 0.00450000 -0.05121700
v 0.00451900 0.00468300 -0.05142500
v 0.00457100 0.00468300 -0.05134500
v -0.01764700 -0.01500000 -0.05715800
v -0.01709800 -0.01500000 -0.05752700
v -0.01699600 -0.01500000 -0.05759600
v -0.01689300 -0.01538500 -0.05759600
v -0.01745700 -0.01571000 -0.05715800
v -0.01693700 -0.01623000 -0.05715800
v -0.01622600 -0.01598100 -0.05745400
v -0.01710800 -0.01655600 -0.05649900
v -0.01622600 -0.01685300 -0.05650200
v -0.01622600 -0.01670300 -0.05673100
v -0.01622600 -0.01642100 -0.05715800
v -0.01622600 -0.01577000 -0.05759600
v -0.01661100 -0.01566700 -0.05759600
v 0.00225000 -0.01673200 -0.05675000
v 0.00225000 -0.01600000 -0.05748200
v 0.01625000 -0.00200000 -0.05748200
v 0.01607800 -0.00419000 -0.05748200
v 0.01698200 -0.00200000 -0.05675000
v 0.01680100 -0.00430500 -0.05675000
v 0.01626100 -0.00655200 -0.05675000
v 0.01537600 -0.00868800 -0.05675000
v 0.01416800 -0.01065900 -0.05675000
v 0.01266700 -0.01241700 -0.05675000
v 0.01090900 -0.01391800 -0.05675000
v 0.00893800 -0.01512600 -0.05675000
v 0.00680200 -0.01601100 -0.05675000
v 0.00455500 -0.01655100 -0.05675000
v 0.01556500 -0.00632600 -0.05748200
v 0.01472400 -0.00835600 -0.05748200
v 0.01357600 -0.01022900 -0.05748200
v 0.01214900 -0.01189900 -0.05748200
v 0.01047900 -0.01332600 -0.05748200
v 0.00860600 -0.01447400 -0.05748200
v 0.00657600 -0.01531500 -0.05748200
v 0.00444000 -0.01582800 -0.05748200
v 0.01709800 -0.00200000 -0.01323500
v 0.01695400 -0.00200000 -0.01301900
v 0.01666400 -0.00200000 -0.01258600
v 0.01623100 -0.00200000 -0.01229600
v 0.01601500 -0.00200000 -0.01215200
v 0.01681200 -0.00489700 -0.01323500
v 0.01459500 -0.01024900 -0.01323500
v 0.00225000 -0.01684800 -0.01323500
v 0.00514700 -0.01656200 -0.01323500
v 0.00225000 -0.01670400 -0.01301900
v 0.00506200 -0.01613700 -0.01258600
v 0.01638700 -0.00481200 -0.01258600
v 0.00493500 -0.01550100 -0.01215200
v 0.00225000 -0.01598100 -0.01229600
v 0.00225000 -0.01641400 -0.01258600
v 0.00776600 -0.01531700 -0.01258600
v 0.00751800 -0.01471800 -0.01215200
v 0.01049900 -0.01434500 -0.01323500
v 0.01274900 -0.01249900 -0.01323500
v 0.01025800 -0.01398500 -0.01258600
v 0.01244200 -0.01219200 -0.01258600
v 0.01423500 -0.01000800 -0.01258600
v 0.00989800 -0.01344500 -0.01215200
v 0.01198400 -0.01173400 -0.01215200
v 0.01556700 -0.00751600 -0.01258600
v 0.01369500 -0.00964800 -0.01215200
v 0.01596700 -0.00768200 -0.01323500
v 0.01496800 -0.00726800 -0.01215200
v 0.00225000 -0.01576500 -0.01215200
v 0.00947200 -0.01280900 -0.01200000
v 0.01426000 -0.00697500 -0.01200000
v 0.01305900 -0.00922200 -0.01200000
v 0.01305800 -0.01203750 -0.01200000
v 0.01144200 -0.01119200 -0.01200000
v 0.01575100 -0.00468500 -0.01215200
v -0.01590300 -0.01685300 -0.01324800
v -0.01590300 -0.01670300 -0.01301900
v -0.01590300 -0.01642100 -0.01259200
v -0.01590300 -0.01598100 -0.01229600
v -0.01590300 -0.01577000 -0.01215400
v -0.01729000 -0.01500000 -0.01257000
v -0.01732300 -0.01500000 -0.01259200
v -0.01713300 -0.01571000 -0.01259200
v -0.01661300 -0.01623000 -0.01259200
v -0.01682900 -0.01660500 -0.01324800
v -0.01750700 -0.01592700 -0.01324800
v -0.01656900 -0.01538500 -0.01215400
v -0.01665300 -0.01500000 -0.01215000
v -0.01667200 -0.01500000 -0.01215400
v -0.01628800 -0.01566700 -0.01215400
v 0.01252600 0.00425000 -0.05514800
v 0.01325000 0.00425000 -0.05484800
v 0.01387100 0.00425000 -0.05437100
v 0.01464800 0.00425000 -0.05302600
v 0.01434800 0.00425000 -0.05375000
v 0.01458300 0.00450000 -0.05300900
v 0.01440600 0.00468300 -0.05296200
v 0.01429000 0.00450000 -0.05371600
v 0.01413200 0.00468300 -0.05362500
v 0.01382400 0.00450000 -0.05432400
v 0.01369500 0.00468300 -0.05419400
v 0.01321600 0.00450000 -0.05479000
v 0.01312500 0.00468300 -0.05463200
v 0.01250900 0.00450000 -0.05508300
v 0.01246200 0.00468300 -0.05490600
v 0.01245000 -0.00775000 -0.04850000
v 0.01225600 -0.00775000 -0.04777500
v 0.01172500 -0.00775000 -0.04724400
v 0.01100000 -0.00775000 -0.04705000
v 0.01027500 -0.00775000 -0.04724400
v 0.00974400 -0.00775000 -0.04777500
v 0.00918100 -0.00775000 -0.04745000
v 0.00955000 -0.00775000 -0.04850000
v 0.00974400 -0.00775000 -0.04922500
v 0.00918100 -0.00775000 -0.04955000
v 0.01027500 -0.00775000 -0.04975600
v 0.01100000 -0.00775000 -0.04995000
v 0.01172500 -0.00775000 -0.04975600
v 0.01225600 -0.00775000 -0.04922500
v 0.01237500 -0.00775000 -0.05088200
v 0.01338200 -0.00775000 -0.04987500
v 0.01100000 -0.00775000 -0.05125000
v 0.00962500 -0.00775000 -0.05088200
v 0.00861800 -0.00775000 -0.04987500
v 0.00825000 -0.00775000 -0.04850000
v 0.00861800 -0.00775000 -0.04712500
v 0.00962500 -0.00775000 -0.04611800
v 0.01100000 -0.00775000 -0.04575000
v 0.01237500 -0.00775000 -0.04611800
v 0.01375000 -0.00775000 -0.04850000
v 0.01375000 -0.01350000 -0.01200000
v 0.01445700 -0.01320700 -0.01200000
v 0.01413300 -0.01342400 -0.01200000
v -0.00575000 -0.01123200 -0.00825000
v -0.00575000 -0.01123200 -0.01137500
v -0.00648200 -0.01050000 -0.00825000
v -0.00648200 -0.01050000 -0.01137500
v -0.00648200 0.00175000 -0.00825000
v -0.00648200 0.00175000 -0.01137500
v -0.00575000 0.00248200 -0.01137500
v -0.00575000 0.00248200 -0.00825000
v -0.00475000 0.00275000 -0.00825000
v 0.00616400 0.00216400 -0.01137500
v 0.00616400 0.00216400 -0.00825000
v 0.00659800 0.00151500 -0.00825000
v 0.00659800 0.00151500 -0.01137500
v 0.00551500 0.00259800 -0.01137500
v 0.00551500 0.00259800 -0.00825000
v 0.00675000 0.00075000 -0.00825000
v 0.00475000 -0.01150000 -0.00825000
v -0.00675000 -0.00950000 -0.00825000
v 0.00616400 -0.01091400 -0.00825000
v 0.00616400 -0.01091400 -0.01137500
v 0.00551500 -0.01134800 -0.00825000
v 0.00551500 -0.01134800 -0.01137500
v 0.00659800 -0.01026500 -0.00825000
v 0.00659800 -0.01026500 -0.01137500
f 6 9 10
f 6 10 11
f 10 1 11
f 12 11 8
f 12 8 6
f 6 8 5
f 5 3 4
f 35 37 32
f 32 37 38
f 32 38 20
f 20 38 40
f 20 40 18
f 35 48 37
f 50 23 45
f 50 45 28
f 28 52 53
f 39 55 24
f 53 56 28
f 28 57 48
f 58 73 64
f 67 62 59
f 59 62 61
f 67 66 62
f 63 69 65
f 66 72 78
f 74 75 66
f 66 75 76
f 77 71 65
f 78 77 69
f 69 77 65
f 88 90 92
f 92 90 93
f 102 100 105
f 104 102 105
f 106 70 102
f 102 107 106
f 106 104 70
f 70 104 108
f 105 108 104
f 109 111 114
f 125 130 122
f 125 122 126
f 124 123 129
f 118 129 130
f 131 130 132
f 136 144 139
f 139 144 145
f 139 145 142
f 101 114 151
f 151 157 156
f 133 101 151
f 164 116 167
f 168 146 170
f 181 182 183
f 162 165 186
f 137 187 135
f 135 187 188
f 135 188 143
f 190 141 142
f 190 142 191
f 191 145 188
f 192 193 194
f 162 195 161
f 161 195 196
f 159 197 158
f 158 197 198
f 155 199 137
f 154 203 201
f 205 206 208
f 208 206 209
f 187 210 188
f 188 210 189
f 191 189 211
f 197 214 198
f 198 214 215
f 203 202 217
f 201 218 200
f 200 218 219
f 200 219 186
f 186 219 220
f 204 221 206
f 206 221 222
f 206 222 209
f 209 222 223
f 189 181 211
f 211 181 226
f 212 179 213
f 213 179 178
f 215 229 216
f 216 229 230
f 217 176 218
f 218 176 231
f 218 231 219
f 219 231 232
f 222 184 223
f 223 184 233
f 223 233 224
f 224 233 234
f 224 234 225
f 225 234 235
f 194 193 204
f 183 236 181
f 226 237 227
f 227 237 238
f 137 199 187
f 228 243 229
f 229 243 244
f 162 186 195
f 231 248 232
f 232 248 249
f 255 260 261
f 261 264 255
f 267 207 269
f 148 138 172
f 138 140 192
f 138 192 267
f 267 192 194
f 60 304 286
f 286 306 301
f 318 314 316
f 318 316 317
f 317 316 309
f 317 312 319
f 317 320 318
f 323 324 325
f 325 324 326
f 326 324 327
f 329 327 331
f 332 331 333
f 322 338 340
f 340 341 342
f 342 343 340
f 336 333 350
f 350 333 348
f 360 356 357
f 360 357 354
f 354 357 361
f 362 354 363
f 363 354 364
f 364 354 361
f 360 353 356
f 366 370 368
f 280 373 371
f 378 280 371
f 379 280 282
f 379 282 380
f 381 382 289
f 384 385 288
f 288 385 386
f 289 387 381
f 393 399 388
f 388 401 392
f 407 409 412
f 407 412 414
f 417 418 388
f 388 418 405
f 425 423 426
f 423 274 426
f 426 274 90
f 427 90 91
f 428 429 377
f 433 434 435
f 436 437 438
f 438 437 439
f 442 439 443
f 444 443 445
f 445 443 446
f 445 446 447
f 375 448 449
f 375 449 446
f 446 449 450
f 446 450 447
f 434 424 435
f 435 424 425
f 452 433 453
f 453 433 435
f 453 435 454
f 454 435 451
f 372 455 378
f 456 457 454
f 454 457 458
f 439 430 432
f 460 433 461
f 461 433 452
f 461 452 463
f 463 452 431
f 463 431 462
f 462 431 430
f 462 430 464
f 464 430 437
f 464 437 465
f 465 437 436
f 347 346 466
f 85 93 275
f 467 466 468
f 467 468 469
f 469 468 86
f 469 86 470
f 470 86 85
f 470 85 471
f 462 464 474
f 476 477 478
f 478 479 336
f 336 479 480
f 481 478 482
f 481 482 483
f 483 482 474
f 483 474 484
f 465 485 464
f 464 485 486
f 474 486 487
f 474 487 484
f 489 462 474
f 489 474 490
f 490 474 482
f 491 478 350
f 350 478 336
f 491 348 492
f 491 492 490
f 490 492 493
f 490 493 489
f 489 493 473
f 489 473 463
f 463 473 461
f 459 460 473
f 488 493 475
f 475 493 492
f 469 470 488
f 494 471 472
f 103 322 339
f 98 99 2
f 2 99 17
f 17 7 497
f 339 308 103
f 103 308 7
f 174 334 330
f 505 175 508
f 508 175 173
f 508 173 509
f 514 258 117
f 117 258 115
f 519 510 525
f 526 525 510
f 526 510 527
f 527 510 523
f 528 68 110
f 528 110 529
f 260 259 530
f 263 531 532
f 533 279 277
f 533 277 534
f 277 535 534
f 534 535 536
f 534 536 537
f 537 536 538
f 537 538 531
f 531 538 539
f 531 539 532
f 531 262 530
f 534 541 533
f 533 541 542
f 259 256 530
f 530 256 514
f 540 513 541
f 541 513 512
f 521 520 543
f 543 520 544
f 543 544 545
f 545 544 546
f 545 547 548
f 548 549 545
f 545 549 550
f 552 553 539
f 539 553 554
f 556 557 539
f 539 557 558
f 539 558 532
f 532 558 257
f 505 561 121
f 121 561 120
f 120 562 126
f 126 562 564
f 126 564 125
f 125 564 565
f 517 516 568
f 524 526 569
f 522 521 543
f 527 523 570
f 570 523 522
f 507 509 519
f 571 545 560
f 571 560 572
f 560 559 572
f 278 573 276
f 573 564 567
f 573 567 572
f 572 567 574
f 570 569 527
f 527 569 526
f 567 563 566
f 574 576 575
f 575 576 577
f 569 568 524
f 524 568 516
f 561 505 566
f 566 505 506
f 577 504 568
f 568 504 507
f 568 507 517
f 517 507 519
f 579 578 581
f 579 581 582
f 584 585 586
f 579 587 588
f 592 593 594
f 590 595 596
f 597 598 599
f 601 602 603
f 599 604 605
f 599 605 597
f 601 609 610
f 601 610 602
f 581 611 582
f 582 611 612
f 582 612 613
f 608 614 615
f 616 607 600
f 616 580 607
f 600 583 616
f 616 583 580
f 619 239 620
f 617 238 237
f 621 251 185
f 621 185 619
f 622 254 623
f 621 253 252
f 624 247 177
f 625 250 626
f 624 249 248
f 242 241 627
f 627 241 180
f 627 180 625
f 625 180 246
f 625 246 250
f 183 240 618
f 618 240 245
f 618 245 628
f 627 244 243
f 627 243 242
f 638 624 629
f 639 640 641
f 641 640 643
f 645 646 647
f 647 648 649
f 649 648 650
f 649 650 651
f 651 650 653
f 654 655 656
f 656 655 657
f 660 661 639
f 639 661 640
f 662 652 658
f 662 644 652
f 658 642 662
f 662 642 644
f 665 667 609
f 668 670 581
f 671 672 591
f 268 266 673
f 544 520 515
f 549 674 550
f 550 674 672
f 551 672 671
f 551 671 552
f 552 671 553
f 553 676 554
f 554 676 677
f 554 677 555
f 678 679 556
f 556 679 680
f 556 680 557
f 557 680 558
f 257 558 681
f 675 546 544
f 265 684 173
f 173 683 518
f 271 688 272
f 272 688 689
f 673 266 690
f 690 266 270
f 691 273 258
f 691 258 692
f 684 693 683
f 683 693 694
f 683 694 682
f 682 694 695
f 685 697 686
f 686 697 698
f 686 698 687
f 687 698 699
f 687 699 688
f 688 699 700
f 681 701 692
f 692 701 702
f 692 702 691
f 691 702 703
f 691 703 690
f 690 703 704
f 693 668 694
f 694 668 706
f 702 663 703
f 703 663 709
f 678 555 677
f 674 696 707
f 581 578 668
f 706 669 588
f 609 606 665
f 708 666 615
f 268 673 685
f 685 673 705
f 685 705 697
f 697 705 710
f 697 710 667
f 709 597 605
f 701 679 711
f 701 711 664
f 591 589 671
f 676 596 677
f 677 596 595
f 677 595 711
f 711 595 593
f 714 124 715
f 715 124 127
f 715 127 716
f 716 127 128
f 718 118 511
f 511 118 119
f 720 503 721
f 715 724 721
f 717 726 715
f 715 726 727
f 728 729 730
f 730 729 732
f 730 732 733
f 733 732 734
f 736 737 738
f 738 737 740
f 738 740 741
f 741 740 742
f 743 744 745
f 745 744 747
f 745 747 748
f 748 747 749
f 750 739 746
f 750 735 739
f 746 731 750
f 750 731 735
f 732 293 734
f 734 293 291
f 737 299 740
f 740 299 298
f 742 297 744
f 744 297 296
f 744 296 747
f 747 296 295
f 752 753 754
f 756 755 751
f 758 33 759
f 759 33 31
f 760 30 761
f 761 30 29
f 762 51 763
f 763 51 27
f 763 27 764
f 764 27 49
f 765 36 757
f 757 36 34
f 766 41 767
f 767 41 54
f 768 26 769
f 769 25 770
f 770 52 771
f 771 52 47
f 772 46 773
f 773 46 43
f 773 43 774
f 774 43 42
f 775 776 777
f 777 776 778
f 777 778 779
f 779 778 780
f 775 777 782
f 782 777 783
f 784 785 786
f 786 785 787
f 786 787 788
f 784 789 782
f 782 789 790
f 782 790 791
f 791 790 792
f 790 397 793
f 794 796 797
f 794 798 799
f 794 799 787
f 796 794 800
f 800 794 421
f 801 420 779
f 801 779 802
f 802 779 781
f 802 781 803
f 307 810 811
f 807 307 811
f 814 307 305
f 806 813 801
f 804 806 802
f 303 816 825
f 827 828 21
f 826 83 828
f 828 83 81
f 828 81 21
f 820 303 825
f 818 827 21
f 829 817 19
f 831 833 821
f 831 821 822
f 822 823 834
f 822 834 831
f 817 829 819
f 824 819 834
f 834 819 829
f 835 829 19
f 313 311 839
f 839 311 836
f 840 837 422
f 422 837 800
f 800 837 795
f 830 850 832
f 850 851 832
f 845 844 854
f 855 856 22
f 856 857 22
f 80 854 79
f 79 854 855
f 79 855 22
f 847 44 858
f 852 853 860
f 860 853 859
f 861 858 44
f 851 850 859
f 859 850 849
f 859 849 858
f 858 849 848
f 858 848 847
f 862 860 863
f 863 860 861
f 863 861 44
f 308 864 865
f 838 866 345
f 842 867 843
f 310 865 866
f 867 842 345
f 841 345 842
f 868 869 867
f 867 869 870
f 867 870 843
f 843 871 797
f 866 864 345
f 868 345 344
f 869 868 874
f 875 871 870
f 876 798 875
f 875 798 797
f 875 797 871
f 788 876 877
f 788 877 872
f 874 343 878
f 878 343 342
f 879 342 341
f 879 341 880
f 880 338 881
f 869 874 873
f 873 874 878
f 873 878 882
f 883 880 884
f 884 880 881
f 885 886 887
f 338 337 881
f 881 337 321
f 881 321 886
f 886 321 323
f 323 888 886
f 887 889 890
f 887 890 891
f 870 873 875
f 875 873 882
f 875 882 876
f 876 882 883
f 876 883 877
f 877 883 884
f 877 884 872
f 872 884 885
f 872 885 892
f 892 887 893
f 893 891 894
f 786 872 784
f 784 872 892
f 790 893 894
f 323 325 888
f 888 325 895
f 894 891 896
f 896 891 890
f 396 398 894
f 325 326 895
f 890 895 896
f 896 895 897
f 896 897 902
f 902 897 898
f 902 898 903
f 904 899 900
f 904 900 905
f 394 902 903
f 394 903 399
f 400 904 905
f 400 905 401
f 401 905 906
f 401 906 391
f 908 901 335
f 908 335 349
f 909 415 406
f 910 909 911
f 913 465 910
f 909 406 911
f 911 406 414
f 911 414 914
f 918 411 413
f 918 413 919
f 910 911 913
f 912 914 915
f 912 915 920
f 920 915 916
f 920 916 921
f 921 916 917
f 921 917 922
f 922 917 918
f 922 918 923
f 923 918 919
f 479 477 924
f 924 477 476
f 924 476 923
f 923 476 481
f 923 481 922
f 922 483 921
f 921 483 484
f 920 487 912
f 912 487 486
f 912 486 485
f 480 479 925
f 925 479 924
f 925 924 926
f 410 919 413
f 349 480 908
f 908 480 925
f 908 925 907
f 907 925 926
f 907 926 408
f 408 926 410
f 416 415 909
f 416 909 927
f 927 909 910
f 927 910 928
f 929 390 389
f 930 929 931
f 932 448 933
f 933 448 373
f 929 389 931
f 931 389 404
f 931 404 934
f 934 404 403
f 934 403 935
f 936 402 419
f 930 931 933
f 932 934 935
f 932 935 940
f 940 935 936
f 940 936 941
f 941 936 937
f 942 938 943
f 943 938 939
f 943 939 944
f 440 441 944
f 944 442 943
f 943 444 942
f 941 445 447
f 941 447 940
f 940 447 450
f 940 450 932
f 932 450 449
f 932 449 448
f 438 440 945
f 945 944 946
f 946 944 939
f 946 939 417
f 417 939 418
f 436 438 928
f 928 438 945
f 928 945 927
f 927 945 946
f 947 930 948
f 948 930 373
f 948 373 374
f 948 949 950
f 952 395 947
f 950 949 954
f 953 951 955
f 955 951 950
f 956 952 953
f 952 956 397
f 397 956 793
f 793 956 958
f 793 958 792
f 792 958 959
f 792 959 791
f 960 382 381
f 381 961 962
f 791 959 782
f 782 959 963
f 782 963 775
f 775 964 776
f 961 385 965
f 965 385 384
f 965 384 966
f 955 957 967
f 967 957 960
f 968 960 962
f 968 962 969
f 969 961 970
f 970 961 965
f 970 965 971
f 971 966 972
f 384 383 966
f 966 383 973
f 966 973 972
f 972 973 974
f 953 955 956
f 956 955 967
f 956 967 958
f 958 968 959
f 959 968 969
f 959 969 963
f 963 969 970
f 963 970 964
f 964 970 971
f 964 971 976
f 976 971 972
f 977 972 975
f 977 975 978
f 776 964 778
f 778 976 780
f 780 976 977
f 781 977 978
f 781 978 803
f 815 979 383
f 980 981 383
f 979 815 812
f 812 803 978
f 805 383 808
f 811 810 980
f 980 810 809
f 982 983 807
f 807 985 300
f 807 811 982
f 982 980 986
f 809 808 981
f 981 808 383
f 812 978 979
f 979 978 975
f 979 975 974
f 974 973 979
f 979 973 383
f 987 147 988
f 988 147 134
f 988 134 989
f 994 990 991
f 994 993 990
f 991 992 994
f 994 992 993
f 996 997 998
f 998 997 1000
f 1001 999 1002
f 1002 999 1003
f 1002 1003 1004
f 1004 1003 1005
f 1010 1008 1012
f 1012 1008 1013
f 1014 1015 1016
f 1016 1015 1019
f 1018 1017 1021
f 1021 1017 1023
f 1022 1024 1026
f 1025 1026 1027
f 1027 1026 1028
f 1031 1032 1033
f 1039 995 1040
f 996 998 1041
f 1001 1002 1043
f 1042 1002 1004
f 1042 1004 1044
f 1037 1040 1045
f 1045 1040 1041
f 1047 1042 1044
f 1047 1044 1048
f 359 1045 1046
f 359 1046 356
f 1049 1006 1053
f 1007 1054 1052
f 1059 1053 1060
f 1060 1053 1054
f 1060 1054 1061
f 1061 1054 1056
f 1061 1056 1062
f 1011 1038 1056
f 1062 1055 1035
f 1057 1060 358
f 358 1060 1061
f 358 1061 351
f 352 1036 353
f 1063 1048 1044
f 1063 1044 1064
f 1058 1065 1066
f 1058 1066 1050
f 1050 1066 1067
f 1050 1067 1051
f 1051 1067 1068
f 1049 1020 1015
f 361 1063 1069
f 1070 1030 1071
f 361 1069 364
f 364 1069 1072
f 364 1072 363
f 363 1072 1073
f 363 1073 362
f 355 1074 1075
f 1074 1076 1077
f 1076 1028 1026
f 1076 1026 1077
f 1023 1078 1024
f 1074 1077 1075
f 1080 1078 1079
f 1080 1079 1081
f 1020 1068 1079
f 355 1075 369
f 369 1075 1080
f 369 1080 370
f 367 1065 365
f 1083 1082 1084
f 1083 1084 1085
f 94 95 1082
f 1082 95 1088
f 1082 1088 1084
f 1084 1088 1087
f 1086 1009 1087
f 1090 1008 1086
f 1091 1089 97
f 97 1089 96
f 97 87 1091
f 1091 87 1092
f 1091 1092 1090
f 1090 1092 1093
f 1096 1097 1098
f 1098 1097 1095
f 1094 1022 1095
f 1094 1095 1099
f 1100 1018 1094
f 1101 1099 88
f 88 1099 89
f 1101 1083 1100
f 1092 86 468
f 466 1092 468
f 346 1102 1103
f 281 376 1104
f 1107 997 1108
f 1110 1109 724
f 724 1109 722
f 1111 999 1107
f 1111 1107 1112
f 1112 1107 1110
f 723 727 1112
f 1112 727 1113
f 1115 1031 1116
f 1115 1116 1120
f 1120 1116 1118
f 1121 1029 1115
f 1122 1120 719
f 719 1120 725
f 1122 1106 1121
f 1121 1106 1105
f 727 726 1117
f 727 1117 1113
f 1114 1119 1034
f 1114 1034 1005
f 646 637 648
f 648 637 630
f 648 630 650
f 650 630 631
f 650 631 653
f 653 631 632
f 657 633 659
f 659 633 634
f 661 635 640
f 640 635 636
f 13 82 84
f 1124 1129 1125
f 286 301 1130
f 1130 301 1125
f 1145 1144 1142
f 1145 1142 1141
f 1178 1166 1180
f 1175 1188 1164
f 1192 1193 1194
f 1194 1193 1195
f 1194 1195 1196
f 1196 1195 1197
f 1196 1197 1198
f 1198 1197 1199
f 1200 1201 1202
f 1202 1201 1203
f 1207 1209 1216
f 1219 1216 1220
f 1240 1226 1241
f 1226 1235 1241
f 1249 1250 1247
f 1247 1250 1251
f 1247 1251 1230
f 1240 1244 1254
f 1259 1261 1263
f 1264 1265 1266
f 1266 1265 1267
f 1266 1267 1261
f 1266 1273 1274
f 1266 1274 1264
f 1279 1277 285
f 285 1277 1275
f 1275 1277 1262
f 1298 1288 1293
f 1281 1296 1272
f 1272 1296 1271
f 1298 1293 1299
f 1307 1312 1309
f 1307 1309 1308
f 1322 1335 1256
f 1256 1335 1336
f 1303 1258 1302
f 1303 1304 1326
f 1326 1337 1324
f 1342 169 1345
f 1351 1316 1350
f 1359 1357 1360
f 1359 1360 1362
f 1360 1363 1362
f 1364 1361 1365
f 1364 1365 1366
f 1366 1365 1367
f 1366 1367 1368
f 1367 1369 1368
f 1370 1371 1372
f 1372 1371 1373
f 1374 1375 1377
f 1375 1378 1377
f 1379 1376 1380
f 1381 1382 1383
f 1382 1385 1383
f 1386 1384 1387
f 1391 1388 1392
f 1391 1392 1393
f 1397 1394 1398
f 1399 1400 1352
f 1352 1400 1401
f 1393 1396 1402
f 1391 1404 1389
f 1389 1404 1405
f 1383 1406 1381
f 1381 1406 1407
f 1379 1408 1377
f 1377 1408 1409
f 1372 1410 1370
f 1370 1410 1411
f 1370 1411 1368
f 1368 1411 1412
f 1366 1413 1364
f 1364 1413 1414
f 1359 1416 1356
f 1356 1416 1417
f 1354 1418 1352
f 1352 1418 1419
f 1399 1420 1397
f 1404 1403 1421
f 1404 1421 1405
f 1405 1421 1422
f 1407 1424 1408
f 1408 1424 1425
f 1408 1425 1409
f 1409 1425 1426
f 1412 1350 1413
f 1413 1350 1349
f 1414 1348 1415
f 1415 1348 1428
f 1417 1429 1418
f 1418 1429 1430
f 1419 1431 1420
f 1420 1431 1432
f 1422 1320 1423
f 1423 1320 1336
f 1424 1334 1425
f 1425 1334 1332
f 1426 1331 1427
f 1427 1331 1323
f 1351 1338 1316
f 1315 1314 1348
f 1348 1314 1311
f 1428 1311 1434
f 1421 1437 1422
f 1422 1255 1320
f 290 292 283
f 1468 1470 1474
f 1476 1477 1468
f 1468 1477 1478
f 1468 1478 1470
f 1480 1483 1310
f 1310 1483 1487
f 1347 1492 1344
f 1344 1492 1310
f 1487 1436 1310
f 1310 1435 1433
f 1198 1200 1498
f 1498 1200 1499
f 1506 1507 1508
f 1508 1510 1513
f 1516 1515 1517
f 1474 1473 1525
f 1519 1526 1527
f 1525 1527 1528
f 1525 1528 1474
f 1531 1532 1519
f 1519 1532 1516
f 1519 1516 1521
f 1521 1516 1517
f 500 328 171
f 1541 1540 498
f 15 16 1542
f 1542 16 1543
f 309 316 1546
f 1545 309 1546
f 1546 1553 1554
f 1554 1555 1546
f 1546 1555 1556
f 1546 1556 1548
f 1557 333 331
f 1558 331 327
f 1560 327 324
f 1562 324 322
f 1563 322 340
f 1565 1566 333
f 333 1566 1567
f 1565 333 1571
f 1568 1569 1576
f 1567 1577 333
f 333 1577 1568
f 333 1568 1535
f 1535 1568 1576
f 280 1578 1580
f 1584 1582 280
f 1584 280 1580
f 1578 280 1438
f 1593 1587 1590
f 1595 288 289
f 1595 289 1596
f 1596 289 1597
f 1599 282 280
f 1600 1588 1601
f 1600 1601 1602
f 1603 1601 1604
f 1497 1604 1496
f 1610 1611 1612
f 1613 1581 1583
f 1612 1611 1583
f 1615 1617 1618
f 1617 1619 1618
f 1618 1619 1620
f 1618 1620 1612
f 1612 1620 1621
f 1612 1621 1610
f 1622 1623 1615
f 1615 1623 1624
f 1612 1626 1618
f 1618 1626 1627
f 1630 1629 1609
f 1631 1627 1632
f 1632 1627 1626
f 1580 1626 1585
f 1580 1579 1632
f 1632 1579 1633
f 1630 1607 1628
f 1628 1607 1606
f 1637 1635 1607
f 1637 1607 1625
f 1625 1607 1634
f 1602 1603 1625
f 1494 1638 1639
f 1494 1639 1504
f 1504 1639 1502
f 1640 1638 1641
f 1640 1641 1642
f 1642 1641 1643
f 1643 1641 1570
f 1645 1622 1646
f 1646 1622 1608
f 1649 1605 1636
f 1649 1636 1502
f 1502 1636 1503
f 1652 1653 1654
f 1655 1644 1645
f 1654 1653 1645
f 1645 1653 1656
f 1661 1660 1662
f 1661 1662 1654
f 1654 1662 1663
f 1654 1663 1652
f 1664 1659 1571
f 1664 1571 1572
f 1568 1577 1643
f 1643 1577 1665
f 1667 1605 1651
f 1667 1651 1668
f 1668 1651 1666
f 1668 1666 1669
f 1669 1666 1665
f 1668 1671 1667
f 1667 1671 1650
f 1667 1650 1648
f 1648 1650 1647
f 1672 1650 1673
f 1673 1650 1671
f 1674 1670 1565
f 1565 1670 1566
f 1565 1571 1674
f 1674 1571 1659
f 1674 1659 1673
f 1673 1659 1661
f 1676 1233 1232
f 1212 1211 1677
f 1677 1211 1678
f 1677 1678 1679
f 1236 1233 1680
f 1680 1233 1676
f 1232 1679 1676
f 1676 1679 1678
f 1676 1678 1682
f 1682 1678 1689
f 1678 1675 1689
f 1689 1675 1685
f 1689 1685 1690
f 1690 1685 1691
f 1691 1686 1694
f 1597 1598 1690
f 1236 1680 1241
f 1241 1680 1696
f 1696 1681 1688
f 1696 1688 1697
f 1582 1581 1692
f 1692 1697 1687
f 1623 1698 1699
f 1696 1697 1700
f 1702 1614 1611
f 1611 1610 1703
f 1703 1610 1621
f 1703 1621 1704
f 1704 1621 1620
f 1704 1620 1705
f 1705 1620 1619
f 1705 1619 1706
f 1706 1617 1707
f 1707 1617 1616
f 1707 1616 1699
f 1699 1616 1624
f 1699 1624 1623
f 1701 1700 1702
f 1708 1702 1703
f 1708 1703 1709
f 1709 1703 1704
f 1709 1704 1710
f 1710 1704 1705
f 1712 1706 1707
f 1712 1707 1713
f 1713 1707 1699
f 1714 1699 1698
f 1714 1698 1715
f 1241 1701 1239
f 1245 1709 1246
f 1252 1711 1712
f 1252 1712 1253
f 1253 1712 1713
f 1253 1713 1254
f 1254 1713 1714
f 1254 1714 1238
f 1623 1644 1716
f 1623 1716 1698
f 1715 1717 1229
f 1715 1229 1227
f 1572 1718 1719
f 1717 1716 1720
f 1716 1655 1720
f 1720 1655 1656
f 1720 1656 1722
f 1722 1656 1653
f 1723 1652 1663
f 1723 1663 1724
f 1724 1663 1662
f 1725 1662 1660
f 1726 1660 1658
f 1727 1658 1657
f 1719 1657 1664
f 1719 1664 1572
f 1717 1720 1721
f 1721 1720 1722
f 1721 1722 1728
f 1728 1722 1723
f 1728 1723 1729
f 1729 1723 1724
f 1730 1724 1725
f 1730 1725 1731
f 1731 1725 1726
f 1731 1726 1732
f 1732 1726 1727
f 1732 1727 1733
f 1733 1727 1719
f 1733 1719 1734
f 1734 1718 1735
f 1231 1721 1728
f 1231 1728 1248
f 1249 1733 1734
f 1249 1734 1250
f 1250 1734 1735
f 1228 1251 1735
f 1228 1735 1736
f 1739 1219 1221
f 1739 1221 1738
f 1744 1222 1224
f 1746 1243 1242
f 1746 1242 1747
f 1740 1738 1743
f 1750 1744 1745
f 1750 1745 1751
f 1751 1745 1746
f 1751 1746 1752
f 1756 1748 1749
f 1756 1749 1757
f 1757 1749 1736
f 1757 1736 1737
f 1562 1751 1752
f 1562 1752 1561
f 1561 1752 1753
f 1561 1753 1560
f 1559 1754 1755
f 1559 1755 1558
f 1269 5 1270
f 1270 5 1539
f 175 1137 1190
f 1765 1764 1137
f 1765 1137 1766
f 1766 1137 1760
f 175 1465 1346
f 1767 117 1769
f 1206 1771 1439
f 1206 1439 117
f 1205 1206 117
f 1770 1773 1206
f 1206 1773 1774
f 1206 1774 1771
f 117 1255 1769
f 1782 1780 1783
f 1783 1780 1781
f 1780 1784 1781
f 1784 1778 1785
f 1785 1778 1777
f 1777 1508 1785
f 1787 1532 1530
f 1787 1530 1788
f 1788 1530 1789
f 1788 1789 1790
f 1499 1790 1501
f 1785 1786 1784
f 1791 1768 1792
f 1792 1768 1767
f 1786 1769 1783
f 1783 1769 1776
f 1475 1466 1763
f 1475 1763 1476
f 1478 1477 1793
f 1471 1469 1794
f 1795 1473 1472
f 1796 1498 1500
f 1796 1500 1797
f 1797 1500 1798
f 1797 1798 1799
f 1798 1529 1799
f 1799 1529 1531
f 1472 1471 1795
f 1796 1801 1196
f 1196 1801 1194
f 1469 1478 1794
f 1794 1793 1800
f 1800 1793 1802
f 1477 1476 1793
f 1793 1476 1763
f 1793 1763 1802
f 1802 1763 1762
f 1803 1761 1804
f 1804 1761 1759
f 1804 1759 1192
f 1192 1759 1189
f 1371 1805 1373
f 1373 1805 1806
f 1807 1365 1361
f 1357 1808 1360
f 1360 1808 1807
f 1360 1807 1363
f 1363 1807 1361
f 1357 1358 1808
f 1808 1358 1355
f 1808 1355 1809
f 1355 1353 1809
f 1809 1353 1401
f 1809 1401 1810
f 1811 1400 1398
f 1398 1394 1811
f 1811 1394 1395
f 1811 1395 1812
f 1812 1390 1387
f 1812 1387 1813
f 1387 1384 1813
f 1813 1384 1385
f 1813 1385 1814
f 1815 1382 1380
f 1815 1380 1376
f 1376 1378 1815
f 1815 1378 1375
f 1822 1809 1816
f 1825 1824 1826
f 1824 1827 1828
f 1830 1829 1831
f 1834 1832 1830
f 1832 1835 1837
f 1832 1837 1838
f 1838 1840 1841
f 1843 1842 1844
f 1843 1845 1846
f 1846 1845 1848
f 1846 1848 1849
f 1849 1850 1846
f 1846 1850 1851
f 1846 1851 1852
f 1852 1853 1855
f 1857 1856 1858
f 1857 1859 1860
f 1857 1860 1826
f 1861 1823 1833
f 1861 1854 1823
f 1833 1847 1861
f 1861 1847 1854
f 1505 1529 1504
f 1865 1817 1866
f 1866 1817 1818
f 1867 1819 1868
f 1868 1819 1820
f 1868 1820 1870
f 1870 1820 1821
f 1871 1864 1869
f 1871 1863 1864
f 1869 1862 1871
f 1871 1862 1863
f 1518 1520 1872
f 1509 1507 1779
f 1512 1511 1873
f 1873 1509 1874
f 1874 1509 1779
f 1514 1513 1876
f 1876 1513 1510
f 1521 1517 1878
f 1878 1517 1515
f 1878 1515 1879
f 1524 1880 1881
f 1882 1527 1881
f 1881 1527 1526
f 1881 1526 1524
f 1474 1528 1883
f 1520 1521 1872
f 1872 1521 1878
f 1518 1884 1522
f 1884 1836 1885
f 1885 1836 1834
f 1888 1887 1831
f 1894 1860 1896
f 1860 1859 1896
f 1897 1895 1858
f 1897 1858 1898
f 1898 1858 1856
f 1900 1899 1851
f 1900 1851 1901
f 1901 1851 1850
f 1902 1848 1904
f 1848 1845 1904
f 1905 1903 1844
f 1905 1844 1879
f 1879 1844 1842
f 1872 1840 1839
f 1515 1514 1879
f 1879 1514 1876
f 1879 1876 1905
f 1905 1876 1877
f 1905 1877 1904
f 1904 1877 1906
f 1901 1908 1900
f 1900 1908 1909
f 1898 1911 1897
f 1897 1911 1912
f 1893 1916 1892
f 1890 1891 1919
f 1890 1919 1889
f 1889 1919 1920
f 1889 1920 1888
f 1888 1920 1921
f 1888 1921 1886
f 1886 1921 1882
f 1886 1882 1885
f 1885 1882 1881
f 1885 1881 1884
f 1884 1880 1522
f 1522 1880 1523
f 1906 1874 1907
f 1907 1874 1875
f 1909 1924 1910
f 1910 1924 1925
f 1910 1925 1911
f 1911 1925 1926
f 1911 1926 1912
f 1912 1926 1927
f 1912 1927 1913
f 1913 1927 1928
f 1913 1928 1915
f 1915 1928 1929
f 1916 1914 1931
f 1916 1931 1891
f 1891 1931 1917
f 1919 1917 1918
f 1920 1918 1932
f 1920 1932 1921
f 1882 1922 1883
f 1882 1883 1527
f 1527 1883 1528
f 1923 1488 1489
f 1923 1489 1924
f 1924 1489 1490
f 1924 1490 1925
f 1925 1490 1486
f 1926 1485 1927
f 1927 1485 1484
f 1928 1484 1482
f 1928 1482 1929
f 1929 1482 1481
f 1931 1930 1479
f 1931 1479 1917
f 1917 1492 1918
f 1918 1492 1491
f 1922 1465 1464
f 1922 1464 1883
f 1883 1464 1467
f 1933 1301 149
f 1936 1934 713
f 1343 1935 712
f 1937 1938 1939
f 1940 1941 1942
f 1942 1941 1939
f 1939 1941 1943
f 1939 1943 1937
f 1946 1945 1947
f 1948 1950 1951
f 1947 1952 1946
f 1946 1952 1953
f 1954 1953 1955
f 1957 1958 1950
f 1950 1958 1959
f 1950 1959 1951
f 1960 1961 1962
f 1962 1961 1963
f 1962 1963 1964
f 1964 1965 1962
f 1962 1965 1966
f 1962 1966 1967
f 1967 1966 1969
f 1967 1969 1970
f 1970 1969 1940
f 1971 1940 1942
f 1972 1543 1973
f 1973 1975 1974
f 1974 1975 1976
f 1977 1976 1978
f 1977 1978 1946
f 1946 1939 1944
f 1944 1939 1938
f 1979 1215 1980
f 1962 1980 1950
f 1962 1950 1960
f 1960 1950 1949
f 1982 1537 1983
f 1541 1984 1539
f 1992 1990 1993
f 1992 1993 1994
f 1994 1997 1998
f 1998 2000 2001
f 2001 2000 2002
f 1539 1987 2009
f 2012 1268 1267
f 2012 1267 2013
f 2013 1267 1265
f 2013 1265 2014
f 2014 1265 1264
f 2014 1264 2015
f 2015 1264 1274
f 2015 1274 2011
f 2004 1260 2016
f 2016 1260 1259
f 2016 1259 2012
f 1995 2019 2020
f 1995 2020 2017
f 2017 2021 1995
f 1995 2021 1991
f 1991 2023 1988
f 1257 166 1321
f 1321 163 1333
f 1333 160 1325
f 1325 153 1327
f 1327 152 1328
f 1328 150 1330
f 1329 294 1341
f 1341 113 1340
f 1340 112 1339
f 1460 1459 2025
f 1462 1461 2026
f 1440 1463 2028
f 1442 1441 2029
f 1444 1443 2030
f 1447 1445 2032
f 1448 1446 2033
f 1450 1449 2034
f 1452 1451 2035
f 1455 1453 2036
f 1456 1454 2037
f 1458 1457 2024
f 2029 2027 2060
f 2029 2060 2031
f 2054 2053 2063
f 2056 2055 2064
f 2059 2057 2065
f 2060 2058 2066
f 2039 2061 2067
f 2041 2038 2068
f 2042 2040 2069
f 2045 2043 2070
f 2046 2044 2071
f 2049 2047 2072
f 2051 2048 2073
f 2052 2050 2062
f 1212 1677 2066
f 2066 1677 1679
f 2066 1679 2067
f 2067 1232 2068
f 2068 1234 2069
f 2069 1234 1237
f 2069 1237 2070
f 2070 1237 1225
f 2070 1225 2071
f 2071 1225 1223
f 2071 1223 2072
f 2072 1223 1218
f 2072 1218 2073
f 2073 1218 1217
f 2062 1214 2063
f 2063 1214 1213
f 2063 1213 2064
f 2064 1213 1208
f 2064 1208 2065
f 2065 1210 1212
f 1319 1936 1343
f 2079 2078 1300
f 2079 1300 2080
f 2080 1300 1319
f 2080 1319 1317
f 2084 2083 1306
f 2084 1306 2074
f 2074 1306 1305
f 2083 2085 2087
f 2083 2087 1313
f 1318 1317 1319
f 2094 2091 2088
f 2096 2093 2086
f 2098 2095 2085
f 2101 2099 2082
f 2103 2102 2084
f 2106 2104 2075
f 2107 2105 2076
f 2111 2109 2077
f 2112 2110 2079
f 2114 2113 2080
f 2118 2115 2081
f 2092 2117 2089
f 2119 2116 2090
f 2119 2108 2112
f 2119 2112 2116
f 2119 2100 2106
f 2119 2106 2108
f 2090 2097 2119
f 2119 2097 2100
f 2120 1986 2121
f 2121 1986 2122
f 2121 2122 2123
f 2123 2125 2126
f 2126 2125 2128
f 2128 2129 2126
f 2126 2129 1150
f 1165 2130 2126
f 2127 2131 2123
f 2124 2132 2121
f 2133 2135 2007
f 2007 2135 2008
f 1989 2137 2136
f 2136 2138 2133
f 2133 2138 2134
f 2142 2143 1989
f 1989 2143 2144
f 1989 2144 2137
f 2145 2140 2139
f 2137 2144 2139
f 2139 2144 2146
f 2134 2148 2010
f 2141 2140 2134
f 2134 2140 2149
f 2134 2149 2147
f 1161 2151 2152
f 2152 2153 2154
f 2153 2155 2154
f 2154 2155 2156
f 2154 2156 2157
f 2157 2156 1981
f 2157 1981 2159
f 1990 2136 2160
f 2160 2136 2161
f 2160 2161 2162
f 2162 2161 2163
f 1178 2164 2165
f 2165 2164 2166
f 2161 2133 2168
f 2161 2168 2163
f 2163 2169 2165
f 2165 2169 2170
f 2165 2170 1178
f 2168 2007 2132
f 2168 2132 2169
f 2169 2132 2131
f 2170 2131 2130
f 2170 2130 1178
f 2148 2147 2171
f 2145 2146 2172
f 2142 1988 2023
f 2173 2174 2175
f 2175 2176 2177
f 2178 2179 2180
f 2172 2146 2143
f 2172 2143 2142
f 2147 2149 2171
f 2171 2140 2145
f 2148 2015 2150
f 2150 2015 2011
f 2148 2171 2015
f 2015 2171 2182
f 2012 2184 2175
f 2012 2175 2016
f 2016 2175 2177
f 2016 2177 2004
f 2145 2172 2171
f 2171 2172 2185
f 2171 2185 2182
f 2182 2185 2186
f 2182 2186 2183
f 2183 2186 2187
f 2183 2187 2184
f 2184 2187 2180
f 2184 2180 2175
f 2175 2180 2181
f 2175 2181 2173
f 2142 2023 2172
f 2172 2023 2022
f 2172 2022 2185
f 2185 2022 2021
f 2185 2021 2186
f 2186 2021 2017
f 2186 2017 2187
f 2187 2020 2180
f 2180 2020 2018
f 2159 2006 2158
f 2159 2158 2157
f 2154 2189 2152
f 2152 2191 1173
f 2192 2166 2164
f 2193 2162 2167
f 1993 1990 2160
f 2164 1179 2192
f 2192 1181 2194
f 2195 1184 1176
f 2195 1176 2196
f 2196 1174 2197
f 2197 1174 1173
f 2197 1173 2198
f 2167 2192 2193
f 2193 2192 2194
f 2193 2194 2199
f 2199 2195 2200
f 2202 2197 2198
f 2202 2198 2203
f 2160 2193 1993
f 1993 2193 2199
f 1996 2199 2200
f 1996 2200 1997
f 1997 2201 1999
f 1999 2201 2202
f 2000 2203 2002
f 2179 2003 2181
f 2181 2003 2204
f 2181 2205 2173
f 2206 2004 2177
f 2206 2177 2207
f 2207 2177 2176
f 2207 2176 2205
f 2205 2176 2174
f 2208 2210 2209
f 2209 2211 2212
f 2212 2211 2213
f 2212 2213 1173
f 2210 2002 2211
f 2211 2002 2203
f 2211 2203 2213
f 2213 2198 1173
f 1173 2191 2212
f 2212 2190 2209
f 2209 2190 2188
f 2204 2002 2210
f 2207 2210 2208
f 2206 2006 2005
f 2214 340 499
f 2214 499 2215
f 2215 499 2216
f 2216 499 308
f 2217 2216 1545
f 1741 2218 1742
f 1742 2218 2219
f 1742 2219 1740
f 2222 1739 2221
f 2222 2221 2223
f 2223 2221 2219
f 2223 2219 2224
f 1545 2225 2226
f 2226 2225 2220
f 1741 1564 2218
f 2218 1564 2214
f 2226 2218 2217
f 2217 2218 2215
f 2217 2215 2216
f 1215 2222 2227
f 2222 2223 2227
f 2227 2224 2228
f 2225 1547 2228
f 2225 2228 2220
f 2220 2228 2224
f 1544 2229 2230
f 2229 2231 2232
f 2231 1542 1972
f 2231 1972 2232
f 2232 1974 2233
f 2233 1974 1977
f 2233 1977 2234
f 2234 1946 2235
f 2236 1954 1956
f 2236 1956 2237
f 2237 1956 1957
f 2238 1957 1950
f 2238 1950 2239
f 2239 1980 2240
f 2230 2232 2233
f 2230 2233 2241
f 2241 2234 2242
f 2242 2234 2235
f 2242 2235 2243
f 2243 2235 2236
f 2243 2236 2244
f 2245 2237 2238
f 2245 2238 2246
f 2247 2239 2240
f 2247 2240 2248
f 2248 2227 2228
f 1544 2230 1551
f 1551 2230 2241
f 1551 2241 1549
f 1550 2242 2243
f 1550 2243 1552
f 1552 2244 1553
f 1553 2244 2245
f 1553 2245 1554
f 1554 2245 2246
f 1554 2246 1555
f 1555 2246 2247
f 1555 2247 1556
f 1556 2247 2248
f 1556 2248 1548
f 1544 315 501
f 2229 502 846
f 2249 14 495
f 2249 495 2250
f 2251 496 2252
f 2252 496 2253
f 2253 496 302
f 1962 1968 1979
f 1939 2255 1942
f 2258 2257 2259
f 1543 2249 2254
f 2254 2250 2260
f 2259 2262 2263
f 2256 1979 2257
f 2257 1979 1968
f 2257 1968 2259
f 2259 1968 2264
f 2259 2264 2261
f 2266 1971 2267
f 2266 2267 2268
f 2268 2269 2271
f 2271 2269 2272
f 1971 1942 2267
f 2269 2255 2270
f 2272 2270 2274
f 2255 1976 2275
f 2274 2273 2276
f 1127 1123 2261
f 2261 1123 2277
f 2278 1129 2265
f 1131 2279 2276
f 2276 2279 2280
f 2272 2282 2278
f 2271 2278 2265
f 2268 2264 2266
f 2266 2264 1968
f 2266 1968 1970
f 1970 1968 1967
f 1133 1131 2283
f 2283 1131 2276
f 2260 2273 2254
f 2254 2273 2275
f 1975 2275 1976
f 2250 2251 2260
f 2260 2252 2283
f 2283 2252 2253
f 1133 2253 1134
f 2284 2256 2285
f 2285 2256 2258
f 2285 2258 2286
f 2286 2258 2263
f 2288 2277 1126
f 1126 2277 1123
f 1683 2284 2293
f 1686 1693 2293
f 2293 1693 1684
f 1686 2294 1694
f 1694 2294 1695
f 1686 2293 2294
f 1695 2291 2290
f 1695 2290 1594
f 2284 2285 2293
f 2293 2285 2292
f 2291 2295 2289
f 1126 2296 2295
f 2295 2297 2289
f 2292 2287 2298
f 2292 2298 2295
f 2287 2288 2298
f 2298 2288 1126
f 984 284 1126
f 2296 284 2297
f 2297 284 287
f 2290 287 288
f 1538 2299 1533
f 2302 1541 1534
f 2305 2128 2125
f 1177 1150 2129
f 2125 2304 2305
f 2307 2306 2308
f 2307 2308 2309
f 2309 2310 2311
f 2311 2310 2312
f 2311 2312 2313
f 1981 2312 2299
f 2299 2310 2300
f 2300 2310 2308
f 2300 2308 2301
f 2301 2308 2306
f 2301 2306 2303
f 2303 2306 2304
f 2303 2304 2302
f 2302 2304 1986
f 2302 1986 1985
f 1981 2156 2312
f 2312 2155 2313
f 2313 2155 2153
f 2129 2305 1177
f 1177 2305 2307
f 1177 2307 1157
f 1157 2309 1154
f 1154 2309 2311
f 1154 2311 1151
f 1151 2311 2313
f 1151 2313 1158
f 1586 1592 1135
f 1138 1758 1141
f 1145 1141 1641
f 1145 1641 1495
f 1495 1641 1638
f 1495 1638 1493
f 1204 1203 1136
f 1136 1203 1201
f 1136 1201 1199
f 1197 1195 1199
f 1199 1195 1193
f 1199 1193 1191
f 1168 1149 2315
f 1170 1167 2316
f 1171 1169 2317
f 1182 1172 2318
f 1185 1183 2319
f 1188 1186 2321
f 1163 1187 2322
f 1159 1162 2324
f 1153 1160 2325
f 1156 1152 2326
f 1147 1155 2327
f 1148 1146 2314
f 2328 1952 2329
f 1955 2328 2330
f 1958 2330 2331
f 1951 2331 2332
f 1949 2332 2333
f 1961 2333 2334
f 1964 2334 2335
f 2336 1969 2335
f 2335 1969 1966
f 1937 1943 2337
f 2336 1940 1969
f 2329 1945 2338
f 2321 2320 2333
f 2321 2333 2323
f 2279 1132 2280
f 2280 1132 2281
f 2339 1128 2281
f 2339 2281 2341
f 2341 2281 2340
f 1276 1280 2359
f 2346 1280 1294
f 2349 2347 1292
f 2350 2348 1291
f 1291 1290 2350
f 2356 1290 1289
f 2352 2355 1287
f 2353 2351 1286
f 2357 2354 1295
f 1295 1297 2357
f 2364 1297 1296
f 2360 2365 1281
f 2362 2361 1285
f 2358 2363 1284
f 1284 1283 2358
f 2342 1283 1282
f 2344 2343 1278
f 2359 2345 1276
f 1139 1143 1140
f 1766 1760 1573
f 1573 1760 1574
f 1766 1575 1765
f 1760 1536 1574
f 1574 1536 1535
f 1772 1591 1439
f 1770 1593 1590
f 1770 1590 1773
f 1773 1590 1589
f 1773 1589 1774
f 1775 1587 1771

