# https://github.com/mikedh/trimesh

o link_right_wheel_1.obj
v 0.00000000 0.00000000 0.08000000
v 0.00007962 0.00250850 0.08000000
v 0.00156587 -0.00172638 0.08000000
v -0.00262775 -0.00118100 0.08000000
v -0.00879900 -0.02763700 0.00130300
v -0.01029700 -0.02802900 0.00139400
v -0.01027700 -0.02812000 0.00130300
v -0.00883700 -0.02755200 0.00139400
v -0.00750300 -0.02679100 0.00139400
v -0.00635000 -0.02577700 0.00139400
v -0.01030400 -0.02799400 0.00152000
v -0.00885100 -0.02752000 0.00152000
v -0.00752300 -0.02676300 0.00152000
v -0.00637600 -0.02575300 0.00152000
v 0.00477300 -0.02386600 0.00152000
v 0.00455000 -0.02369500 0.00139400
v 0.00129562 -0.02479750 0.00127000
v 0.00542500 -0.02455200 0.00139400
v 0.00545500 -0.02453300 0.00152000
v -0.01173000 -0.03479900 0.00139400
v -0.00886600 -0.03563600 0.00139400
v -0.00887500 -0.03567100 0.00152000
v -0.00594300 -0.03623900 0.00139400
v -0.00594900 -0.03627400 0.00152000
v -0.00298200 -0.03660100 0.00139400
v -0.00298400 -0.03663700 0.00152000
v 0.00000000 -0.03675800 0.00152000
v 0.00298200 -0.03660100 0.00139400
v 0.00298400 -0.03663700 0.00152000
v 0.00594300 -0.03623900 0.00139400
v 0.00594900 -0.03627400 0.00152000
v 0.00886600 -0.03563600 0.00139400
v 0.00887500 -0.03567100 0.00152000
v 0.01173000 -0.03479900 0.00139400
v 0.01174200 -0.03483200 0.00152000
v -0.01170100 -0.03471100 0.00130300
v -0.00884400 -0.03554600 0.00130300
v -0.00592800 -0.03614700 0.00130300
v -0.00297400 -0.03650900 0.00130300
v 0.01193800 -0.02918700 0.00152000
v 0.01175300 -0.03486600 0.00356000
v 0.01267900 -0.03426300 0.00152000
v 0.01270300 -0.03428800 0.00356000
v 0.01331500 -0.03335900 0.00356000
v -0.00888300 -0.03570500 0.00356000
v -0.00595500 -0.03630900 0.00356000
v -0.00298700 -0.03667200 0.00356000
v 0.00000000 -0.03679400 0.00356000
v 0.00298700 -0.03667200 0.00356000
v 0.00595500 -0.03630900 0.00356000
v 0.00888300 -0.03570500 0.00356000
v 0.00296200 -0.02306200 0.00381000
v 0.00000000 -0.02325200 0.00381000
v 0.00297800 -0.02318700 0.00377700
v 0.00000000 -0.02337700 0.00377700
v 0.00000000 -0.02347000 0.00368600
v 0.00000000 -0.02350600 0.00356000
v -0.00296200 -0.02306200 0.00381000
v -0.00297800 -0.02318700 0.00377700
v -0.00299000 -0.02327900 0.00368600
v -0.00299400 -0.02331400 0.00356000
v -0.00491100 -0.02369500 0.00377700
v -0.00570300 -0.02438300 0.00381000
v -0.00498600 -0.02359400 0.00381000
v -0.00756500 -0.02670500 0.00368600
v -0.00640200 -0.02572900 0.00356000
v -0.00754400 -0.02673400 0.00356000
v -0.00886500 -0.02748700 0.00356000
v -0.01179400 -0.03498800 0.00377700
v -0.01279300 -0.03438100 0.00377700
v -0.01176400 -0.03490000 0.00368600
v -0.01272800 -0.03431400 0.00368600
v -0.01334800 -0.03337200 0.00368600
v -0.01331500 -0.03335900 0.00356000
v -0.01350600 -0.03225500 0.00368600
v -0.01347900 -0.03246300 0.00356000
v -0.01343500 -0.03340400 0.00377700
v -0.01288000 -0.03447100 0.00381000
v -0.01355300 -0.03344900 0.00381000
v 0.01179400 -0.03498800 0.00377700
v 0.00891400 -0.03583000 0.00377700
v 0.00889200 -0.03574000 0.00368600
v 0.01176400 -0.03490000 0.00368600
v 0.00596100 -0.03634400 0.00368600
v 0.00299000 -0.03670800 0.00368600
v 0.00000000 -0.03682900 0.00368600
v -0.00299000 -0.03670800 0.00368600
v -0.00596100 -0.03634400 0.00368600
v -0.00889200 -0.03574000 0.00368600
v 0.00299800 -0.03680000 0.00377700
v 0.00000000 -0.03692200 0.00377700
v -0.00891400 -0.03583000 0.00377700
v 0.01359800 -0.03224700 0.00377700
v 0.01334800 -0.03337200 0.00368600
v 0.01272800 -0.03431400 0.00368600
v 0.01343500 -0.03340400 0.00377700
v 0.01279300 -0.03438100 0.00377700
v 0.01208000 -0.02910500 0.00377700
v 0.01200000 -0.02915200 0.00368600
v 0.01134400 -0.02828600 0.00377700
v 0.01031200 -0.02795900 0.00356000
v 0.00888000 -0.02745500 0.00368600
v 0.00649600 -0.02564200 0.00377700
v 0.00559500 -0.02444800 0.00377700
v 0.00756500 -0.02670500 0.00368600
v 0.00642800 -0.02570500 0.00368600
v 0.00551600 -0.02449600 0.00368600
v 0.00886500 -0.02748700 0.00356000
v 0.00754400 -0.02673400 0.00356000
v 0.00548600 -0.02451500 0.00356000
v 0.00752300 -0.02676300 0.00152000
v 0.01030400 -0.02799400 0.00152000
v 0.01124700 -0.02841800 0.00152000
v 0.01122600 -0.02844700 0.00139400
v 0.01190800 -0.02920500 0.00139400
v -0.00345950 -0.02362900 0.00127000
v -0.00466100 -0.02402900 0.00127000
v -0.01316200 -0.03330100 0.00130300
v -0.01259000 -0.03417000 0.00130300
v -0.01265400 -0.03423700 0.00139400
v -0.01324900 -0.03333400 0.00139400
v -0.01328200 -0.03334700 0.00152000
v -0.01320900 -0.03345800 0.00152000
v -0.01339900 -0.03226300 0.00139400
v -0.01343500 -0.03226000 0.00152000
v -0.01344300 -0.03246300 0.00152000
v 0.00483400 -0.02379700 0.00356000
v 0.00458500 -0.02363300 0.00356000
v 0.00396100 -0.02337700 0.00356000
v 0.00460300 -0.02360300 0.00368600
v 0.00485500 -0.02376900 0.00368600
v 0.00397000 -0.02334200 0.00368600
v 0.00399400 -0.02325300 0.00377700
v -0.01980200 -0.03684600 0.01245000
v 0.01959900 -0.03713000 0.00935400
v 0.01970100 -0.03719800 0.01244600
v 0.01977600 -0.03713600 0.01244500
v 0.01983400 -0.03694200 0.01244700
v 0.01982600 -0.03704400 0.01244500
v 0.01977900 -0.03713300 0.01244500
v 0.01957500 -0.03699700 0.00626000
v 0.01957200 -0.03700000 0.00626000
v 0.01949600 -0.03706100 0.00626100
v 0.01279200 -0.02550700 0.00381000
v 0.01288900 -0.02523700 0.00406000
v 0.01291700 -0.02509300 0.01245000
v 0.01284900 -0.02523700 0.00406000
v 0.01281900 -0.02509400 0.01245000
v 0.01330500 -0.02508600 0.01270000
v 0.01323200 -0.02512900 0.01267700
v 0.01309800 -0.02503800 0.01266700
v 0.01304200 -0.02511100 0.01257500
v 0.01294200 -0.02496700 0.01266700
v 0.01292400 -0.02505800 0.01257500
v 0.01279400 -0.02496800 0.01266700
v 0.01281200 -0.02505900 0.01257500
v 0.02003800 -0.03674800 0.01270000
v 0.02000900 -0.03676300 0.01269800
v 0.01982900 -0.03684100 0.01254500
v 0.01983800 -0.03683900 0.01257500
v 0.01985100 -0.03703700 0.01256900
v 0.02001100 -0.03696100 0.01274500
v 0.01998900 -0.03687500 0.01269500
v 0.01990900 -0.03691200 0.01263700
v 0.01985500 -0.03693400 0.01254900
v 0.01989000 -0.03708800 0.01273300
v 0.01991600 -0.03700800 0.01267400
v 0.01980800 -0.03712600 0.01260100
v 0.01976000 -0.03717500 0.01268000
v 0.01985100 -0.03713100 0.01279000
v 0.02009800 -0.03685700 0.01273300
v 0.02012000 -0.03689800 0.01277700
v 0.02001000 -0.03702700 0.01282200
v 0.02014200 -0.03693800 0.01282200
v 0.02016000 -0.03697100 0.01294500
v 0.02011000 -0.03699800 0.01294200
v 0.01990700 -0.03710400 0.01285800
v 0.02193800 -0.03594400 0.01294500
v 0.02192400 -0.03592100 0.01285600
v 0.02124000 -0.03634700 0.01294500
v 0.02191900 -0.03591300 0.01282200
v 0.02189400 -0.03587300 0.01277700
v 0.02187000 -0.03583400 0.01273300
v 0.02185200 -0.03580400 0.01272300
v 0.02180600 -0.03572800 0.01270000
v 0.03600200 -0.00724100 0.00139400
v 0.03603700 -0.00724800 0.00152000
v 0.03597700 -0.00616000 0.00139400
v 0.03601200 -0.00615100 0.00152000
v 0.02936900 -0.00504900 0.00356000
v 0.02934300 -0.00502600 0.00368600
v 0.02397000 -0.00737800 0.00377700
v 0.02397200 -0.00747100 0.00368600
v 0.02692400 -0.00683300 0.00356000
v 0.02548300 -0.00732000 0.00356000
v 0.02397300 -0.00750700 0.00356000
v 0.01902400 -0.02289900 0.00368600
v 0.01905800 -0.02291000 0.00356000
v 0.01895200 -0.02395300 0.00356000
v 0.01891600 -0.02395700 0.00368600
v 0.02448600 -0.02780200 0.00381000
v 0.02440300 -0.02770800 0.00377700
v 0.02337800 -0.02826900 0.00377700
v 0.02434200 -0.02763800 0.00368600
v 0.02335300 -0.02818000 0.00368600
v 0.03619700 -0.00728000 0.00377700
v 0.03548700 -0.01019500 0.00377700
v 0.03610600 -0.00726200 0.00368600
v 0.03539800 -0.01016900 0.00368600
v 0.03607200 -0.00725500 0.00356000
v 0.03536300 -0.01015900 0.00356000
v 0.03442200 -0.01299700 0.00356000
v 0.03325300 -0.01574900 0.00356000
v 0.03328500 -0.01576400 0.00368600
v 0.03186400 -0.01839700 0.00356000
v 0.03189500 -0.01841500 0.00368600
v 0.03026600 -0.02092300 0.00356000
v 0.03029500 -0.02094300 0.00368600
v 0.02846700 -0.02331200 0.00356000
v 0.02650600 -0.02557100 0.00368600
v 0.03336900 -0.01580400 0.00377700
v 0.03197500 -0.01846100 0.00377700
v 0.03037100 -0.02099600 0.00377700
v 0.02657200 -0.02563500 0.00377700
v 0.03632100 -0.00730500 0.00381000
v 0.03208400 -0.01852400 0.00381000
v 0.03047400 -0.02106800 0.00381000
v 0.02666300 -0.02572200 0.00381000
v 0.03604600 -0.00614300 0.00356000
v 0.03022000 -0.00443600 0.00356000
v 0.03020600 -0.00440400 0.00368600
v 0.02843900 -0.02328900 0.00152000
v 0.03023600 -0.02090300 0.00152000
v 0.03183400 -0.01837900 0.00152000
v 0.03322100 -0.01573400 0.00152000
v 0.03438800 -0.01298500 0.00152000
v 0.03532900 -0.01015000 0.00152000
v 0.02427200 -0.02755800 0.00139400
v 0.02642900 -0.02549600 0.00139400
v 0.03435500 -0.01297200 0.00139400
v 0.03529500 -0.01014000 0.00139400
v 0.02636200 -0.02543200 0.00130300
v 0.03426800 -0.01293900 0.00130300
v 0.03520600 -0.01011400 0.00130300
v 0.01940700 -0.02142500 0.00152000
v 0.01941500 -0.01989700 0.00152000
v 0.01921400 -0.02296000 0.00130300
v 0.01933300 -0.02299800 0.00127000
v 0.01953500 -0.02143900 0.00130300
v 0.01954300 -0.01988400 0.00130300
v 0.01944300 -0.02142900 0.00139400
v 0.01945100 -0.01989300 0.00139400
v 0.02840800 -0.00630000 0.00127000
v 0.02699200 -0.00698200 0.00130300
v 0.02833400 -0.00619800 0.00130300
v 0.02949100 -0.00516000 0.00130300
v 0.02549900 -0.00739000 0.00139400
v 0.02695400 -0.00689800 0.00139400
v 0.02827900 -0.00612300 0.00139400
v 0.02549100 -0.00735500 0.00152000
v 0.02693900 -0.00686600 0.00152000
v 0.02302600 -0.00771200 0.00356000
v 0.02301200 -0.00768000 0.00368600
v 0.02297600 -0.00759400 0.00377700
v 0.01616400 -0.02226500 0.01245000
v 0.01532200 -0.02364900 0.01245000
v 0.01543200 -0.02374600 0.00406000
v 0.01616900 -0.02224000 0.01245000
v 0.01631000 -0.02229300 0.00406000
v 0.01647000 -0.02067500 0.01245000
v 0.01661600 -0.02062200 0.00406000
v 0.01529300 -0.02393900 0.01245000
v 0.02200900 -0.03557200 0.01245000
v 0.02185700 -0.03505700 0.00520900
v 0.02102600 -0.03324300 0.00382500
v 0.02110200 -0.03320000 0.00381000
v 0.01096400 -0.01600700 0.00406000
v 0.01202500 -0.01591400 0.00406000
v 0.01202500 -0.01589700 0.00397300
v 0.01100000 -0.01582900 0.00382800
v 0.01202900 -0.01574700 0.00382500
v 0.01098000 -0.01592300 0.00387900
v 0.00373200 0.00100000 0.02540000
v 0.00450625 0.00458400 0.02540000
v 0.00422187 0.00623456 0.00000000
v -0.00484575 0.00440569 0.00000000
v 0.00202275 0.00570013 0.00000000
v 0.00072719 -0.00171069 0.00000000
v -0.00594850 0.00028556 0.02540000
v -0.01548225 -0.02368662 0.00000000
v 0.01557562 -0.02069413 0.00000000
v 0.01324019 -0.02444569 0.01270000
v 0.01291600 -0.02237100 0.00000000
v 0.01190600 -0.02264100 0.00000000
v 0.01156587 -0.03011994 0.00000000
v -0.03600200 0.00724100 0.00139400
v -0.03597700 0.00616000 0.00139400
v -0.03549200 0.00519300 0.00139400
v -0.03464100 0.00452700 0.00139400
v -0.03603700 0.00724800 0.00152000
v -0.03601200 0.00615100 0.00152000
v -0.03552000 0.00517100 0.00152000
v -0.03465600 0.00449500 0.00152000
v -0.02936900 0.00505000 0.00356000
v -0.02397000 0.00737800 0.00377700
v -0.02397200 0.00747100 0.00368600
v -0.02823800 0.00606600 0.00356000
v -0.02692400 0.00683300 0.00356000
v -0.02548300 0.00732000 0.00356000
v -0.02397300 0.00750700 0.00356000
v -0.01902400 0.02289900 0.00368600
v -0.01905800 0.02291000 0.00356000
v -0.01895200 0.02395300 0.00356000
v -0.01891600 0.02395700 0.00368600
v -0.02137500 0.02790500 0.00356000
v -0.02135700 0.02793500 0.00368600
v -0.02131100 0.02801600 0.00377700
v -0.02431900 0.02761100 0.00356000
v -0.02340900 0.02812600 0.00356000
v -0.02434200 0.02763800 0.00368600
v -0.02341900 0.02816000 0.00368600
v -0.02440300 0.02770800 0.00377700
v -0.02448600 0.02780200 0.00381000
v -0.02236800 0.02822900 0.00356000
v -0.02236400 0.02826500 0.00368600
v -0.02235400 0.02835700 0.00377700
v -0.03619700 0.00728000 0.00377700
v -0.03548700 0.01019500 0.00377700
v -0.03610600 0.00726200 0.00368600
v -0.03539800 0.01016900 0.00368600
v -0.03607200 0.00725500 0.00356000
v -0.03536300 0.01015900 0.00356000
v -0.03442200 0.01299700 0.00356000
v -0.03325300 0.01574900 0.00356000
v -0.03328500 0.01576400 0.00368600
v -0.03186400 0.01839700 0.00356000
v -0.03189500 0.01841500 0.00368600
v -0.03026600 0.02092300 0.00356000
v -0.03029500 0.02094300 0.00368600
v -0.02846700 0.02331200 0.00356000
v -0.02650600 0.02557100 0.00368600
v -0.03336900 0.01580400 0.00377700
v -0.03197500 0.01846100 0.00377700
v -0.03037100 0.02099600 0.00377700
v -0.02657200 0.02563500 0.00377700
v -0.03632100 0.00730500 0.00381000
v -0.03208400 0.01852400 0.00381000
v -0.03047400 0.02106800 0.00381000
v -0.02666300 0.02572200 0.00381000
v -0.03472600 0.00434700 0.00377700
v -0.03557500 0.00512600 0.00368600
v -0.03604600 0.00614300 0.00356000
v -0.03564700 0.00506700 0.00377700
v -0.02939600 0.00507300 0.00152000
v -0.02843900 0.02328900 0.00152000
v -0.03023600 0.02090300 0.00152000
v -0.03183400 0.01837900 0.00152000
v -0.03322100 0.01573400 0.00152000
v -0.03438800 0.01298500 0.00152000
v -0.03532900 0.01015000 0.00152000
v -0.02427200 0.02755800 0.00139400
v -0.02642900 0.02549600 0.00139400
v -0.03435500 0.01297200 0.00139400
v -0.03529500 0.01014000 0.00139400
v -0.02636200 0.02543200 0.00130300
v -0.03426800 0.01293900 0.00130300
v -0.03520600 0.01011400 0.00130300
v -0.02139300 0.02787400 0.00152000
v -0.02237200 0.02819400 0.00152000
v -0.02339800 0.02809200 0.00152000
v -0.01940700 0.02142500 0.00152000
v -0.01941500 0.01989700 0.00152000
v -0.01921400 0.02296000 0.00130300
v -0.01933300 0.02299800 0.00127000
v -0.01953500 0.02143900 0.00130300
v -0.01954300 0.01988400 0.00130300
v -0.01944300 0.02142900 0.00139400
v -0.01945100 0.01989300 0.00139400
v -0.02840800 0.00630000 0.00127000
v -0.02699200 0.00698200 0.00130300
v -0.02833400 0.00619800 0.00130300
v -0.02949100 0.00516000 0.00130300
v -0.02549900 0.00739000 0.00139400
v -0.02695400 0.00689800 0.00139400
v -0.02827900 0.00612300 0.00139400
v -0.02549100 0.00735500 0.00152000
v -0.02693900 0.00686600 0.00152000
v -0.02825900 0.00609500 0.00152000
v -0.02302600 0.00771200 0.00356000
v -0.02220562 0.00561912 0.00381000
v -0.02301200 0.00768000 0.00368600
v -0.02297600 0.00759400 0.00377700
v -0.02102600 0.03324300 0.00382500
v -0.02110200 0.03320000 0.00381000
v -0.01529300 0.02393900 0.01245000
v -0.02200900 0.03557200 0.01245000
v -0.02185700 0.03505700 0.00520900
v -0.01543200 0.02374600 0.00406000
v -0.01532200 0.02364900 0.01245000
v -0.01616000 0.02227500 0.01245000
v -0.01599600 0.02295800 0.00406000
v -0.01654700 0.02142600 0.00406000
v -0.01646900 0.02069600 0.01245000
v -0.01661600 0.02062200 0.00406000
v -0.01647000 0.02062200 0.01245000
v -0.01563000 0.02381200 0.00381700
v -0.01621700 0.02308400 0.00381000
v -0.01096800 0.01598600 0.00396400
v -0.01096700 0.01598800 0.00397300
v -0.01192800 0.01589500 0.00397300
v -0.01654400 0.01979700 0.00406000
v -0.01611400 0.01862000 0.00406000
v -0.01598500 0.01826700 0.00406000
v -0.01493900 0.01701900 0.00406000
v -0.01487900 0.01698400 0.00406000
v -0.01302200 0.01610900 0.00406000
v -0.01192800 0.01591200 0.00406000
v -0.01096400 0.01600700 0.00406000
v -0.01560600 0.02380400 0.00383000
v -0.01614100 0.02304100 0.00382500
v -0.01620500 0.01814000 0.00381000
v -0.01504700 0.01689100 0.00382500
v -0.01510300 0.01682500 0.00381000
v -0.01192900 0.01583600 0.00388300
v -0.01098000 0.01592300 0.00387900
v -0.02939600 -0.00507300 0.00152000
v -0.02999600 -0.00459000 0.00152000
v -0.02277700 -0.00787700 0.00152000
v -0.01921400 -0.02296000 0.00130300
v -0.01912500 -0.02293200 0.00139400
v -0.01851900 -0.01699100 0.00152000
v -0.01909200 -0.02292100 0.00152000
v -0.01898700 -0.02394900 0.00152000
v -0.01895200 -0.02395300 0.00356000
v -0.01905800 -0.02291000 0.00356000
v -0.02429500 -0.02758500 0.00152000
v -0.02431900 -0.02761100 0.00356000
v -0.02333300 -0.02811100 0.00152000
v -0.02334300 -0.02814600 0.00356000
v -0.02223800 -0.02817600 0.00152000
v -0.02223200 -0.02821100 0.00356000
v -0.02122100 -0.02776500 0.00152000
v -0.02120100 -0.02779400 0.00356000
v -0.03603700 -0.00724800 0.00152000
v -0.03607200 -0.00725500 0.00356000
v -0.03532900 -0.01015000 0.00152000
v -0.03536300 -0.01015900 0.00356000
v -0.03438800 -0.01298500 0.00152000
v -0.03442200 -0.01299700 0.00356000
v -0.03322100 -0.01573400 0.00152000
v -0.03325300 -0.01574900 0.00356000
v -0.03186400 -0.01839700 0.00356000
v -0.03026600 -0.02092300 0.00356000
v -0.02843900 -0.02328900 0.00152000
v -0.02846700 -0.02331200 0.00356000
v -0.02645400 -0.02552100 0.00152000
v -0.02648000 -0.02554600 0.00356000
v -0.03435500 -0.01297200 0.00139400
v -0.03318900 -0.01571900 0.00139400
v -0.03180300 -0.01836100 0.00139400
v -0.03020700 -0.02088300 0.00139400
v -0.02841200 -0.02326600 0.00139400
v -0.02642900 -0.02549600 0.00139400
v -0.02427200 -0.02755800 0.00139400
v -0.03310500 -0.01567900 0.00130300
v -0.03172200 -0.01831500 0.00130300
v -0.03013100 -0.02083000 0.00130300
v -0.02834000 -0.02320800 0.00130300
v -0.02824300 -0.02312800 0.00127000
v -0.02627200 -0.02534500 0.00127000
v -0.02332300 -0.02807700 0.00139400
v -0.02224400 -0.02814100 0.00139400
v -0.02124100 -0.02773600 0.00139400
v -0.01902200 -0.02394600 0.00139400
v -0.02936900 -0.00504900 0.00356000
v -0.02997800 -0.00455900 0.00356000
v -0.02693900 -0.00686600 0.00152000
v -0.02548300 -0.00732000 0.00356000
v -0.02692400 -0.00683300 0.00356000
v -0.02823800 -0.00606600 0.00356000
v -0.02035700 -0.01175300 0.00356000
v -0.02225100 -0.00828300 0.00152000
v -0.02222500 -0.00825800 0.00356000
v -0.02276000 -0.00784600 0.00356000
v -0.02038700 -0.01177100 0.00152000
v -0.01872200 -0.01427200 0.00152000
v -0.01848800 -0.01700800 0.00356000
v -0.01908100 -0.01840900 0.00356000
v -0.01938000 -0.01990000 0.00356000
v -0.01937200 -0.02142100 0.00356000
v -0.01902400 -0.02289900 0.00368600
v -0.01933700 -0.02141800 0.00368600
v -0.01893600 -0.02287100 0.00377700
v -0.01882400 -0.02396700 0.00377700
v -0.01881600 -0.02283200 0.00381000
v -0.01925200 -0.01991300 0.00377700
v -0.01934500 -0.01990400 0.00368600
v -0.01904700 -0.01841900 0.00368600
v -0.01845600 -0.01702500 0.00368600
v -0.01891600 -0.02395700 0.00368600
v -0.01869900 -0.02398000 0.00381000
v -0.02118100 -0.02782400 0.00368600
v -0.02335300 -0.02818000 0.00368600
v -0.02434200 -0.02763800 0.00368600
v -0.02650600 -0.02557100 0.00368600
v -0.03029500 -0.02094300 0.00368600
v -0.03189500 -0.01841500 0.00368600
v -0.03328500 -0.01576400 0.00368600
v -0.03610600 -0.00726200 0.00368600
v -0.03037100 -0.02099600 0.00377700
v -0.03197500 -0.01846100 0.00377700
v -0.03619700 -0.00728000 0.00377700
v -0.03623300 -0.00645500 0.00377700
v -0.03614000 -0.00646500 0.00368600
v -0.03589600 -0.00571100 0.00356000
v -0.03592900 -0.00569600 0.00368600
v -0.03546500 -0.00505300 0.00356000
v -0.03549200 -0.00502900 0.00368600
v -0.03601300 -0.00565800 0.00377700
v -0.02996000 -0.00452800 0.00368600
v -0.03016800 -0.00431900 0.00377700
v -0.02991400 -0.00444800 0.00377700
v -0.02934300 -0.00502600 0.00368600
v -0.02690900 -0.00680100 0.00368600
v -0.02821700 -0.00603700 0.00368600
v -0.02301200 -0.00768000 0.00368600
v -0.02297600 -0.00759400 0.00377700
v -0.02274200 -0.00781500 0.00368600
v -0.02220000 -0.00823300 0.00368600
v -0.02165500 -0.00905000 0.00368600
v -0.02156900 -0.00901500 0.00377700
v -0.02024500 -0.01168900 0.00377700
v -0.02032600 -0.01173500 0.00368600
v -0.02205600 -0.03539900 0.00626300
v -0.02236400 -0.03566000 0.01244600
v -0.02227300 -0.03569400 0.01244500
v -0.02235600 -0.03553800 0.00935400
v -0.02225600 -0.03545000 0.00626000
v -0.02234800 -0.03541500 0.00626100
v -0.02207300 -0.03564500 0.01244700
v -0.02216800 -0.03569100 0.01244500
v -0.02226900 -0.03569600 0.01244500
v -0.02225300 -0.03545100 0.00626000
v -0.02141200 -0.03425400 0.00432400
v -0.02171500 -0.03475600 0.00463500
v -0.02205700 -0.03525400 0.00534300
v -0.02134200 -0.03409200 0.00414200
v -0.02196500 -0.03521400 0.00537800
v -0.02189300 -0.03476900 0.00453400
v -0.02226900 -0.03525200 0.00540800
v -0.02216000 -0.03525400 0.00532100
v -0.02205100 -0.03485600 0.00467200
v -0.02224400 -0.03520700 0.00532400
v -0.03237600 -0.02650100 0.00626100
v -0.03194000 -0.02708300 0.00626100
v -0.03180300 -0.02696700 0.00540700
v -0.04087900 -0.00427900 0.00452300
v -0.04147000 -0.00434100 0.00540700
v -0.04173500 -0.00165600 0.00561000
v -0.04184400 -0.00164600 0.00626100
v -0.04164900 -0.00436000 0.00626100
v -0.03784500 -0.01355300 0.00396000
v -0.03595400 -0.01797900 0.00396000
v -0.02449400 -0.03374300 0.00540700
v -0.02414600 -0.03326300 0.00452300
v -0.02460000 -0.03388900 0.00626100
v -0.02732300 -0.03165200 0.00626100
v -0.02847400 -0.03070600 0.00626100
v -0.03494800 -0.02307200 0.00626100
v -0.03479700 -0.02297300 0.00540700
v -0.03729400 -0.01864900 0.00540700
v -0.03745500 -0.01873000 0.00626100
v -0.03942500 -0.01411900 0.00626100
v -0.03946600 -0.01397600 0.00626100
v -0.04065400 -0.00926600 0.00540700
v -0.04082900 -0.00930600 0.00626100
v -0.04121600 -0.00697100 0.00626100
v -0.04007500 -0.00913400 0.00452300
v -0.03869600 -0.01385800 0.00452300
v -0.03676200 -0.01838400 0.00452300
v -0.03430200 -0.02264500 0.00452300
v -0.03135000 -0.02658300 0.00452300
v -0.03019581 0.00661450 0.00000000
v -0.02829700 -0.00150500 0.00396400
v -0.02834500 -0.00154800 0.00387900
v -0.02794600 -0.00241200 0.00388300
v -0.01932800 -0.00150500 0.00396400
v -0.01933000 -0.00150400 0.00397300
v -0.01973000 -0.00238300 0.00397300
v -0.02829500 -0.00150400 0.00397300
v -0.02789500 -0.00238300 0.00397300
v -0.02828000 -0.00149100 0.00406000
v -0.02788000 -0.00237400 0.00406000
v -0.02684000 -0.00363100 0.00397300
v -0.02682900 -0.00361800 0.00406000
v -0.02616800 -0.00407900 0.00406000
v -0.02542200 -0.00444400 0.00397300
v -0.02541600 -0.00442900 0.00406000
v -0.02220800 -0.00442900 0.00406000
v -0.02214800 -0.00439400 0.00406000
v -0.02046200 -0.00322300 0.00406000
v -0.01974500 -0.00237400 0.00406000
v -0.02841800 -0.00161300 0.00383000
v -0.02802500 -0.00245800 0.00382500
v -0.02687700 -0.00367600 0.00388300
v -0.01967900 -0.00241200 0.00388300
v -0.01928000 -0.00154800 0.00387900
v -0.02814100 -0.00144500 0.01245000
v -0.02734800 -0.00288600 0.01245000
v -0.02810800 -0.00143400 0.01257500
v -0.02732000 -0.00286400 0.01257500
v -0.02609400 -0.00395200 0.01245000
v -0.02607700 -0.00392200 0.01257500
v -0.02819000 -0.00136000 0.01245000
v -0.02833800 -0.00142900 0.00406000
v -0.02828200 -0.00129400 0.01245000
v -0.02809300 -0.00127500 0.01266700
v -0.02799900 -0.00119300 0.01270000
v -0.02818400 -0.00105900 0.01270000
v -0.02823300 -0.00117500 0.01266700
v -0.02837800 -0.00110500 0.01267700
v -0.02837800 -0.00125000 0.01253500
v -0.04183800 -0.00110600 0.01267800
v -0.04184400 -0.00102000 0.01270000
v -0.04182300 -0.00123600 0.01258100
v -0.04182800 -0.00119300 0.01262100
v -0.04181100 -0.00127400 0.01245000
v -0.04183700 -0.00111500 0.01267500
v -0.04183500 -0.00114400 0.01266800
v -0.04182800 0.00119400 0.01262300
v -0.04181900 0.00125000 0.01253500
v -0.04182200 0.00123900 0.01257500
v -0.02828200 0.00129400 0.01245000
v -0.02819000 0.00136000 0.01245000
v -0.01948400 0.00144500 0.01245000
v -0.01997500 0.00247000 0.01245000
v -0.02381200 0.00452800 0.01257500
v -0.02599800 0.00400600 0.01245000
v -0.02598100 0.00397500 0.01257500
v -0.02692000 0.00334200 0.01245000
v -0.02689600 0.00331600 0.01257500
v -0.02765000 0.00247000 0.01245000
v -0.02762000 0.00245100 0.01257500
v -0.02271600 0.00429800 0.01266700
v -0.02381200 0.00443500 0.01266700
v -0.02490900 0.00429800 0.01266700
v -0.02593700 0.00389400 0.01266700
v -0.02683300 0.00324800 0.01266700
v -0.02754200 0.00240100 0.01266700
v -0.02174800 0.00378300 0.01270000
v -0.02274700 0.00417600 0.01270000
v -0.02587700 0.00378300 0.01270000
v -0.02674800 0.00315600 0.01270000
v -0.01204000 0.00127400 0.01245000
v -0.01206100 0.00110500 0.01267800
v -0.01206900 0.00106100 0.01269700
v -0.01181900 0.00141400 0.01244600
v -0.01178800 0.00149600 0.01244600
v -0.01189000 0.00154900 0.00935400
v -0.01215800 0.00140300 0.00626300
v -0.01224300 0.00138200 0.00626600
v -0.01214200 0.00132800 0.00935800
v -0.01195400 0.00129500 0.01244800
v -0.01212600 0.00141100 0.00626200
v -0.01183100 0.00138300 0.01244500
v -0.01202400 0.00152100 0.00626100
v -0.01199200 0.00160300 0.00626100
v -0.01198600 0.00101300 0.01272300
v -0.01195100 0.00126700 0.01255400
v -0.01187600 0.00123700 0.01268100
v -0.01187000 0.00131000 0.01257400
v -0.01195800 0.00120600 0.01264200
v -0.01197000 0.00111600 0.01269900
v -0.01195200 0.00101000 0.01273300
v -0.01182300 0.00099900 0.01294500
v -0.01180300 0.00122700 0.01288800
v -0.01182900 0.00115500 0.01282400
v -0.01181800 0.00128800 0.01273800
v -0.01190600 0.00100600 0.01277700
v -0.01186000 0.00100200 0.01282200
v -0.01186000 -0.00100200 0.01282200
v -0.01190600 -0.00100600 0.01277700
v -0.01182300 0.00062100 0.01294500
v -0.01182300 -0.00099900 0.01294500
v -0.01189000 -0.00154900 0.00935400
v -0.01178800 -0.00149600 0.01244600
v -0.01181900 -0.00141400 0.01244600
v -0.01214200 -0.00132800 0.00935800
v -0.01224300 -0.00138200 0.00626600
v -0.01215800 -0.00140300 0.00626300
v -0.01204000 -0.00127400 0.01245000
v -0.01195400 -0.00129500 0.01244800
v -0.01192200 -0.00130300 0.01244700
v -0.01212600 -0.00141100 0.00626200
v -0.01228700 -0.00146200 0.00534600
v -0.01208100 -0.00145100 0.00626200
v -0.01203600 -0.00149000 0.00626100
v -0.01202400 -0.00152100 0.00626100
v -0.01199200 -0.00160300 0.00626100
v -0.01178700 -0.00143400 0.01268300
v -0.01179500 -0.00133700 0.01279000
v -0.01181800 -0.00128800 0.01273700
v -0.01206100 -0.00110600 0.01268000
v -0.01197000 -0.00111600 0.01269900
v -0.01181800 -0.00105400 0.01294200
v -0.01179900 -0.00127400 0.01286000
v -0.01182900 -0.00115500 0.01282400
v -0.01195800 -0.00120600 0.01264200
v -0.01195100 -0.00126700 0.01255400
v -0.01204000 -0.00124700 0.01254300
v -0.01204000 -0.00125100 0.01253400
v -0.01205900 -0.00111600 0.01267800
v -0.01205700 -0.00113100 0.01267400
v -0.01188700 -0.00113000 0.01274900
v -0.01924700 -0.00102000 0.01270000
v -0.01924700 -0.00119200 0.01262100
v -0.01924700 -0.00114600 0.01266700
v -0.01924700 -0.00110500 0.01267700
v -0.01924700 -0.00123900 0.01257500
v -0.01962600 -0.00119300 0.01270000
v -0.01939200 -0.00117500 0.01266700
v -0.01953100 -0.00127500 0.01266700
v -0.01948400 -0.00144500 0.01245000
v -0.02228400 -0.00403000 0.01270000
v -0.02516000 -0.00432300 0.01257500
v -0.02517000 -0.00435700 0.01245000
v -0.02219400 -0.00426700 0.01245000
v -0.02052100 -0.00316100 0.01245000
v -0.01990700 -0.00236100 0.01245000
v -0.02224000 -0.00414700 0.01266700
v -0.02136700 -0.00370000 0.01266700
v -0.01328200 -0.00165400 0.00414000
v -0.01278800 -0.00164100 0.00454300
v -0.01278700 -0.00155500 0.00453700
v -0.01282700 -0.00147700 0.00457700
v -0.01223400 -0.00153600 0.00532300
v -0.01278500 -0.00164100 0.00454500
v -0.01334600 -0.00341500 0.00396000
v -0.01247100 -0.00319100 0.00452300
v -0.01172100 -0.00299900 0.00626100
v -0.01189500 -0.00304300 0.00540700
v -0.01167500 -0.00312700 0.00626100
v -0.01098400 -0.00507200 0.00626100
v -0.00752400 -0.00979100 0.00532700
v -0.00750100 -0.00975400 0.00541900
v -0.00858300 -0.00878000 0.00540700
v -0.00744100 -0.00966200 0.00565000
v -0.00845700 -0.00865100 0.00626100
v -0.00760500 -0.00939200 0.00626100
v -0.00738400 -0.00958400 0.00626100
v -0.00790200 -0.01039400 0.00436100
v -0.00899800 -0.00920500 0.00452300
v -0.00781600 -0.01025500 0.00453600
v -0.00781400 -0.01025200 0.00453900
v 0.00864500 -0.01179900 0.00382500
v 0.00864100 -0.01180100 0.00382800
v 0.01090600 -0.01588900 0.00387900
v 0.01096400 -0.01581200 0.00382800
v 0.00828300 -0.01102300 0.00399100
v 0.00781500 -0.01025400 0.00454300
v 0.00774000 -0.01029600 0.00453700
v 0.00740900 -0.00991000 0.00534600
v 0.00767700 -0.01044400 0.00463600
v 0.00740400 -0.00999900 0.00537800
v 0.00731900 -0.00991200 0.00626600
v 0.00733100 -0.00992500 0.00605200
v 0.00729400 -0.00982800 0.00626300
v 0.00728500 -0.00979600 0.00626200
v 0.00847100 -0.01133500 0.00385700
v 0.00738400 -0.00958400 0.00626100
v 0.00732900 -0.00965200 0.00626100
v 0.00748300 -0.00972500 0.00542500
v 0.00744800 -0.00982700 0.00532300
v 0.00781400 -0.01025200 0.00454500
v 0.00772200 -0.01010300 0.00468700
v 0.00751600 -0.00977700 0.00532300
v 0.00728700 -0.00952200 0.00935400
v 0.00719000 -0.00946000 0.01244600
v 0.00722100 -0.00985100 0.00935800
v 0.00712300 -0.00978900 0.01245000
v 0.00709900 -0.00970500 0.01244800
v 0.00709000 -0.00967300 0.01244700
v 0.00712000 -0.00978900 0.01248400
v 0.00713500 -0.00949100 0.01268300
v 0.00705500 -0.00954600 0.01279000
v 0.00702500 -0.00959100 0.01273700
v 0.00698900 -0.00989200 0.01268000
v 0.00695100 -0.00980800 0.01269900
v 0.00685000 -0.00984600 0.01273300
v 0.00682400 -0.00980800 0.01277700
v 0.00707000 -0.00962500 0.01257400
v 0.00682200 -0.00970700 0.01294200
v 0.00677700 -0.00973900 0.01294500
v 0.00679800 -0.00977000 0.01282200
v 0.00700300 -0.00958200 0.01286000
v 0.00702300 -0.00975300 0.01264200
v 0.00708100 -0.00981600 0.01259700
v 0.00707300 -0.00971700 0.01255400
v 0.00710000 -0.00980300 0.01254300
v 0.00710300 -0.00980100 0.01253400
v 0.00705700 -0.00983500 0.01262200
v 0.00692100 -0.00972900 0.01274900
v 0.00700900 -0.00966600 0.01268100
v 0.00511600 -0.01088700 0.01272300
v 0.00504600 -0.01073800 0.01294500
v 0.00505800 -0.01076200 0.01285600
v 0.00506200 -0.01077200 0.01282200
v 0.00508200 -0.01081400 0.01277700
v 0.00510100 -0.01085500 0.01273300
v 0.00492000 -0.01117900 0.00935800
v 0.00491600 -0.01106400 0.01245000
v 0.00485500 -0.01100000 0.01244800
v 0.00459800 -0.01095700 0.01244600
v 0.00460300 -0.01107200 0.00935400
v 0.00492500 -0.01129400 0.00626600
v 0.00486500 -0.01123200 0.00626300
v 0.00484100 -0.01120700 0.00626200
v 0.00511500 -0.01098200 0.01269700
v 0.00460100 -0.01095300 0.01250500
v 0.00493400 -0.01105300 0.01253600
v 0.00487900 -0.01098300 0.01255400
v 0.00486700 -0.01090300 0.01268100
v 0.00480000 -0.01093500 0.01257400
v 0.00493500 -0.01095800 0.01264200
v 0.00496500 -0.01085900 0.01274900
v 0.00501800 -0.01092400 0.01269900
v 0.00491400 -0.01082200 0.01282400
v 0.00479400 -0.01087900 0.01273800
v 0.00507400 -0.01099800 0.01267800
v 0.00493800 -0.01105000 0.01255700
v 0.00498900 -0.01103000 0.01262300
v 0.00500900 -0.01102200 0.01264900
v 0.00506500 -0.01100100 0.01267400
v 0.00859100 -0.01726400 0.01262100
v 0.00855100 -0.01728800 0.01257500
v 0.00863100 -0.01724100 0.01266700
v 0.00602300 -0.01331300 0.00396900
v 0.00834400 -0.01738500 0.00391900
v 0.00597400 -0.01334100 0.00388300
v 0.00471700 -0.01141200 0.00532700
v 0.00469700 -0.01137300 0.00541900
v 0.00478800 -0.01136400 0.00532200
v 0.00495800 -0.01141300 0.00537700
v 0.00520800 -0.01187200 0.00463600
v 0.00551900 -0.01253700 0.00406500
v 0.00513600 -0.01184800 0.00457700
v 0.00480900 -0.01159000 0.00490400
v 0.00504800 -0.01185200 0.00453600
v 0.00487900 -0.01137300 0.00534400
v 0.00543800 -0.01255900 0.00401300
v 0.00505000 -0.01204000 0.00436100
v -0.00558100 -0.01300400 0.00385700
v -0.00497300 -0.01189500 0.00454300
v -0.00371600 -0.01326600 0.00396000
v -0.00520900 -0.01233000 0.00414000
v -0.00470900 -0.01139800 0.00532300
v -0.00433100 -0.01128200 0.00626100
v -0.00460800 -0.01118600 0.00626100
v -0.00468100 -0.01134300 0.00542500
v -0.00326300 -0.01165000 0.00626100
v -0.00331200 -0.01182300 0.00540700
v -0.00468500 -0.01135200 0.00540800
v -0.00110000 -0.01204800 0.00626100
v -0.00111600 -0.01222800 0.00540700
v 0.00110000 -0.01204800 0.00626100
v 0.00331200 -0.01182300 0.00540700
v 0.00312900 -0.01167500 0.00626100
v -0.00507200 -0.01099800 0.01268000
v -0.00866600 -0.01722100 0.01267700
v -0.00859100 -0.01726400 0.01262100
v -0.00506300 -0.01100200 0.01267800
v -0.00863100 -0.01724100 0.01266700
v -0.00498900 -0.01103000 0.01262200
v -0.00504900 -0.01100700 0.01267400
v -0.00491600 -0.01106400 0.01245000
v -0.00492000 -0.01117900 0.00935800
v -0.00492500 -0.01129400 0.00626600
v -0.01284500 -0.02525900 0.00396400
v -0.01283200 -0.02532200 0.00387900
v -0.01188400 -0.02540800 0.00388300
v -0.01280600 -0.02544200 0.00381700
v -0.01188300 -0.02558600 0.00381000
v -0.00767100 -0.01820400 0.00382500
v -0.01284500 -0.02525700 0.00397300
v -0.01188400 -0.02534900 0.00397300
v -0.01284900 -0.02523700 0.00406000
v -0.01188400 -0.02533200 0.00406000
v -0.01028100 -0.02504300 0.00406000
v -0.00955100 -0.02470100 0.00406000
v -0.00886200 -0.02423900 0.00397300
v -0.00887300 -0.02422600 0.00406000
v -0.00726900 -0.02137800 0.00406000
v -0.00726500 -0.01981900 0.00406000
v -0.00780100 -0.01827800 0.00397300
v -0.00781600 -0.01828600 0.00406000
v -0.00836000 -0.01749100 0.00397400
v -0.00827800 -0.01746300 0.00386200
v -0.01281200 -0.02541700 0.00383000
v -0.01188300 -0.02549900 0.00382500
v -0.00710100 -0.01979000 0.00382500
v -0.00775000 -0.01824900 0.00388300
v -0.01281900 -0.02509400 0.01245000
v -0.01120000 -0.02513100 0.01245000
v -0.01117600 -0.02512200 0.01245000
v -0.00967000 -0.02460100 0.01245000
v -0.00962400 -0.02457400 0.01245000
v -0.00849000 -0.01759600 0.01245000
v -0.00764900 -0.01897900 0.01245000
v -0.00734300 -0.02057000 0.01245000
v -0.00842200 -0.02356900 0.01245000
v -0.00840400 -0.01744000 0.00406000
v -0.00855100 -0.01739800 0.01245000
v -0.00854000 -0.01751100 0.01245000
v -0.00840100 -0.01746400 0.00406000
v -0.00840200 -0.01745600 0.00406000
v -0.00839800 -0.01744000 0.00400500
v -0.00837100 -0.01746500 0.00395500
v -0.00837500 -0.01745200 0.00395300
v -0.00590000 -0.01338400 0.00382800
v -0.00589500 -0.01338600 0.00382500
v -0.00543600 -0.01255800 0.00401400
v -0.00504700 -0.01185100 0.00453700
v -0.00487800 -0.01137200 0.00534600
v -0.00495700 -0.01141200 0.00537800
v -0.00486400 -0.01123100 0.00626300
v -0.00484100 -0.01120700 0.00626200
v -0.00472700 -0.01116800 0.00626100
v -0.00551700 -0.01253500 0.00406500
v -0.00469500 -0.01117300 0.00626100
v -0.00478700 -0.01136300 0.00532300
v -0.00460300 -0.01107200 0.00935400
v -0.00459800 -0.01095700 0.01244600
v -0.00468500 -0.01094300 0.01244600
v -0.00485500 -0.01100000 0.01244800
v -0.00483200 -0.01097600 0.01244700
v -0.00465200 -0.01092500 0.01268300
v -0.00473900 -0.01088300 0.01279000
v -0.00479300 -0.01087900 0.01273700
v -0.00511600 -0.01088700 0.01272300
v -0.00501800 -0.01092400 0.01269900
v -0.00510100 -0.01085500 0.01273300
v -0.00508200 -0.01081400 0.01277700
v -0.00480000 -0.01093500 0.01257400
v -0.00499600 -0.01076200 0.01294200
v -0.00504600 -0.01073800 0.01294500
v -0.00506200 -0.01077200 0.01282200
v -0.00479600 -0.01085500 0.01286000
v -0.00491400 -0.01082200 0.01282400
v -0.00493500 -0.01095800 0.01264200
v -0.00496500 -0.01085900 0.01274900
v -0.00486600 -0.01090300 0.01268100
v -0.00593200 -0.01027500 0.01294500
v -0.00692200 -0.00994800 0.01270000
v -0.00685000 -0.00984600 0.01273300
v -0.00682400 -0.00980800 0.01277700
v -0.00679200 -0.00976100 0.01285600
v -0.00677700 -0.00973900 0.01294500
v -0.01507300 -0.02406600 0.01270000
v -0.01500800 -0.02386800 0.01270000
v -0.01514600 -0.02402300 0.01267700
v -0.01513300 -0.02385500 0.01266700
v -0.01522200 -0.02398000 0.01262100
v -0.01526200 -0.02395700 0.01257500
v -0.01502900 -0.02366100 0.01270000
v -0.01514900 -0.02369900 0.01266700
v -0.01523700 -0.02372800 0.01257500
v -0.01527100 -0.02373800 0.01245000
v -0.01529500 -0.02362500 0.01257500
v -0.01532200 -0.02364900 0.01245000
v -0.01324600 -0.01626000 0.01245000
v -0.01428300 -0.01672600 0.01245000
v -0.01514700 -0.01745900 0.01257500
v -0.01582800 -0.01835800 0.01257500
v -0.01626600 -0.01939700 0.01257500
v -0.01646900 -0.02051200 0.01245000
v -0.01643300 -0.02051300 0.01257500
v -0.01635400 -0.02164300 0.01245000
v -0.01632000 -0.02163500 0.01257500
v -0.01596400 -0.02271100 0.01245000
v -0.01593200 -0.02269400 0.01257500
v -0.01508000 -0.01752400 0.01266700
v -0.01574700 -0.01840400 0.01266700
v -0.01622900 -0.02161400 0.01266700
v -0.01585000 -0.02265200 0.01266700
v -0.01050700 -0.01615800 0.01270000
v -0.00710100 -0.00980100 0.01255700
v -0.00705700 -0.00983600 0.01262300
v -0.00695300 -0.00992100 0.01269700
v -0.00719000 -0.00946000 0.01244600
v -0.00707300 -0.00971700 0.01255400
v -0.00700900 -0.00966600 0.01268100
v -0.00707000 -0.00962500 0.01257400
v -0.00702300 -0.00975300 0.01264200
v -0.00709900 -0.00970500 0.01244800
v -0.00709000 -0.00967300 0.01244700
v -0.00692100 -0.00972900 0.01274900
v -0.00695100 -0.00980800 0.01269900
v -0.00696400 -0.00960800 0.01288800
v -0.00691500 -0.00966700 0.01282400
v -0.00702500 -0.00959100 0.01273800
v -0.00705600 -0.00954500 0.01279000
v -0.00711000 -0.00950800 0.01273100
v -0.00732900 -0.00965300 0.00626100
v -0.00730800 -0.00967800 0.00626100
v -0.00728500 -0.00979600 0.00626200
v -0.00729500 -0.00982900 0.00626300
v -0.00744800 -0.00982800 0.00532200
v -0.00740500 -0.01000100 0.00537700
v -0.00767800 -0.01044600 0.00463600
v -0.00809800 -0.01104800 0.00406500
v -0.00769300 -0.01037200 0.00457700
v -0.00774000 -0.01029800 0.00453600
v -0.00741000 -0.00991200 0.00534400
v -0.01090700 -0.01588800 0.00388900
v -0.01090900 -0.01588500 0.00388600
v -0.01094100 -0.01591100 0.00387200
v -0.01096000 -0.01591800 0.00387400
v -0.01094000 -0.01598200 0.00395500
v -0.01096400 -0.01600500 0.00402700
v -0.01093400 -0.01600100 0.00400500
v -0.01096800 -0.01598300 0.00397500
v -0.01096900 -0.01597800 0.00396300
v -0.01096400 -0.01600700 0.00406000
v -0.01092300 -0.01590100 0.00387400
v -0.01097200 -0.01596100 0.00392200
v -0.01192800 -0.01591200 0.00406000
v -0.01353100 -0.01620100 0.00406000
v -0.01638700 -0.01936800 0.00406000
v -0.01654400 -0.01979700 0.00406000
v -0.01654700 -0.02142600 0.00406000
v -0.01599600 -0.02295800 0.00406000
v -0.01543200 -0.02374600 0.00406000
v -0.01557900 -0.02379500 0.00383500
v -0.01547800 -0.02376200 0.00391900
v -0.01606200 -0.02299600 0.00388300
v -0.01543700 -0.02374800 0.00401200
v -0.01192800 -0.01589500 0.00397300
v -0.01614100 -0.02304100 0.00382500
v -0.01670800 -0.01976800 0.00382500
v -0.01671200 -0.02145400 0.00382500
v -0.01679800 -0.02146900 0.00381000
v -0.01621700 -0.02308400 0.00381000
v -0.01192900 -0.01583600 0.00388300
v -0.01656000 -0.01979400 0.00397300
v -0.01656400 -0.02142800 0.00397300
v -0.01545300 -0.02375300 0.00397500
v -0.01601100 -0.02296600 0.00397300
v -0.01661800 -0.01978400 0.00388300
v -0.01662200 -0.02143800 0.00388300
v -0.04159100 -0.00138200 0.00626600
v -0.04170100 -0.00132800 0.00935800
v -0.04190600 -0.00129400 0.01244700
v -0.04195400 -0.00159200 0.00935400
v -0.04182900 -0.00155000 0.00626000
v -0.04206500 -0.00153800 0.01244600
v -0.04204900 -0.00144200 0.01244500
v -0.04204800 -0.00143800 0.01244500
v -0.04182800 -0.00154600 0.00626000
v -0.04199300 -0.00135200 0.01244500
v -0.04191000 -0.00129500 0.01244700
v -0.04169000 -0.00140300 0.00626300
v -0.04168600 -0.00140200 0.00626300
v -0.04191300 -0.00127200 0.01254900
v -0.04200000 -0.00132700 0.01256900
v -0.04192200 -0.00121400 0.01263700
v -0.04206400 -0.00131900 0.01273400
v -0.04200800 -0.00125600 0.01267400
v -0.04207200 -0.00118400 0.01282200
v -0.04207100 -0.00102600 0.01285600
v -0.04209800 -0.00102700 0.01294500
v -0.04208900 -0.00126500 0.01288600
v -0.04208200 -0.00137500 0.01278900
v -0.04205600 -0.00140800 0.01260100
v -0.04206700 -0.00153300 0.01250100
v -0.04207800 -0.00144700 0.01272600
v -0.04206100 -0.00102600 0.01282200
v -0.04206100 0.00102600 0.01282200
v -0.04201400 0.00102500 0.01277700
v -0.04196800 0.00102300 0.01273300
v -0.04199300 0.00135200 0.01244500
v -0.04200000 0.00132700 0.01256900
v -0.04201500 0.00115100 0.01274500
v -0.04193000 0.00112700 0.01269500
v -0.04192200 0.00121400 0.01263700
v -0.04206400 0.00131900 0.01273300
v -0.04200800 0.00125700 0.01267400
v -0.04205600 0.00140800 0.01260100
v -0.04204900 0.00144200 0.01244500
v -0.04206500 0.00153800 0.01244600
v -0.04207500 0.00147500 0.01268000
v -0.04208200 0.00137500 0.01279000
v -0.04207200 0.00118500 0.01282200
v -0.04209600 0.00108300 0.01294200
v -0.04208700 0.00131200 0.01285800
v -0.04190600 0.00129400 0.01244700
v -0.04191300 0.00127200 0.01254900
v -0.04204800 0.00143800 0.01244500
v -0.04168400 0.00140100 0.00626300
v -0.04195400 0.00159200 0.00935400
v -0.04182800 0.00155000 0.00626000
v -0.04184400 0.00164600 0.00626100
v -0.04169000 0.00140300 0.00626300
v -0.04177400 0.00146000 0.00626100
v -0.04182800 0.00154600 0.00626000
v -0.04025000 0.00158100 0.00401100
v -0.04155900 0.00147400 0.00534300
v -0.04147900 0.00141600 0.00537800
v -0.04022800 0.00149400 0.00406200
v -0.04053000 0.00167500 0.00412600
v -0.04105700 0.00157500 0.00453400
v -0.04166300 0.00165900 0.00540700
v -0.04161100 0.00156400 0.00532100
v -0.04121200 0.00166900 0.00467200
v -0.02833800 0.00142900 0.00406000
v -0.02830000 0.00145600 0.00406000
v -0.02828000 0.00149100 0.00406000
v -0.01930800 0.00152300 0.00391900
v -0.01978000 0.00246600 0.00397300
v -0.01932700 0.00150600 0.00397500
v -0.01934000 0.00149500 0.00401200
v -0.01979400 0.00245700 0.00406000
v -0.01934500 0.00149100 0.00406000
v -0.02058600 0.00343200 0.00406000
v -0.02702000 0.00344900 0.00406000
v -0.01933400 0.00146900 0.00405900
v -0.01932500 0.00146000 0.00405900
v -0.01937200 0.00130800 0.01245000
v -0.01929800 0.00143500 0.00405900
v -0.01929500 0.00143200 0.00405900
v -0.01747650 0.00264600 0.00381000
v -0.01454100 0.00167500 0.00381000
v -0.01454100 0.00158800 0.00382500
v -0.01219800 0.00161900 0.00541900
v -0.01224100 0.00162100 0.00532700
v -0.01223500 0.00153600 0.00532200
v -0.01244200 0.00163000 0.00490400
v -0.01208800 0.00161300 0.00565000
v -0.01369800 0.00166200 0.00395200
v -0.01367800 0.00166200 0.00396300
v -0.01278800 0.00164100 0.00453600
v -0.01295300 0.00164600 0.00436100
v -0.01359500 0.00166000 0.00400900
v 0.01027700 0.02812000 0.00130300
v 0.01029700 0.02802900 0.00139400
v 0.01030400 0.02799400 0.00152000
v 0.00879900 0.02763700 0.00130300
v 0.00883700 0.02755200 0.00139400
v 0.00750300 0.02679100 0.00139400
v 0.00635000 0.02577700 0.00139400
v 0.00885100 0.02752000 0.00152000
v 0.00752300 0.02676300 0.00152000
v 0.00637600 0.02575300 0.00152000
v -0.00473600 0.02392900 0.00130300
v -0.00392000 0.02353500 0.00130300
v -0.00479200 0.02385400 0.00139400
v -0.00545500 0.02453300 0.00152000
v -0.00481300 0.02382600 0.00152000
v 0.01173000 0.03479900 0.00139400
v 0.00886600 0.03563600 0.00139400
v 0.00887500 0.03567100 0.00152000
v 0.00594300 0.03623900 0.00139400
v 0.00594900 0.03627400 0.00152000
v 0.00298200 0.03660100 0.00139400
v 0.00298400 0.03663700 0.00152000
v 0.00000000 0.03675800 0.00152000
v -0.00298200 0.03660100 0.00139400
v -0.00298400 0.03663700 0.00152000
v -0.00594300 0.03623900 0.00139400
v -0.00594900 0.03627400 0.00152000
v -0.00886600 0.03563600 0.00139400
v -0.00887500 0.03567100 0.00152000
v -0.01173000 0.03479900 0.00139400
v -0.01174200 0.03483200 0.00152000
v 0.01170100 0.03471100 0.00130300
v 0.00884400 0.03554600 0.00130300
v 0.00592800 0.03614700 0.00130300
v 0.00297400 0.03650900 0.00130300
v 0.00888300 0.03570500 0.00356000
v 0.00595500 0.03630900 0.00356000
v 0.00298700 0.03667200 0.00356000
v 0.00000000 0.03679400 0.00356000
v -0.00298700 0.03667200 0.00356000
v -0.00595500 0.03630900 0.00356000
v -0.00888300 0.03570500 0.00356000
v -0.01175300 0.03486600 0.00356000
v -0.01267900 0.03426300 0.00152000
v -0.01270300 0.03428800 0.00356000
v -0.01331500 0.03335900 0.00356000
v -0.01030400 0.02799400 0.00152000
v -0.01031200 0.02795900 0.00356000
v 0.01323400 0.03307700 0.00130300
v 0.01282500 0.03390700 0.00130300
v 0.01332400 0.03310100 0.00139400
v 0.01335800 0.03311000 0.00152000
v 0.01344300 0.03246300 0.00152000
v 0.01347900 0.03246300 0.00356000
v 0.01339200 0.03312000 0.00356000
v 0.00886500 0.02748700 0.00356000
v 0.00754400 0.02673400 0.00356000
v 0.00640200 0.02572900 0.00356000
v 0.00299400 0.02331400 0.00356000
v 0.00000000 0.02350600 0.00356000
v -0.00548600 0.02451500 0.00356000
v -0.00483400 0.02379700 0.00356000
v -0.00815200 0.02712500 0.00356000
v -0.00813400 0.02715600 0.00152000
v -0.00919900 0.02762600 0.00356000
v -0.00817000 0.02709400 0.00368600
v -0.00756500 0.02670500 0.00368600
v -0.00551600 0.02449600 0.00368600
v -0.01033900 0.02783400 0.00377700
v -0.01031900 0.02792500 0.00368600
v -0.00921200 0.02759300 0.00368600
v -0.01128900 0.02836100 0.00368600
v -0.01200000 0.02915200 0.00368600
v -0.01134400 0.02828600 0.00377700
v -0.01208000 0.02910500 0.00377700
v -0.01359800 0.03224700 0.00377700
v -0.01334800 0.03337200 0.00368600
v -0.01272800 0.03431400 0.00368600
v -0.00889200 0.03574000 0.00368600
v -0.01176400 0.03490000 0.00368600
v -0.01343500 0.03340400 0.00377700
v -0.01279300 0.03438100 0.00377700
v -0.01179400 0.03498800 0.00377700
v -0.00891400 0.03583000 0.00377700
v -0.00596100 0.03634400 0.00368600
v -0.00299000 0.03670800 0.00368600
v 0.00000000 0.03682900 0.00368600
v 0.00299000 0.03670800 0.00368600
v 0.00596100 0.03634400 0.00368600
v 0.00889200 0.03574000 0.00368600
v 0.01176400 0.03490000 0.00368600
v -0.00299800 0.03680000 0.00377700
v 0.00000000 0.03692200 0.00377700
v 0.00891400 0.03583000 0.00377700
v 0.01179400 0.03498800 0.00377700
v 0.01222900 0.03469000 0.00368600
v 0.01227500 0.03477000 0.00377700
v 0.01342700 0.03312900 0.00368600
v 0.01349200 0.03212800 0.00368600
v 0.00491100 0.02369500 0.00377700
v 0.00570300 0.02438300 0.00381000
v 0.00756500 0.02670500 0.00368600
v 0.00498600 0.02359400 0.00381000
v 0.00299000 0.02327900 0.00368600
v 0.00297800 0.02318700 0.00377700
v 0.00296200 0.02306200 0.00381000
v -0.00296200 0.02306200 0.00381000
v 0.00000000 0.02325200 0.00381000
v -0.00297800 0.02318700 0.00377700
v 0.00000000 0.02337700 0.00377700
v 0.00000000 0.02347000 0.00368600
v -0.00397000 0.02334200 0.00368600
v -0.00399400 0.02325300 0.00377700
v -0.00402600 0.02313100 0.00381000
v -0.00485500 0.02376900 0.00368600
v -0.00491100 0.02369500 0.00377700
v -0.00498600 0.02359400 0.00381000
v -0.01310000 0.02520500 0.01253700
v -0.01308500 0.02521300 0.01245000
v -0.02003800 0.03674800 0.01270000
v -0.01330500 0.02508600 0.01270000
v -0.02000900 0.03676300 0.01269800
v -0.01323000 0.02513000 0.01268500
v -0.01996200 0.03678500 0.01267800
v -0.01315100 0.02517500 0.01262700
v -0.01982900 0.03684100 0.01254500
v -0.01983800 0.03683900 0.01257500
v -0.02193800 0.03594400 0.01294500
v -0.02192400 0.03592100 0.01285600
v -0.02124000 0.03634700 0.01294500
v -0.02014200 0.03693800 0.01282200
v -0.02016000 0.03697100 0.01294500
v -0.02191900 0.03591300 0.01282200
v -0.02189400 0.03587300 0.01277700
v -0.02012000 0.03689800 0.01277700
v -0.02187000 0.03583400 0.01273300
v -0.02009800 0.03685700 0.01273300
v -0.02185200 0.03580400 0.01272300
v -0.02008100 0.03682700 0.01272300
v -0.01983400 0.03694200 0.01244700
v -0.01982600 0.03704400 0.01244500
v -0.01985100 0.03703700 0.01256900
v -0.02001100 0.03696100 0.01274500
v -0.01998900 0.03687500 0.01269500
v -0.01990900 0.03691200 0.01263700
v -0.01985500 0.03693400 0.01254900
v -0.01989000 0.03708800 0.01273300
v -0.01991600 0.03700800 0.01267400
v -0.01980800 0.03712600 0.01260100
v -0.01977600 0.03713600 0.01244500
v -0.01970100 0.03719800 0.01244600
v -0.01976000 0.03717500 0.01268000
v -0.01985100 0.03713100 0.01279000
v -0.02001000 0.03702700 0.01282200
v -0.02011000 0.03699800 0.01294200
v -0.01990700 0.03710400 0.01285800
v -0.01977900 0.03713300 0.01244500
v -0.01959900 0.03713000 0.00935400
v -0.01957500 0.03699700 0.00626000
v -0.01957200 0.03700000 0.00626000
v -0.01949600 0.03706100 0.00626100
v -0.00500900 0.01102200 0.01264900
v -0.00498900 0.01103000 0.01262300
v -0.00859100 0.01726400 0.01262100
v -0.00493400 0.01105300 0.01253600
v -0.00491600 0.01106400 0.01245000
v -0.00855100 0.01728800 0.01257500
v -0.00493800 0.01105000 0.01255700
v -0.00506500 0.01100100 0.01267400
v -0.00863100 0.01724100 0.01266700
v -0.00507400 0.01099800 0.01267800
v -0.00866600 0.01722100 0.01267700
v -0.00511500 0.01098200 0.01269700
v -0.00874000 0.01717800 0.01270000
v -0.00515400 0.01096800 0.01270000
v -0.00858700 0.01740000 0.01257500
v -0.00849000 0.01759600 0.01245000
v -0.00879350 0.01747950 0.01270000
v -0.00880400 0.01737600 0.01270000
v -0.00867900 0.01739000 0.01266700
v -0.00866400 0.01754500 0.01266700
v -0.00878300 0.01758300 0.01270000
v -0.00796200 0.01859300 0.01266700
v -0.00784800 0.01853400 0.01245000
v -0.00745800 0.01960100 0.01245000
v -0.00734400 0.02073200 0.01245000
v -0.00798500 0.02288600 0.01257500
v -0.00864100 0.02381000 0.01245000
v -0.00866600 0.02378500 0.01257500
v -0.00953000 0.02451800 0.01245000
v -0.00954800 0.02448800 0.01257500
v -0.01056600 0.02498500 0.01245000
v -0.01168600 0.02518100 0.01245000
v -0.01281900 0.02509400 0.01245000
v -0.01281200 0.02505900 0.01257500
v -0.00758300 0.01963000 0.01266700
v -0.00806500 0.02284000 0.01266700
v -0.00959600 0.02440900 0.01266700
v -0.01060400 0.02486200 0.01266700
v -0.01169200 0.02505200 0.01266700
v -0.01279400 0.02496800 0.01266700
v -0.00807400 0.01865000 0.01270000
v -0.00770600 0.01965800 0.01270000
v -0.00966200 0.02430100 0.01270000
v -0.01064100 0.02474200 0.01270000
v -0.01169800 0.02492700 0.01270000
v -0.01296600 0.02484400 0.01270000
v -0.01305800 0.02501100 0.01266700
v -0.01294200 0.02496700 0.01266700
v -0.01301200 0.02509100 0.01257500
v -0.01292400 0.02505800 0.01257500
v -0.01299400 0.02512200 0.01245000
v -0.01291700 0.02509300 0.01245000
v -0.01293200 0.02525600 0.00406000
v -0.01295900 0.02528700 0.00406000
v -0.01284900 0.02523700 0.00406000
v -0.01288900 0.02523700 0.00406000
v -0.01279200 0.02550700 0.00381000
v 0.01284500 0.02525900 0.00396400
v 0.01283200 0.02532200 0.00387900
v 0.01188400 0.02540800 0.00388300
v 0.01280600 0.02544200 0.00381700
v 0.01188300 0.02558600 0.00381000
v 0.01284500 0.02525700 0.00397300
v 0.01188400 0.02534900 0.00397300
v 0.01284900 0.02523700 0.00406000
v 0.01188400 0.02533200 0.00406000
v 0.01028100 0.02504300 0.00406000
v 0.00955100 0.02470100 0.00406000
v 0.00886200 0.02423900 0.00397300
v 0.00887300 0.02422600 0.00406000
v 0.00726900 0.02137800 0.00406000
v 0.00726500 0.01981900 0.00406000
v 0.00724800 0.01981600 0.00397300
v 0.00780100 0.01827800 0.00397300
v 0.00781600 0.01828600 0.00406000
v 0.00836000 0.01749100 0.00397400
v 0.00835500 0.01748900 0.00395400
v 0.00775000 0.01824900 0.00388300
v 0.00827800 0.01746300 0.00386200
v 0.00829600 0.01746900 0.00388300
v 0.00829900 0.01747000 0.00388600
v 0.01281200 0.02541700 0.00383000
v 0.01188300 0.02549900 0.00382500
v 0.00710100 0.01979000 0.00382500
v 0.00767100 0.01820400 0.00382500
v 0.00719000 0.01980600 0.00388300
v 0.01281900 0.02509400 0.01245000
v 0.01120000 0.02513100 0.01245000
v 0.01117600 0.02512200 0.01245000
v 0.00967000 0.02460100 0.01245000
v 0.00962400 0.02457400 0.01245000
v 0.01000275 0.01705188 0.01270000
v 0.01040088 0.02040412 0.00000000
v 0.01282288 0.02052750 0.00000000
v 0.03028600 0.00458600 0.00130300
v 0.03024900 0.00450100 0.00139400
v 0.03023400 0.00446900 0.00152000
v 0.02942200 0.00509700 0.00139400
v 0.02939600 0.00507300 0.00152000
v 0.01923800 0.01836000 0.00130300
v 0.01954300 0.01988400 0.00130300
v 0.01921400 0.02296000 0.00130300
v 0.01914900 0.01838800 0.00139400
v 0.01945100 0.01989300 0.00139400
v 0.01944300 0.02142900 0.00139400
v 0.01912500 0.02293200 0.00139400
v 0.01851900 0.01699100 0.00152000
v 0.01911500 0.01839800 0.00152000
v 0.01940700 0.02142500 0.00152000
v 0.01909200 0.02292100 0.00152000
v 0.03603700 0.00724800 0.00152000
v 0.03532900 0.01015000 0.00152000
v 0.03435500 0.01297200 0.00139400
v 0.03438800 0.01298500 0.00152000
v 0.03318900 0.01571900 0.00139400
v 0.03322100 0.01573400 0.00152000
v 0.03180300 0.01836100 0.00139400
v 0.03020700 0.02088300 0.00139400
v 0.02841200 0.02326600 0.00139400
v 0.02843900 0.02328900 0.00152000
v 0.02642900 0.02549600 0.00139400
v 0.02645400 0.02552100 0.00152000
v 0.03310500 0.01567900 0.00130300
v 0.03172200 0.01831500 0.00130300
v 0.03013100 0.02083000 0.00130300
v 0.02834000 0.02320800 0.00130300
v 0.02636200 0.02543200 0.00130300
v 0.02824300 0.02312800 0.00127000
v 0.02627200 0.02534500 0.00127000
v 0.03607200 0.00725500 0.00356000
v 0.03536300 0.01015900 0.00356000
v 0.03442200 0.01299700 0.00356000
v 0.03325300 0.01574900 0.00356000
v 0.03186400 0.01839700 0.00356000
v 0.03026600 0.02092300 0.00356000
v 0.02846700 0.02331200 0.00356000
v 0.02648000 0.02554600 0.00356000
v 0.02431900 0.02761100 0.00356000
v 0.01930800 0.02493200 0.00152000
v 0.01898700 0.02394900 0.00152000
v 0.01895200 0.02395300 0.00356000
v 0.01905800 0.02291000 0.00356000
v 0.02389300 0.02787400 0.00152000
v 0.02391000 0.02790500 0.00356000
v 0.02333300 0.02811100 0.00152000
v 0.02334300 0.02814600 0.00356000
v 0.02223800 0.02817600 0.00152000
v 0.02223200 0.02821100 0.00356000
v 0.02122100 0.02776500 0.00152000
v 0.02120100 0.02779400 0.00356000
v 0.02332300 0.02807700 0.00139400
v 0.02224400 0.02814100 0.00139400
v 0.02124100 0.02773600 0.00139400
v 0.02329800 0.02798800 0.00130300
v 0.02225900 0.02804900 0.00130300
v 0.02129400 0.02766000 0.00130300
v 0.02136500 0.02755600 0.00127000
v 0.01911500 0.02393600 0.00130300
v 0.01902200 0.02394600 0.00139400
v 0.02844688 0.01111525 0.00127000
v 0.02078469 0.01607363 0.00127000
v 0.02320500 0.00812900 0.00127000
v 0.02183900 0.00912700 0.00130300
v 0.02234200 0.00837300 0.00130300
v 0.02175300 0.00909100 0.00139400
v 0.02227600 0.00830800 0.00139400
v 0.02168800 0.00906400 0.00356000
v 0.02038700 0.01177100 0.00152000
v 0.02035700 0.01175300 0.00356000
v 0.01872200 0.01427200 0.00152000
v 0.01869400 0.01425000 0.00356000
v 0.01848800 0.01700800 0.00356000
v 0.01826400 0.01511900 0.00356000
v 0.01908100 0.01840900 0.00356000
v 0.01938000 0.01990000 0.00356000
v 0.01937200 0.02142100 0.00356000
v 0.01902400 0.02289900 0.00368600
v 0.01933700 0.02141800 0.00368600
v 0.01893600 0.02287100 0.00377700
v 0.01924400 0.02140800 0.00377700
v 0.01881600 0.02283200 0.00381000
v 0.01925200 0.01991300 0.00377700
v 0.01895800 0.01844600 0.00377700
v 0.01837500 0.01707000 0.00377700
v 0.01934500 0.01990400 0.00368600
v 0.01904700 0.01841900 0.00368600
v 0.01845600 0.01702500 0.00368600
v 0.01891600 0.02395700 0.00368600
v 0.01882400 0.02396700 0.00377700
v 0.01869900 0.02398000 0.00381000
v 0.02118100 0.02782400 0.00368600
v 0.02222700 0.02824600 0.00368600
v 0.02392800 0.02793500 0.00368600
v 0.02337800 0.02826900 0.00377700
v 0.02397500 0.02801600 0.00377700
v 0.02219100 0.02846100 0.00381000
v 0.02341300 0.02839000 0.00381000
v 0.02434200 0.02763800 0.00368600
v 0.02440300 0.02770800 0.00377700
v 0.02650600 0.02557100 0.00368600
v 0.02849400 0.02333400 0.00368600
v 0.03029500 0.02094300 0.00368600
v 0.03189500 0.01841500 0.00368600
v 0.03328500 0.01576400 0.00368600
v 0.03610600 0.00726200 0.00368600
v 0.02856600 0.02339300 0.00377700
v 0.03037100 0.02099600 0.00377700
v 0.03197500 0.01846100 0.00377700
v 0.03619700 0.00728000 0.00377700
v 0.02866300 0.02347200 0.00381000
v 0.03047400 0.02106800 0.00381000
v 0.03124600 0.00418400 0.00368600
v 0.03020600 0.00440400 0.00368600
v 0.03124600 0.00409100 0.00377700
v 0.02936900 0.00505000 0.00356000
v 0.02934300 0.00502600 0.00368600
v 0.02927400 0.00496300 0.00377700
v 0.03623300 0.00645500 0.00377700
v 0.03614000 0.00646500 0.00368600
v 0.03589600 0.00571100 0.00356000
v 0.03592900 0.00569600 0.00368600
v 0.03546500 0.00505300 0.00356000
v 0.03549200 0.00502900 0.00368600
v 0.03424200 0.00430500 0.00356000
v 0.03601300 0.00565800 0.00377700
v 0.03483600 0.00459000 0.00152000
v 0.03358600 0.00425500 0.00152000
v 0.02693900 0.00686600 0.00152000
v 0.02548300 0.00732000 0.00356000
v 0.02692400 0.00683300 0.00356000
v 0.02852400 0.00584600 0.00356000
v 0.02844400 0.00574600 0.00377700
v 0.02850200 0.00581800 0.00368600
v 0.02397000 0.00737800 0.00377700
v 0.02545400 0.00719500 0.00377700
v 0.02397200 0.00747100 0.00368600
v 0.02301200 0.00768000 0.00368600
v 0.02547500 0.00728600 0.00368600
v 0.02687100 0.00671700 0.00377700
v 0.02690900 0.00680100 0.00368600
v 0.02297600 0.00759400 0.00377700
v 0.02165500 0.00905000 0.00368600
v 0.02156900 0.00901500 0.00377700
v 0.01849200 0.01409600 0.00381000
v 0.01859200 0.01417200 0.00377700
v 0.02024500 0.01168900 0.00377700
v 0.02032600 0.01173500 0.00368600
v 0.01814000 0.01508500 0.00377700
v 0.01801900 0.01505200 0.00381000
v 0.01806500 0.01610000 0.00377700
v 0.02200900 0.03557200 0.01245000
v 0.02141200 0.03425400 0.00432400
v 0.02198700 0.03531000 0.00605400
v 0.02199200 0.03532700 0.00626600
v 0.02200100 0.03545000 0.00935800
v 0.02205700 0.03540000 0.00626300
v 0.02236400 0.03566000 0.01244600
v 0.02227300 0.03569400 0.01244500
v 0.02235600 0.03553800 0.00935400
v 0.02225700 0.03544900 0.00626000
v 0.02234800 0.03541500 0.00626100
v 0.02207300 0.03564500 0.01244700
v 0.02207600 0.03564800 0.01244700
v 0.02206000 0.03540300 0.00626300
v 0.02216800 0.03569100 0.01244500
v 0.02226900 0.03569600 0.01244500
v 0.02225300 0.03545100 0.00626000
v 0.02171500 0.03475600 0.00463500
v 0.02205700 0.03525400 0.00534300
v 0.02134200 0.03409200 0.00414200
v 0.02196500 0.03521400 0.00537800
v 0.02197300 0.03471700 0.00454400
v 0.02189300 0.03476900 0.00453400
v 0.02226900 0.03525200 0.00540800
v 0.02216000 0.03525400 0.00532100
v 0.02205100 0.03485600 0.00467200
v 0.02224400 0.03520700 0.00532400
v 0.02102200 0.03324600 0.00382900
v 0.01569300 0.02383200 0.00381000
v 0.01555700 0.02384800 0.00384400
v 0.01550600 0.02385500 0.00388700
v 0.01932800 0.00150500 0.00396400
v 0.01978100 0.00246800 0.00397300
v 0.01934500 0.00149100 0.00406000
v 0.02625100 0.00422400 0.00382500
v 0.02616800 0.00407900 0.00406000
v 0.02617600 0.00409400 0.00397300
v 0.02514100 0.00451900 0.00406000
v 0.02211300 0.00441100 0.00397300
v 0.01979500 0.00245900 0.00406000
v 0.02045800 0.00322600 0.00406000
v 0.02079700 0.00361900 0.00406000
v 0.02211900 0.00439500 0.00406000
v 0.02620500 0.00414500 0.00388300
v 0.01973000 0.00249900 0.00388300
v 0.01928000 0.00154800 0.00387900
v 0.02721300 0.00361700 0.00381000
v 0.02715300 0.00355300 0.00382500
v 0.02843600 0.00163000 0.00381700
v 0.02797300 0.00254400 0.00382500
v 0.02841800 0.00161300 0.00383000
v 0.02789600 0.00249700 0.00388300
v 0.02834500 0.00154800 0.00387900
v 0.02829700 0.00150500 0.00396400
v 0.02784500 0.00246600 0.00397300
v 0.02829500 0.00150400 0.00397300
v 0.02783100 0.00245700 0.00406000
v 0.02828000 0.00149100 0.00406000
v 0.02705000 0.00344400 0.00397300
v 0.02703900 0.00343200 0.00406000
v 0.02709100 0.00348700 0.00388300
v 0.02814100 0.00144500 0.01245000
v 0.02736400 0.00286600 0.01245000
v 0.02734500 0.00288300 0.01245000
v 0.02614000 0.00392600 0.01245000
v 0.02609400 0.00395200 0.01245000
v 0.04168600 -0.00140200 0.00626300
v 0.04170100 -0.00132800 0.00935800
v 0.04159100 -0.00138200 0.00626600
v 0.04206500 -0.00153800 0.01244600
v 0.04204900 -0.00144200 0.01244500
v 0.04195400 -0.00159200 0.00935400
v 0.04182900 -0.00155000 0.00626000
v 0.04184400 -0.00164600 0.00626100
v 0.04181100 -0.00127400 0.01245000
v 0.04190600 -0.00129400 0.01244700
v 0.04191000 -0.00129500 0.01244700
v 0.04169000 -0.00140300 0.00626300
v 0.04199300 -0.00135200 0.01244500
v 0.04177400 -0.00146000 0.00626100
v 0.04204800 -0.00143800 0.01244500
v 0.04182800 -0.00154600 0.00626000
v 0.02189738 -0.00282400 0.01270000
v 0.01976388 0.00027750 0.01270000
v 0.02912394 -0.00704663 0.00000000
v 0.02673050 0.00118750 0.01270000
v 0.02823300 -0.00117500 0.01266700
v 0.02837800 -0.00119200 0.01262100
v 0.02826800 -0.00126100 0.01257500
v 0.02828200 -0.00129400 0.01245000
v 0.02809300 -0.00127500 0.01266700
v 0.02816300 -0.00133600 0.01257500
v 0.02819000 -0.00136000 0.01245000
v 0.02810800 -0.00143400 0.01257500
v 0.02814100 -0.00144500 0.01245000
v 0.02165800 -0.00373200 0.01270000
v 0.02159500 -0.00384100 0.01266700
v 0.02271600 -0.00429800 0.01266700
v 0.02269300 -0.00438800 0.01257500
v 0.02153100 -0.00395200 0.01245000
v 0.02268500 -0.00442200 0.01245000
v 0.02381200 -0.00452800 0.01257500
v 0.02494000 -0.00442200 0.01245000
v 0.02493200 -0.00438800 0.01257500
v 0.02599800 -0.00400600 0.01245000
v 0.02598100 -0.00397500 0.01257500
v 0.02692000 -0.00334200 0.01245000
v 0.02689600 -0.00331600 0.01257500
v 0.02765000 -0.00247000 0.01245000
v 0.02762000 -0.00245100 0.01257500
v 0.02381200 -0.00443500 0.01266700
v 0.02490900 -0.00429800 0.01266700
v 0.02593700 -0.00389400 0.01266700
v 0.02683300 -0.00324800 0.01266700
v 0.02754200 -0.00240100 0.01266700
v 0.02587700 -0.00378300 0.01270000
v 0.02674800 -0.00315600 0.01270000
v 0.01948400 -0.00144500 0.01245000
v 0.01997500 -0.00247000 0.01245000
v 0.02008300 -0.00240100 0.01266700
v 0.02018900 -0.00233300 0.01270000
v 0.02070400 -0.00334200 0.01245000
v 0.02154800 -0.00392200 0.01257500
v 0.02079200 -0.00324800 0.01266700
v 0.02087700 -0.00315600 0.01270000
v 0.01924700 -0.00125700 0.01253700
v 0.01203900 -0.00125100 0.01254600
v 0.01924700 -0.00119800 0.01262700
v 0.01203900 -0.00124800 0.01255700
v 0.01206000 -0.00111400 0.01267400
v 0.01205000 -0.00117300 0.01264900
v 0.01206100 -0.00110500 0.01267800
v 0.01924700 -0.00110700 0.01268500
v 0.01206900 -0.00106100 0.01269700
v 0.01207600 -0.00102000 0.01270000
v 0.01181900 -0.00141400 0.01244600
v 0.01178800 -0.00149600 0.01244600
v 0.01189000 -0.00154900 0.00935400
v 0.01216000 -0.00140300 0.00626300
v 0.01212600 -0.00141100 0.00626200
v 0.01183100 -0.00138300 0.01244500
v 0.01202400 -0.00152100 0.00626100
v 0.01199200 -0.00160300 0.00626100
v 0.01198600 -0.00101300 0.01272300
v 0.01178600 -0.00149200 0.01250500
v 0.01195100 -0.00126700 0.01255400
v 0.01187600 -0.00123700 0.01268100
v 0.01187000 -0.00131000 0.01257400
v 0.01195800 -0.00120600 0.01264200
v 0.01188700 -0.00112900 0.01274900
v 0.01197000 -0.00111600 0.01269900
v 0.01195200 -0.00101000 0.01273300
v 0.01182300 -0.00099900 0.01294500
v 0.01180300 -0.00122700 0.01288800
v 0.01182900 -0.00115500 0.01282400
v 0.01181800 -0.00128800 0.01273800
v 0.01178900 -0.00140400 0.01273100
v 0.01190600 -0.00100600 0.01277700
v 0.01186000 -0.00100200 0.01282200
v 0.01186000 0.00100200 0.01282200
v 0.01190600 0.00100600 0.01277700
v 0.01182300 -0.00062100 0.01294500
v 0.01182300 0.00099900 0.01294500
v 0.01189000 0.00154900 0.00935400
v 0.01178800 0.00149600 0.01244600
v 0.01181900 0.00141400 0.01244600
v 0.01214200 0.00132800 0.00935800
v 0.01224300 0.00138200 0.00626600
v 0.01215800 0.00140300 0.00626300
v 0.01204000 0.00127400 0.01245000
v 0.01195400 0.00129500 0.01244800
v 0.01192200 0.00130300 0.01244700
v 0.01212600 0.00141100 0.00626200
v 0.01208100 0.00145100 0.00626200
v 0.01203600 0.00149000 0.00626100
v 0.01183100 0.00138300 0.01244500
v 0.01202400 0.00152100 0.00626100
v 0.01199200 0.00160300 0.00626100
v 0.01203800 0.00127100 0.01248400
v 0.01178700 0.00143400 0.01268300
v 0.01179500 0.00133700 0.01279000
v 0.01181800 0.00128800 0.01273700
v 0.01206100 0.00110600 0.01268000
v 0.01197000 0.00111600 0.01269900
v 0.01187000 0.00131000 0.01257400
v 0.01181800 0.00105400 0.01294200
v 0.01179900 0.00127400 0.01286000
v 0.01182900 0.00115500 0.01282400
v 0.01195800 0.00120600 0.01264200
v 0.01204200 0.00122400 0.01259700
v 0.01195100 0.00126700 0.01255400
v 0.01204000 0.00124700 0.01254300
v 0.01204000 0.00125100 0.01253400
v 0.01205900 0.00111600 0.01267800
v 0.01205700 0.00113100 0.01267400
v 0.01204600 0.00119400 0.01262200
v 0.01188700 0.00113000 0.01274900
v 0.01924700 0.00102000 0.01270000
v 0.01924700 0.00119200 0.01262100
v 0.01924700 0.00114600 0.01266700
v 0.01924700 0.00110500 0.01267700
v 0.01924700 0.00123900 0.01257500
v 0.01924700 0.00125000 0.01253500
v 0.01944100 0.00105900 0.01270000
v 0.01939200 0.00117500 0.01266700
v 0.01934300 0.00129400 0.01245000
v 0.01962600 0.00119300 0.01270000
v 0.01953100 0.00127500 0.01266700
v 0.01943500 0.00136000 0.01245000
v 0.01951700 0.00143400 0.01257500
v 0.01948400 0.00144500 0.01245000
v 0.02791562 -0.00075175 0.01270000
v 0.02799900 0.00119300 0.01270000
v 0.02304800 0.00424100 0.01270000
v 0.02161500 0.00370700 0.01270000
v 0.04191300 -0.00127200 0.01254900
v 0.04181900 -0.00125000 0.01253500
v 0.04181900 -0.00124800 0.01254500
v 0.04182200 -0.00123900 0.01257500
v 0.04182800 -0.00119400 0.01262300
v 0.04183300 -0.00116100 0.01265800
v 0.04200000 -0.00132700 0.01256900
v 0.04201500 -0.00115100 0.01274500
v 0.04193000 -0.00112700 0.01269500
v 0.04192200 -0.00121400 0.01263700
v 0.04206400 -0.00131900 0.01273300
v 0.04200800 -0.00125700 0.01267400
v 0.04205600 -0.00140800 0.01260100
v 0.04207500 -0.00147500 0.01268000
v 0.04208200 -0.00137500 0.01279000
v 0.04196800 -0.00102300 0.01273300
v 0.04201400 -0.00102500 0.01277700
v 0.04207200 -0.00118500 0.01282200
v 0.04206100 -0.00102600 0.01282200
v 0.04209600 -0.00108300 0.01294200
v 0.04208700 -0.00131200 0.01285800
v 0.04209800 0.00102700 0.01294500
v 0.04207100 0.00102600 0.01285600
v 0.04206100 0.00102600 0.01282200
v 0.04201400 0.00102500 0.01277700
v 0.04170100 0.00132800 0.00935800
v 0.04181100 0.00127400 0.01245000
v 0.04190600 0.00129400 0.01244700
v 0.04195400 0.00159200 0.00935400
v 0.04184400 0.00164600 0.00626100
v 0.04182900 0.00155000 0.00626000
v 0.04206500 0.00153800 0.01244600
v 0.04204900 0.00144200 0.01244500
v 0.04204800 0.00143800 0.01244500
v 0.04182800 0.00154600 0.00626000
v 0.04199300 0.00135200 0.01244500
v 0.04191000 0.00129500 0.01244700
v 0.04169000 0.00140300 0.00626300
v 0.04168600 0.00140200 0.00626300
v 0.04159100 0.00138200 0.00626600
v 0.04191300 0.00127200 0.01254900
v 0.04200000 0.00132700 0.01256900
v 0.04192200 0.00121400 0.01263700
v 0.04181300 0.00127200 0.01247800
v 0.04206400 0.00131900 0.01273400
v 0.04200800 0.00125600 0.01267400
v 0.04207200 0.00118400 0.01282200
v 0.04201500 0.00115000 0.01274500
v 0.04208900 0.00126500 0.01288600
v 0.04208200 0.00137500 0.01278900
v 0.04205600 0.00140800 0.01260100
v 0.04206700 0.00153300 0.01250100
v 0.04207800 0.00144700 0.01272600
v 0.04182800 0.00119300 0.01262100
v 0.02837800 0.00125700 0.01253700
v 0.02837800 0.00119800 0.01262700
v 0.02830000 0.00145600 0.00406000
v 0.02825300 0.00130800 0.01245000
v 0.02819000 0.00136000 0.01245000
v 0.02802000 0.00140400 0.01266700
v 0.02809300 0.00127500 0.01266700
v 0.02810800 0.00143400 0.01257500
v 0.02816300 0.00133700 0.01257500
v 0.02726400 0.00278500 0.01266700
v 0.02733700 0.00284300 0.01257500
v 0.02612200 0.00389500 0.01257500
v 0.02461600 0.00445600 0.01257500
v 0.02462200 0.00449100 0.01245000
v 0.02150300 0.00389500 0.01257500
v 0.02028800 0.00284300 0.01257500
v 0.02026100 0.00286600 0.01245000
v 0.02302600 0.00436500 0.01266700
v 0.02155100 0.00381500 0.01266700
v 0.01924700 0.00127400 0.01245000
v 0.01928700 0.00142900 0.00406000
v 0.01932500 0.00145600 0.00406000
v 0.01454100 0.00149700 0.00388300
v 0.01359300 0.00157100 0.00401400
v 0.01328200 0.00165400 0.00414000
v 0.01278800 0.00164100 0.00454300
v 0.01278700 0.00155500 0.00453700
v 0.01282700 0.00147700 0.00457700
v 0.01228700 0.00146200 0.00534600
v 0.01288400 0.00142700 0.00463600
v 0.01236100 0.00141300 0.00537800
v 0.01364600 0.00143600 0.00414200
v 0.01361500 0.00149000 0.00406500
v 0.01223400 0.00153600 0.00532300
v 0.01278500 0.00164100 0.00454500
v 0.00828800 0.01103100 0.00395200
v 0.00827800 0.01101400 0.00396300
v 0.00963000 0.00985100 0.00396000
v 0.01334600 0.00341500 0.00396000
v 0.01247100 0.00319100 0.00452300
v 0.01172100 0.00299900 0.00626100
v 0.01189500 0.00304300 0.00540700
v 0.01167500 0.00312700 0.00626100
v 0.01098400 0.00507200 0.00626100
v 0.00752400 0.00979100 0.00532700
v 0.00858300 0.00878000 0.00540700
v 0.00744100 0.00966200 0.00565000
v 0.00845700 0.00865100 0.00626100
v 0.00760500 0.00939200 0.00626100
v 0.00738400 0.00958400 0.00626100
v 0.00823500 0.01094400 0.00400900
v 0.00790200 0.01039400 0.00436100
v 0.00899800 0.00920500 0.00452300
v 0.00781600 0.01025500 0.00453600
v 0.00781400 0.01025200 0.00453900
v 0.00763300 0.00996000 0.00490400
v 0.00872100 0.01175500 0.00381000
v 0.01328900 0.00613600 0.00381000
v 0.01125500 0.00794400 0.00396000
v 0.01195800 0.00844000 0.00381000
v 0.01023200 0.01046600 0.00381000
v 0.01621700 0.02308400 0.00381000
v 0.01679800 0.02146900 0.00381000
v 0.00712300 0.00978900 0.01245000
v 0.00722100 0.00985100 0.00935800
v 0.00731900 0.00991200 0.00626600
v 0.00704000 0.00984900 0.01264900
v 0.00705700 0.00983600 0.01262300
v 0.01065600 0.01607200 0.01262100
v 0.00710500 0.00979900 0.01253600
v 0.00710100 0.00980100 0.01255700
v 0.00699400 0.00988700 0.01267400
v 0.01061600 0.01609500 0.01266700
v 0.00698700 0.00989300 0.01267800
v 0.00695300 0.00992100 0.01269700
v 0.01050700 0.01615800 0.01270000
v 0.00692200 0.00994800 0.01270000
v 0.01507300 0.02406600 0.01270000
v 0.01500800 0.02386800 0.01270000
v 0.01504050 0.02396700 0.01270000
v 0.01514600 0.02402300 0.01267700
v 0.01513300 0.02385500 0.01266700
v 0.01522200 0.02398000 0.01262100
v 0.01523700 0.02372800 0.01257500
v 0.01526100 0.02384100 0.01245000
v 0.01502900 0.02366100 0.01270000
v 0.01514900 0.02369900 0.01266700
v 0.01527100 0.02373800 0.01245000
v 0.01529500 0.02362500 0.01257500
v 0.01532200 0.02364900 0.01245000
v 0.01324600 0.01626000 0.01245000
v 0.01428300 0.01672600 0.01245000
v 0.01517200 0.01743400 0.01245000
v 0.01514700 0.01745900 0.01257500
v 0.01585800 0.01834000 0.01245000
v 0.01582800 0.01835800 0.01257500
v 0.01626600 0.01939700 0.01257500
v 0.01646900 0.02051200 0.01245000
v 0.01643300 0.02051300 0.01257500
v 0.01635400 0.02164300 0.01245000
v 0.01632000 0.02163500 0.01257500
v 0.01596400 0.02271100 0.01245000
v 0.01593200 0.02269400 0.01257500
v 0.01508000 0.01752400 0.01266700
v 0.01574700 0.01840400 0.01266700
v 0.01617600 0.01942300 0.01266700
v 0.01622900 0.02161400 0.01266700
v 0.01585000 0.02265200 0.01266700
v 0.01081800 0.01612200 0.01245000
v 0.01089000 0.01615000 0.01245000
v 0.01088200 0.01618500 0.01257500
v 0.01096400 0.01600700 0.00406000
v 0.01192800 0.01591200 0.00406000
v 0.01353100 0.01620100 0.00406000
v 0.01493900 0.01701900 0.00406000
v 0.01638700 0.01936800 0.00406000
v 0.01654400 0.01979700 0.00406000
v 0.01654700 0.02142600 0.00406000
v 0.01599600 0.02295800 0.00406000
v 0.01543200 0.02374600 0.00406000
v 0.01557900 0.02379500 0.00383500
v 0.01614100 0.02304100 0.00382500
v 0.01547800 0.02376200 0.00391900
v 0.01606200 0.02299600 0.00388300
v 0.01543700 0.02374800 0.00401200
v 0.01096400 0.01600500 0.00402700
v 0.01096800 0.01598300 0.00397500
v 0.01192800 0.01589500 0.00397300
v 0.01560400 0.02380300 0.00383000
v 0.01670800 0.01976800 0.00382500
v 0.01671200 0.02145400 0.00382500
v 0.01096900 0.01597800 0.00396300
v 0.01097200 0.01596100 0.00392200
v 0.01192900 0.01583600 0.00388300
v 0.01098100 0.01591800 0.00388500
v 0.01099300 0.01586200 0.00383800
v 0.01656000 0.01979400 0.00397300
v 0.01656400 0.02142800 0.00397300
v 0.01545300 0.02375300 0.00397500
v 0.01601100 0.02296600 0.00397300
v 0.01661800 0.01978400 0.00388300
v 0.01662200 0.02143800 0.00388300
v 0.01094100 0.01591100 0.00387200
v 0.01096000 0.01591800 0.00387400
v 0.01094000 0.01598200 0.00395500
v 0.01093400 0.01600100 0.00400500
v 0.01092300 0.01590100 0.00387400
v 0.01091300 0.01597400 0.00395300
v 0.01090700 0.01588800 0.00388900
v 0.01090900 0.01588500 0.00388600
v 0.00744800 0.00982800 0.00532200
v 0.00806700 0.01110200 0.00414300
v 0.00740500 0.01000100 0.00537700
v 0.00767800 0.01044600 0.00463600
v 0.00809800 0.01104800 0.00406500
v 0.00769300 0.01037200 0.00457700
v 0.00774000 0.01029800 0.00453600
v 0.00741000 0.00991200 0.00534400
v 0.00729400 0.00982800 0.00626300
v 0.00709900 0.00970500 0.01244800
v 0.00713400 0.00952900 0.01244600
v 0.00719000 0.00946000 0.01244600
v 0.00709000 0.00967300 0.01244700
v 0.00687000 0.00987400 0.01272300
v 0.00718500 0.00946100 0.01250500
v 0.00707300 0.00971700 0.01255400
v 0.00700900 0.00966600 0.01268100
v 0.00707000 0.00962500 0.01257400
v 0.00702300 0.00975300 0.01264200
v 0.00692100 0.00972900 0.01274900
v 0.00695100 0.00980800 0.01269900
v 0.00685000 0.00984600 0.01273300
v 0.00677700 0.00973900 0.01294500
v 0.00696400 0.00960800 0.01288800
v 0.00691500 0.00966700 0.01282400
v 0.00702500 0.00959100 0.01273800
v 0.00705600 0.00954500 0.01279000
v 0.00711000 0.00950800 0.01273100
v 0.00682400 0.00980800 0.01277700
v 0.00679800 0.00977000 0.01282200
v 0.00679200 0.00976100 0.01285600
v 0.00603800 0.01045800 0.01270000
v 0.00511600 0.01088700 0.01272300
v 0.00510100 0.01085500 0.01273300
v 0.00508200 0.01081400 0.01277700
v 0.00506200 0.01077200 0.01282200
v 0.00504600 0.01073800 0.01294500
v 0.00593200 0.01027500 0.01294500
v 0.00491600 0.01106400 0.01245000
v 0.00485500 0.01100000 0.01244800
v 0.00465200 0.01092500 0.01268300
v 0.00473900 0.01088300 0.01279000
v 0.00479300 0.01087900 0.01273700
v 0.00507200 0.01099800 0.01268000
v 0.00501800 0.01092400 0.01269900
v 0.00483200 0.01097600 0.01244700
v 0.00480000 0.01093500 0.01257400
v 0.00459800 0.01095700 0.01244600
v 0.00499600 0.01076200 0.01294200
v 0.00479600 0.01085500 0.01286000
v 0.00491400 0.01082200 0.01282400
v 0.00493500 0.01095800 0.01264200
v 0.00496100 0.01104000 0.01259700
v 0.00506300 0.01100200 0.01267800
v 0.00504900 0.01100700 0.01267400
v 0.00498900 0.01103000 0.01262200
v 0.00496500 0.01085900 0.01274900
v 0.00486600 0.01090300 0.01268100
v 0.00468500 0.01094300 0.01244600
v 0.00460300 0.01107200 0.00935400
v 0.00492000 0.01117900 0.00935800
v 0.00492500 0.01129400 0.00626600
v 0.00486400 0.01123100 0.00626300
v 0.00484100 0.01120700 0.00626200
v 0.00472700 0.01116800 0.00626100
v 0.00469500 0.01117300 0.00626100
v 0.00460800 0.01118600 0.00626100
v 0.00866600 0.01722100 0.01267700
v 0.00855100 0.01739800 0.01245000
v 0.00857300 0.01752300 0.01257500
v 0.00854000 0.01751100 0.01245000
v 0.00851700 0.01761900 0.01257500
v 0.00849000 0.01759600 0.01245000
v 0.01416369 0.02320513 0.01270000
v 0.02180600 0.03572800 0.01270000
v 0.02092200 0.03623800 0.01270000
v 0.01276800 0.02484500 0.01270000
v 0.01124000 0.02488000 0.01270000
v 0.02183300 0.03571000 0.01269800
v 0.02198400 0.03559900 0.01257500
v 0.02199200 0.03559100 0.01253500
v 0.02194800 0.03562700 0.01262300
v 0.02192200 0.03564800 0.01265800
v 0.02188300 0.03567500 0.01267500
v 0.02214900 0.03571000 0.01256900
v 0.02200400 0.03581100 0.01274500
v 0.02201200 0.03569800 0.01263700
v 0.02205800 0.03566200 0.01254900
v 0.02217400 0.03576900 0.01273300
v 0.02209200 0.03575100 0.01267400
v 0.02224800 0.03571800 0.01260100
v 0.02231500 0.03570000 0.01268000
v 0.02223100 0.03575700 0.01279000
v 0.02187000 0.03583400 0.01273300
v 0.02189400 0.03587300 0.01277700
v 0.02206200 0.03584300 0.01282200
v 0.02191900 0.03591300 0.01282200
v 0.02198600 0.03591500 0.01294200
v 0.02218000 0.03579200 0.01285800
v 0.02105500 0.03646800 0.01294500
v 0.02014700 0.03694700 0.01285600
v 0.02047800 0.03679200 0.01294500
v 0.02016000 0.03697100 0.01294500
v 0.02014200 0.03693800 0.01282200
v 0.02012000 0.03689800 0.01277700
v 0.02009800 0.03685700 0.01273300
v 0.01308500 0.02521300 0.01245000
v 0.01980200 0.03684600 0.01245000
v 0.01924500 0.03614700 0.00486825
v 0.01852700 0.03493200 0.00406900
v 0.01840600 0.03475600 0.00397300
v 0.01294500 0.02530400 0.00396400
v 0.01840400 0.03475700 0.00396900
v 0.00745300 0.04102500 0.00540700
v 0.01235500 0.04001200 0.00626100
v -0.00745300 0.04102500 0.00540700
v -0.00249600 0.04162200 0.00540700
v -0.00250700 0.04180200 0.00626100
v -0.01916000 0.03652500 0.00467200
v -0.01907900 0.03638700 0.00454400
v -0.01673400 0.03754200 0.00452300
v -0.01881500 0.03593800 0.00412600
v -0.01636600 0.03671600 0.00396000
v 0.01697500 0.03808500 0.00540700
v 0.01943300 0.03697200 0.00561000
v 0.01949600 0.03706100 0.00626100
v 0.01704900 0.03824900 0.00626100
v 0.01923600 0.03665000 0.00485500
v 0.01907500 0.03637900 0.00455000
v 0.01673400 0.03754200 0.00452300
v 0.01891500 0.03610900 0.00424700
v 0.01636600 0.03671600 0.00396000
v -0.01939500 0.03691100 0.00540700
v -0.01704900 0.03824900 0.00626100
v -0.01697500 0.03808500 0.00540700
v -0.01457100 0.03918000 0.00626100
v -0.00748500 0.04120200 0.00626100
v 0.00748500 0.04120200 0.00626100
v 0.00676300 0.04128900 0.00626100
v 0.00249600 0.04162200 0.00540700
v 0.00250700 0.04180200 0.00626100
v -0.00043900 0.04180200 0.00626100
v 0.01375000 0.03948900 0.00626100
v 0.00734600 0.04044100 0.00452300
v 0.00246100 0.04102900 0.00452300
v 0.01963000 0.03680600 0.00626300
v 0.01962200 0.03690700 0.00626100
v 0.01950200 0.03672800 0.00534100
v 0.01924100 0.03618300 0.00463400
v 0.01881900 0.03558400 0.00406200
v 0.01922100 0.03626500 0.00457200
v 0.01951300 0.03662900 0.00537600
v 0.01962800 0.03680000 0.00626300
v 0.01945000 0.03681700 0.00531900
v 0.01957200 0.03699900 0.00626000
v 0.01957500 0.03699700 0.00626000
v 0.01875400 0.03564600 0.00401000
v 0.01916400 0.03634300 0.00453200
v 0.01983200 0.03693900 0.01244700
v 0.01959900 0.03713000 0.00935400
v 0.01970100 0.03719800 0.01244600
v 0.01977600 0.03713600 0.01244500
v 0.01977900 0.03713300 0.01244500
v 0.01982600 0.03704400 0.01244500
v 0.01983400 0.03694200 0.01244700
v 0.01985500 0.03693400 0.01254900
v 0.01985100 0.03703600 0.01256900
v 0.01991000 0.03691200 0.01263700
v 0.01980500 0.03684700 0.01247800
v 0.01989000 0.03708800 0.01273400
v 0.01991600 0.03700800 0.01267400
v 0.02001000 0.03702700 0.01282200
v 0.02001100 0.03696100 0.01274500
v 0.01994900 0.03708300 0.01288600
v 0.01985000 0.03713200 0.01278900
v 0.01980900 0.03712600 0.01260100
v 0.01970500 0.03719700 0.01250100
v 0.01978600 0.03716300 0.01272600
v 0.01122000 0.02500400 0.01266700
v 0.01120600 0.02509600 0.01257500
v 0.00968700 0.02457000 0.01257500
v 0.00844900 0.02354600 0.01257500
v 0.00842200 0.02356900 0.01245000
v 0.00734300 0.02057000 0.01245000
v 0.00764900 0.01897900 0.01245000
v 0.00973300 0.02448900 0.01266700
v 0.00851900 0.02348600 0.01266700
v 0.00840600 0.01741700 0.00406000
v 0.00840400 0.01744000 0.00406000
v 0.00840100 0.01746400 0.00406000
v 0.00840200 0.01745600 0.00406000
v 0.00839800 0.01744000 0.00400500
v 0.00837100 0.01746500 0.00395500
v 0.00837500 0.01745200 0.00395300
v 0.00830500 0.01745100 0.00387400
v 0.00830700 0.01739000 0.00387900
v 0.00582000 0.01343000 0.00381000
v 0.00589500 0.01338600 0.00382500
v 0.00590000 0.01338400 0.00382800
v 0.00597400 0.01334100 0.00388300
v 0.00543600 0.01255800 0.00401400
v 0.00520900 0.01233000 0.00414000
v 0.00497300 0.01189500 0.00454300
v 0.00504700 0.01185100 0.00453700
v 0.00513400 0.01184700 0.00457700
v 0.00487800 0.01137200 0.00534600
v 0.00520600 0.01187100 0.00463600
v 0.00495700 0.01141200 0.00537800
v 0.00551700 0.01253500 0.00406500
v 0.00558100 0.01300400 0.00385700
v 0.00468100 0.01134300 0.00542500
v 0.00478700 0.01136300 0.00532300
v 0.00468500 0.01135200 0.00540800
v 0.00488800 0.01173900 0.00468700
v 0.00470900 0.01139800 0.00532300
v -0.00540900 0.01269400 0.00395200
v -0.00540000 0.01267600 0.00396300
v 0.00394800 0.01409400 0.00381000
v 0.00371600 0.01326600 0.00396000
v 0.00433100 0.01128200 0.00626100
v 0.00326300 0.01165000 0.00626100
v 0.00331200 0.01182300 0.00540700
v 0.00110000 0.01204800 0.00626100
v 0.00111600 0.01222800 0.00540700
v -0.00110000 0.01204800 0.00626100
v -0.00471700 0.01141200 0.00532700
v -0.00469700 0.01137300 0.00541900
v -0.00331200 0.01182300 0.00540700
v -0.00464700 0.01127500 0.00565000
v -0.00459800 0.01095700 0.01244600
v -0.00312900 0.01167500 0.00626100
v -0.00505000 0.01204000 0.00436100
v -0.00347200 0.01239500 0.00452300
v -0.00480900 0.01159000 0.00490400
v 0.00125200 0.01371900 0.00396000
v 0.00133100 0.01457600 0.00381000
v -0.00125200 0.01371900 0.00396000
v -0.00117000 0.01281900 0.00452300
v -0.01178100 0.02558500 0.00381000
v -0.01178800 0.02533100 0.00406000
v -0.01178700 0.02534800 0.00397300
v -0.01284500 0.02526000 0.00397500
v -0.01178600 0.02540700 0.00388300
v -0.01284000 0.02528500 0.00391900
v -0.01281800 0.02538900 0.00383500
v -0.01178300 0.02549800 0.00382500
v -0.01281200 0.02541500 0.00383000
v -0.01052600 0.02520500 0.00388300
v -0.00954300 0.02471600 0.00397300
v -0.00955100 0.02470100 0.00406000
v -0.00837500 0.01749700 0.00401200
v -0.00775300 0.01836400 0.00397300
v -0.00824700 0.01745300 0.00384200
v -0.00838100 0.01749900 0.00406000
v -0.00776800 0.01837300 0.00406000
v -0.00725300 0.02135300 0.00406000
v -0.00726500 0.01982000 0.00406000
v -0.00864500 0.02404400 0.00397300
v -0.00865700 0.02403200 0.00406000
v -0.00833500 0.01748200 0.00391900
v -0.00770100 0.01833600 0.00388300
v -0.00839500 0.01747800 0.00405900
v -0.00839800 0.01746600 0.00405900
v -0.00492000 0.01117900 0.00935800
v -0.00542100 0.01221700 0.00442600
v -0.00527600 0.01195500 0.00474100
v -0.00492500 0.01129400 0.00626600
v -0.00589500 0.01338600 0.00382500
v -0.00597400 0.01334100 0.00388300
v -0.00478800 0.01136400 0.00532200
v -0.00558100 0.01253700 0.00414300
v -0.00495800 0.01141300 0.00537700
v -0.00520800 0.01187200 0.00463600
v -0.00551900 0.01253700 0.00406500
v -0.00513600 0.01184800 0.00457700
v -0.00504800 0.01185200 0.00453600
v -0.00469500 0.01117300 0.00626100
v -0.00472700 0.01116800 0.00626100
v -0.00487900 0.01137300 0.00534400
v -0.00543800 0.01255900 0.00401300
v -0.00486400 0.01123100 0.00626300
v -0.00484100 0.01120700 0.00626200
v -0.00485500 0.01100000 0.01244800
v -0.00460300 0.01107200 0.00935400
v -0.00483200 0.01097600 0.01244700
v -0.00471800 0.01093800 0.01244500
v -0.00511600 0.01088700 0.01272300
v -0.00460100 0.01095300 0.01250500
v -0.00487900 0.01098300 0.01255400
v -0.00486700 0.01090300 0.01268100
v -0.00480000 0.01093500 0.01257400
v -0.00493500 0.01095800 0.01264200
v -0.00496500 0.01085900 0.01274900
v -0.00501800 0.01092400 0.01269900
v -0.00510100 0.01085500 0.01273300
v -0.00504600 0.01073800 0.01294500
v -0.00483900 0.01083500 0.01288800
v -0.00491400 0.01082200 0.01282400
v -0.00479400 0.01087900 0.01273800
v -0.00508200 0.01081400 0.01277700
v -0.00506200 0.01077200 0.01282200
v -0.00692200 0.00994800 0.01270000
v -0.00687000 0.00987400 0.01272300
v -0.00685000 0.00984600 0.01273300
v -0.00682400 0.00980800 0.01277700
v -0.00679800 0.00977000 0.01282200
v -0.00677700 0.00973900 0.01294500
v -0.00712000 0.00978900 0.01248400
v -0.00712300 0.00978900 0.01245000
v -0.00709900 0.00970500 0.01244800
v -0.00713500 0.00949100 0.01268300
v -0.00705500 0.00954600 0.01279000
v -0.00702500 0.00959100 0.01273700
v -0.00698900 0.00989200 0.01268000
v -0.00695100 0.00980800 0.01269900
v -0.00709000 0.00967300 0.01244700
v -0.00707000 0.00962500 0.01257400
v -0.00719000 0.00946000 0.01244600
v -0.00682200 0.00970700 0.01294200
v -0.00700300 0.00958200 0.01286000
v -0.00691500 0.00966700 0.01282400
v -0.00702300 0.00975300 0.01264200
v -0.00708100 0.00981600 0.01259700
v -0.00707300 0.00971700 0.01255400
v -0.00710000 0.00980300 0.01254300
v -0.00710300 0.00980100 0.01253400
v -0.00705700 0.00983500 0.01262200
v -0.00692100 0.00972900 0.01274900
v -0.00700900 0.00966600 0.01268100
v -0.00728700 0.00952200 0.00935400
v -0.00722100 0.00985100 0.00935800
v -0.00731900 0.00991200 0.00626600
v -0.00729400 0.00982800 0.00626300
v -0.00728500 0.00979600 0.00626200
v -0.00732900 0.00965200 0.00626100
v -0.00730800 0.00967800 0.00626100
v -0.00738400 0.00958400 0.00626100
v -0.00872100 0.01175500 0.00381000
v -0.01097300 0.01580000 0.00382000
v -0.00864500 0.01179900 0.00382500
v -0.00864100 0.01180100 0.00382800
v -0.01090600 0.01588900 0.00387900
v -0.01096400 0.01581200 0.00382800
v -0.00828300 0.01102300 0.00399100
v -0.00815700 0.01098700 0.00401400
v -0.00774000 0.01029600 0.00453700
v -0.00781500 0.01025400 0.00454300
v -0.00740900 0.00991000 0.00534600
v -0.00767700 0.01044400 0.00463600
v -0.00740400 0.00999900 0.00537800
v -0.00733100 0.00992500 0.00605200
v -0.00806600 0.01110000 0.00414200
v -0.00809700 0.01104600 0.00406500
v -0.00847100 0.01133500 0.00385700
v -0.00748300 0.00972500 0.00542500
v -0.00744800 0.00982700 0.00532300
v -0.00781400 0.01025200 0.00454500
v -0.00772200 0.01010300 0.00468700
v -0.00751600 0.00977700 0.00532300
v -0.00858300 0.00878000 0.00540700
v -0.01334600 0.00341500 0.00396000
v -0.01172100 0.00299900 0.00626100
v -0.01247100 0.00319100 0.00452300
v -0.00963000 0.00985100 0.00396000
v -0.01023200 0.01046600 0.00381000
v -0.01577550 0.00558950 0.00381000
v -0.01418000 0.00362800 0.00381000
v -0.00899800 0.00920500 0.00452300
v -0.01003100 0.00708100 0.00540700
v -0.00936700 0.00758400 0.00626100
v -0.00845700 0.00865100 0.00626100
v -0.01114800 0.00514700 0.00540700
v -0.01098400 0.00507200 0.00626100
v -0.00988400 0.00697700 0.00626100
v -0.01125100 0.00432000 0.00626100
v -0.02230200 0.03531600 0.00561000
v -0.02234800 0.03541500 0.00626100
v -0.02460000 0.03388900 0.00626100
v -0.02236400 0.03566000 0.01244600
v -0.02698400 0.03193000 0.00626100
v -0.02847400 0.03070600 0.00626100
v -0.02835200 0.03057400 0.00540700
v -0.03180300 0.02696700 0.00540700
v -0.03998000 0.00418500 0.00396000
v -0.04087900 0.00427900 0.00452300
v -0.04164900 0.00436000 0.00626100
v -0.04114500 0.00740400 0.00626100
v -0.03931100 0.01438500 0.00626100
v -0.03942500 0.01411900 0.00626100
v -0.04082900 0.00930600 0.00626100
v -0.03479700 0.02297300 0.00540700
v -0.03745500 0.01873000 0.00626100
v -0.03194000 0.02708300 0.00626100
v -0.03494800 0.02307200 0.00626100
v -0.02449400 0.03374300 0.00540700
v -0.02212200 0.03498400 0.00485500
v -0.02414600 0.03326300 0.00452300
v -0.02181400 0.03443500 0.00424700
v -0.02361500 0.03253100 0.00396000
v -0.03595400 0.01797900 0.00396000
v -0.03354700 0.02214700 0.00396000
v -0.03135000 0.02658300 0.00452300
v -0.03430200 0.02264500 0.00452300
v -0.03676200 0.01838400 0.00452300
v -0.02206000 0.03540300 0.00626300
v -0.02215100 0.03544700 0.00626100
v -0.02205600 0.03525300 0.00534100
v -0.02171500 0.03475500 0.00463400
v -0.02140700 0.03409000 0.00406200
v -0.02179600 0.03477800 0.00457200
v -0.02196500 0.03521300 0.00537600
v -0.02205600 0.03539900 0.00626300
v -0.02216000 0.03525300 0.00531900
v -0.02225600 0.03545000 0.00626000
v -0.02149300 0.03406500 0.00401000
v -0.02189200 0.03476800 0.00453200
v -0.02227300 0.03569400 0.01244500
v -0.02226900 0.03569600 0.01244500
v -0.02216800 0.03569100 0.01244500
v -0.02207600 0.03564800 0.01244700
v -0.02214900 0.03571000 0.01256900
v -0.02205800 0.03566200 0.01254900
v -0.02201200 0.03569800 0.01263700
v -0.02200800 0.03557500 0.01247800
v -0.02217400 0.03576900 0.01273400
v -0.02209200 0.03575100 0.01267400
v -0.02206200 0.03584300 0.01282200
v -0.02200400 0.03581100 0.01274500
v -0.02214000 0.03581800 0.01288600
v -0.02224800 0.03571800 0.01260100
v -0.02236100 0.03566400 0.01250100
v -0.02229200 0.03571700 0.01272600
v -0.02194000 0.03574900 0.01269500
v -0.02194700 0.03562800 0.01262100
v -0.02190800 0.03565800 0.01266800
v -0.01526200 0.02395700 0.01257500
v -0.01522200 0.02398000 0.01262100
v -0.01515100 0.02369200 0.01266700
v -0.01522600 0.02356400 0.01266700
v -0.01529500 0.02362500 0.01257500
v -0.01523900 0.02372200 0.01257500
v -0.01643400 0.02069500 0.01257500
v -0.01617800 0.01911900 0.01257500
v -0.01474700 0.01714100 0.01245000
v -0.01621100 0.01910800 0.01245000
v -0.01541800 0.01770800 0.01245000
v -0.01634100 0.02069400 0.01266700
v -0.01609000 0.01915000 0.01266700
v -0.01621500 0.02069200 0.01270000
v -0.01597200 0.01919200 0.01270000
v -0.01199800 0.01605900 0.01245000
v -0.01299000 0.01622600 0.01257500
v -0.01199700 0.01609500 0.01257500
v -0.01099300 0.01615100 0.01245000
v -0.01051650 0.01695894 0.01270000
v -0.01088100 0.01598800 0.00406000
v -0.01079200 0.01610500 0.01245000
v -0.01092300 0.01600700 0.00406000
v -0.01050700 0.01615800 0.01270000
v -0.01058200 0.01611500 0.01268500
v -0.01066100 0.01606900 0.01262700
v -0.01071200 0.01603900 0.01253700
v -0.01505887 0.02666362 0.00000000
v -0.00705900 0.00225500 0.02540000
v -0.00597563 0.00156894 0.00000000
v 0.00782175 -0.00490088 0.00000000
v 0.00780300 -0.00248400 0.00000000
v 0.00581300 -0.00408013 0.00000000
v 0.00633913 -0.00232013 0.02540000
v -0.02126300 -0.03682900 0.02487400
v -0.02181100 -0.03645000 0.02487400
v -0.02703500 -0.03282700 0.02487400
v -0.02773900 -0.03214200 0.02487400
v -0.03207000 -0.02792900 0.02487400
v -0.03283800 -0.02688400 0.02487400
v -0.03622900 -0.02227000 0.02487400
v -0.03695800 -0.02083000 0.02487400
v -0.03940100 -0.01600300 0.02487400
v -0.03997700 -0.01416100 0.02487400
v -0.04149700 -0.00930000 0.02487400
v -0.04180600 -0.00707500 0.02487400
v -0.04246200 -0.00234300 0.02487400
v -0.04239100 0.00021900 0.02487400
v -0.04226900 0.00467800 0.02487400
v -0.04171700 0.00750400 0.02487400
v -0.04092200 0.01157200 0.02487400
v -0.03980200 0.01456400 0.02487400
v -0.03251400 0.02718700 0.02487400
v -0.03845900 0.01814900 0.02487400
v -0.03494700 0.02423200 0.02487400
v -0.03048200 0.02965400 0.02487400
v -0.02735700 0.03237600 0.02487400
v -0.02518600 0.03426600 0.02487400
v -0.01920200 0.03794500 0.02487400
v -0.01477600 0.03974200 0.02487400
v -0.01269500 0.04058800 0.02487400
v -0.00772500 0.04170100 0.02487400
v -0.00584100 0.04212400 0.02487400
v -0.00044000 0.04242200 0.02487400
v 0.00117200 0.04251000 0.02487400
v 0.00686300 0.04188100 0.02487400
v 0.00815300 0.04173800 0.02487400
v 0.01396700 0.04009400 0.02487400
v 0.01491100 0.03982700 0.02487400
v 0.02066100 0.03711300 0.02487400
v 0.02126300 0.03682900 0.02487400
v 0.02181100 0.03645000 0.02487400
v 0.02703500 0.03282700 0.02487400
v 0.02773900 0.03214200 0.02487400
v 0.03207000 0.02792900 0.02487400
v 0.03283800 0.02688400 0.02487400
v 0.03622900 0.02227000 0.02487400
v 0.03695800 0.02083000 0.02487400
v 0.03940100 0.01600300 0.02487400
v 0.03997700 0.01416100 0.02487400
v 0.04149700 0.00930000 0.02487400
v 0.04180600 0.00707500 0.02487400
v 0.04246200 0.00234300 0.02487400
v 0.04239100 -0.00021900 0.02487400
v 0.04226900 -0.00467800 0.02487400
v 0.04171700 -0.00750400 0.02487400
v 0.04092200 -0.01157200 0.02487400
v 0.03980200 -0.01456400 0.02487400
v 0.03251400 -0.02718700 0.02487400
v 0.03845900 -0.01814900 0.02487400
v 0.03494700 -0.02423200 0.02487400
v 0.03048200 -0.02965400 0.02487400
v 0.02735700 -0.03237600 0.02487400
v 0.02518600 -0.03426600 0.02487400
v 0.01920200 -0.03794500 0.02487400
v 0.01477600 -0.03974200 0.02487400
v 0.01269500 -0.04058800 0.02487400
v 0.00772500 -0.04170100 0.02487400
v 0.00584100 -0.04212400 0.02487400
v 0.00044000 -0.04242200 0.02487400
v -0.00117200 -0.04251000 0.02487400
v -0.00686300 -0.04188100 0.02487400
v -0.00815300 -0.04173800 0.02487400
v -0.01396700 -0.04009400 0.02487400
v -0.01491100 -0.03982700 0.02487400
v -0.02066100 -0.03711300 0.02487400
v -0.04145475 -0.01591100 0.00000000
v -0.03261438 0.00242900 0.00000000
v -0.02192288 0.02143338 0.00000000
v 0.00220750 0.04481500 0.00000000
v 0.02470800 0.03842263 0.00000000
v 0.04161675 0.01679556 0.00000000
v 0.03077431 -0.00111125 0.00000000
v 0.03741350 -0.02648400 0.00000000
v 0.02334975 -0.02657050 0.00000000
v -0.01358325 -0.02824456 0.00000000
v -0.00916450 -0.04495750 0.00000000
v 0.00706200 0.00441175 0.00000000
v -0.00436300 -0.00210000 0.00000000
v -0.00513650 0.00828975 0.00000000
v 0.00279000 0.00972650 0.00000000
v -0.00962850 -0.01332238 0.00000000
v 0.00954188 0.02421269 0.00000000
v 0.02221475 0.02079562 0.00000000
v 0.01545050 -0.00159150 0.00000000
v -0.01486400 0.00260775 0.00000000
v 0.00276844 -0.00989712 0.00000000
v -0.00503525 -0.00589300 0.00000000
v -0.00348238 -0.00744575 0.00000000
v -0.00572400 -0.00991400 0.02489200
v -0.00405200 -0.01055600 0.02489200
v 0.00119700 -0.01138500 0.02489200
v 0.00292600 -0.01092100 0.02489200
v 0.00465600 -0.01045800 0.02489200
v 0.00615800 -0.00948300 0.02489200
v 0.00766000 -0.00850700 0.02489200
v 0.00878700 -0.00711600 0.02489200
v 0.00991400 -0.00572400 0.02489200
v 0.00985475 -0.00278675 0.02540000
v 0.01055600 -0.00405200 0.02489200
v 0.01119800 -0.00238000 0.02489200
v 0.01129100 -0.00059200 0.02489200
v 0.00772488 0.00597388 0.02540000
v 0.01138500 0.00119700 0.02489200
v 0.01092100 0.00292600 0.02489200
v 0.01045800 0.00465600 0.02489200
v 0.00572400 0.00991400 0.02489200
v 0.00711600 0.00878700 0.02489200
v -0.00873725 0.00280875 0.02540000
v 0.00392700 0.00105200 0.02540000
v 0.00405200 0.01055600 0.02489200
v -0.00119700 0.01138500 0.02489200
v -0.00292600 0.01092100 0.02489200
v -0.00465600 0.01045800 0.02489200
v -0.00615800 0.00948300 0.02489200
v -0.00766000 0.00850700 0.02489200
v -0.00878700 0.00711600 0.02489200
v -0.00991400 0.00572400 0.02489200
v -0.01055600 0.00405200 0.02489200
v -0.01119800 0.00238000 0.02489200
v -0.01129100 0.00059200 0.02489200
v -0.01138500 -0.00119700 0.02489200
v -0.01092100 -0.00292600 0.02489200
v -0.01045800 -0.00465600 0.02489200
v -0.00711600 -0.00878700 0.02489200
v 0.00936700 -0.00758400 0.00626100
v 0.01125100 -0.00432000 0.00626100
v 0.01172100 -0.00299900 0.00626100
v 0.00845700 -0.00865100 0.00626100
v 0.01098400 -0.00507200 0.00626100
v 0.00988400 -0.00697700 0.00626100
v 0.01369800 -0.00166200 0.00395200
v 0.01367800 -0.00166200 0.00396300
v 0.01334600 -0.00341500 0.00396000
v 0.01224100 -0.00162100 0.00532700
v 0.01219800 -0.00161900 0.00541900
v 0.01208800 -0.00161300 0.00565000
v 0.00858300 -0.00878000 0.00540700
v 0.01023200 -0.01046600 0.00381000
v 0.00963000 -0.00985100 0.00396000
v 0.00899800 -0.00920500 0.00452300
v 0.01003100 -0.00708100 0.00540700
v 0.01114800 -0.00514700 0.00540700
v 0.01359500 -0.00166000 0.00400900
v 0.01295300 -0.00164600 0.00436100
v 0.01247100 -0.00319100 0.00452300
v 0.01278800 -0.00164100 0.00453600
v 0.01278500 -0.00164100 0.00453900
v 0.01244200 -0.00163000 0.00490400
v 0.01454100 -0.00167500 0.00381000
v 0.01418000 -0.00362800 0.00381000
v 0.02839700 -0.00159400 0.00383500
v 0.02831700 -0.00152300 0.00391900
v 0.02794600 -0.00241200 0.00388300
v 0.02828500 -0.00149500 0.00401200
v 0.02788000 -0.00237400 0.00406000
v 0.01934000 -0.00149500 0.00401200
v 0.02802500 -0.00245800 0.00382500
v 0.02381200 -0.00487700 0.00382500
v 0.02547300 -0.00458600 0.00382500
v 0.02550300 -0.00466700 0.00381000
v 0.02693600 -0.00374600 0.00382500
v 0.02699100 -0.00381300 0.00381000
v 0.01934500 -0.00149100 0.00406000
v 0.01974500 -0.00237400 0.00406000
v 0.02381200 -0.00478600 0.00388300
v 0.02220800 -0.00442900 0.00406000
v 0.02542200 -0.00444400 0.00397300
v 0.02496700 -0.00450800 0.00406000
v 0.02683900 -0.00363100 0.00397300
v 0.02682900 -0.00361800 0.00406000
v 0.02541600 -0.00442900 0.00406000
v 0.02829800 -0.00150600 0.00397500
v 0.02789500 -0.00238300 0.00397300
v 0.02699200 -0.00342500 0.00406000
v 0.02544200 -0.00450000 0.00388300
v 0.02687700 -0.00367600 0.00388300
v 0.01454100 -0.00142100 0.00406000
v 0.01924500 -0.00142600 0.00401200
v 0.01454100 -0.00143800 0.00397300
v 0.01454100 -0.00158800 0.00382500
v 0.01917600 -0.00158900 0.00382900
v 0.01454100 -0.00158200 0.00382900
v 0.01454100 -0.00149700 0.00388300
v 0.01223500 -0.00153600 0.00532200
v 0.01364800 -0.00143500 0.00414300
v 0.01361700 -0.00148900 0.00406500
v 0.01278800 -0.00155400 0.00453600
v 0.01228900 -0.00146100 0.00534400
v 0.01359500 -0.00157000 0.00401300
v 0.01937200 -0.00130800 0.01245000
v 0.01929500 -0.00143200 0.00405900
v 0.01929800 -0.00143500 0.00405900
v 0.01933400 -0.00146900 0.00405900
v 0.01932500 -0.00146000 0.00405900
v 0.02837800 -0.00127400 0.01245000
v 0.02833800 -0.00142900 0.00406000
v 0.02830000 -0.00145600 0.00406000
v 0.04157300 -0.00138600 0.00605400
v 0.03930300 -0.00158200 0.00382900
v 0.02841200 -0.00150100 0.00388700
v 0.03930300 -0.00149700 0.00388300
v 0.04025000 -0.00158100 0.00401100
v 0.04095700 -0.00142800 0.00463500
v 0.04155900 -0.00147400 0.00534300
v 0.04019600 -0.00143700 0.00414200
v 0.04147900 -0.00141600 0.00537800
v 0.04022800 -0.00149400 0.00406200
v 0.04053000 -0.00167500 0.00412600
v 0.04105700 -0.00157500 0.00453400
v 0.04166400 -0.00165900 0.00540800
v 0.04161100 -0.00156400 0.00532100
v 0.04121200 -0.00166900 0.00467200
v 0.03180300 -0.02696700 0.00540700
v 0.02847400 -0.03070600 0.00626100
v 0.02449400 -0.03374300 0.00540700
v 0.02230200 -0.03531600 0.00561000
v 0.02234800 -0.03541500 0.00626100
v 0.02460000 -0.03388900 0.00626100
v 0.02212200 -0.03498400 0.00485500
v 0.02361500 -0.03253100 0.00396000
v 0.02414600 -0.03326300 0.00452300
v 0.02181400 -0.03443500 0.00424700
v 0.03135000 -0.02658300 0.00452300
v 0.03354700 -0.02214700 0.00396000
v 0.03595400 -0.01797900 0.00396000
v 0.03998000 -0.00418500 0.00396000
v 0.04087900 -0.00427900 0.00452300
v 0.04147000 -0.00434100 0.00540700
v 0.04164900 -0.00436000 0.00626100
v 0.04114500 -0.00740400 0.00626100
v 0.03931100 -0.01438500 0.00626100
v 0.03942500 -0.01411900 0.00626100
v 0.04082900 -0.00930600 0.00626100
v 0.03479700 -0.02297300 0.00540700
v 0.03745500 -0.01873000 0.00626100
v 0.03194000 -0.02708300 0.00626100
v 0.03494800 -0.02307200 0.00626100
v 0.02698400 -0.03193000 0.00626100
v 0.02236400 -0.03566000 0.01244600
v 0.03430200 -0.02264500 0.00452300
v 0.03676200 -0.01838400 0.00452300
v 0.02206000 -0.03540300 0.00626300
v 0.02215100 -0.03544700 0.00626100
v 0.02205600 -0.03525300 0.00534100
v 0.02171500 -0.03475500 0.00463400
v 0.02140700 -0.03409000 0.00406200
v 0.02179600 -0.03477800 0.00457200
v 0.02196500 -0.03521300 0.00537600
v 0.02205700 -0.03540000 0.00626300
v 0.02216000 -0.03525300 0.00531900
v 0.02225700 -0.03544900 0.00626000
v 0.02225300 -0.03545100 0.00626000
v 0.02149300 -0.03406500 0.00401000
v 0.02189200 -0.03476800 0.00453200
v 0.02235600 -0.03553800 0.00935400
v 0.02227300 -0.03569400 0.01244500
v 0.02226900 -0.03569600 0.01244500
v 0.02216800 -0.03569100 0.01244500
v 0.02207600 -0.03564800 0.01244700
v 0.02214900 -0.03571000 0.01256900
v 0.02205800 -0.03566200 0.01254900
v 0.02201200 -0.03569800 0.01263700
v 0.02200800 -0.03557500 0.01247800
v 0.02217400 -0.03576900 0.01273400
v 0.02209200 -0.03575100 0.01267400
v 0.02206200 -0.03584300 0.01282200
v 0.02200400 -0.03581100 0.01274500
v 0.02214000 -0.03581800 0.01288600
v 0.02224800 -0.03571800 0.01260100
v 0.02236100 -0.03566400 0.01250100
v 0.02229200 -0.03571700 0.01272600
v 0.02194000 -0.03574900 0.01269500
v 0.02194700 -0.03562800 0.01262100
v 0.02190800 -0.03565800 0.01266800
v 0.01507300 -0.02406600 0.01270000
v 0.01526200 -0.02395700 0.01257500
v 0.01522200 -0.02398000 0.01262100
v 0.01515100 -0.02369200 0.01266700
v 0.01522600 -0.02356400 0.01266700
v 0.01529500 -0.02362500 0.01257500
v 0.01523900 -0.02372200 0.01257500
v 0.01604400 -0.02221900 0.01266700
v 0.01613100 -0.02225200 0.01257500
v 0.01643400 -0.02067400 0.01257500
v 0.01616700 -0.01909000 0.01257500
v 0.01412500 -0.01667500 0.01257500
v 0.01261200 -0.01611300 0.01245000
v 0.01099300 -0.01615100 0.01245000
v 0.01634100 -0.02067300 0.01266700
v 0.01608000 -0.01912100 0.01266700
v 0.01529300 -0.01775800 0.01266700
v 0.01408000 -0.01675600 0.01266700
v 0.01592700 -0.02217400 0.01270000
v 0.01621600 -0.02067200 0.01270000
v 0.01596200 -0.01916400 0.01270000
v 0.01088100 -0.01598800 0.00406000
v 0.01089500 -0.01615100 0.01245000
v 0.01092300 -0.01600700 0.00406000
v 0.01081800 -0.01612200 0.01245000
v 0.01079200 -0.01610500 0.01245000
v 0.01050700 -0.01615800 0.01270000
v 0.01058200 -0.01611500 0.01268500
v 0.01066100 -0.01606900 0.01262700
v 0.01071200 -0.01603900 0.01253700
v 0.01064100 -0.02474200 0.01270000
v 0.01169800 -0.02492700 0.01270000
v 0.00807400 -0.01865000 0.01270000
v 0.00770600 -0.01965800 0.01270000
v 0.00880400 -0.01737600 0.01270000
v 0.00878300 -0.01758300 0.01270000
v 0.00962400 -0.02457400 0.01245000
v 0.01056600 -0.02498500 0.01245000
v 0.00964200 -0.02454400 0.01257500
v 0.01057700 -0.02495100 0.01257500
v 0.00968800 -0.02446300 0.01266700
v 0.01060400 -0.02486200 0.01266700
v 0.01168600 -0.02518100 0.01245000
v 0.01169200 -0.02505200 0.01266700
v 0.00796200 -0.01859300 0.01266700
v 0.00849000 -0.01759600 0.01245000
v 0.00784800 -0.01853400 0.01245000
v 0.00795400 -0.02290400 0.01245000
v 0.00798500 -0.02288600 0.01257500
v 0.00864100 -0.02381000 0.01245000
v 0.00866600 -0.02378500 0.01257500
v 0.00758300 -0.01963000 0.01266700
v 0.00806500 -0.02284000 0.01266700
v 0.00873200 -0.02372000 0.01266700
v 0.00858700 -0.01740000 0.01257500
v 0.00867900 -0.01739000 0.01266700
v 0.00866400 -0.01754500 0.01266700
v 0.00839500 -0.01747800 0.00405900
v 0.00838100 -0.01749900 0.00406000
v 0.00839800 -0.01746600 0.00405900
v 0.00781600 -0.01828600 0.00406000
v 0.00782700 -0.02297700 0.00406000
v 0.00887300 -0.02422600 0.00406000
v 0.01028100 -0.02504300 0.00406000
v 0.01053000 -0.02508800 0.00406000
v 0.01188400 -0.02533200 0.00406000
v 0.01281800 -0.02538900 0.00383500
v 0.01284000 -0.02528500 0.00391900
v 0.01188400 -0.02540800 0.00388300
v 0.01284800 -0.02524300 0.00401200
v 0.00837500 -0.01749700 0.00401200
v 0.00780100 -0.01827800 0.00397300
v 0.01188300 -0.02549900 0.00382500
v 0.00767100 -0.01820400 0.00382500
v 0.01188300 -0.02558600 0.00381000
v 0.00824700 -0.01745300 0.00384200
v 0.00724800 -0.01981600 0.00397300
v 0.00781300 -0.02298600 0.00397300
v 0.00886200 -0.02423900 0.00397300
v 0.01284500 -0.02526000 0.00397500
v 0.01188400 -0.02534900 0.00397300
v 0.00833500 -0.01748200 0.00391900
v 0.00775000 -0.01824900 0.00388300
v 0.00719000 -0.01980600 0.00388300
v 0.00776100 -0.02301500 0.00388300
v 0.00882400 -0.02428400 0.00388300
v -0.00745300 -0.04102500 0.00540700
v -0.01235500 -0.04001200 0.00626100
v 0.00745300 -0.04102500 0.00540700
v 0.00249600 -0.04162200 0.00540700
v 0.00250700 -0.04180200 0.00626100
v 0.01916000 -0.03652500 0.00467200
v 0.01907900 -0.03638700 0.00454400
v 0.01673400 -0.03754200 0.00452300
v 0.01881500 -0.03593800 0.00412600
v 0.01636600 -0.03671600 0.00396000
v -0.01697500 -0.03808500 0.00540700
v -0.01943300 -0.03697200 0.00561000
v -0.01949600 -0.03706100 0.00626100
v -0.01704900 -0.03824900 0.00626100
v -0.01923600 -0.03665000 0.00485500
v -0.01907500 -0.03637900 0.00455000
v -0.01673400 -0.03754200 0.00452300
v -0.01891500 -0.03610900 0.00424700
v -0.01636600 -0.03671600 0.00396000
v 0.01704900 -0.03824900 0.00626100
v 0.01697500 -0.03808500 0.00540700
v 0.01457100 -0.03918000 0.00626100
v 0.00748500 -0.04120200 0.00626100
v -0.00748500 -0.04120200 0.00626100
v -0.00676300 -0.04128900 0.00626100
v -0.00249600 -0.04162200 0.00540700
v -0.00250700 -0.04180200 0.00626100
v 0.00043900 -0.04180200 0.00626100
v -0.01375000 -0.03948900 0.00626100
v -0.00734600 -0.04044100 0.00452300
v -0.00246100 -0.04102900 0.00452300
v -0.01963000 -0.03680600 0.00626300
v -0.01962200 -0.03690700 0.00626100
v -0.01950200 -0.03672800 0.00534100
v -0.01924100 -0.03618300 0.00463400
v -0.01881900 -0.03558400 0.00406200
v -0.01922100 -0.03626500 0.00457200
v -0.01951300 -0.03662900 0.00537600
v -0.01957200 -0.03700000 0.00626000
v -0.01957500 -0.03699700 0.00626000
v -0.01875400 -0.03564600 0.00401000
v -0.01916400 -0.03634300 0.00453200
v -0.01983200 -0.03693900 0.01244700
v -0.01959900 -0.03713000 0.00935400
v -0.01970100 -0.03719800 0.01244600
v -0.01977600 -0.03713600 0.01244500
v -0.01977900 -0.03713300 0.01244500
v -0.01982600 -0.03704400 0.01244500
v -0.01983400 -0.03694200 0.01244700
v -0.01985500 -0.03693400 0.01254900
v -0.01985100 -0.03703600 0.01256900
v -0.01991000 -0.03691200 0.01263700
v -0.01980500 -0.03684700 0.01247800
v -0.01989000 -0.03708800 0.01273400
v -0.01991600 -0.03700800 0.01267400
v -0.02001000 -0.03702700 0.01282200
v -0.02001100 -0.03696100 0.01274500
v -0.02016000 -0.03697100 0.01294500
v -0.01994900 -0.03708300 0.01288600
v -0.01985000 -0.03713200 0.01278900
v -0.01980900 -0.03712600 0.01260100
v -0.01970500 -0.03719700 0.01250100
v -0.01978600 -0.03716300 0.01272600
v -0.01988100 -0.03682100 0.01262100
v -0.01992700 -0.03680200 0.01266800
v -0.02009800 -0.03685700 0.01273300
v -0.02012000 -0.03689800 0.01277700
v -0.02014200 -0.03693800 0.01282200
v -0.01319600 -0.02514900 0.01266700
v -0.01276800 -0.02484500 0.01270000
v -0.01279400 -0.02496800 0.01266700
v -0.01295000 -0.02496900 0.01266700
v -0.01281200 -0.02505900 0.01257500
v -0.01122000 -0.02500400 0.01266700
v -0.01120600 -0.02509600 0.01257500
v -0.00968700 -0.02457000 0.01257500
v -0.00844900 -0.02354600 0.01257500
v -0.00851700 -0.01761900 0.01257500
v -0.00973300 -0.02448900 0.01266700
v -0.00851900 -0.02348600 0.01266700
v -0.01124000 -0.02488000 0.01270000
v -0.00857300 -0.01752300 0.01257500
v -0.02180600 -0.03572800 0.01270000
v -0.02183300 -0.03571000 0.01269800
v -0.02199200 -0.03559100 0.01253500
v -0.02199000 -0.03559300 0.01254500
v -0.02214900 -0.03571000 0.01256900
v -0.02200400 -0.03581100 0.01274500
v -0.02201200 -0.03569800 0.01263700
v -0.02217400 -0.03576900 0.01273300
v -0.02209200 -0.03575100 0.01267400
v -0.02224800 -0.03571800 0.01260100
v -0.02231500 -0.03570000 0.01268000
v -0.02223100 -0.03575700 0.01279000
v -0.02187000 -0.03583400 0.01273300
v -0.02189400 -0.03587300 0.01277700
v -0.02206200 -0.03584300 0.01282200
v -0.02191900 -0.03591300 0.01282200
v -0.02198600 -0.03591500 0.01294200
v -0.02218000 -0.03579200 0.01285800
v -0.02205800 -0.03566200 0.01254900
v -0.02105500 -0.03646800 0.01294500
v -0.02047800 -0.03679200 0.01294500
v 0.02732300 0.03165200 0.00626100
v 0.02460000 0.03388900 0.00626100
v 0.02847400 0.03070600 0.00626100
v 0.03194000 0.02708300 0.00626100
v 0.03237600 0.02650100 0.00626100
v 0.03494800 0.02307200 0.00626100
v 0.04164900 0.00436000 0.00626100
v 0.04121600 0.00697100 0.00626100
v 0.04082900 0.00930600 0.00626100
v 0.03946600 0.01397600 0.00626100
v 0.03942500 0.01411900 0.00626100
v 0.03745500 0.01873000 0.00626100
v 0.03180300 0.02696700 0.00540700
v 0.04087900 0.00427900 0.00452300
v 0.04147000 0.00434100 0.00540700
v 0.04173500 0.00165600 0.00561000
v 0.03784500 0.01355300 0.00396000
v 0.03595400 0.01797900 0.00396000
v 0.03354700 0.02214700 0.00396000
v 0.03066000 0.02599800 0.00396000
v 0.02414600 0.03326300 0.00452300
v 0.02449400 0.03374300 0.00540700
v 0.03479700 0.02297300 0.00540700
v 0.03729400 0.01864900 0.00540700
v 0.04065400 0.00926600 0.00540700
v 0.04007500 0.00913400 0.00452300
v 0.03869600 0.01385800 0.00452300
v 0.03676200 0.01838400 0.00452300
v 0.03430200 0.02264500 0.00452300
v 0.03135000 0.02658300 0.00452300
f 1 3 2
f 1 4 3
f 1 2 4
f 8 7 5
f 11 6 12
f 12 6 8
f 13 9 14
f 14 9 10
f 16 18 19
f 16 19 15
f 23 24 25
f 25 24 26
f 28 29 30
f 30 31 32
f 32 31 33
f 32 33 34
f 34 33 35
f 36 20 37
f 37 20 21
f 38 23 39
f 39 23 25
f 35 41 42
f 42 41 43
f 22 45 24
f 24 45 46
f 24 46 26
f 26 46 47
f 27 48 29
f 29 48 49
f 31 50 33
f 33 50 51
f 53 58 55
f 55 58 59
f 56 60 57
f 57 60 61
f 63 62 64
f 66 65 67
f 69 71 72
f 75 74 76
f 69 72 70
f 70 72 73
f 70 73 77
f 78 77 79
f 84 50 49
f 87 46 88
f 88 46 45
f 88 45 89
f 80 82 81
f 90 85 86
f 90 86 91
f 92 71 69
f 94 44 43
f 94 43 95
f 93 94 96
f 97 95 83
f 97 83 80
f 100 99 98
f 106 103 104
f 106 104 107
f 101 102 108
f 108 102 105
f 108 105 109
f 108 111 112
f 108 112 101
f 40 113 114
f 40 114 115
f 17 116 117
f 36 119 120
f 36 120 20
f 121 122 123
f 119 118 121
f 119 121 120
f 120 121 123
f 124 125 126
f 121 126 122
f 68 12 67
f 67 12 13
f 127 110 131
f 131 110 107
f 54 133 52
f 129 128 132
f 132 128 130
f 135 136 137
f 140 141 137
f 137 141 142
f 137 142 135
f 135 142 143
f 145 146 147
f 147 146 148
f 151 153 152
f 152 153 154
f 153 155 154
f 154 155 156
f 154 156 146
f 146 156 148
f 157 149 158
f 158 149 150
f 138 139 161
f 162 163 164
f 168 136 169
f 168 169 166
f 166 169 170
f 171 163 162
f 171 162 172
f 175 174 176
f 159 165 160
f 168 140 137
f 165 138 161
f 164 161 167
f 173 166 170
f 186 187 188
f 188 187 189
f 199 198 200
f 200 198 197
f 202 205 203
f 225 206 207
f 208 210 211
f 208 211 209
f 214 213 215
f 214 215 216
f 221 214 216
f 221 216 222
f 222 216 218
f 222 218 223
f 224 220 204
f 224 204 202
f 226 223 227
f 228 202 201
f 190 230 191
f 191 230 231
f 187 210 189
f 189 210 229
f 232 219 233
f 233 219 217
f 234 215 235
f 235 215 213
f 235 213 236
f 236 213 212
f 236 212 237
f 237 212 211
f 242 238 239
f 243 240 244
f 244 240 241
f 247 248 249
f 252 249 250
f 245 251 246
f 246 251 252
f 255 253 256
f 258 254 259
f 259 254 255
f 260 257 261
f 261 257 258
f 195 260 194
f 194 260 261
f 262 196 263
f 263 196 193
f 264 193 192
f 265 267 268
f 270 269 271
f 277 278 279
f 281 280 282
f 296 300 297
f 297 300 301
f 298 302 299
f 299 302 303
f 313 312 314
f 314 312 311
f 318 319 320
f 320 319 321
f 325 316 326
f 326 316 317
f 346 327 328
f 329 331 332
f 329 332 330
f 335 334 336
f 335 336 337
f 342 335 337
f 342 337 343
f 343 337 339
f 343 339 344
f 345 341 320
f 345 320 322
f 347 344 348
f 349 322 323
f 350 351 353
f 300 331 301
f 301 331 352
f 355 340 356
f 356 340 338
f 357 336 358
f 358 336 334
f 358 334 359
f 359 334 333
f 359 333 360
f 360 333 332
f 365 361 362
f 366 363 367
f 367 363 364
f 368 315 369
f 369 315 324
f 369 324 370
f 370 324 319
f 373 374 375
f 378 375 376
f 371 377 372
f 372 377 378
f 381 379 382
f 384 380 385
f 385 380 381
f 386 383 387
f 387 383 384
f 309 386 308
f 308 386 387
f 307 388 304
f 304 388 354
f 389 310 391
f 391 310 306
f 392 306 305
f 399 398 400
f 400 398 401
f 403 402 404
f 408 409 410
f 417 409 418
f 419 406 420
f 420 406 407
f 422 421 423
f 408 424 425
f 433 434 432
f 432 434 435
f 444 445 446
f 446 445 447
f 446 447 448
f 448 447 449
f 454 455 456
f 456 455 457
f 458 448 459
f 459 448 450
f 462 454 463
f 463 454 456
f 465 459 466
f 466 459 460
f 467 461 468
f 469 468 470
f 464 436 471
f 471 436 438
f 471 438 472
f 472 438 440
f 472 440 473
f 473 440 442
f 429 474 430
f 430 474 433
f 430 433 432
f 426 475 427
f 427 475 476
f 477 478 479
f 477 479 426
f 426 479 480
f 482 483 428
f 428 483 484
f 481 485 486
f 487 431 488
f 492 496 497
f 490 492 497
f 490 497 489
f 488 498 499
f 488 499 487
f 491 500 493
f 493 500 494
f 495 494 501
f 502 443 441
f 503 439 437
f 503 437 504
f 504 437 457
f 504 457 505
f 506 453 452
f 506 452 507
f 507 452 451
f 507 451 508
f 510 506 507
f 510 507 511
f 512 509 514
f 516 515 517
f 516 517 518
f 513 514 516
f 513 516 519
f 521 520 522
f 478 524 479
f 480 525 523
f 480 523 475
f 526 528 527
f 484 483 528
f 528 483 529
f 532 531 533
f 533 531 530
f 533 530 481
f 542 543 536
f 546 534 548
f 539 538 550
f 550 538 551
f 549 552 551
f 551 552 553
f 551 553 550
f 538 543 551
f 551 546 549
f 547 545 544
f 559 560 561
f 558 559 561
f 562 579 563
f 563 579 580
f 557 558 578
f 578 558 575
f 580 571 581
f 581 571 570
f 581 570 582
f 582 570 556
f 565 564 552
f 584 585 586
f 590 591 592
f 596 597 598
f 602 589 588
f 590 584 591
f 591 584 586
f 591 586 594
f 594 586 605
f 587 606 607
f 585 603 586
f 586 603 604
f 608 609 610
f 610 609 611
f 592 593 608
f 608 593 609
f 596 612 595
f 615 614 616
f 617 618 619
f 619 620 617
f 623 621 624
f 625 622 626
f 628 629 626
f 621 628 626
f 639 638 640
f 639 640 641
f 641 640 642
f 641 642 643
f 644 637 645
f 646 639 647
f 648 641 643
f 648 643 649
f 650 644 651
f 652 647 648
f 652 648 653
f 657 658 659
f 660 661 662
f 662 654 663
f 660 662 663
f 660 663 664
f 666 665 657
f 666 657 659
f 666 659 667
f 672 671 669
f 674 673 668
f 668 655 656
f 679 680 677
f 670 678 671
f 685 686 687
f 688 689 690
f 691 688 692
f 692 688 690
f 692 690 693
f 693 690 694
f 687 697 698
f 687 698 685
f 685 698 699
f 700 701 702
f 705 684 681
f 706 705 707
f 706 707 701
f 707 681 682
f 707 682 714
f 714 682 704
f 714 704 708
f 692 709 711
f 717 703 718
f 718 703 715
f 716 713 712
f 710 716 719
f 721 720 722
f 613 612 726
f 613 726 725
f 724 730 731
f 727 599 600
f 728 601 729
f 729 601 602
f 729 602 723
f 696 695 697
f 698 697 736
f 736 695 734
f 734 695 735
f 738 733 732
f 740 699 741
f 748 746 749
f 749 747 750
f 751 753 752
f 752 753 754
f 746 752 744
f 739 737 738
f 755 757 758
f 763 762 764
f 767 766 764
f 772 771 773
f 760 774 761
f 769 756 755
f 773 762 761
f 779 765 767
f 780 779 781
f 781 779 767
f 781 767 782
f 782 767 768
f 783 780 781
f 784 785 786
f 789 788 790
f 781 782 791
f 792 793 794
f 798 799 800
f 796 788 801
f 796 801 797
f 786 802 803
f 803 802 796
f 791 796 798
f 791 798 781
f 781 800 783
f 810 811 812
f 815 810 816
f 816 810 812
f 816 812 817
f 812 820 821
f 825 824 826
f 825 826 809
f 809 826 804
f 804 829 818
f 821 830 831
f 826 832 833
f 808 807 827
f 827 807 806
f 825 808 827
f 822 828 823
f 832 834 833
f 833 836 829
f 838 837 839
f 840 847 842
f 842 847 848
f 848 851 850
f 850 845 848
f 848 846 849
f 849 844 843
f 854 853 855
f 857 858 859
f 861 859 862
f 860 861 863
f 863 861 864
f 840 841 866
f 862 856 861
f 872 868 869
f 870 873 874
f 870 874 871
f 878 879 880
f 884 885 886
f 889 890 891
f 895 894 896
f 898 881 899
f 899 881 882
f 884 878 885
f 885 878 880
f 894 901 897
f 879 898 880
f 901 900 883
f 902 886 903
f 903 886 887
f 904 888 905
f 905 889 906
f 895 907 908
f 893 909 892
f 891 910 906
f 891 906 889
f 912 914 915
f 916 911 915
f 918 914 917
f 926 924 923
f 921 922 928
f 852 919 920
f 929 927 930
f 930 923 922
f 931 932 933
f 876 877 925
f 875 876 934
f 934 876 925
f 934 925 935
f 935 925 926
f 936 937 938
f 939 868 940
f 939 940 941
f 941 940 942
f 934 935 943
f 944 945 946
f 947 944 948
f 947 948 937
f 940 874 873
f 948 946 942
f 950 942 940
f 950 940 949
f 938 950 951
f 959 964 961
f 961 964 965
f 966 968 967
f 976 975 977
f 981 972 973
f 981 973 982
f 982 973 974
f 983 978 980
f 983 980 984
f 988 985 953
f 994 990 995
f 991 993 996
f 996 997 954
f 999 998 1000
f 990 986 987
f 999 956 957
f 954 955 996
f 991 1000 992
f 1003 745 1007
f 1003 1007 1004
f 1013 1006 1005
f 1012 1010 1011
f 1013 1009 1008
f 1016 1017 1018
f 1019 1020 1021
f 1021 1018 1022
f 1019 1023 1020
f 1024 1014 1015
f 1018 1025 1022
f 970 1027 971
f 1028 1029 975
f 979 1031 969
f 969 1031 1032
f 1033 1034 1035
f 1036 1032 1031
f 1040 1041 1038
f 1038 1041 1042
f 1022 1025 1043
f 1026 1019 1037
f 1045 1030 1044
f 1044 1030 1029
f 1046 1036 1047
f 1045 1049 1047
f 1047 1049 1035
f 1046 1035 1034
f 1048 1039 1049
f 1049 1040 1035
f 1035 1040 1038
f 1035 1038 1033
f 1051 627 1052
f 1053 560 1054
f 1055 1053 1056
f 1056 1053 1054
f 1056 1054 1057
f 1057 1054 1058
f 1057 1058 1059
f 1052 1061 1062
f 1052 1062 1051
f 1051 1062 1050
f 1060 1052 1063
f 1064 1063 1065
f 1066 1067 1068
f 1069 1070 1068
f 1068 1070 1071
f 1066 1071 1072
f 1057 1073 1056
f 1074 1055 1056
f 1075 1056 1073
f 1068 1076 1069
f 1066 1073 1064
f 1087 1089 1090
f 1079 1083 1082
f 1078 1092 1077
f 1093 1077 1092
f 631 1095 1096
f 1096 630 632
f 1081 1080 1087
f 1084 1081 1086
f 1092 1085 1091
f 1092 1091 1094
f 1089 1088 1099
f 1099 1088 1100
f 1099 1100 1101
f 1097 1104 1088
f 1106 1103 1102
f 1102 1098 1106
f 1106 1098 1107
f 1105 1109 1110
f 1105 1110 1108
f 1101 1100 1111
f 1111 1100 1112
f 1110 1113 1112
f 1112 1104 1106
f 1114 633 1115
f 1115 633 634
f 1117 1118 1119
f 1120 1118 1121
f 1120 1121 1122
f 636 1121 1123
f 638 1124 640
f 642 1124 1116
f 1125 635 1126
f 1126 1127 1128
f 1127 1129 1128
f 1133 1134 1135
f 1134 1136 1135
f 1138 1131 1132
f 1147 1143 1146
f 1145 1144 1150
f 1151 1148 1152
f 1152 1148 1149
f 1153 1155 1154
f 1161 1162 1163
f 1163 1162 1164
f 1166 1167 1168
f 1168 1169 1170
f 1170 1169 1171
f 1170 1171 1172
f 1172 1171 1173
f 1174 1158 1175
f 1175 1158 1159
f 1176 1161 1177
f 1177 1161 1163
f 1160 1178 1162
f 1162 1178 1179
f 1162 1179 1164
f 1164 1179 1180
f 1165 1181 1167
f 1167 1181 1182
f 1169 1183 1171
f 1171 1183 1184
f 1173 1185 1186
f 1186 1185 1187
f 1192 1191 1193
f 1195 1196 1194
f 1194 1196 1197
f 1198 1150 1199
f 1199 1150 1151
f 1156 1203 1157
f 1157 1203 1204
f 1207 1206 1189
f 1208 1209 1205
f 1212 1213 1190
f 1190 1213 1207
f 1212 1214 1211
f 1211 1214 1216
f 1216 1215 1217
f 1219 1188 1187
f 1219 1187 1220
f 1218 1219 1223
f 1224 1220 1222
f 1224 1222 1225
f 1227 1183 1182
f 1230 1179 1231
f 1231 1179 1178
f 1231 1178 1232
f 1225 1221 1226
f 1234 1228 1229
f 1234 1229 1235
f 1236 1233 1237
f 1233 1238 1237
f 1237 1238 1239
f 1240 1197 1241
f 1200 1244 1199
f 1243 1242 1245
f 1250 1248 1252
f 1252 1248 1247
f 1253 1246 1202
f 1202 1246 1201
f 1251 1255 1249
f 1254 1204 1257
f 1255 1258 1256
f 1256 1258 1259
f 1204 1203 1257
f 1257 1203 1210
f 1262 1263 1264
f 1264 1263 1265
f 1260 1268 1267
f 1282 1283 1284
f 1285 1286 1287
f 1291 1293 1294
f 1291 1294 1289
f 1289 1294 1295
f 1279 1286 1285
f 1279 1285 1277
f 1274 1273 1297
f 1297 1296 1298
f 1268 1288 1269
f 1281 1264 1266
f 1284 1283 1291
f 1291 1299 1292
f 1288 1282 1284
f 1287 1284 1290
f 1296 1289 1295
f 1300 1293 1292
f 1299 1301 1292
f 1292 1301 1302
f 1292 1302 1300
f 1300 1302 1303
f 1309 1305 1310
f 1304 1306 1311
f 1311 1312 1313
f 1313 1314 1315
f 1315 1316 1317
f 1322 1323 1321
f 1321 1323 1324
f 1309 1318 1306
f 1331 1330 1332
f 1331 1332 1333
f 1339 1329 1331
f 1344 1325 1338
f 1344 1338 1345
f 1346 1340 1341
f 1347 1341 1342
f 1347 1342 1348
f 1350 1349 1351
f 1350 1351 1352
f 1352 1351 1353
f 1351 1343 1353
f 1353 1343 1337
f 1353 1337 1355
f 1355 1337 1336
f 1356 1357 1261
f 1336 1358 1355
f 1355 1358 1359
f 1355 1359 1354
f 1354 1359 1356
f 1361 1362 1363
f 1366 1367 1368
f 1368 1367 1369
f 1371 1372 1373
f 1379 1378 1377
f 1385 1364 1386
f 1386 1364 1365
f 1366 1361 1367
f 1367 1361 1363
f 1376 1389 1377
f 1377 1381 1380
f 1362 1385 1363
f 1389 1387 1381
f 1381 1387 1388
f 1390 1368 1391
f 1391 1368 1369
f 1391 1369 1392
f 1392 1370 1393
f 1393 1371 1394
f 1398 1401 1399
f 1399 1401 1402
f 1399 1402 1400
f 1406 1403 1407
f 1407 1403 1404
f 1412 1407 1408
f 1412 1408 1413
f 1413 1408 1409
f 1416 1417 1418
f 1418 1417 1419
f 1422 1423 1424
f 1424 1423 1425
f 1426 1418 1427
f 1427 1418 1420
f 1428 1421 1429
f 1429 1421 1422
f 1430 1422 1424
f 1431 1429 1432
f 1432 1429 1430
f 1414 1433 1415
f 1415 1433 1434
f 1415 1434 1417
f 1417 1434 1435
f 1423 1439 1425
f 1425 1439 1440
f 1443 1444 1413
f 1413 1444 1445
f 1446 1447 1448
f 1448 1447 1449
f 1450 1451 1452
f 1452 1451 1453
f 1454 1446 1448
f 1454 1448 1455
f 1455 1448 1450
f 1455 1450 1456
f 1456 1450 1452
f 1457 1454 1458
f 1460 1458 1459
f 1405 1461 1462
f 1405 1462 1409
f 1409 1462 1443
f 1409 1443 1413
f 1462 1442 1443
f 1463 1464 1465
f 1466 1468 1467
f 1467 1468 1469
f 1472 1471 1473
f 1472 1473 1474
f 1473 1476 1474
f 1475 1410 1477
f 1477 1410 1411
f 1481 1483 1485
f 1481 1485 1488
f 1488 1486 1489
f 1479 1481 1488
f 1479 1488 1478
f 1477 1489 1490
f 1477 1490 1475
f 1480 1491 1482
f 1482 1491 1492
f 1482 1492 1484
f 1484 1492 1493
f 1494 1453 1451
f 1494 1451 1495
f 1499 1497 1500
f 1496 1501 1498
f 1498 1501 1502
f 1501 1441 1440
f 1501 1440 1503
f 1504 1439 1438
f 1504 1438 1505
f 1505 1438 1437
f 1505 1437 1506
f 1506 1437 1436
f 1506 1436 1507
f 1510 1505 1506
f 1510 1506 1511
f 1513 1509 1510
f 1513 1510 1514
f 1515 1516 1517
f 1512 1508 1522
f 1524 1523 1525
f 1524 1525 1526
f 1512 1522 1521
f 1521 1522 1524
f 1521 1524 1528
f 1527 1529 1530
f 1531 1532 1533
f 1402 1534 1518
f 1535 1520 1536
f 1536 1520 1519
f 1536 1519 1534
f 1534 1519 1518
f 1537 1538 1539
f 1539 1538 1541
f 1538 1542 1541
f 1541 1543 1532
f 1532 1543 1533
f 1537 1540 1544
f 1549 1546 1550
f 1550 1546 1545
f 1550 1545 1472
f 1472 1545 1470
f 1548 1551 1547
f 1547 1551 1552
f 1553 1490 1487
f 1559 1558 1557
f 1560 1561 1562
f 1562 1561 1563
f 1554 1558 1565
f 1565 1558 1559
f 1565 1559 1566
f 1566 1559 1567
f 1556 1574 1559
f 1577 1563 1578
f 1576 1575 1579
f 1576 1579 1578
f 1578 1579 1580
f 1578 1580 1577
f 1563 1570 1578
f 1578 1572 1576
f 1573 1571 1555
f 1583 1581 1584
f 1587 1593 1586
f 1592 1595 1596
f 1586 1598 1585
f 1585 1598 1599
f 1602 1603 1604
f 1604 1605 1606
f 1606 1605 1607
f 1609 1608 1610
f 1609 1610 1611
f 1600 1588 1601
f 1614 1597 1590
f 1614 1590 1612
f 1603 1601 1614
f 1603 1614 1605
f 1605 1614 1612
f 1615 1611 1616
f 1616 1610 1617
f 1617 1613 1618
f 1618 1589 1619
f 1620 1621 1622
f 1623 1624 1625
f 1625 1624 1626
f 1625 1626 1627
f 1628 1621 1629
f 1629 1621 1620
f 1629 1620 1630
f 1630 1620 1631
f 1632 1633 1634
f 1634 1633 1635
f 1624 1634 1626
f 1640 1644 1642
f 1642 1644 1645
f 1642 1645 1643
f 1659 1658 1660
f 1659 1660 1661
f 1661 1660 1662
f 1661 1662 1663
f 1663 1662 1648
f 1663 1648 1647
f 1651 1652 1655
f 1651 1655 1664
f 1665 1657 1659
f 1665 1659 1666
f 1667 1661 1663
f 1667 1663 1668
f 1669 1666 1667
f 1669 1667 1670
f 1673 1677 1674
f 1677 1676 1650
f 1677 1650 1678
f 1678 1650 1649
f 1680 1679 1681
f 1685 1686 1687
f 1689 1690 1691
f 1695 1694 1689
f 1695 1689 1691
f 1695 1691 1696
f 1687 1688 1697
f 1698 1690 1689
f 1702 1701 1699
f 1700 1702 1703
f 1703 1704 1705
f 1705 1704 1697
f 1697 1685 1687
f 1680 1682 1699
f 1704 1684 1683
f 1711 1712 1708
f 1694 1709 1689
f 1689 1709 1710
f 1689 1710 1698
f 1700 1709 1701
f 1717 1718 1719
f 1720 1721 1722
f 1723 1720 1724
f 1724 1720 1722
f 1724 1722 1725
f 1725 1722 1726
f 1719 1728 1730
f 1719 1730 1717
f 1717 1730 1731
f 1733 1734 1735
f 1739 1716 1713
f 1740 1739 1741
f 1740 1741 1734
f 1737 1748 1749
f 1741 1713 1714
f 1741 1714 1750
f 1750 1714 1737
f 1750 1737 1742
f 1742 1737 1749
f 1742 1749 1743
f 1738 1729 1735
f 1724 1744 1746
f 1752 1748 1747
f 1752 1747 1753
f 1753 1747 1736
f 1753 1736 1754
f 1754 1736 1751
f 1743 1755 1745
f 1746 1756 1732
f 1757 1760 1758
f 1758 1760 1761
f 1765 1766 1639
f 1636 1637 1674
f 1641 1772 1773
f 1776 1777 1778
f 1781 1780 1775
f 1781 1623 1782
f 1781 1782 1779
f 1784 1777 1776
f 1784 1776 1785
f 1785 1786 1787
f 1788 1787 1786
f 1770 1629 1769
f 1777 1774 1778
f 1769 1773 1772
f 1769 1772 1771
f 1775 1632 1781
f 1769 1775 1778
f 1778 1775 1780
f 1778 1780 1776
f 1786 1779 1783
f 1786 1783 1789
f 1794 1795 1796
f 1797 1798 1799
f 1800 1797 1801
f 1801 1797 1799
f 1801 1799 1802
f 1802 1799 1803
f 1802 1803 1804
f 1796 1806 1807
f 1796 1807 1794
f 1794 1807 1808
f 1805 1796 1809
f 1810 1809 1811
f 1812 1796 1795
f 1813 1814 1815
f 1791 1790 1815
f 1815 1790 1817
f 1813 1817 1818
f 1805 1809 1804
f 1802 1819 1801
f 1820 1800 1801
f 1820 1801 1821
f 1821 1801 1819
f 1816 1793 1815
f 1815 1792 1791
f 1813 1819 1810
f 1814 1810 1811
f 1824 1822 1823
f 1826 1825 1827
f 1828 1829 1830
f 1830 1829 1831
f 1828 1830 1833
f 1830 1616 1833
f 1834 1618 1619
f 1619 1836 1835
f 1838 1839 1764
f 1838 1764 1763
f 1828 1833 1832
f 1840 1837 1841
f 1767 1840 1841
f 1767 1841 1768
f 1591 1619 1589
f 1593 1764 1839
f 1593 1839 1594
f 1843 1842 1759
f 1844 1762 1587
f 1850 1851 1852
f 1722 1853 1726
f 1726 1851 1727
f 1727 1851 1728
f 1854 1845 1855
f 1846 1849 1855
f 1730 1728 1856
f 1856 1851 1849
f 1849 1851 1850
f 1858 1859 1860
f 1861 1848 1847
f 1863 1731 1864
f 1870 1868 1871
f 1871 1868 1869
f 1871 1869 1872
f 1874 1876 1875
f 1875 1876 1877
f 1875 1877 1878
f 1881 1880 1882
f 1860 1883 1879
f 1868 1875 1867
f 1862 1857 1861
f 1875 1860 1873
f 1889 1890 1891
f 1890 1893 1891
f 1894 1895 1896
f 1897 1898 1899
f 1901 1908 1904
f 1904 1908 1909
f 1907 1906 1910
f 1906 1911 1910
f 1910 1911 1912
f 1916 1915 1917
f 1916 1917 1918
f 1921 1920 1922
f 1921 1922 1923
f 1926 1916 1918
f 1926 1918 1927
f 1927 1918 1919
f 1927 1919 1928
f 1929 1923 1925
f 1929 1925 1930
f 1931 1932 1933
f 1913 1936 1914
f 1914 1936 1937
f 1938 1939 1920
f 1924 1941 1912
f 1912 1941 1942
f 1943 1945 1946
f 1947 1942 1941
f 1582 1951 1944
f 1953 1885 1944
f 1944 1885 1884
f 1954 1955 1956
f 1956 1957 1958
f 1935 1948 1950
f 1960 1940 1959
f 1959 1940 1939
f 1961 1947 1962
f 1960 1964 1962
f 1962 1964 1946
f 1961 1946 1945
f 1963 1952 1964
f 1964 1952 1953
f 1964 1953 1946
f 1946 1953 1944
f 1946 1944 1943
f 1965 1966 1967
f 1948 1968 1949
f 1949 1968 1967
f 1949 1967 1954
f 1948 1934 1968
f 1969 1971 1972
f 1966 1957 1967
f 1967 1955 1954
f 1970 1965 1967
f 1976 1977 1974
f 1973 1979 1980
f 1979 1977 1978
f 1980 1976 1975
f 1887 1886 1982
f 1888 1887 1981
f 1981 1887 1982
f 1981 1982 1985
f 1897 1899 1986
f 1982 1892 1988
f 1982 1988 1985
f 1989 1991 1992
f 1992 1993 1994
f 1995 1996 1997
f 1997 1996 1998
f 1998 1996 1999
f 1998 1999 2000
f 1986 1896 1897
f 1988 1893 1890
f 1988 1890 1991
f 2001 2002 1997
f 1997 2003 1995
f 1983 1998 2000
f 1983 2000 1987
f 1994 2001 1992
f 1992 1997 1989
f 1989 1997 1998
f 1989 1998 1990
f 2008 2009 2010
f 2002 2008 2003
f 2013 2014 2015
f 2005 2016 2017
f 2005 2017 2006
f 2006 2017 2007
f 2012 2018 2019
f 2021 2009 2008
f 2022 2021 2023
f 2022 2023 2014
f 2017 2027 2028
f 2023 2008 2007
f 2029 2007 2017
f 2029 2017 2024
f 2024 2028 2025
f 2015 2030 2019
f 2015 2023 2029
f 2015 2029 2030
f 2032 2020 2031
f 2033 2034 2035
f 2011 2033 2012
f 2012 2033 2035
f 2012 2035 2018
f 2018 2035 2036
f 2026 2040 2027
f 2042 2044 2043
f 2043 2044 2045
f 1395 2004 1898
f 2046 1902 2048
f 2047 1900 2051
f 2051 1900 1903
f 2052 2054 1905
f 2061 2062 2063
f 2063 2062 2057
f 1561 1560 2063
f 2061 2064 2065
f 2066 2058 2067
f 2067 2058 2068
f 2070 2069 2068
f 2053 1565 2060
f 2059 2056 2055
f 2057 1568 2063
f 2063 1568 1569
f 2063 1569 1561
f 2060 2057 2059
f 2058 2062 2061
f 2058 2061 2068
f 2068 2061 2065
f 2068 2065 2071
f 2069 2072 2073
f 2073 2072 2074
f 2073 2074 2075
f 2073 2076 2069
f 2079 2081 2082
f 2084 2083 2085
f 2088 2089 2090
f 2091 2092 2093
f 2097 2098 2099
f 2090 2109 2088
f 2096 2097 2099
f 2104 2103 2102
f 2095 2093 2094
f 2094 2093 2092
f 2102 2100 2096
f 2116 2086 2117
f 2117 2086 2112
f 2093 2107 2091
f 2091 2107 2105
f 2118 2119 2120
f 2123 2122 2121
f 2124 2125 2120
f 2098 2097 2127
f 2127 2097 2126
f 2130 2101 2103
f 2130 2103 2129
f 2129 2122 2130
f 2130 2123 2120
f 2120 2123 2121
f 2120 2121 2124
f 2132 2098 2127
f 2133 2132 2134
f 2134 2132 2127
f 2134 2127 2135
f 2135 2127 2136
f 2127 2128 2136
f 2136 2128 2119
f 2136 2119 2137
f 2137 2119 2118
f 2137 2131 2138
f 2141 2131 2080
f 2142 2143 2144
f 2144 2143 2145
f 2144 2146 2142
f 2137 2138 2136
f 2136 2138 2139
f 2135 2139 2148
f 2135 2148 2134
f 2149 2133 2134
f 2150 2134 2148
f 2150 2148 2147
f 2145 2078 2077
f 2145 2077 2144
f 2144 2077 2076
f 2147 2148 2142
f 2142 2148 2139
f 2142 2139 2143
f 2143 2139 2140
f 2143 2140 2145
f 2152 1391 1392
f 2153 1393 1394
f 2153 1394 2154
f 1394 2155 2154
f 2151 2152 2153
f 2151 2153 2158
f 2158 2153 2154
f 2158 2154 2159
f 2049 2151 2050
f 1378 2045 2157
f 1375 2156 1374
f 1373 2155 1394
f 1373 1394 1371
f 2041 2162 2163
f 2160 2161 2164
f 2164 2161 2163
f 2166 2162 2165
f 2167 1384 1383
f 1382 2167 1383
f 2168 2171 2172
f 2036 2180 2178
f 2173 2176 2181
f 2039 2038 2183
f 2176 2186 2184
f 2182 2171 2170
f 2182 2170 2169
f 2038 2037 2184
f 2184 2178 2176
f 2181 2177 2179
f 2191 2175 2174
f 2192 2039 2183
f 2193 2192 2194
f 2194 2183 2185
f 2193 2194 2195
f 2195 2194 2196
f 2198 2199 2200
f 2200 2199 2201
f 2207 2190 2208
f 2185 2187 2194
f 2198 2205 2206
f 2210 2209 2205
f 2214 2213 2215
f 2214 2215 2216
f 2217 2215 2218
f 1360 2219 2211
f 2220 2215 2213
f 2227 2223 2224
f 2221 2222 2230
f 2230 2222 2231
f 2224 2232 2233
f 2232 2225 2233
f 1319 2226 1326
f 1326 2227 1327
f 1327 2229 1328
f 1328 2229 2228
f 1332 2222 1334
f 1358 1336 2212
f 2212 1336 1335
f 2234 1319 2235
f 2239 2238 2236
f 2199 2198 2242
f 2245 2243 2237
f 2249 2201 2199
f 2249 2242 2250
f 2198 2206 2242
f 2242 2206 2248
f 2240 2189 2188
f 2248 2204 2252
f 2252 2241 2246
f 2252 2246 2248
f 2248 2246 2247
f 2248 2247 2251
f 2251 2245 2244
f 2236 1308 2255
f 2239 2236 2253
f 2253 2236 2255
f 2253 2255 2254
f 2254 2255 2257
f 1308 1307 2255
f 2255 1307 2261
f 2265 2264 2266
f 2265 2266 2267
f 2270 2269 2271
f 2267 2266 2259
f 2259 1313 1315
f 2261 1310 1305
f 2264 1305 1304
f 2266 1304 1311
f 2272 2273 2270
f 2267 2272 2265
f 2265 2272 2270
f 2262 2271 2263
f 2263 2271 2258
f 2280 2281 2282
f 2283 2284 2285
f 2275 2287 2276
f 2276 2287 2277
f 2282 2288 2289
f 2283 2285 2290
f 2291 2279 2278
f 2296 2297 2298
f 2293 2277 2300
f 2294 2287 2299
f 2294 2299 2295
f 2285 2293 2300
f 2285 2300 2301
f 2301 2300 2294
f 2289 2294 2296
f 2289 2296 2282
f 2282 2296 2298
f 2282 2298 2280
f 2303 2304 2305
f 2281 2303 2282
f 2282 2303 2305
f 2282 2305 2288
f 2288 2305 2306
f 2302 2307 2309
f 2312 2314 2315
f 2312 2315 2311
f 2321 2320 2322
f 2305 2323 2322
f 2317 2318 2325
f 2327 2307 2328
f 2319 2329 2318
f 2318 2329 2330
f 2318 2330 2328
f 2317 2313 2326
f 2326 2313 2312
f 2326 2312 2310
f 2328 2308 2320
f 2328 2320 2318
f 2325 2321 2324
f 1138 1139 2333
f 1137 667 2334
f 1141 1140 2335
f 2333 2339 1131
f 2319 2336 2329
f 2336 2316 2337
f 2331 2330 2340
f 2327 2332 2309
f 2332 2343 2309
f 2344 2345 2341
f 2341 2345 2346
f 2332 2331 2340
f 1134 2335 1136
f 2330 2329 2340
f 2340 2329 2336
f 2335 2333 1142
f 1142 2333 1139
f 2338 390 1130
f 2348 2349 2350
f 2354 2353 2355
f 2353 2365 2355
f 2350 2367 2348
f 2371 2370 2369
f 2373 2374 2375
f 2373 2375 2372
f 2372 2375 2376
f 2356 2357 1109
f 2374 2355 2375
f 2375 2355 2363
f 2377 2378 2379
f 2382 2381 2380
f 2379 2384 2377
f 2386 2349 2385
f 2385 2349 2348
f 2387 394 393
f 2388 2370 2387
f 2379 2385 2388
f 2388 2385 2368
f 2387 2381 2388
f 2388 2381 2382
f 2379 2380 2383
f 2383 2380 397
f 2393 2394 2395
f 2397 2398 2399
f 1271 1270 2399
f 2399 1270 2401
f 2392 2394 2391
f 2391 2394 2393
f 2391 2393 2390
f 2403 2351 2389
f 2403 2389 2404
f 2404 2389 2402
f 2400 1278 1276
f 2400 1276 2399
f 2399 1275 1271
f 2397 2402 2393
f 2397 2393 2398
f 2398 2395 2400
f 2400 2405 1280
f 395 2396 396
f 2406 2408 2409
f 2406 2409 2407
f 2411 2410 2412
f 2410 2413 2412
f 2414 403 405
f 405 2417 2415
f 2421 2419 2420
f 2421 2420 2422
f 2424 2423 2425
f 2423 2426 2425
f 411 405 404
f 412 413 2418
f 2416 414 415
f 2423 416 417
f 2426 417 418
f 2428 2429 2430
f 2286 2431 2432
f 2298 2433 2434
f 2274 1317 2427
f 2427 1317 1316
f 2427 1316 1320
f 2525 285 2528
f 288 285 2525
f 2534 288 2525
f 288 2534 2526
f 288 2526 2437
f 2437 2526 2533
f 285 287 2528
f 2531 1397 2530
f 2530 1396 2525
f 1397 2531 2525
f 1397 2525 1396
f 2533 2516 2527
f 2533 2527 2437
f 2437 2527 286
f 2529 2514 2515
f 2514 2529 290
f 2534 2524 2523
f 2534 295 2524
f 293 2522 295
f 293 295 294
f 2534 291 295
f 2532 2521 2534
f 2534 2521 291
f 2532 1638 2521
f 2531 2520 2532
f 2532 2520 1638
f 2531 2519 2520
f 2531 2518 2519
f 2517 2518 2530
f 2530 2518 2531
f 583 2516 2533
f 2527 2528 286
f 286 2528 287
f 2435 2517 2530
f 1396 2530 1397
f 2515 583 2529
f 2529 583 2533
f 2529 2533 2526
f 2529 2526 2535
f 2535 2536 2529
f 2529 2536 2534
f 2535 2526 2536
f 2536 2526 2534
f 2529 2534 2523
f 2529 2523 290
f 2516 2435 2527
f 2527 2435 2530
f 2527 2530 2528
f 2528 2530 2525
f 2525 2440 2534
f 2438 2532 2534
f 2532 2438 2439
f 2534 2440 2438
f 2531 2532 2525
f 2525 2532 2439
f 2525 2439 2440
f 289 2436 2556
f 283 2441 2557
f 283 2557 284
f 2557 2550 284
f 2441 2546 2557
f 2557 2546 2550
f 2565 2564 2342
f 2572 1002 1001
f 952 2537 957
f 998 2572 1001
f 699 740 685
f 685 740 742
f 685 742 686
f 659 2347 2334
f 659 2334 667
f 2566 676 2567
f 2567 676 675
f 2568 683 2569
f 2563 2279 2291
f 2564 2292 2284
f 2284 2283 2564
f 2564 2283 2290
f 2564 2290 2342
f 2342 2290 2302
f 2260 2560 2202
f 2268 2562 2561
f 2268 2561 2560
f 2558 2010 2009
f 2009 2021 2558
f 2558 2021 2022
f 2192 2020 2032
f 2559 2197 2560
f 2202 2203 2256
f 2345 2565 2346
f 700 686 2570
f 2570 686 742
f 2571 742 743
f 749 989 2572
f 2545 2544 2573
f 2555 2000 1999
f 2010 2554 1995
f 1996 2555 1999
f 1731 1863 1717
f 1717 1863 1865
f 1717 1865 1718
f 1691 2574 2575
f 1691 2575 1696
f 2547 1707 2548
f 2548 1707 1706
f 2549 1715 2551
f 2543 793 792
f 2544 795 785
f 785 784 2544
f 2544 784 778
f 2544 778 2573
f 2573 778 777
f 819 2540 813
f 805 2542 2541
f 805 2541 2540
f 2538 952 945
f 945 944 2538
f 2538 944 947
f 857 932 931
f 2539 865 2540
f 813 867 814
f 2577 2545 2578
f 1733 1718 2552
f 2552 1718 1865
f 2553 1865 1866
f 1871 1984 2555
f 2579 2580 2581
f 2584 1696 2575
f 774 760 2587
f 776 775 2588
f 772 2585 770
f 2585 2576 770
f 2590 2577 2589
f 2589 2577 2578
f 2592 2594 2593
f 2587 759 2586
f 2581 2598 2597
f 2585 776 2588
f 2582 2593 2596
f 775 774 2588
f 2588 774 2587
f 2593 2581 2591
f 2591 2581 2580
f 2599 2600 2601
f 2607 2608 2609
f 2609 2608 2610
f 2611 2604 2612
f 2621 2602 2603
f 2615 2613 2623
f 2615 2623 2617
f 2617 2623 2624
f 2621 2601 2620
f 2620 2601 2600
f 2613 2606 2623
f 2623 2606 2607
f 2624 2609 2601
f 2601 2609 2605
f 2601 2605 2599
f 2626 2625 2627
f 2628 2629 2630
f 2583 2582 2632
f 2634 2631 2633
f 2596 2595 2635
f 1696 2584 1695
f 2582 2596 2632
f 2632 2596 2635
f 2632 2635 2636
f 2579 2597 2628
f 2628 2637 2580
f 2636 1692 1693
f 2636 1693 2632
f 2630 2631 2637
f 2638 2639 2640
f 2641 1671 2642
f 2642 2638 2640
f 1672 2612 1675
f 1653 2614 1654
f 1656 2616 1658
f 1658 2619 2618
f 1658 2618 1660
f 1660 2618 2622
f 1660 2622 1662
f 1662 2603 1648
f 2644 2643 1643
f 2644 1643 2645
f 2645 1643 1646
f 2648 2647 2649
f 2646 2654 1620
f 2646 1620 1622
f 2652 1633 1631
f 2652 1620 2654
f 2650 2656 2657
f 2650 2657 2655
f 1627 1626 2658
f 2657 2660 2659
f 1626 1635 2659
f 2659 1635 2652
f 2655 2651 2653
f 2664 2665 2666
f 1627 2658 2677
f 2677 2658 2676
f 2663 2664 2666
f 2668 2670 2669
f 2672 2671 2688
f 2672 2688 2673
f 2673 2688 2689
f 2674 2675 2656
f 2671 2661 2688
f 2688 2661 2682
f 2690 2691 2692
f 2695 2694 2693
f 2696 2697 2692
f 2665 2664 2699
f 2699 2698 2700
f 2701 276 275
f 2702 2670 2701
f 2692 2698 2702
f 2702 2698 2667
f 2701 2694 2702
f 2702 2694 2695
f 2692 2693 2696
f 2696 2693 274
f 2703 2665 2699
f 2687 2703 2704
f 2704 2703 2699
f 2704 2699 2705
f 2699 2700 2706
f 2706 2700 2691
f 2708 2709 2710
f 2712 2713 2714
f 179 178 2714
f 2714 178 2716
f 2707 2709 2706
f 2706 2709 2708
f 2706 2708 2705
f 2718 2687 2704
f 2718 2704 2719
f 2719 2704 2717
f 2715 183 182
f 2715 182 2714
f 2714 181 179
f 2712 2717 2708
f 2712 2708 2713
f 2713 2710 2715
f 2715 2720 184
f 272 2711 273
f 2721 2724 2725
f 2721 2725 2722
f 2727 2726 2728
f 2726 2729 2728
f 2728 266 265
f 2728 265 2731
f 2737 2732 2733
f 2737 2733 2738
f 2739 2734 2740
f 2741 2730 2737
f 2742 2737 2738
f 2742 2738 2743
f 278 2736 2735
f 2745 2746 2747
f 2747 2744 2748
f 787 2749 2750
f 800 2751 2752
f 157 185 292
f 292 185 2723
f 2759 2760 2761
f 2761 2760 2762
f 2761 2762 2763
f 2763 2762 2764
f 2764 2766 2753
f 2753 2766 2754
f 2775 2771 2773
f 2776 2773 2761
f 2776 2761 2763
f 2755 2767 2774
f 2755 2774 2756
f 2778 2779 2757
f 2757 2779 2758
f 835 2777 834
f 2780 2768 2782
f 2768 2781 2769
f 2770 2784 2772
f 2759 2785 2786
f 2759 2786 2760
f 2760 2787 2765
f 148 2788 147
f 2789 2790 2791
f 2792 147 2788
f 2795 2797 144
f 2783 2793 2794
f 2802 2792 2803
f 2803 2792 2788
f 2794 2805 2799
f 2799 2805 2806
f 2800 2807 2801
f 2801 2807 2808
f 2804 2798 2805
f 2805 2798 2796
f 2811 2812 2813
f 2814 2815 2816
f 2820 2821 2822
f 2813 2831 2811
f 2819 2820 2822
f 2827 2826 2825
f 2818 2816 2817
f 2817 2816 2815
f 2825 2823 2819
f 2838 2809 2839
f 2839 2809 2834
f 2816 2829 2814
f 2840 2841 2842
f 2845 2844 2843
f 2821 2820 2847
f 2850 2824 2826
f 2850 2826 2849
f 2849 2844 2850
f 2850 2845 2842
f 2842 2845 2843
f 2842 2843 2846
f 2852 2821 2847
f 2853 2852 2854
f 2854 2852 2847
f 2854 2847 2855
f 2856 2848 2841
f 2856 2841 2857
f 2857 2841 2840
f 2857 2851 2858
f 2861 2851 134
f 2862 2863 2864
f 2864 2863 2865
f 2864 2867 2862
f 2857 2858 2856
f 2856 2858 2859
f 2855 2859 2869
f 2855 2869 2854
f 2870 2853 2854
f 2871 2854 2869
f 2871 2869 2868
f 2865 2874 2875
f 2865 2875 2864
f 2864 2875 2876
f 2868 2869 2862
f 2862 2869 2859
f 2862 2859 2863
f 2863 2859 2860
f 2863 2860 2865
f 2872 2877 2873
f 2879 2880 2881
f 2883 903 904
f 2884 905 906
f 2884 906 2885
f 906 910 2885
f 2882 2883 2884
f 2882 2884 2887
f 2887 2884 2885
f 2887 2885 2888
f 2878 2882 2889
f 2890 2886 913
f 913 2886 907
f 2891 958 2892
f 2892 958 960
f 963 2894 962
f 2898 2899 2900
f 2900 2899 2895
f 536 535 2900
f 2898 2901 2902
f 2903 2896 2904
f 2904 2896 2905
f 2907 2906 2905
f 2893 540 2909
f 2895 541 2900
f 2900 541 542
f 2900 542 536
f 2909 2895 2897
f 2896 2899 2898
f 2896 2898 2905
f 2905 2898 2902
f 2905 2902 2908
f 2149 2150 2475
f 2133 2099 2132
f 2132 2099 2098
f 2149 2475 2133
f 2133 2475 2115
f 2475 2147 2146
f 2475 2146 2476
f 2477 2075 2074
f 2478 2074 2072
f 2466 1297 2467
f 2467 1297 1298
f 2467 1298 1295
f 1294 1293 2108
f 2108 1293 2106
f 2403 2464 2351
f 2464 2401 2465
f 2465 2401 1270
f 2466 1272 1274
f 2456 1093 2457
f 2457 1093 1094
f 1090 1089 2359
f 2358 1089 1099
f 2358 1099 1101
f 1074 1075 2453
f 1074 2453 1055
f 1075 1072 2453
f 2453 1072 1071
f 2454 1071 1070
f 2454 1070 2455
f 2443 2907 2444
f 2444 2907 2908
f 2444 2908 2445
f 2445 2908 2902
f 566 535 537
f 566 537 539
f 2901 567 2445
f 2445 567 568
f 2446 568 555
f 2447 555 554
f 2448 554 569
f 560 1053 561
f 561 1053 1055
f 577 2453 576
f 576 2453 2452
f 576 2452 574
f 574 2451 573
f 572 2450 2449
f 1090 2359 2457
f 2457 2362 2458
f 2458 2361 2459
f 2459 2361 2360
f 2459 2360 2461
f 2461 2360 2364
f 2462 2366 2460
f 2463 2365 2353
f 2464 2353 2352
f 2351 2352 2350
f 1295 1294 2467
f 2467 2108 2468
f 2469 2109 2470
f 2470 2109 2090
f 2471 2114 2472
f 2473 2113 2111
f 2473 2111 2474
f 2474 2110 2475
f 2475 2110 2087
f 2475 2087 2115
f 2870 2871 2511
f 2853 2822 2852
f 2852 2822 2821
f 2870 2511 2853
f 2853 2511 2837
f 2502 176 2503
f 2503 176 177
f 2503 177 170
f 169 136 2830
f 2830 136 2828
f 2718 2500 2687
f 2500 2716 2501
f 2501 2716 178
f 2502 180 175
f 2492 1788 2493
f 2493 1788 1789
f 1782 1623 2678
f 2677 1623 1625
f 2677 1625 1627
f 1820 1821 2489
f 1820 2489 1800
f 1821 1818 2489
f 2489 1818 1817
f 2490 1817 1790
f 2490 1790 2491
f 2479 2070 2480
f 2480 2070 2071
f 2480 2071 2481
f 2481 2071 2065
f 2913 1560 1562
f 2913 1562 1564
f 2910 2442 2911
f 2911 2513 2866
f 2866 2513 2512
f 2867 2512 2511
f 2867 2511 2868
f 2868 2511 2871
f 2064 2912 2481
f 2481 2912 2914
f 2482 2914 2915
f 2483 2915 2916
f 2484 2916 2917
f 1798 1797 2918
f 2918 1797 1800
f 2919 2489 2920
f 2920 2489 2488
f 2920 2488 2921
f 2921 2487 2922
f 2923 2486 2485
f 1782 2678 2493
f 2493 2681 2494
f 2494 2680 2495
f 2495 2680 2679
f 2495 2679 2497
f 2497 2679 2683
f 2498 2685 2496
f 2499 2684 2662
f 2500 2662 2686
f 2687 2686 2666
f 170 169 2503
f 2503 2830 2504
f 2505 2831 2506
f 2506 2831 2813
f 2507 2836 2508
f 2509 2835 2833
f 2509 2833 2510
f 2510 2832 2511
f 2511 2832 2810
f 2511 2810 2837
f 2927 1798 2918
f 2926 2927 2918
f 2928 2938 2929
f 2929 2938 2939
f 2930 2940 2931
f 2931 2940 2941
f 2925 2926 2937
f 2937 2926 2936
f 2939 2935 2940
f 2940 2935 2934
f 2940 2934 2941
f 2941 2934 2924
f 2932 2933 1579

