# https://github.com/mikedh/trimesh

o link_head_tilt_0.obj
v 0.02082200 0.03694900 0.03176200
v 0.02082200 0.03636200 0.03222950
v 0.02282200 0.03405100 0.02627100
v 0.02282200 0.03244900 0.02099000
v 0.02282200 0.02984800 0.01612300
v 0.02282200 -0.08160400 0.01973300
v 0.02282200 0.01721400 0.00575600
v 0.02282200 0.02208100 0.00835700
v 0.02282200 -0.06647200 0.00548100
v 0.02282200 -0.06151500 0.00408400
v 0.02282200 -0.08149100 0.01906700
v 0.02282200 -0.08137900 0.01880700
v 0.02282200 -0.07871400 0.01461800
v 0.02282200 -0.07521700 0.01083800
v 0.02282200 -0.07109000 0.00775800
v 0.02182500 -0.08137700 0.01872700
v 0.02082200 -0.08137400 0.01864700
v 0.02082200 -0.08235600 0.01811950
v 0.02082200 -0.07988250 0.01422450
v 0.02082200 -0.07876900 0.01457500
v 0.02082200 -0.07526400 0.01078600
v 0.02082200 -0.07112700 0.00769800
v 0.02082200 -0.06798250 0.00487300
v 0.02082200 -0.06649700 0.00541600
v 0.02082200 -0.06152800 0.00401500
v 0.02082200 -0.05638700 0.00354300
v 0.02082200 -0.04110700 0.00239950
v 0.02082200 -0.00631050 0.00327200
v 0.02082200 0.00644200 0.00354300
v 0.02082200 -0.00906000 0.00183150
v 0.02082200 0.02212000 0.00829900
v 0.02082200 0.02146500 0.00602400
v 0.02082200 0.02990600 0.01608500
v 0.02082200 0.03251300 0.02096300
v 0.02082200 0.03535025 0.02689525
v 0.02082200 0.03411900 0.02625700
v 0.02082200 -0.08160400 0.02889150
v 0.02153600 -0.08160400 0.02743400
v 0.02082200 -0.08217650 0.03775500
v 0.02082200 -0.08217125 0.02078850
v 0.02082200 -0.08158300 0.01928900
v 0.02082200 -0.08160400 0.01958200
v 0.02082200 0.03440300 0.02126950
v 0.02082200 0.03626400 0.02564700
v 0.02082200 0.03075525 0.01450225
v 0.02082200 0.03289600 0.01656800
v 0.02082200 0.03164100 0.01476200
v 0.02082200 0.01646050 0.00423950
v 0.02082200 0.01234000 0.00183100
v 0.02082200 0.01729200 0.00325000
v 0.02082200 -0.08192700 0.01511100
v 0.02082200 0.00567050 0.00125600
v 0.02082200 0.00644200 0.00125600
v 0.02082200 -0.06361950 0.00282300
v 0.02082200 -0.06698500 0.00317200
v 0.02082200 0.01000775 0.00216850
v 0.02082200 0.01024800 0.00159300
v 0.02082200 -0.05638700 0.00125600
v 0.02082200 -0.04971475 0.00125600
v 0.02082200 -0.00547700 0.00125600
v 0.02082200 -0.06037650 0.00160200
v 0.02128900 -0.08160400 0.02268300
v 0.02175600 -0.08160400 0.01965200
v 0.02225000 -0.08160400 0.03759300
v 0.02082200 -0.08160400 0.03781100
v 0.02225000 -0.08125100 0.03895300
v 0.02225000 -0.08082400 0.04029200
v 0.02282200 -0.08160400 0.04379200
v 0.02282200 -0.08137900 0.04471700
v 0.02282200 -0.08158500 0.04407500
v 0.02282200 -0.07109000 0.05576700
v 0.02282200 -0.07521700 0.05268700
v 0.02282200 -0.07871400 0.04890700
v 0.02282200 0.01193400 0.05937100
v 0.02282200 0.01721400 0.05776900
v 0.02282200 0.02208100 0.05516800
v 0.02282200 0.02634700 0.05166700
v 0.02282200 0.02984800 0.04740200
v 0.02183400 -0.08137700 0.04479700
v 0.02082200 -0.08137400 0.04487800
v 0.02082200 -0.07876900 0.04895000
v 0.02082200 -0.07526400 0.05273900
v 0.02082200 -0.07112700 0.05582700
v 0.02082200 -0.05638700 0.05998200
v 0.02082200 0.03523350 0.03752900
v 0.02082200 0.03402300 0.04155850
v 0.02082200 0.02990600 0.04744000
v 0.02082200 0.03164700 0.04663250
v 0.02082200 0.02639600 0.05171700
v 0.02082200 0.02751025 0.05282800
v 0.02082200 0.02212000 0.05522600
v 0.02082200 0.02084050 0.05785525
v 0.02082200 0.01724100 0.05783400
v 0.02082200 0.01194700 0.05944000
v 0.02082200 0.01084725 0.06115650
v 0.02082200 0.00644200 0.05998200
v 0.02082200 -0.08160400 0.03750400
v 0.02082200 0.03474900 0.04308950
v 0.02082200 0.03224150 0.04798750
v 0.02082200 0.03668500 0.03491400
v 0.02082200 -0.06206200 0.06162500
v 0.02082200 0.02583500 0.05531200
v 0.02082200 0.02452100 0.05621500
v 0.02082200 -0.07954900 0.04974000
v 0.02082200 -0.07740150 0.05304075
v 0.02082200 -0.07653100 0.05453800
v 0.02082200 -0.07125325 0.05761150
v 0.02082200 -0.07389500 0.05674600
v 0.02082200 -0.07210400 0.05778300
v 0.02082200 -0.05638700 0.06226900
v 0.02082200 -0.05990525 0.06129750
v 0.02082200 -0.08149100 0.04460900
v 0.02082200 -0.08216000 0.04680750
v 0.02082200 -0.08123500 0.04946300
v 0.02082200 0.00644200 0.06226900
v 0.02082200 0.00106300 0.06226900
v 0.02082200 -0.05935700 0.06212400
v 0.02082200 -0.04143050 0.06169725
v 0.02225000 -0.08160400 0.03750400
v 0.02253600 -0.08160400 0.03463300
v 0.02225000 -0.08136600 0.03846500
v 0.02225000 -0.08109100 0.03941600
v 0.02225000 -0.08078000 0.04035600
v 0.02176500 -0.08160400 0.04387200
v 0.03907200 -0.08389400 0.02011900
v 0.03918900 -0.08389400 0.02014850
v 0.02082200 -0.08389400 0.01857000
v 0.03907200 -0.08262600 0.01776900
v 0.02082200 -0.08174300 0.01479900
v 0.03907200 -0.08121400 0.01515300
v 0.03907200 -0.08090900 0.01478200
v 0.03907200 -0.07879100 0.01220500
v 0.03907200 -0.07297400 0.00692100
v 0.03907200 -0.07423600 0.00795600
v 0.03907200 -0.07660200 0.00989600
v 0.03907200 -0.07749900 0.01063200
v 0.03907200 -0.07185200 0.00632200
v 0.02082200 -0.06805500 0.00357500
v 0.03907200 -0.06706400 0.00393700
v 0.03907200 -0.06941800 0.00502200
v 0.02082200 -0.06233600 0.00184100
v 0.03907200 -0.06221100 0.00246600
v 0.03907200 -0.06249400 0.00255200
v 0.03907200 -0.06471000 0.00322300
v 0.03907200 -0.06781200 0.00416400
v 0.03907200 -0.06034000 0.00228200
v 0.03907200 -0.05638700 0.00189300
v 0.02983900 -0.08191900 0.04302300
v 0.02082200 -0.08160400 0.04442900
v 0.02082200 -0.08039000 0.04660200
v 0.03882200 -0.06058000 0.05903300
v 0.03882200 -0.06127200 0.05891800
v 0.02082200 -0.06208800 0.05940000
v 0.03882200 -0.05638700 0.05935300
v 0.03882200 -0.05708900 0.05934500
v 0.03882200 -0.05779000 0.05931800
v 0.03882200 -0.05849000 0.05927300
v 0.03882200 -0.05918900 0.05921100
v 0.03882200 -0.05988600 0.05913100
v 0.03882200 -0.06196100 0.05878500
v 0.03882200 -0.06264600 0.05863400
v 0.03882200 -0.06332800 0.05846600
v 0.03882200 -0.06534200 0.05786000
v 0.02082200 -0.06755400 0.05767900
v 0.03882200 -0.06467600 0.05807900
v 0.03882200 -0.06400400 0.05828100
v 0.03882200 -0.06600300 0.05762400
v 0.03882200 -0.06730500 0.05710200
v 0.03882200 -0.06794600 0.05681600
v 0.03882200 -0.06982100 0.05586200
v 0.02082200 -0.07255900 0.05488900
v 0.03882200 -0.06920400 0.05619600
v 0.03882200 -0.06857900 0.05651400
v 0.03882200 -0.08223300 0.04041500
v 0.03882200 -0.07985500 0.04627200
v 0.03882200 -0.07644100 0.05071300
v 0.03882200 -0.07441300 0.05265100
v 0.03882200 -0.07219900 0.05437400
v 0.03182200 0.03651400 0.03001200
v 0.02482200 0.03675900 0.03001200
v 0.03907200 0.02884600 0.01220500
v 0.03907200 0.02756300 0.01064100
v 0.02082200 0.02801400 0.01019100
v 0.03907200 0.00644200 0.00189300
v 0.03907200 0.01254900 0.00255100
v 0.03907200 0.01787300 0.00416700
v 0.03907200 0.01476400 0.00322400
v 0.03907200 0.01711900 0.00393800
v 0.03907200 0.01947300 0.00502200
v 0.02082200 0.02339100 0.00639700
v 0.03907200 0.02665600 0.00989700
v 0.03907200 0.02429100 0.00795600
v 0.03907200 0.02303700 0.00692700
v 0.03907200 0.02190700 0.00632300
v 0.02082200 0.03180800 0.01481400
v 0.03907200 0.03127800 0.01516800
v 0.03007500 0.03331200 0.01801200
v 0.02482200 0.03092500 0.01801200
v 0.02482200 0.03351800 0.01801200
v 0.02082200 0.03462700 0.02008800
v 0.03004000 0.03483400 0.02151200
v 0.02449700 0.03350900 0.01796900
v 0.02419700 0.03345700 0.01784500
v 0.02393400 0.03336200 0.01764200
v 0.02374000 0.03323400 0.01738700
v 0.02357200 0.03156350 0.01676200
v 0.02357200 0.03289600 0.01676200
v 0.02374000 0.03252500 0.01613700
v 0.02374000 0.03117200 0.01613700
v 0.02419700 0.03222700 0.01568000
v 0.02449400 0.03213700 0.01555600
v 0.02482200 0.03209600 0.01551200
v 0.02871750 0.03055300 0.01551200
v 0.03182200 0.03180600 0.01551200
v 0.03214900 0.03182000 0.01555600
v 0.03244700 0.03188700 0.01568000
v 0.03290500 0.03287100 0.01738700
v 0.03907200 0.03403800 0.02033200
v 0.03307200 0.03251400 0.01676200
v 0.03907200 0.03267100 0.01777400
v 0.03290500 0.03215100 0.01613700
v 0.03271100 0.03200300 0.01588400
v 0.03244700 0.03313200 0.01784500
v 0.03214900 0.03320800 0.01796900
v 0.03182200 0.03324400 0.01801200
v 0.02082200 0.03636300 0.02581100
v 0.02449800 0.03461750 0.02397000
v 0.02449800 0.03580400 0.02397000
v 0.02419700 0.03578200 0.02384500
v 0.02419700 0.03459350 0.02384500
v 0.02393700 0.03573600 0.02364500
v 0.02393700 0.03454550 0.02364500
v 0.02365500 0.03318500 0.02307300
v 0.02374000 0.03567100 0.02338700
v 0.02357200 0.03549100 0.02276200
v 0.02374000 0.03407200 0.02213700
v 0.02419700 0.03511000 0.02168000
v 0.02449700 0.03505500 0.02155500
v 0.03050400 0.03359400 0.02151200
v 0.03182200 0.03476700 0.02151200
v 0.03182200 0.03354450 0.02151200
v 0.03214700 0.03477100 0.02155500
v 0.03214700 0.03354850 0.02155500
v 0.03244700 0.03480400 0.02168000
v 0.03270800 0.03486500 0.02188000
v 0.03290500 0.03494600 0.02213700
v 0.03907200 0.03422800 0.02095800
v 0.03290500 0.03373300 0.02213700
v 0.03307200 0.03514300 0.02276200
v 0.03907200 0.03528500 0.02444300
v 0.03907200 0.03573800 0.02593500
v 0.03290500 0.03533800 0.02338700
v 0.03244700 0.03548300 0.02384500
v 0.03214600 0.03552800 0.02397000
v 0.03182200 0.03555100 0.02401300
v 0.03006900 0.03561400 0.02401300
v 0.03049900 0.03441150 0.02401300
v 0.02482200 0.03580400 0.02401300
v 0.02482200 0.03461750 0.02401300
v 0.02419700 0.03677100 0.02984500
v 0.02393800 0.03676600 0.02964600
v 0.02393800 0.03561950 0.02964600
v 0.02357200 0.03670500 0.02876200
v 0.02361500 0.03673300 0.02908600
v 0.02374000 0.03675400 0.02938700
v 0.02374000 0.03663000 0.02813700
v 0.02419700 0.03655600 0.02768000
v 0.02449900 0.03652800 0.02755500
v 0.02482200 0.03651000 0.02751200
v 0.03182200 0.03510750 0.02751200
v 0.03182200 0.03626400 0.02751200
v 0.03214600 0.03625800 0.02755500
v 0.03214600 0.03510200 0.02755500
v 0.03244700 0.03626500 0.02768000
v 0.03244700 0.03510950 0.02768000
v 0.03270600 0.03628200 0.02787900
v 0.03270600 0.03512800 0.02787900
v 0.03290500 0.03630800 0.02813700
v 0.03907200 0.03594700 0.02805600
v 0.03307200 0.03637100 0.02876200
v 0.03907200 0.03631200 0.03176200
v 0.03290500 0.03643300 0.02938700
v 0.03244700 0.03648200 0.02984500
v 0.03214600 0.03650000 0.02997000
v 0.02449800 0.03652800 0.03597000
v 0.02419700 0.03655600 0.03584500
v 0.02082200 0.03636300 0.03771400
v 0.03907200 0.03573800 0.03759000
v 0.03182200 0.03626400 0.03601200
v 0.02482200 0.03651000 0.03601200
v 0.02374000 0.03675400 0.03413700
v 0.02393800 0.03676600 0.03387900
v 0.02374000 0.03663000 0.03538700
v 0.02357200 0.03670500 0.03476300
v 0.02361500 0.03673300 0.03443900
v 0.03214600 0.03650000 0.03355500
v 0.02419700 0.03677100 0.03368000
v 0.02449900 0.03676800 0.03355500
v 0.02482200 0.03675900 0.03351200
v 0.03270600 0.03628200 0.03564600
v 0.03244700 0.03626500 0.03584500
v 0.03214500 0.03625800 0.03597000
v 0.03244700 0.03648200 0.03368000
v 0.03290500 0.03643300 0.03413700
v 0.03304700 0.03408200 0.03466700
v 0.03907200 0.03594700 0.03546900
v 0.03307200 0.03637100 0.03476300
v 0.03290500 0.03630800 0.03538700
v 0.02449700 0.03505500 0.04196900
v 0.02419700 0.03511000 0.04184500
v 0.02082200 0.03462700 0.04343700
v 0.03907200 0.03403800 0.04319300
v 0.02482200 0.03502700 0.04201200
v 0.02419700 0.03578200 0.03968000
v 0.02449900 0.03580400 0.03955500
v 0.02393700 0.03573600 0.03988000
v 0.02374000 0.03528300 0.04138700
v 0.02357200 0.03549100 0.04076200
v 0.02374000 0.03567100 0.04013700
v 0.02482200 0.03580400 0.03951200
v 0.03006900 0.03561400 0.03951200
v 0.03182200 0.03555100 0.03951200
v 0.03214700 0.03552800 0.03955500
v 0.03244700 0.03480400 0.04184500
v 0.03214600 0.03477100 0.04197000
v 0.03182200 0.03476700 0.04201200
v 0.03244700 0.03548300 0.03968000
v 0.03296200 0.03287600 0.04035100
v 0.03290500 0.03533800 0.04013700
v 0.03907200 0.03528500 0.03908200
v 0.03307200 0.03514300 0.04076200
v 0.03907200 0.03422800 0.04256700
v 0.03290500 0.03494600 0.04138700
v 0.03270800 0.03486500 0.04164500
v 0.02449300 0.03213700 0.04796800
v 0.02082200 0.03180800 0.04871100
v 0.02652300 0.03202500 0.04801200
v 0.02482200 0.03209600 0.04801200
v 0.02419700 0.03345700 0.04568000
v 0.02449700 0.03350900 0.04555600
v 0.02393400 0.03336200 0.04588200
v 0.02374000 0.03252500 0.04738700
v 0.02357200 0.03289600 0.04676200
v 0.02374000 0.03323400 0.04613700
v 0.02482200 0.03351800 0.04551200
v 0.03007500 0.03331200 0.04551200
v 0.03182200 0.03324400 0.04551200
v 0.03214900 0.03320800 0.04555600
v 0.03907200 0.03127800 0.04835700
v 0.03244700 0.03313200 0.04568000
v 0.03290500 0.03287100 0.04613700
v 0.03907200 0.03267100 0.04575100
v 0.03307200 0.03251400 0.04676200
v 0.03290500 0.03215100 0.04738700
v 0.03907200 0.03096200 0.04874200
v 0.02082200 0.02801400 0.05333400
v 0.03907200 0.02884600 0.05132000
v 0.03907200 0.02303700 0.05659800
v 0.03907200 0.02429100 0.05556900
v 0.02082200 0.02339100 0.05712800
v 0.03907200 0.02665600 0.05362800
v 0.03907200 0.02756300 0.05288400
v 0.03907200 0.01947300 0.05850300
v 0.03907200 0.02190700 0.05720200
v 0.03907200 0.01226900 0.06105800
v 0.03907200 0.01254900 0.06097300
v 0.03907200 0.01476400 0.06030100
v 0.03907200 0.01711900 0.05958700
v 0.03907200 0.01039500 0.06124300
v 0.03907200 0.00644200 0.06163200
v 0.02374000 0.03060700 0.01738700
v 0.02400500 0.03078500 0.01770800
v 0.02082200 0.03088100 0.01765300
v 0.03882200 0.03033700 0.01796700
v 0.03290500 0.03023400 0.01738700
v 0.03290500 0.03155250 0.01738700
v 0.03307200 0.03117600 0.01676200
v 0.03307200 0.02983800 0.01676200
v 0.03882200 0.02694600 0.01330100
v 0.03290500 0.02943300 0.01613700
v 0.03244700 0.02913500 0.01568000
v 0.03215000 0.02905900 0.01555600
v 0.03182200 0.02904200 0.01551200
v 0.03091200 0.02908100 0.01551200
v 0.02082200 0.02741300 0.01288000
v 0.02482200 0.02934200 0.01551200
v 0.02449300 0.02938700 0.01555700
v 0.02419700 0.02948700 0.01568000
v 0.02374000 0.02981900 0.01613700
v 0.02357200 0.03023100 0.01676200
v 0.03213900 0.03060800 0.01797200
v 0.03242200 0.03053000 0.01785500
v 0.03244700 0.03182750 0.01784500
v 0.03244700 0.03052300 0.01784500
v 0.03244700 0.03236400 0.02168000
v 0.03214700 0.03232600 0.02155500
v 0.02832200 0.03208100 0.01801200
v 0.03182200 0.03064400 0.01801200
v 0.02419700 0.03085500 0.01784500
v 0.02419700 0.03267300 0.02168000
v 0.02449600 0.03091400 0.01796900
v 0.02449700 0.03261300 0.02155500
v 0.02449700 0.03383400 0.02155500
v 0.02482200 0.03258400 0.02151200
v 0.02482200 0.03380550 0.02151200
v 0.03096800 0.03235400 0.02151200
v 0.03182200 0.03232200 0.02151200
v 0.03882200 0.03268300 0.02323600
v 0.03307200 0.03273600 0.02276200
v 0.03296200 0.03287600 0.02317400
v 0.03290500 0.03252000 0.02213700
v 0.03270800 0.03243100 0.02188100
v 0.02374000 0.03286100 0.02213700
v 0.02082200 0.03328000 0.02304200
v 0.02357200 0.03308700 0.02276200
v 0.02374000 0.03328300 0.02338700
v 0.02393700 0.03335500 0.02364500
v 0.02419700 0.03424600 0.02768000
v 0.02419700 0.03340500 0.02384500
v 0.02449800 0.03343100 0.02397000
v 0.02449900 0.03421600 0.02755500
v 0.02482200 0.03343100 0.02401300
v 0.02832200 0.03407450 0.02751200
v 0.03182200 0.03317700 0.02401300
v 0.03214600 0.03394600 0.02755500
v 0.03214700 0.03315300 0.02397000
v 0.03244700 0.03395400 0.02768000
v 0.03304700 0.03408200 0.02885700
v 0.03307200 0.03407100 0.02876200
v 0.03882200 0.03388200 0.02887800
v 0.03290500 0.03400200 0.02813700
v 0.03270600 0.03397400 0.02787900
v 0.03244700 0.03310500 0.02384500
v 0.03290500 0.03294800 0.02338700
v 0.02374000 0.03432500 0.02813700
v 0.02082200 0.03450700 0.02881300
v 0.02393800 0.03447300 0.03387900
v 0.02374000 0.03445900 0.03413700
v 0.02082200 0.03450700 0.03471200
v 0.02419700 0.03447800 0.03368000
v 0.02374000 0.03445900 0.02938700
v 0.02393800 0.03447300 0.02964600
v 0.03244700 0.03418900 0.02984500
v 0.03244700 0.03533550 0.02984500
v 0.03214600 0.03535400 0.02997000
v 0.03214600 0.03420800 0.03176250
v 0.03214600 0.03420800 0.02997000
v 0.03182200 0.03422200 0.03351200
v 0.03182200 0.03422200 0.03001200
v 0.02832200 0.03434450 0.03001200
v 0.03182200 0.03536800 0.03001200
v 0.02357400 0.03441100 0.02882300
v 0.02357200 0.03440500 0.02876200
v 0.03290500 0.03413800 0.02938700
v 0.03882200 0.03388200 0.03464700
v 0.03290500 0.03413800 0.03413700
v 0.02374000 0.03286100 0.04138700
v 0.02082200 0.03088100 0.04587200
v 0.02357200 0.03308700 0.04076200
v 0.02082200 0.03328000 0.04048300
v 0.02365500 0.03318500 0.04045200
v 0.02449600 0.03091400 0.04555600
v 0.02449600 0.03261300 0.04196900
v 0.02482200 0.03092500 0.04551200
v 0.02482200 0.03258400 0.04201200
v 0.02566100 0.03089100 0.04551200
v 0.03096800 0.03235400 0.04201200
v 0.03182200 0.03064400 0.04551200
v 0.03182200 0.03232200 0.04201200
v 0.03214600 0.03232600 0.04197000
v 0.03214100 0.03060800 0.04555400
v 0.03244700 0.03236400 0.04184500
v 0.03882200 0.03268300 0.04028900
v 0.03882200 0.03033700 0.04555800
v 0.03290500 0.03252000 0.04138700
v 0.02400500 0.03078500 0.04581700
v 0.02421200 0.03083900 0.04570700
v 0.02419700 0.03267300 0.04184500
v 0.02374000 0.02981900 0.04738700
v 0.02082200 0.02741300 0.05064500
v 0.02357200 0.03023100 0.04676200
v 0.02374000 0.03060700 0.04613700
v 0.02419700 0.02948700 0.04784500
v 0.02449200 0.02938800 0.04796800
v 0.02482200 0.02934200 0.04801200
v 0.03882200 0.02694600 0.05022400
v 0.03182200 0.02904200 0.04801200
v 0.03214900 0.02905900 0.04796900
v 0.03270800 0.03243100 0.04164500
v 0.03242900 0.03053000 0.04567000
v 0.03290500 0.03400200 0.03538700
v 0.03307200 0.03407100 0.03476300
v 0.03307200 0.03273600 0.04076200
v 0.02357400 0.03441100 0.03470200
v 0.02357200 0.03440500 0.03476300
v 0.02374000 0.03432500 0.03538700
v 0.02419700 0.03424600 0.03584500
v 0.03290500 0.03294800 0.04013700
v 0.03244700 0.03310500 0.03968000
v 0.03214800 0.03315200 0.03955600
v 0.03270600 0.03397400 0.03564600
v 0.02449900 0.03343100 0.03955500
v 0.02449800 0.03421600 0.03597000
v 0.02482200 0.03343100 0.03951200
v 0.02482200 0.03419800 0.03601200
v 0.03092900 0.03320900 0.03951200
v 0.03182200 0.03395100 0.03601200
v 0.03182200 0.03317700 0.03951200
v 0.03214500 0.03394600 0.03597000
v 0.03244700 0.03395400 0.03584500
v 0.02419700 0.03340500 0.03968000
v 0.02393700 0.03335500 0.03988000
v 0.02374000 0.03328300 0.04013700
v 0.03882200 0.00644200 0.00417100
v 0.03882200 0.00716400 0.00418100
v 0.03882200 0.01004300 0.00440800
v 0.03882200 0.01075800 0.00451100
v 0.02082200 0.01230900 0.00416000
v 0.03882200 0.00788600 0.00420900
v 0.03882200 0.00860700 0.00425700
v 0.03882200 0.00932600 0.00432300
v 0.03882200 0.01147000 0.00463300
v 0.03882200 0.01217900 0.00477400
v 0.03882200 0.01288300 0.00493400
v 0.03882200 0.01565200 0.00575400
v 0.03882200 0.01633000 0.00600400
v 0.02082200 0.01792000 0.00598300
v 0.03882200 0.01358300 0.00511200
v 0.03882200 0.01427800 0.00530800
v 0.03882200 0.01496800 0.00552200
v 0.03882200 0.01700100 0.00627200
v 0.03882200 0.01766400 0.00655700
v 0.03882200 0.01832000 0.00685900
v 0.03882200 0.01896800 0.00717900
v 0.03882200 0.01960700 0.00751500
v 0.02082200 0.02302900 0.00893200
v 0.03882200 0.02023800 0.00786800
v 0.03882200 0.02266000 0.00944100
v 0.03882200 0.02490400 0.01125800
v 0.03882200 0.02490400 0.05226700
v 0.02082200 0.02302900 0.05459300
v 0.03882200 0.01896800 0.05634600
v 0.03882200 0.01832000 0.05666600
v 0.02082200 0.01792000 0.05754200
v 0.03882200 0.02266000 0.05408400
v 0.03882200 0.02023800 0.05565700
v 0.03882200 0.01960700 0.05601000
v 0.03882200 0.01766400 0.05696800
v 0.03882200 0.01700100 0.05725300
v 0.03882200 0.01633000 0.05752100
v 0.03882200 0.01565200 0.05777100
v 0.03882200 0.01496800 0.05800300
v 0.02082200 0.01230900 0.05936500
v 0.03882200 0.01427800 0.05821700
v 0.03882200 0.01358300 0.05841300
v 0.03882200 0.01288300 0.05859100
v 0.03882200 0.01217900 0.05875100
v 0.03882200 0.01147000 0.05889100
v 0.03882200 0.01075800 0.05901400
v 0.03882200 0.01004300 0.05911700
v 0.03882200 0.00932600 0.05920200
v 0.03882200 0.00644200 0.05935300
v 0.02907200 -0.04885000 0.06198100
v 0.02903400 -0.04904100 0.06198300
v 0.03907200 -0.05638700 0.06163200
v 0.02892600 -0.04920400 0.06198600
v 0.02857200 -0.04935000 0.06199900
v 0.02903400 -0.04065900 0.06198300
v 0.02907200 -0.04085000 0.06198100
v 0.02657200 0.00365000 0.06206900
v 0.02580000 -0.04925800 0.06209550
v 0.02560600 0.00290900 0.06210200
v 0.02570600 0.00315000 0.06209900
v 0.02607200 0.00351600 0.06208600
v 0.02899600 -0.00473300 0.06198400
v 0.02892600 -0.04049600 0.06198600
v 0.02561000 -0.04904100 0.06210200
v 0.02557200 -0.04885000 0.06210400
v 0.02557200 -0.04085000 0.06210400
v 0.02586500 -0.00505700 0.06209300
v 0.02561000 -0.04065900 0.06210200
v 0.02564800 -0.00473300 0.06210100
v 0.02557200 -0.00435000 0.06210400
v 0.02444700 0.00504600 0.06214250
v 0.02557200 0.00265000 0.06210400
v 0.02607200 -0.04935000 0.06208600
v 0.02571900 -0.04049600 0.06209800
v 0.02722650 -0.04036900 0.06204600
v 0.02807200 -0.00535000 0.06201600
v 0.02082200 -0.08389400 0.04495500
v 0.02082200 -0.08389400 0.03176250
v 0.03907200 -0.08389400 0.04340600
v 0.03907200 -0.08262600 0.04575600
v 0.02082200 -0.08174300 0.04872600
v 0.03907200 -0.08090900 0.04874300
v 0.03907200 -0.06034000 0.06124300
v 0.03907200 -0.06221100 0.06105900
v 0.03907200 -0.06249400 0.06097300
v 0.02082200 -0.06805500 0.05995000
v 0.03907200 -0.06781200 0.05936100
v 0.03907200 -0.06471000 0.06030100
v 0.02082200 -0.07332700 0.05713400
v 0.03907200 -0.07185200 0.05720300
v 0.03907200 -0.06941800 0.05850300
v 0.03907200 -0.07749900 0.05289300
v 0.03907200 -0.07660200 0.05362900
v 0.02082200 -0.07794900 0.05334400
v 0.03907200 -0.07423600 0.05556900
v 0.03907200 -0.07297400 0.05660400
v 0.03907200 -0.08121400 0.04837100
v 0.03907200 -0.07879100 0.05132000
v 0.02557200 -0.04885000 0.00142100
v 0.02588100 -0.04931200 0.00143200
v 0.02903400 -0.04065900 0.00154200
v 0.02564800 -0.00473300 0.00142400
v 0.02892600 -0.04920400 0.00153900
v 0.02890650 -0.00479925 0.00153775
v 0.02586500 -0.00505700 0.00143200
v 0.02588100 -0.04038800 0.00143200
v 0.02892600 -0.04049600 0.00153900
v 0.02807200 -0.00535000 0.00150900
v 0.02892600 -0.04920400 0.05969900
v 0.02903400 -0.04904100 0.05969500
v 0.02598900 0.00330625 0.05980150
v 0.02557200 -0.04885000 0.05981600
v 0.02561000 -0.04904100 0.05981500
v 0.02588100 -0.04931200 0.05980500
v 0.02557200 -0.04085000 0.05981600
v 0.02557200 -0.04485000 0.05981600
v 0.02561000 -0.04065900 0.05981500
v 0.02557200 -0.00435000 0.05981600
v 0.02876400 -0.04931200 0.05970500
v 0.02903400 -0.04065900 0.05969500
v 0.02907200 -0.04485000 0.05969400
v 0.02898800 0.00302950 0.05969700
v 0.02586500 -0.00505700 0.05980600
v 0.02732200 -0.04935000 0.05975500
v 0.02899600 -0.00473300 0.05969700
v 0.02892600 -0.04049600 0.05969900
v 0.02638100 -0.00531200 0.05978800
v 0.02807200 -0.00535000 0.05972900
v 0.03882200 -0.06264600 0.00489100
v 0.03882200 -0.06196100 0.00474000
v 0.02082200 -0.06208800 0.00412500
v 0.02082200 -0.05923750 0.00269050
v 0.02082200 -0.08039000 0.01692300
v 0.02082200 -0.08160400 0.01909600
v 0.03882200 -0.07985500 0.01725300
v 0.02983900 -0.08191900 0.02050200
v 0.03882200 -0.08113225 0.02017475
v 0.02082200 -0.07689700 0.01238000
v 0.03882200 -0.07644100 0.01281200
v 0.02082200 -0.07255900 0.00863600
v 0.03882200 -0.07441300 0.01087300
v 0.03882200 -0.07219900 0.00915100
v 0.03882200 -0.07102900 0.00837700
v 0.03882200 -0.06982100 0.00766300
v 0.02082200 -0.06755400 0.00584600
v 0.03882200 -0.06920400 0.00732900
v 0.03882200 -0.06857900 0.00701100
v 0.03882200 -0.06332800 0.00505900
v 0.03882200 -0.06730500 0.00642300
v 0.03882200 -0.06665700 0.00615400
v 0.03882200 -0.06600300 0.00590100
v 0.03882200 -0.06534200 0.00566500
v 0.03882200 -0.06467600 0.00544600
v 0.03882200 -0.06400400 0.00524400
v 0.03882200 -0.06127200 0.00460700
v 0.03882200 -0.06058000 0.00449200
v 0.03882200 -0.05918900 0.00431400
v 0.03882200 -0.05638700 0.00417100
v 0.02907200 -0.04885000 0.00383100
v 0.02876400 -0.04931200 0.00382000
v 0.02732200 0.00365000 0.00377000
v 0.02588100 -0.04931200 0.00372000
v 0.02607200 0.00351600 0.00372600
v 0.02899600 -0.00473300 0.00382800
v 0.02898000 -0.04057750 0.00382800
v 0.02557200 -0.04085000 0.00370900
v 0.02602750 -0.00516550 0.00372450
v 0.02732200 -0.04935000 0.00377000
v 0.02571900 -0.04049600 0.00371400
v 0.02732225 -0.04036900 0.00377000
v 0.02807200 -0.00535000 0.00379600
v 0.02561000 -0.04065900 0.00371000
v 0.03882200 -0.08200000 0.04110100
v 0.03882200 -0.07671700 0.01337800
v 0.03882200 -0.07754025 0.01441575
v 0.03882200 -0.07838100 0.01547600
v 0.03882200 -0.07943000 0.01705300
v 0.03882200 -0.07902400 0.01644250
v 0.03882200 -0.08166800 0.02162100
v 0.03882200 -0.08125900 0.02054300
v 0.03882200 -0.08075500 0.01945400
v 0.03882200 -0.07183900 0.05455300
v 0.03882200 -0.07026700 0.05553800
v 0.03882200 -0.06933600 0.05612200
v 0.03882200 0.02552825 0.01209075
v 0.03882200 0.02477600 0.01131200
v 0.03882200 0.02588400 0.01240400
v 0.03882200 0.02264100 0.05400600
v 0.03882200 0.02397525 0.05289650
v 0.03882200 -0.07020600 0.00790600
v 0.03882200 0.01629000 0.00599300
v 0.03882200 0.01734300 0.00642100
v 0.03882200 0.02987600 0.04575750
v 0.03882200 -0.07398200 0.05287600
v 0.03882200 -0.07293200 0.05374000
v 0.03882200 -0.07351000 0.05324000
v 0.03882200 -0.07248200 0.05407500
v 0.03882200 -0.07591950 0.05097950
v 0.03882200 -0.07670700 0.05013700
v 0.03882200 -0.07464700 0.01125200
v 0.03882200 -0.07539700 0.01196300
v 0.03882200 -0.07502200 0.01160750
v 0.03882200 -0.07668200 0.01333300
v 0.03882200 -0.07247800 0.00945500
v 0.03882200 -0.07337600 0.01013900
v 0.03882200 -0.07366750 0.01041150
v 0.03882200 -0.07440800 0.01102600
v 0.03882200 0.02375600 0.01040900
v 0.03882200 0.02269100 0.00955700
v 0.03882200 0.02688200 0.05002500
v 0.03882200 0.02856400 0.04786800
v 0.03882200 0.02772375 0.04893375
v 0.03882200 0.02584000 0.05116700
v 0.03882200 0.02535500 0.05164600
v 0.03882200 0.02487000 0.05212500
v 0.03882200 0.02040500 0.05553100
v 0.03882200 0.02037150 0.05555100
v 0.03882200 0.02154100 0.05479700
v 0.03882200 0.02253900 0.05407900
v 0.03882200 0.01644800 0.05747100
v 0.03882200 0.01543500 0.05784200
v 0.03882200 -0.07699800 0.04982500
v 0.03882200 -0.07826725 0.04811775
v 0.03882200 -0.07796400 0.04861600
v 0.03882200 -0.07950600 0.04635000
v 0.03882200 0.01786200 0.00665000
v 0.03882200 0.01837700 0.00689100
v 0.03882200 0.01888600 0.00714200
v 0.03882200 0.01939100 0.00740300
v 0.03882200 0.02032400 0.00798200
v 0.03882200 0.02168900 0.00883000
v 0.03882200 0.02288125 0.00971450
v 0.03882200 0.02767900 0.01446800
v 0.03882200 0.02813950 0.01508850
v 0.03882200 0.02860000 0.01570900
v 0.03882200 0.02986125 0.01775800
v 0.03882200 0.02867600 0.01583000
v 0.03882200 0.03006100 0.01803000
v 0.03882200 -0.06884300 0.05637700
v 0.03882200 -0.06834600 0.05662300
v 0.03882200 -0.06784300 0.05685800
v 0.03882200 -0.06733600 0.05708400
v 0.03882200 -0.06526600 0.05788200
v 0.03882200 -0.07107800 0.00846675
v 0.03882200 -0.07190300 0.00901800
v 0.03882200 -0.07134600 0.00863300
v 0.03882200 -0.07078000 0.00826200
v 0.03882200 -0.06962300 0.00756400
v 0.03882200 -0.06948000 0.00748300
v 0.03882200 -0.06933600 0.00740300
v 0.03882200 -0.06169300 0.00469100
v 0.03882200 -0.06231700 0.00482000
v 0.03882200 -0.06293700 0.00496400
v 0.03882200 -0.06355400 0.00512300
v 0.03882200 -0.06416700 0.00529500
v 0.03882200 -0.06477600 0.00548200
v 0.03882200 -0.06538000 0.00568200
v 0.03882200 0.00644200 0.05934900
v 0.03882200 0.01049300 0.05905000
v 0.03882200 0.01990100 0.05583200
v 0.03882200 0.01483100 0.05804300
v 0.03882200 0.01422200 0.05823000
v 0.03882200 -0.05638700 0.05934900
v 0.03882200 -0.05695200 0.05934400
v 0.03882200 -0.05751700 0.05932600
v 0.03882200 -0.05808100 0.05929700
v 0.03882200 -0.05864500 0.05925700
v 0.03882200 -0.05920700 0.05920500
v 0.03882200 -0.05976900 0.05914100
v 0.03882200 -0.06032900 0.05906600
v 0.03882200 -0.06088700 0.05898000
v 0.03882200 -0.06199800 0.05877300
v 0.03882200 -0.06255000 0.05865200
v 0.03882200 -0.06309900 0.05852100
v 0.03882200 -0.06364600 0.05837800
v 0.03882200 -0.06418900 0.05822300
v 0.03882200 -0.06472900 0.05805800
v 0.03882200 -0.08126050 0.04319900
v 0.03882200 -0.08027100 0.04501400
v 0.03882200 -0.08145000 0.04253400
v 0.03882200 -0.06588900 0.00586300
v 0.03882200 -0.06639400 0.00605400
v 0.03882200 -0.06689500 0.00625500
v 0.03882200 -0.06739200 0.00646500
v 0.03882200 0.00913100 0.00430700
v 0.03882200 0.00966600 0.00436500
v 0.03882200 0.01073300 0.00451100
v 0.03882200 0.01130400 0.00460700
v 0.03882200 0.01187200 0.00471500
v 0.03882200 0.01243700 0.00483500
v 0.03882200 0.01300000 0.00496600
v 0.03882200 0.01356100 0.00511000
v 0.03882200 0.01411800 0.00526500
v 0.03882200 0.01467100 0.00543100
v 0.03882200 0.01522100 0.00561000
v 0.03882200 0.01964700 0.05597800
v 0.03882200 0.01939100 0.05612200
v 0.03882200 0.01891100 0.05637000
v 0.03882200 0.01842800 0.05661000
v 0.03882200 0.01793900 0.05683900
v 0.03882200 0.01744600 0.05706000
v 0.03882200 0.01112100 0.05895000
v 0.03882200 0.01174800 0.05883400
v 0.03882200 0.01237100 0.05870500
v 0.03882200 0.01299200 0.05856100
v 0.03882200 0.01360900 0.05840200
v 0.03882200 -0.05638700 0.00417500
v 0.03882200 -0.06043800 0.00447400
v 0.03882200 0.03186800 0.02191200
v 0.03882200 0.03236800 0.02336200
v 0.03882200 0.00644200 0.00417500
v 0.03882200 0.00698100 0.00418100
v 0.03882200 0.00751900 0.00419700
v 0.03882200 0.00805700 0.00422300
v 0.03882200 0.00859400 0.00426000
v 0.03882200 0.03035400 0.01858600
v 0.03882200 0.03077800 0.01939100
v 0.03882200 0.03168850 0.02157000
v 0.03882200 0.03234900 0.04022400
v 0.03882200 0.03155425 0.04227950
v 0.03882200 0.03172500 0.04190500
v 0.03882200 0.03139300 0.04279800
v 0.03882200 0.03075000 0.04419100
v 0.03882200 0.03342700 0.03525300
v 0.03882200 0.03307800 0.03718150
v 0.03882200 0.03332500 0.03605900
v 0.03882200 0.03278900 0.03866300
v 0.03882200 0.03277100 0.03875100
v 0.03882200 0.03314225 0.02667325
v 0.03882200 0.03306200 0.02602200
v 0.03882200 0.03333500 0.02752900
v 0.03882200 0.03341100 0.02827300
v 0.03882200 0.03361600 0.03026500
v 0.03882200 0.03357700 0.03278525
v 0.03882200 0.03365600 0.03179400
v 0.03882200 0.03351800 0.03454100
v 0.04169700 0.00447900 0.00376000
v 0.04123100 0.00899300 0.00334000
v 0.03965700 0.01703300 0.00394300
v 0.03965700 0.01470600 0.00315900
v 0.04206500 0.00364200 0.05897000
v 0.04207700 0.00360800 0.05893700
v 0.04213100 0.00722600 0.05870600
v 0.04016200 0.00609400 0.06130100
v 0.04016800 0.00609000 0.06129800
v 0.04021200 0.01005400 0.06107200
v 0.03965700 0.01246300 0.06092700
v 0.03965700 0.01031900 0.06129400
v 0.04123100 0.01545500 0.05853700
v 0.04123100 0.01775300 0.05753900
v 0.04021200 0.02148400 0.05703400
v 0.04021200 0.02387100 0.05542000
v 0.03965700 0.02424100 0.05559800
v 0.03965700 0.03413500 0.04255600
v 0.03965700 0.03524200 0.03909700
v 0.04291100 0.01040700 0.05519400
v 0.04291100 0.00844800 0.05585400
v 0.04357100 0.00487100 0.05327600
v 0.04411100 0.00955600 0.04434000
v 0.04324250 0.00506900 0.04276200
v 0.04292200 0.02414900 0.02130100
v 0.04289100 0.02441200 0.02139000
v 0.04291100 0.02356400 0.01995300
v 0.04335300 0.02028600 0.02076200
v 0.04356600 0.01811100 0.02076200
v 0.04357100 0.01701900 0.01900200
v 0.04411100 0.00955600 0.01918500
v 0.04435600 0.00565400 0.02076200
v 0.04448100 0.00300400 0.02076200
v 0.04453100 0.00141400 0.02056300
v 0.04464700 -0.00221700 0.02076200
v 0.04441600 -0.00894100 0.01651900
v 0.04453100 -0.00691100 0.01664900
v 0.04480300 -0.01153900 0.02076200
v 0.04453100 -0.00466600 0.01712400
v 0.04453100 -0.00225300 0.01805600
v 0.04474100 -0.00651700 0.02076200
v 0.04453100 -0.00101700 0.01873100
v 0.04465500 -0.00246400 0.02076200
v 0.04453100 0.00021400 0.01956400
v 0.04411100 0.00812600 0.01771500
v 0.04363400 0.01741400 0.02076200
v 0.04292300 0.02414600 0.02130000
v 0.04311600 0.02247300 0.02089800
v 0.04330800 0.02075000 0.02076200
v 0.04213100 0.02895500 0.02191500
v 0.04248500 0.02765800 0.02320200
v 0.04251400 0.02743400 0.02302600
v 0.04269800 0.02599100 0.02209100
v 0.04213100 0.02760400 0.01897000
v 0.04254300 0.02720600 0.02287800
v 0.04213100 0.03021800 0.02619400
v 0.04214600 0.03011600 0.02599400
v 0.04213100 0.02996500 0.02507100
v 0.04216900 0.02995800 0.02574500
v 0.04221500 0.02962600 0.02531500
v 0.04223500 0.02948900 0.02513700
v 0.04231600 0.02891000 0.02438600
v 0.04123100 0.03386300 0.03176200
v 0.04190400 0.03171900 0.03176200
v 0.04190200 0.03173200 0.03113700
v 0.04123100 0.03364000 0.02819200
v 0.04193800 0.03150100 0.02943400
v 0.04194900 0.03143500 0.02915000
v 0.04203000 0.03090100 0.02752400
v 0.04123100 0.03298100 0.02470400
v 0.04198900 0.03117100 0.02834600
v 0.04198700 0.03118000 0.02837400
v 0.04198600 0.03119000 0.03515400
v 0.04196600 0.03132500 0.03479200
v 0.04123100 0.03364000 0.03533300
v 0.04191200 0.03166800 0.03310600
v 0.04190800 0.03169600 0.03284600
v 0.04213100 0.03021700 0.03729700
v 0.04207100 0.03062800 0.03660300
v 0.04123100 0.03298100 0.03882100
v 0.04198800 0.03118000 0.03518000
v 0.04205600 0.03072600 0.03639700
v 0.04221400 0.02964000 0.03822000
v 0.04219900 0.02975000 0.03808700
v 0.04213100 0.02996500 0.03845400
v 0.04213100 0.02895500 0.04161000
v 0.04254700 0.02718100 0.04068700
v 0.04254300 0.02721300 0.04065900
v 0.04237300 0.02849900 0.03957000
v 0.04235100 0.02865600 0.03941100
v 0.04223400 0.02949900 0.03839100
v 0.04290900 0.02425100 0.04216500
v 0.04276100 0.02548900 0.04168900
v 0.04213100 0.02760400 0.04455500
v 0.04273300 0.02571100 0.04158000
v 0.04264100 0.02643700 0.04113900
v 0.04317900 0.02192300 0.04270000
v 0.04291100 0.02356400 0.04357200
v 0.04314800 0.02219200 0.04266800
v 0.04295500 0.02387500 0.04230900
v 0.04292200 0.02414200 0.04220700
v 0.04334400 0.02033800 0.04276200
v 0.04291100 0.02205100 0.04605200
v 0.04354500 0.01806200 0.04276200
v 0.04357100 0.01548100 0.04649800
v 0.04441100 0.00478600 0.04276200
v 0.04411100 0.00812600 0.04581000
v 0.04452600 0.00148600 0.04276200
v 0.04453500 0.00124700 0.04276200
v 0.04339100 0.00123650 0.04276200
v 0.04453100 0.00141400 0.04296200
v 0.04461800 -0.00111800 0.04276200
v 0.04453100 0.00021400 0.04396100
v 0.04463900 -0.00204100 0.04276200
v 0.04453100 -0.00101700 0.04479400
v 0.04358150 -0.00570400 0.04276200
v 0.04453100 -0.00225300 0.04546900
v 0.04475900 -0.00725900 0.04276200
v 0.04304450 -0.00754550 0.04276200
v 0.04453100 -0.00466600 0.04640100
v 0.04477900 -0.00930600 0.04276200
v 0.04363950 -0.00943850 0.04276200
v 0.04453100 -0.00691100 0.04687600
v 0.04480100 -0.01148800 0.04276200
v 0.04366250 -0.01185550 0.04276200
v 0.04439900 -0.00875800 0.01634500
v 0.04411100 -0.00231600 0.01280400
v 0.04403400 -0.00472400 0.01251000
v 0.04357100 0.00487100 0.01024900
v 0.04357100 0.00157100 0.00955100
v 0.04291100 0.00475200 0.00688900
v 0.04392100 -0.00348200 0.01132900
v 0.04411100 0.00050000 0.01340000
v 0.04411100 0.00352600 0.01456900
v 0.04357100 0.01548100 0.01702700
v 0.04291100 0.01845300 0.01333200
v 0.04357100 0.01380600 0.01530400
v 0.04291100 0.01647800 0.01168600
v 0.04357100 0.01204200 0.01383400
v 0.04291100 0.01445300 0.01031600
v 0.04357100 0.01023400 0.01261100
v 0.04357100 0.00841700 0.01161900
v 0.04291100 0.01040700 0.00833100
v 0.04357100 0.00662100 0.01083900
v 0.04291100 0.00844800 0.00767100
v 0.04411100 0.00507700 0.01541600
v 0.04411100 0.00662100 0.01646000
v 0.04291100 0.01241800 0.05432000
v 0.04357100 0.00841700 0.05190600
v 0.04291100 0.01445300 0.05320900
v 0.04357100 0.01023400 0.05091400
v 0.04291100 0.01647800 0.05183900
v 0.04357100 0.01204200 0.04969000
v 0.04291100 0.01845300 0.05019300
v 0.04357100 0.01380600 0.04822100
v 0.04411100 -0.00231600 0.05072100
v 0.04357100 0.00157100 0.05397400
v 0.04291100 0.00475200 0.05663600
v 0.04411100 0.00050000 0.05012500
v 0.04411100 0.00352600 0.04895600
v 0.04357100 0.00662100 0.05268600
v 0.04317900 0.00040900 0.05589500
v 0.04283500 0.00140700 0.05684500
v 0.04281500 0.00146600 0.05690100
v 0.04411100 0.00507700 0.04810900
v 0.04411100 0.00662100 0.04706500
v 0.04404500 -0.00486100 0.05088500
v 0.04428100 -0.00630000 0.04951700
v 0.04482000 -0.01340400 0.04276200
v 0.04448100 -0.00893700 0.04700900
v 0.04446700 -0.00875400 0.04718300
v 0.04346200 -0.00131800 0.05425400
v 0.03965700 0.03265300 0.04578400
v 0.03965700 0.03085700 0.04872800
v 0.03965700 0.02881200 0.05135400
v 0.03965700 0.02658500 0.05364500
v 0.03965700 0.02183600 0.05722500
v 0.03965700 0.01703300 0.05958200
v 0.04073600 0.02089800 0.05671500
v 0.03965700 0.01942000 0.05854500
v 0.04021200 0.01908600 0.05834300
v 0.04021200 0.01671700 0.05937300
v 0.04073600 0.01619200 0.05902500
v 0.04073600 0.01391100 0.05979300
v 0.04123100 0.01321600 0.05929200
v 0.03964800 0.00634800 0.06154300
v 0.03965700 0.01470600 0.06036600
v 0.04021200 0.01218200 0.06070800
v 0.04073600 0.00961200 0.06070200
v 0.04069700 0.00577200 0.06099500
v 0.03965200 0.00634800 0.06154200
v 0.03977500 0.00632800 0.06152300
v 0.04123100 0.03191500 0.04215100
v 0.04123100 0.03048900 0.04525700
v 0.04213100 0.02596500 0.04724100
v 0.04123100 0.02876000 0.04809100
v 0.04213100 0.02409900 0.04963700
v 0.04123100 0.02679200 0.05061800
v 0.04213100 0.02206700 0.05172700
v 0.04123100 0.02464900 0.05282300
v 0.04213100 0.01992800 0.05351000
v 0.04123100 0.02239200 0.05470300
v 0.04213100 0.01773400 0.05499400
v 0.04123100 0.02007800 0.05626900
v 0.04213100 0.01553000 0.05619800
v 0.04213100 0.01335200 0.05714400
v 0.04213100 0.01122900 0.05785900
v 0.04021200 0.01440800 0.06015100
v 0.04073600 0.01171300 0.06034200
v 0.04123100 0.00899300 0.06018500
v 0.04071900 0.00574100 0.06096600
v 0.04112900 0.00516800 0.06042000
v 0.04114000 0.00515300 0.06040600
v 0.04192100 0.00406200 0.05936900
v 0.03964900 0.00635900 0.00197200
v 0.03965000 -0.05629350 0.00198250
v 0.03961900 0.00637400 0.00195800
v 0.03965700 0.01031900 0.00223100
v 0.04018200 0.00609700 0.00222100
v 0.04017500 0.00610000 0.00221800
v 0.03965700 0.01246300 0.00259800
v 0.03965700 0.01942000 0.00498000
v 0.03965700 0.02183600 0.00630000
v 0.04021200 0.02148400 0.00649100
v 0.03965700 0.02424100 0.00792600
v 0.03965700 0.02658500 0.00988000
v 0.04113100 0.00516300 0.00310900
v 0.04073600 0.00961200 0.00282300
v 0.04067400 0.00571500 0.00258400
v 0.04067000 0.00572000 0.00258000
v 0.04047800 0.00595100 0.00236000
v 0.04123100 0.01321600 0.00423300
v 0.03965700 0.02881200 0.01217100
v 0.03965700 0.03085700 0.01479700
v 0.03965700 0.03265300 0.01774100
v 0.03965700 0.03413500 0.02096900
v 0.03965700 0.03524200 0.02442800
v 0.03965700 0.03592700 0.02805300
v 0.03965700 0.03615900 0.03176200
v 0.03965700 0.03592700 0.03547200
v 0.04073600 0.02325500 0.05512100
v 0.04021200 0.02619800 0.05348000
v 0.04073600 0.02555300 0.05320600
v 0.04021200 0.02840800 0.05120700
v 0.04073600 0.02773500 0.05096100
v 0.04021200 0.03043800 0.04860000
v 0.04073600 0.02973900 0.04838800
v 0.04021200 0.03222000 0.04567800
v 0.04073600 0.03149900 0.04550300
v 0.04021200 0.03369100 0.04247500
v 0.04073600 0.03295100 0.04234000
v 0.04021200 0.03479000 0.03904200
v 0.04073600 0.03403600 0.03895000
v 0.04021200 0.03546900 0.03544400
v 0.04073600 0.03470700 0.03539800
v 0.04021200 0.03569900 0.03176200
v 0.04073600 0.03493400 0.03176200
v 0.04021200 0.03546900 0.02808000
v 0.04073600 0.03470700 0.02812700
v 0.04021200 0.03479000 0.02448300
v 0.04073600 0.03403600 0.02457500
v 0.04021200 0.03369100 0.02105000
v 0.04021200 0.03222000 0.01784700
v 0.04073600 0.03149900 0.01802200
v 0.04021200 0.03043800 0.01492500
v 0.04073600 0.02973900 0.01513700
v 0.04021200 0.02840800 0.01231800
v 0.04073600 0.02773500 0.01256400
v 0.04021200 0.02619800 0.01004500
v 0.04073600 0.02555300 0.01031900
v 0.04021200 0.02387100 0.00810500
v 0.04073600 0.02325500 0.00840400
v 0.04073600 0.02089800 0.00681000
v 0.04021200 0.01908600 0.00518200
v 0.04073600 0.01853100 0.00551700
v 0.04021200 0.01671700 0.00415200
v 0.04073600 0.01619200 0.00450000
v 0.04021200 0.01440800 0.00337400
v 0.04073600 0.01391100 0.00373200
v 0.04021200 0.01218200 0.00281700
v 0.04073600 0.01171300 0.00318300
v 0.04021200 0.01005400 0.00245300
v 0.04281700 0.00174000 0.00636300
v 0.04205600 0.00360100 0.00459400
v 0.04213100 0.00722600 0.00481900
v 0.04281500 -0.05141200 0.00662400
v 0.04204200 0.00363500 0.00456100
v 0.04348400 -0.00141300 0.00936200
v 0.04346400 -0.00132000 0.00927300
v 0.04347800 -0.04853400 0.00936000
v 0.04287200 0.00147800 0.00661200
v 0.04123100 0.03048900 0.01826800
v 0.04123100 0.02876000 0.01543400
v 0.04213100 0.02596500 0.01628400
v 0.04123100 0.02464900 0.01070200
v 0.04213100 0.02206700 0.01179800
v 0.04123100 0.02239200 0.00882200
v 0.04213100 0.01992800 0.01001500
v 0.04123100 0.02007800 0.00725600
v 0.04213100 0.01773400 0.00853100
v 0.04123100 0.01775300 0.00598600
v 0.04213100 0.01553000 0.00732700
v 0.04123100 0.01545500 0.00498800
v 0.04213100 0.01335200 0.00638100
v 0.04213100 0.01122900 0.00566600
v 0.04402300 -0.04521800 0.05101200
v 0.04281500 -0.05141200 0.05690100
v 0.04317900 -0.05035400 0.05589500
v 0.04283500 -0.05135300 0.05684500
v 0.04404500 -0.04508400 0.05088500
v 0.04016800 -0.05603600 0.06129800
v 0.04016200 -0.05604000 0.06130100
v 0.03965200 -0.05629300 0.06154200
v 0.03977500 -0.05627300 0.06152300
v 0.04114000 -0.05509800 0.06040600
v 0.04112900 -0.05511300 0.06042000
v 0.04192100 -0.05400800 0.05936900
v 0.04206500 -0.05358700 0.05897000
v 0.04071900 -0.05568700 0.06096600
v 0.04069700 -0.05571800 0.06099500
v 0.04446700 -0.04119100 0.04718300
v 0.04428100 -0.04364600 0.04951700
v 0.04207700 -0.05355300 0.05893700
v 0.04114000 -0.05509800 0.00311900
v 0.04113450 -0.05510550 0.00311200
v 0.04112900 -0.05511300 0.00310500
v 0.03965200 -0.05629300 0.00198300
v 0.03964800 -0.05629400 0.00198200
v 0.04317900 -0.05035400 0.00762900
v 0.04283500 -0.05135300 0.00668000
v 0.04347000 -0.04858050 0.00931550
v 0.04346200 -0.04862700 0.00927100
v 0.04428100 -0.04364600 0.01400800
v 0.04404500 -0.04508400 0.01264000
v 0.04069700 -0.05571800 0.00253000
v 0.04016800 -0.05603600 0.00222700
v 0.04046800 0.00594000 0.00235200
v 0.03977500 -0.05627300 0.00200200
v 0.04016200 -0.05604000 0.00222300
v 0.04206500 -0.05358700 0.00455500
v 0.04113700 0.00515550 0.00311600
v 0.04192100 -0.05400800 0.00415600
v 0.04071900 -0.05568700 0.00255900
v 0.04482000 -0.03654200 0.02076200
v 0.04448100 -0.04100800 0.01651600
v 0.04447400 -0.04109950 0.01642900
v 0.04073600 -0.05955700 0.06070200
v 0.03965700 -0.06697800 0.05958200
v 0.03965700 -0.06465200 0.06036600
v 0.03965700 -0.06026400 0.06129400
v 0.03965700 -0.06026400 0.00223100
v 0.04357100 -0.05151700 0.00955100
v 0.04411100 -0.04762900 0.01280400
v 0.04411100 -0.04762900 0.05072100
v 0.04291100 -0.05469800 0.05663600
v 0.03930600 -0.08389400 0.02017800
v 0.04453100 -0.04303400 0.04687600
v 0.04453100 -0.04528000 0.04640100
v 0.04480800 -0.03828600 0.04276200
v 0.04453100 -0.04892900 0.04479400
v 0.04453100 -0.05015900 0.04396100
v 0.04469700 -0.04597300 0.04262700
v 0.04474500 -0.04333000 0.04276200
v 0.04453100 -0.04769200 0.04546900
v 0.04473000 -0.04425000 0.04276200
v 0.04479300 -0.04039600 0.04276200
v 0.04463100 -0.05023700 0.04095000
v 0.04453100 -0.05135900 0.04296200
v 0.04465400 -0.04866400 0.04180100
v 0.04466500 -0.04789100 0.04214200
v 0.04466900 -0.04764900 0.04222400
v 0.04458425 -0.05279575 0.03933075
v 0.04461300 -0.05165000 0.03985700
v 0.04453100 -0.05249900 0.04178900
v 0.04461900 -0.05112200 0.04035200
v 0.04462200 -0.05091800 0.04051100
v 0.04462500 -0.05070700 0.04064700
v 0.04464100 -0.04947200 0.04144400
v 0.04453100 -0.05522300 0.03728700
v 0.04458700 -0.05386900 0.03703200
v 0.04453100 -0.05446500 0.03893800
v 0.04459000 -0.05357800 0.03759300
v 0.04459100 -0.05343800 0.03781100
v 0.04459500 -0.05312700 0.03821100
v 0.04459800 -0.05287100 0.03854000
v 0.04460400 -0.05238300 0.03916900
v 0.04453100 -0.05614000 0.03366100
v 0.04457500 -0.05498200 0.03417700
v 0.04455550 -0.05514100 0.03561475
v 0.04453100 -0.05579000 0.03551600
v 0.04457600 -0.05492200 0.03442800
v 0.04458100 -0.05437600 0.03606000
v 0.04455150 -0.05574300 0.03211400
v 0.04457200 -0.05521700 0.03176300
v 0.04457200 -0.05522700 0.03246600
v 0.04457400 -0.05506500 0.03359400
v 0.04457300 -0.05520300 0.03074600
v 0.04453100 -0.05614000 0.02986400
v 0.04457300 -0.05517600 0.03048900
v 0.04457900 -0.05460900 0.02815800
v 0.04457800 -0.05468700 0.02837200
v 0.04453100 -0.05579000 0.02800900
v 0.04457600 -0.05484100 0.02879300
v 0.04457400 -0.05506600 0.02993200
v 0.04458300 -0.05424900 0.02717700
v 0.04458400 -0.05413900 0.02694400
v 0.04459800 -0.05287400 0.02498400
v 0.04459500 -0.05313900 0.02530500
v 0.04459300 -0.05326100 0.02545400
v 0.04458700 -0.05387300 0.02649200
v 0.04460600 -0.05216800 0.02412600
v 0.04453100 -0.05354600 0.02308000
v 0.04460800 -0.05198600 0.02394300
v 0.04463100 -0.05024200 0.02257100
v 0.04462500 -0.05066600 0.02282700
v 0.04453100 -0.05249900 0.02173600
v 0.04461300 -0.05165600 0.02366400
v 0.04464500 -0.04919400 0.02193600
v 0.04464900 -0.04896200 0.02182300
v 0.04460000 -0.04890050 0.02044200
v 0.04466900 -0.04764200 0.02132000
v 0.04453100 -0.04769200 0.01805600
v 0.04473000 -0.04425000 0.02076200
v 0.04470800 -0.04540700 0.02082300
v 0.04470300 -0.04566300 0.02085400
v 0.04453100 -0.04892900 0.01873100
v 0.04468100 -0.04696000 0.02112600
v 0.04467400 -0.04734700 0.02120700
v 0.04453100 -0.04528000 0.01712400
v 0.04453100 -0.04303400 0.01664900
v 0.04480800 -0.03828600 0.02076200
v 0.03965700 -0.08259900 0.01774100
v 0.03978650 -0.08389400 0.02076400
v 0.03965500 -0.08389400 0.02052700
v 0.03960400 -0.08389400 0.02043400
v 0.04059800 -0.08389400 0.02357350
v 0.04046300 -0.08389400 0.02271100
v 0.04021200 -0.08363600 0.02105000
v 0.04010950 -0.08389400 0.02150550
v 0.04001100 -0.08389400 0.02117100
v 0.04123100 -0.08292600 0.02470400
v 0.04107700 -0.08389400 0.02816900
v 0.04123100 -0.08358500 0.02819200
v 0.04116150 -0.08389400 0.03050150
v 0.04115200 -0.08389400 0.02924100
v 0.04123100 -0.08380800 0.03176200
v 0.04123100 -0.08358500 0.03533300
v 0.04112750 -0.08389400 0.03428100
v 0.04123100 -0.08292600 0.03882100
v 0.04098000 -0.08389400 0.03714400
v 0.04086150 -0.08389400 0.03804550
v 0.04123100 -0.08186000 0.04215100
v 0.04073300 -0.08389400 0.03902500
v 0.04074300 -0.08389400 0.03894700
v 0.04020900 -0.08389400 0.04172300
v 0.04016900 -0.08389400 0.04188150
v 0.04055900 -0.08389400 0.04034400
v 0.04073600 -0.08289600 0.04234000
v 0.04021200 -0.08363600 0.04247500
v 0.03991200 -0.08389400 0.04252500
v 0.03983400 -0.08389400 0.04269950
v 0.04012900 -0.08389400 0.04204000
v 0.03975600 -0.08389400 0.04287400
v 0.04021200 -0.08216600 0.04567800
v 0.03965500 -0.08389400 0.04298900
v 0.03911200 -0.08389400 0.04340400
v 0.03938100 -0.08389400 0.04330300
v 0.03924650 -0.08389400 0.04335350
v 0.03965700 -0.08259900 0.04578400
v 0.04357100 -0.05151700 0.05397400
v 0.04357100 -0.05481700 0.05327600
v 0.04411100 -0.05044600 0.05012500
v 0.04411100 -0.05347200 0.04895600
v 0.04291100 -0.06236300 0.00920500
v 0.04357100 -0.05836200 0.01161900
v 0.04291100 -0.06439800 0.01031600
v 0.04357100 -0.06017900 0.01261100
v 0.04291100 -0.06642400 0.01168600
v 0.04357100 -0.06198800 0.01383400
v 0.04291100 -0.06839800 0.01333200
v 0.04357100 -0.06375100 0.01530400
v 0.04291100 -0.07027400 0.01526100
v 0.04357100 -0.06542600 0.01702700
v 0.04291100 -0.07199600 0.01747300
v 0.04357100 -0.06696400 0.01900200
v 0.04291100 -0.07350900 0.01995300
v 0.04357100 -0.06831500 0.02121700
v 0.04291100 -0.07475700 0.02267100
v 0.04291100 -0.07626600 0.02863800
v 0.04357100 -0.07077700 0.02897200
v 0.04291100 -0.07646200 0.03176200
v 0.04357100 -0.07095200 0.03176200
v 0.04291100 -0.07626600 0.03488700
v 0.04291100 -0.07569000 0.03794000
v 0.04291100 -0.07475700 0.04085400
v 0.04357100 -0.06943000 0.03988100
v 0.04291100 -0.07350900 0.04357200
v 0.04357100 -0.06831500 0.04230800
v 0.04291100 -0.07199600 0.04605200
v 0.04357100 -0.06696400 0.04452300
v 0.04291100 -0.07027400 0.04826400
v 0.04357100 -0.06542600 0.04649800
v 0.04291100 -0.06839800 0.05019300
v 0.04357100 -0.06375100 0.04822100
v 0.04291100 -0.06642400 0.05183900
v 0.04357100 -0.06198800 0.04969000
v 0.04291100 -0.06439800 0.05320900
v 0.04357100 -0.06017900 0.05091400
v 0.04291100 -0.06236300 0.05432000
v 0.04357100 -0.05836200 0.05190600
v 0.04291100 -0.06035300 0.05519400
v 0.04291100 -0.05839300 0.05585400
v 0.04291100 -0.05839300 0.00767100
v 0.04291100 -0.05469800 0.00688900
v 0.04411100 -0.05044600 0.01340000
v 0.04411100 -0.05347200 0.01456900
v 0.04357100 -0.05656700 0.01083900
v 0.04411100 -0.05502300 0.01541600
v 0.04411100 -0.05656600 0.01646000
v 0.04411100 -0.05807200 0.01771500
v 0.04411100 -0.05950100 0.01918500
v 0.04411100 -0.06081400 0.02087100
v 0.04411100 -0.06196700 0.02276100
v 0.04411100 -0.06362900 0.02705400
v 0.04411100 -0.06406900 0.02938100
v 0.04411100 -0.06406900 0.03414400
v 0.04411100 -0.06362900 0.03647100
v 0.04411100 -0.06196700 0.04076400
v 0.04411100 -0.06081400 0.04265400
v 0.04411100 -0.05950100 0.04434000
v 0.04411100 -0.05807200 0.04581000
v 0.04411100 -0.05502300 0.04810900
v 0.04291100 -0.06035300 0.00833100
v 0.04357100 -0.05481700 0.01024900
v 0.03965700 -0.08080200 0.01479700
v 0.03965700 -0.07875700 0.01217100
v 0.03965700 -0.07653100 0.00988000
v 0.03965700 -0.07418600 0.00792600
v 0.03965700 -0.07178100 0.00630000
v 0.03965700 -0.06936500 0.00498000
v 0.03965700 -0.06697800 0.00394300
v 0.03965700 -0.06465200 0.00315900
v 0.04021200 -0.06435400 0.00337400
v 0.04073600 -0.06385700 0.00373200
v 0.04021200 -0.06666300 0.00415200
v 0.04073600 -0.06613700 0.00450000
v 0.04021200 -0.06903200 0.00518200
v 0.04073600 -0.06847600 0.00551700
v 0.04021200 -0.07143000 0.00649100
v 0.04073600 -0.07084400 0.00681000
v 0.04021200 -0.07381600 0.00810500
v 0.04073600 -0.07320000 0.00840400
v 0.04021200 -0.07835300 0.01231800
v 0.04021200 -0.08216600 0.01784700
v 0.04073600 -0.08144500 0.01802200
v 0.04073600 -0.08289600 0.02118500
v 0.04073300 -0.08389400 0.02443600
v 0.03991800 -0.08389400 0.02100100
v 0.03965700 -0.06240800 0.00259800
v 0.04021200 -0.05999900 0.00245300
v 0.04021200 -0.06212700 0.00281700
v 0.04073600 -0.05955700 0.00282300
v 0.04073600 -0.06165800 0.00318300
v 0.04123100 -0.05893900 0.00334000
v 0.04123100 -0.06316100 0.00423300
v 0.04091650 -0.08389400 0.02637500
v 0.04123100 -0.08186000 0.02137400
v 0.04123100 -0.08043500 0.01826800
v 0.04123100 -0.07673700 0.01290700
v 0.04123100 -0.07459400 0.01070200
v 0.04123100 -0.07002300 0.00725600
v 0.04123100 -0.06769800 0.00598600
v 0.04123100 -0.06540100 0.00498800
v 0.04213100 -0.05717200 0.00481900
v 0.03965700 -0.06240800 0.06092700
v 0.03965700 -0.06936500 0.05854500
v 0.03965700 -0.07178100 0.05722500
v 0.03965700 -0.07418600 0.05559800
v 0.03965700 -0.07653100 0.05364500
v 0.04123100 -0.05893900 0.06018500
v 0.04123100 -0.06316100 0.05929200
v 0.03965700 -0.07875700 0.05135400
v 0.03965700 -0.08080200 0.04872800
v 0.04021200 -0.08038300 0.04860000
v 0.04021200 -0.07835300 0.05120700
v 0.04021200 -0.07614300 0.05348000
v 0.04021200 -0.07381600 0.05542000
v 0.04021200 -0.07143000 0.05703400
v 0.04021200 -0.06903200 0.05834300
v 0.04021200 -0.06666300 0.05937300
v 0.04021200 -0.06435400 0.06015100
v 0.04021200 -0.06212700 0.06070800
v 0.04021200 -0.05999900 0.06107200
v 0.04073600 -0.08144500 0.04550300
v 0.04073600 -0.07968400 0.04838800
v 0.04073600 -0.07768000 0.05096100
v 0.04073600 -0.07549800 0.05320600
v 0.04073600 -0.07320000 0.05512100
v 0.04073600 -0.07084400 0.05671500
v 0.04073600 -0.06847600 0.05800800
v 0.04073600 -0.06613700 0.05902500
v 0.04073600 -0.06165800 0.06034200
v 0.04123100 -0.08043500 0.04525700
v 0.04123100 -0.07870600 0.04809100
v 0.04123100 -0.07673700 0.05061800
v 0.04123100 -0.07459400 0.05282300
v 0.04123100 -0.07233800 0.05470300
v 0.04123100 -0.07002300 0.05626900
v 0.04123100 -0.06769800 0.05753900
v 0.04123100 -0.06540100 0.05853700
v 0.04213100 -0.05717200 0.05870600
v 0.04213100 -0.06117500 0.00566600
v 0.04213100 -0.06329700 0.00638100
v 0.04213100 -0.06547500 0.00732700
v 0.04213100 -0.06767900 0.00853100
v 0.04213100 -0.06987400 0.01001500
v 0.04213100 -0.07201300 0.01179800
v 0.04213100 -0.07404400 0.01388800
v 0.04213100 -0.07591000 0.01628400
v 0.04213100 -0.07754900 0.01897000
v 0.04213100 -0.07890100 0.02191500
v 0.04213100 -0.07991100 0.02507100
v 0.04213100 -0.08053600 0.02837800
v 0.04213100 -0.08074700 0.03176200
v 0.04213100 -0.08053600 0.03514700
v 0.04213100 -0.07991100 0.03845400
v 0.04213100 -0.07890100 0.04161000
v 0.04213100 -0.07754900 0.04455500
v 0.04213100 -0.07591000 0.04724100
v 0.04213100 -0.07201300 0.05172700
v 0.04213100 -0.06987400 0.05351000
v 0.04213100 -0.06767900 0.05499400
v 0.04213100 -0.06547500 0.05619800
v 0.04213100 -0.06329700 0.05714400
v 0.04213100 -0.06117500 0.05785900
v 0.03891100 -0.06459200 0.05806300
v 0.03889250 -0.06553400 0.05776650
v 0.03888400 -0.06597600 0.05762700
v 0.03886400 -0.06700700 0.05722200
v 0.03884600 -0.06803400 0.05673700
v 0.03898600 -0.06088400 0.05896700
v 0.03893500 -0.06338000 0.05844400
v 0.03892900 -0.06365000 0.05836000
v 0.03904400 -0.05638800 0.05934200
v 0.03907600 -0.05658100 0.05934000
v 0.03904800 -0.05798600 0.05929500
v 0.03901200 -0.05965100 0.05911600
v 0.03899000 -0.06071500 0.05900200
v 0.03899600 0.01048700 0.05901800
v 0.03901200 0.00974500 0.05914400
v 0.03901200 0.00970000 0.05914800
v 0.03904500 0.00818200 0.05928700
v 0.03908500 0.00618900 0.05933900
v 0.03907200 0.00641400 0.05934200
v 0.03903200 0.00644200 0.05934200
v 0.03895500 0.01243300 0.05868600
v 0.03892900 0.01370600 0.05836600
v 0.03892400 0.01395500 0.05830300
v 0.03884600 0.01808700 0.05673300
v 0.03887400 0.01654000 0.05743300
v 0.03886700 0.01692300 0.05727900
v 0.03887600 0.01645300 0.05746200
v 0.03888700 0.01586000 0.05766200
v 0.03889600 0.01542400 0.05780900
v 0.03936100 -0.05533800 0.00442100
v 0.03931500 -0.05547100 0.00438200
v 0.03921000 -0.05911600 0.00449900
v 0.04168300 -0.04629500 0.01183600
v 0.04147700 -0.05041700 0.01078400
v 0.04230600 -0.05287900 0.03858500
v 0.04191100 -0.06054900 0.04038100
v 0.04191200 -0.05944100 0.04218800
v 0.04228200 -0.05512100 0.03008200
v 0.04228200 -0.05508600 0.02993500
v 0.04236000 -0.04873700 0.02172000
v 0.04191300 -0.05680700 0.01832500
v 0.04191200 -0.05944100 0.02133700
v 0.04248800 -0.04069900 0.02076200
v 0.04191700 -0.04949700 0.01424900
v 0.04191500 -0.05239400 0.01534200
v 0.04191450 -0.05313750 0.01574200
v 0.03901600 -0.05949100 0.00435700
v 0.03901200 -0.05964600 0.00437600
v 0.03904100 -0.05955000 0.00438500
v 0.03901300 -0.06988800 0.00802700
v 0.03904600 -0.06761400 0.00684200
v 0.03908100 -0.06537400 0.00592500
v 0.03888700 -0.06580600 0.00585800
v 0.03884800 -0.06786700 0.00667800
v 0.03884500 -0.06804400 0.00676600
v 0.03893000 -0.06364600 0.00518400
v 0.03891100 -0.06457600 0.00545100
v 0.03889600 -0.06532000 0.00566400
v 0.03894800 -0.06270300 0.00491300
v 0.03899600 -0.06043400 0.00449800
v 0.03900400 -0.06002400 0.00442300
v 0.03912600 -0.05601700 0.00422100
v 0.03907300 -0.05676600 0.00418700
v 0.03908500 -0.05613500 0.00418600
v 0.04192000 -0.04680700 0.01371000
v 0.04252100 -0.03823800 0.02076200
v 0.04221500 -0.04134500 0.01640100
v 0.04252600 -0.03666800 0.02076200
v 0.04252100 -0.03832700 0.02076200
v 0.04238700 -0.04703300 0.02113400
v 0.04239000 -0.04685600 0.02107600
v 0.04242000 -0.04515800 0.02080000
v 0.04242500 -0.04490000 0.02078200
v 0.04191300 -0.05536200 0.01713200
v 0.04236000 -0.04873500 0.02171800
v 0.04191400 -0.05388100 0.01614200
v 0.04232000 -0.05170100 0.02367100
v 0.04232100 -0.05161700 0.02359400
v 0.04233300 -0.05069700 0.02288700
v 0.04191200 -0.05817900 0.01972700
v 0.04233900 -0.05024600 0.02254000
v 0.04229400 -0.05390700 0.02649700
v 0.04229400 -0.05390500 0.02649200
v 0.04191100 -0.06054900 0.02314400
v 0.04230300 -0.05313200 0.02530800
v 0.04230500 -0.05296000 0.02504500
v 0.04231900 -0.05180600 0.02376900
v 0.04228600 -0.05471100 0.02836300
v 0.04228700 -0.05464400 0.02816300
v 0.04191100 -0.06214700 0.02725300
v 0.04228600 -0.05472600 0.02840800
v 0.04228000 -0.05524700 0.03176300
v 0.04228000 -0.05525000 0.03180600
v 0.04191100 -0.06256900 0.03404400
v 0.04228200 -0.05509400 0.03359200
v 0.04191100 -0.06146300 0.03839900
v 0.04228700 -0.05463300 0.03539400
v 0.04228600 -0.05469400 0.03515700
v 0.04228200 -0.05509100 0.03362600
v 0.04230300 -0.05312600 0.03821300
v 0.04229500 -0.05388900 0.03706300
v 0.04229400 -0.05390500 0.03702700
v 0.04233800 -0.05028400 0.04093800
v 0.04233300 -0.05069600 0.04063500
v 0.04232300 -0.05143700 0.04009000
v 0.04232100 -0.05163100 0.03991900
v 0.04232000 -0.05169500 0.03985000
v 0.04234100 -0.05005000 0.04110900
v 0.04191300 -0.05680700 0.04520000
v 0.04236300 -0.04851400 0.04190200
v 0.04191300 -0.05536200 0.04639300
v 0.04237700 -0.04764900 0.04222400
v 0.04245500 -0.04333600 0.04276200
v 0.04243800 -0.04425000 0.04276200
v 0.04191500 -0.05239400 0.04818300
v 0.04240500 -0.04597900 0.04262600
v 0.04191400 -0.05388100 0.04738300
v 0.04238800 -0.04702100 0.04237500
v 0.04206600 -0.04306300 0.04871800
v 0.04219200 -0.04131100 0.04708600
v 0.04192000 -0.04680700 0.04981500
v 0.04246900 -0.04259200 0.04276200
v 0.04191700 -0.04949700 0.04927600
v 0.04250800 -0.03856000 0.04276200
v 0.03979200 -0.05425800 0.05845500
v 0.04036100 -0.05592300 0.05703400
v 0.03928900 -0.05557100 0.05918000
v 0.03943000 -0.05520700 0.05899500
v 0.03974400 -0.05781200 0.05834100
v 0.03961450 0.00476550 0.05872850
v 0.03970200 -0.05451000 0.05863900
v 0.03911700 -0.05616300 0.05932200
v 0.03913200 -0.05611200 0.05930900
v 0.03915700 -0.05602300 0.05928800
v 0.03904100 -0.05955000 0.05914000
v 0.03904600 -0.06761400 0.05668300
v 0.03908100 -0.06537400 0.05760000
v 0.03901300 -0.06988800 0.05549800
v 0.03898500 -0.07215700 0.05401900
v 0.03896000 -0.07437500 0.05222600
v 0.03893900 -0.07648600 0.05010900
v 0.03892200 -0.07842900 0.04766800
v 0.03890700 -0.08013700 0.04492100
v 0.03889700 -0.08154800 0.04190000
v 0.03889400 -0.08223600 0.03977800
v 0.03914100 -0.08224400 0.03759800
v 0.03958900 -0.08063300 0.03846200
v 0.03924800 -0.08224800 0.03520900
v 0.03958700 -0.08126500 0.03515200
v 0.03934500 -0.08225100 0.03304700
v 0.03935100 -0.08225100 0.03176200
v 0.03958600 -0.08147900 0.03176200
v 0.03935400 -0.08225200 0.03127800
v 0.03925400 -0.08224800 0.02831600
v 0.03958700 -0.08126500 0.02837300
v 0.03918000 -0.08224550 0.02646200
v 0.03920300 -0.08224600 0.02679100
v 0.03958900 -0.08063300 0.02506300
v 0.03915700 -0.08224500 0.02613300
v 0.03959200 -0.07961100 0.02190700
v 0.03889500 -0.08223600 0.02376200
v 0.03885850 -0.08223450 0.02343600
v 0.03902000 -0.08224000 0.02489300
v 0.03890700 -0.08013700 0.01860400
v 0.03889700 -0.08154800 0.02162500
v 0.03892200 -0.07842900 0.01585700
v 0.03893900 -0.07648600 0.01341600
v 0.03896000 -0.07437500 0.01129900
v 0.03898500 -0.07215700 0.00950600
v 0.04153300 -0.04730800 0.05261000
v 0.04178100 -0.04532900 0.05079600
v 0.04189900 -0.04439200 0.04993600
v 0.04095200 -0.05345600 0.05515500
v 0.04147700 -0.05041700 0.05274100
v 0.04094000 -0.05694800 0.05447500
v 0.04147100 -0.05354500 0.05212100
v 0.04093500 -0.05880500 0.05387700
v 0.04146900 -0.05520800 0.05158100
v 0.04146600 -0.05691500 0.01266800
v 0.04093100 -0.06071200 0.01045200
v 0.04146500 -0.05864600 0.01359600
v 0.04092700 -0.06264600 0.01148300
v 0.04146300 -0.06037000 0.01474600
v 0.04092400 -0.06457200 0.01276400
v 0.04146200 -0.06205200 0.01613200
v 0.04092100 -0.06645200 0.01430900
v 0.04146100 -0.06365000 0.01776100
v 0.04091900 -0.06824000 0.01612700
v 0.04146000 -0.06511900 0.01963300
v 0.04091800 -0.06988200 0.01821500
v 0.04145900 -0.06640900 0.02173500
v 0.04091600 -0.07132500 0.02056200
v 0.04145900 -0.06747400 0.02404100
v 0.04091500 -0.07251600 0.02313700
v 0.04145800 -0.06827000 0.02651500
v 0.04091500 -0.07340600 0.02590000
v 0.04091400 -0.07395700 0.02879700
v 0.04091400 -0.07414300 0.03176200
v 0.04145800 -0.06876200 0.03441700
v 0.04091400 -0.07395700 0.03472800
v 0.04145800 -0.06827000 0.03701000
v 0.04091500 -0.07340600 0.03762500
v 0.04145900 -0.06747400 0.03948400
v 0.04091500 -0.07251600 0.04038800
v 0.04145900 -0.06640900 0.04179000
v 0.04091600 -0.07132500 0.04296300
v 0.04146000 -0.06511900 0.04389200
v 0.04091800 -0.06988200 0.04530900
v 0.04146100 -0.06365000 0.04576400
v 0.04091900 -0.06824000 0.04739800
v 0.04146200 -0.06205200 0.04739300
v 0.04092100 -0.06645200 0.04921600
v 0.04146300 -0.06037000 0.04877900
v 0.04092400 -0.06457200 0.05076100
v 0.04146500 -0.05864600 0.04992900
v 0.04092700 -0.06264600 0.05204200
v 0.04146600 -0.05691500 0.05085700
v 0.04093100 -0.06071200 0.05307300
v 0.04095200 -0.05345600 0.00837000
v 0.04147100 -0.05354500 0.01140400
v 0.04094000 -0.05694800 0.00905000
v 0.04146900 -0.05520800 0.01194400
v 0.04093500 -0.05880500 0.00964800
v 0.04218900 -0.04173000 0.01604200
v 0.04189400 -0.04439200 0.01359000
v 0.04178300 -0.04539100 0.01267000
v 0.03912100 -0.06319800 0.00524900
v 0.04047000 -0.05227600 0.00656700
v 0.04036100 -0.05592300 0.00649100
v 0.03998300 -0.05373600 0.00544100
v 0.03986800 -0.05408400 0.00517300
v 0.03974400 -0.05781200 0.00518400
v 0.03939600 -0.05525100 0.00447300
v 0.03969700 -0.06178900 0.00592200
v 0.03967700 -0.06390800 0.00658700
v 0.03964400 -0.06829800 0.00864700
v 0.03963100 -0.07050300 0.01009500
v 0.03962000 -0.07265600 0.01184700
v 0.03961000 -0.07470500 0.01391300
v 0.03960300 -0.07658800 0.01629200
v 0.03959700 -0.07824400 0.01896700
v 0.03912100 -0.06319800 0.05827600
v 0.03921000 -0.05911600 0.05902600
v 0.03902400 -0.08224000 0.03863100
v 0.03959200 -0.07961100 0.04161800
v 0.03959700 -0.07824400 0.04455800
v 0.03960300 -0.07658800 0.04723300
v 0.03961000 -0.07470500 0.04961200
v 0.03962000 -0.07265600 0.05167800
v 0.03963100 -0.07050300 0.05343000
v 0.03964400 -0.06829800 0.05487800
v 0.03965900 -0.06608700 0.05603900
v 0.03967700 -0.06390800 0.05693800
v 0.03969700 -0.06178900 0.05760300
v 0.04037900 -0.05254200 0.05716400
v 0.04065700 -0.05150500 0.05629400
v 0.04093000 -0.05049000 0.05544300
v 0.04126400 -0.04872700 0.05387300
v 0.04033700 -0.05970000 0.00721000
v 0.04032700 -0.06171000 0.00785000
v 0.04031900 -0.06377500 0.00871200
v 0.04031100 -0.06587000 0.00982200
v 0.04030500 -0.06795800 0.01120300
v 0.04030000 -0.06999600 0.01287100
v 0.04029500 -0.07193400 0.01483500
v 0.04029200 -0.07371500 0.01709400
v 0.04028900 -0.07528100 0.01963300
v 0.04028700 -0.07657300 0.02242100
v 0.04028600 -0.07753900 0.02541300
v 0.04028500 -0.07813600 0.02855000
v 0.04028400 -0.07833900 0.03176200
v 0.04028500 -0.07813600 0.03497500
v 0.04028600 -0.07753900 0.03811200
v 0.04028700 -0.07657300 0.04110400
v 0.04028900 -0.07528100 0.04389200
v 0.04029200 -0.07371500 0.04643100
v 0.04029500 -0.07193400 0.04869000
v 0.04030000 -0.06999600 0.05065400
v 0.04030500 -0.06795800 0.05232200
v 0.04031100 -0.06587000 0.05370300
v 0.04031900 -0.06377500 0.05481300
v 0.04032700 -0.06171000 0.05567500
v 0.04033700 -0.05970000 0.05631500
v 0.04109400 -0.04973900 0.00874000
v 0.04063900 -0.05158600 0.00715800
v 0.04047000 0.00233100 0.05695800
v 0.04037000 0.00594400 0.05701000
v 0.03936100 0.00539300 0.05910400
v 0.03932300 0.00550400 0.05913700
v 0.03921900 0.00914900 0.05901800
v 0.04148100 0.00044200 0.05271700
v 0.03961800 0.03120100 0.03514400
v 0.03960000 0.03130700 0.03473800
v 0.04250000 -0.00957100 0.04276200
v 0.04191900 -0.00047300 0.04925800
v 0.03905700 0.01764400 0.05667600
v 0.03897300 0.02440300 0.05222000
v 0.03888700 0.01586700 0.00584000
v 0.03888900 0.01586300 0.00584100
v 0.03887500 0.01650800 0.00609500
v 0.04145300 0.01581200 0.02076200
v 0.04137000 0.01698000 0.02076200
v 0.04092500 0.01988500 0.01823100
v 0.04101900 0.02056100 0.02076200
v 0.04092300 0.02132600 0.02057400
v 0.04100000 0.02075000 0.02076200
v 0.04190700 0.00894600 0.02076200
v 0.04185100 0.01016900 0.02076200
v 0.04146500 0.01366000 0.01777700
v 0.04174600 0.01166200 0.02076200
v 0.04146400 0.01512700 0.01964700
v 0.04191600 0.00390600 0.01615800
v 0.04235100 -0.00208100 0.02076200
v 0.04191600 0.00538600 0.01714700
v 0.04225300 0.00114300 0.02076200
v 0.04191500 0.00682900 0.01833900
v 0.04146600 0.01206300 0.01614900
v 0.04223700 0.00164700 0.02076200
v 0.04191400 0.00820100 0.01973900
v 0.04204000 0.00600900 0.02076200
v 0.04191900 -0.00047300 0.01426700
v 0.04249400 -0.00901200 0.02076200
v 0.04246100 -0.00688000 0.02076200
v 0.04251700 -0.01114400 0.02076200
v 0.04192200 -0.00316000 0.01372800
v 0.04207600 -0.00699200 0.01490800
v 0.04189900 -0.00557300 0.01360700
v 0.04219200 -0.00859900 0.01640500
v 0.04252400 -0.01221100 0.02076200
v 0.04252600 -0.01327700 0.02076200
v 0.03904700 0.00958700 0.00438700
v 0.03901300 0.00967600 0.00437200
v 0.03904100 0.00834100 0.00424900
v 0.03904900 0.00620700 0.00418000
v 0.03908300 0.00612600 0.00419400
v 0.03907000 0.00694800 0.00418900
v 0.03913900 0.00599300 0.00421700
v 0.03916300 0.00592300 0.00423700
v 0.03898600 0.01095600 0.00455300
v 0.03892900 0.01370300 0.00517400
v 0.03899100 0.01073200 0.00452100
v 0.03888800 0.01579200 0.00581100
v 0.03890000 0.01521400 0.00563500
v 0.03884600 0.01809300 0.00677700
v 0.03905700 0.01764400 0.00684900
v 0.03902500 0.01991700 0.00803400
v 0.03899700 0.02218600 0.00951200
v 0.03897300 0.02440300 0.01130500
v 0.03895200 0.02651400 0.01342200
v 0.03893500 0.02845500 0.01586200
v 0.03892100 0.03016300 0.01860800
v 0.03891000 0.03157300 0.02162800
v 0.03890300 0.03262800 0.02487200
v 0.03889800 0.03328100 0.02827600
v 0.03889700 0.03350200 0.03176200
v 0.03889800 0.03328100 0.03524900
v 0.03890300 0.03262800 0.03865300
v 0.03891000 0.03157300 0.04189700
v 0.03892100 0.03016300 0.04491700
v 0.03893500 0.02845500 0.04766300
v 0.03895200 0.02651400 0.05010300
v 0.03899700 0.02218600 0.05401200
v 0.03902500 0.01991700 0.05549100
v 0.03893900 0.01368100 0.05837000
v 0.03904700 0.00958700 0.05913800
v 0.03917400 0.00593400 0.05926400
v 0.03913400 0.00604800 0.05929700
v 0.04192200 -0.00316000 0.04979700
v 0.04251700 -0.01117000 0.04276200
v 0.04252100 -0.01170100 0.04276200
v 0.04251900 -0.01143550 0.04276200
v 0.04221700 -0.00863700 0.04709000
v 0.04252400 -0.01222300 0.04276200
v 0.04252600 -0.01327700 0.04276200
v 0.04234600 -0.00198400 0.04276200
v 0.04241900 -0.00479800 0.04276200
v 0.04191700 0.00242100 0.04816600
v 0.04245500 -0.00661500 0.04276200
v 0.04191600 0.00538600 0.04637800
v 0.04191500 0.00682900 0.04518600
v 0.04224700 0.00122600 0.04276200
v 0.04191600 0.00390600 0.04736700
v 0.04230800 -0.00053500 0.04276200
v 0.04175700 0.01161000 0.04276200
v 0.04189700 0.00887600 0.04276200
v 0.04191400 0.00820100 0.04378600
v 0.04205400 0.00579200 0.04276200
v 0.04216000 0.00372800 0.04276200
v 0.04101600 0.02058000 0.04276200
v 0.04146400 0.01512700 0.04387800
v 0.04159600 0.01412400 0.04276200
v 0.04028200 0.02668700 0.04102300
v 0.04029700 0.02657400 0.04108300
v 0.04029700 0.02657300 0.04109400
v 0.04029800 0.02656400 0.04108900
v 0.04029900 0.02528300 0.04388000
v 0.04047800 0.02517100 0.04183500
v 0.04050700 0.02493700 0.04193400
v 0.04060500 0.02413900 0.04219200
v 0.04070800 0.02329200 0.04246500
v 0.04090600 0.02159300 0.04273000
v 0.04092300 0.02132600 0.04295100
v 0.04092300 0.02143800 0.04274000
v 0.04093700 0.02131600 0.04274800
v 0.03960500 0.02961900 0.04161100
v 0.03960200 0.03064000 0.03845700
v 0.03990200 0.02939300 0.03856600
v 0.04007100 0.02822900 0.03982900
v 0.04009400 0.02806400 0.03997900
v 0.04021300 0.02719600 0.04063600
v 0.03961900 0.03119700 0.03515800
v 0.03962800 0.03114100 0.03537100
v 0.03973900 0.03045500 0.03694100
v 0.03975500 0.03035100 0.03713100
v 0.03986600 0.02962800 0.03821400
v 0.03987800 0.02955000 0.03833200
v 0.03952500 0.03175000 0.03175100
v 0.03954800 0.03161400 0.03004000
v 0.03955700 0.03156400 0.02975000
v 0.03960000 0.03130700 0.02878900
v 0.03952500 0.03174900 0.03176200
v 0.03954800 0.03161900 0.03345400
v 0.03955500 0.03157700 0.03370800
v 0.03986600 0.02962500 0.02531300
v 0.03960200 0.03064000 0.02506800
v 0.03976600 0.03028000 0.02626900
v 0.03974400 0.03042500 0.02652900
v 0.03963100 0.03112200 0.02809900
v 0.03960000 0.03127200 0.02837500
v 0.03961900 0.03119400 0.02836800
v 0.03961800 0.03119800 0.02838100
v 0.04021300 0.02719600 0.02289000
v 0.03960500 0.02961900 0.02191400
v 0.04008600 0.02812600 0.02360200
v 0.03991400 0.02931000 0.02485400
v 0.03987900 0.02954400 0.02519500
v 0.04092100 0.02145000 0.02081800
v 0.04080400 0.02247800 0.02089900
v 0.04029900 0.02528300 0.01964500
v 0.04060500 0.02414900 0.02130100
v 0.04029800 0.02656900 0.02243300
v 0.04029700 0.02657300 0.02243100
v 0.04030400 0.02652300 0.02239900
v 0.04050100 0.02498600 0.02161100
v 0.04153300 -0.00263700 0.01091500
v 0.04124800 -0.00114000 0.00958300
v 0.04095900 0.00347800 0.00839600
v 0.04148100 0.00044200 0.01080800
v 0.04094700 0.00696500 0.00907500
v 0.04147500 0.00356700 0.01142700
v 0.04094200 0.00882000 0.00967300
v 0.04147300 0.00522700 0.01196700
v 0.04092600 0.01824400 0.01614400
v 0.04092800 0.01645900 0.01432800
v 0.04146700 0.01038300 0.01476500
v 0.04093100 0.01458100 0.01278500
v 0.04146900 0.00866200 0.01361600
v 0.04093400 0.01265700 0.01150600
v 0.04147100 0.00693300 0.01269000
v 0.04093800 0.01072600 0.01047600
v 0.04147100 0.00693300 0.05083500
v 0.04093800 0.01072600 0.05304900
v 0.04146900 0.00866200 0.04990900
v 0.04093400 0.01265700 0.05201900
v 0.04146700 0.01038300 0.04876000
v 0.04093100 0.01458100 0.05074000
v 0.04092800 0.01645900 0.04919600
v 0.04146500 0.01366000 0.04574800
v 0.04092600 0.01824400 0.04738100
v 0.04092500 0.01988500 0.04529400
v 0.04100000 0.02075000 0.04276200
v 0.04095900 0.00347800 0.05512900
v 0.04147500 0.00356700 0.05209800
v 0.04094700 0.00696500 0.05445000
v 0.04147300 0.00522700 0.05155800
v 0.04094200 0.00882000 0.05385200
v 0.04172400 0.01224800 0.04276200
v 0.04218900 -0.00821500 0.04748300
v 0.04189600 -0.00557300 0.04991700
v 0.04179000 -0.00461700 0.05079800
v 0.03909200 0.01540500 0.05759200
v 0.03913100 0.01322900 0.05826800
v 0.03961000 0.02825300 0.04454800
v 0.03961600 0.02659900 0.04722100
v 0.04030200 0.02371900 0.04641600
v 0.03962300 0.02471700 0.04959800
v 0.04030500 0.02193900 0.04867300
v 0.03963200 0.02267000 0.05166300
v 0.04031000 0.02000400 0.05063500
v 0.03964400 0.02051900 0.05341400
v 0.04031500 0.01796700 0.05230200
v 0.03965600 0.01831500 0.05486100
v 0.04032100 0.01588200 0.05368100
v 0.03967200 0.01610600 0.05602100
v 0.04032800 0.01378900 0.05479000
v 0.03968900 0.01392800 0.05692000
v 0.04033700 0.01172500 0.05565200
v 0.03970900 0.01181100 0.05758500
v 0.04034700 0.00971700 0.05629100
v 0.03975600 0.00783700 0.05832200
v 0.03942000 0.00524700 0.05901700
v 0.03925900 0.00564700 0.00431600
v 0.03921900 0.00914900 0.00450700
v 0.03885600 0.01749900 0.00648900
v 0.03909200 0.01540500 0.00593300
v 0.03913100 0.01322900 0.00525700
v 0.03931700 0.00550600 0.00439000
v 0.03939600 0.00531400 0.00449000
v 0.03975600 0.00783700 0.00520300
v 0.03969300 0.00458600 0.00487200
v 0.03961000 0.02825300 0.01897700
v 0.03961600 0.02659900 0.01630300
v 0.03962300 0.02471700 0.01392700
v 0.03963200 0.02267000 0.01186200
v 0.03964400 0.02051900 0.01011100
v 0.03965600 0.01831500 0.00866400
v 0.03967200 0.01610600 0.00750400
v 0.03968900 0.01392800 0.00660500
v 0.03970900 0.01181100 0.00594000
v 0.03980100 0.00428700 0.00509100
v 0.03997800 0.00379400 0.00545000
v 0.04037000 0.00594400 0.00651500
v 0.04028000 0.00295400 0.00606300
v 0.04038500 0.00256700 0.00638700
v 0.04063600 0.00164200 0.00716200
v 0.04096500 0.00035000 0.00825700
v 0.04030200 0.02371900 0.01710900
v 0.04030500 0.02193900 0.01485200
v 0.04031000 0.02000400 0.01289000
v 0.04031500 0.01796700 0.01122300
v 0.04032100 0.01588200 0.00984400
v 0.04033700 0.01172500 0.00787300
v 0.04034700 0.00971700 0.00723400
v 0.04126700 -0.00121900 0.05387500
v 0.04109400 -0.00020700 0.05478500
v 0.04095700 0.00035100 0.05526300
v 0.04066000 0.00155900 0.05629700
v 0.03907200 -0.05636000 0.00418300
v 0.03903200 -0.05638700 0.00418300
v 0.03903200 0.00644200 0.00418300
v 0.03907700 0.00632200 0.05934200
v 0.03907700 -0.05626700 0.00418300
f 16 17 20
f 13 12 16
f 16 20 13
f 14 21 22
f 14 22 15
f 9 24 25
f 9 25 10
f 7 31 8
f 5 33 34
f 4 34 36
f 4 36 3
f 35 43 44
f 39 40 37
f 45 47 46
f 48 50 32
f 19 18 51
f 54 23 55
f 56 57 49
f 30 60 52
f 54 61 27
f 27 61 59
f 120 38 6
f 6 38 62
f 11 6 63
f 16 12 11
f 63 42 41
f 16 63 41
f 64 65 66
f 66 65 67
f 80 73 81
f 81 73 72
f 81 72 82
f 82 72 71
f 82 71 83
f 78 87 89
f 78 89 77
f 77 89 91
f 77 91 76
f 75 93 94
f 75 94 74
f 74 94 96
f 86 98 88
f 85 2 100
f 88 99 90
f 90 102 92
f 92 102 103
f 106 105 107
f 107 109 108
f 113 104 114
f 96 95 116
f 111 117 101
f 96 116 118
f 97 38 120
f 119 64 121
f 121 64 66
f 121 66 122
f 122 66 67
f 122 67 123
f 79 80 112
f 124 68 70
f 112 124 79
f 79 124 70
f 79 70 69
f 125 127 128
f 128 129 130
f 137 138 140
f 141 143 139
f 148 149 150
f 151 152 153
f 154 155 84
f 84 155 156
f 156 157 84
f 84 158 153
f 153 159 151
f 152 160 153
f 153 160 161
f 153 161 162
f 165 164 153
f 166 153 162
f 163 167 164
f 164 167 168
f 164 168 169
f 172 171 164
f 172 164 173
f 173 164 169
f 175 148 150
f 177 171 178
f 178 171 170
f 189 190 194
f 182 191 183
f 183 191 192
f 183 192 190
f 190 192 193
f 197 199 200
f 200 199 202
f 200 202 203
f 203 204 200
f 200 205 195
f 195 207 208
f 208 210 195
f 195 212 214
f 195 214 196
f 217 218 219
f 219 218 220
f 219 220 221
f 221 220 196
f 221 196 222
f 222 196 216
f 218 224 225
f 229 231 226
f 226 231 234
f 200 218 197
f 197 218 225
f 201 240 218
f 218 242 244
f 244 245 218
f 218 245 246
f 247 249 250
f 250 249 251
f 249 252 251
f 251 252 253
f 251 253 254
f 254 255 251
f 251 256 226
f 226 256 258
f 226 258 228
f 1 260 261
f 263 226 264
f 264 226 1
f 264 1 265
f 265 1 261
f 263 266 226
f 226 266 267
f 226 267 268
f 268 269 226
f 226 269 271
f 226 271 251
f 274 276 251
f 251 276 278
f 279 280 281
f 281 282 283
f 281 283 284
f 285 286 287
f 288 289 287
f 287 289 290
f 287 290 285
f 291 292 1
f 286 293 287
f 287 293 294
f 287 294 1
f 1 294 295
f 292 297 1
f 1 297 298
f 1 298 299
f 284 179 281
f 300 301 288
f 288 301 302
f 288 302 289
f 296 303 281
f 281 303 304
f 281 304 306
f 306 304 307
f 306 307 288
f 288 307 308
f 314 315 287
f 314 287 316
f 310 317 311
f 311 318 287
f 287 318 319
f 315 320 287
f 287 320 321
f 287 321 288
f 288 322 323
f 324 325 312
f 312 325 326
f 323 327 288
f 288 327 329
f 330 329 331
f 332 331 333
f 312 333 334
f 312 334 324
f 336 337 338
f 339 340 311
f 339 311 341
f 336 342 343
f 311 344 341
f 340 345 311
f 311 346 312
f 312 347 348
f 312 350 351
f 349 353 354
f 355 356 357
f 360 361 356
f 356 361 362
f 371 372 373
f 374 378 379
f 378 380 379
f 379 380 381
f 379 381 382
f 382 383 379
f 385 384 386
f 385 386 387
f 387 388 385
f 373 389 390
f 373 390 371
f 391 392 374
f 374 392 394
f 395 396 391
f 391 396 398
f 400 399 401
f 400 401 402
f 402 401 198
f 402 198 404
f 406 398 407
f 407 398 396
f 374 409 411
f 374 411 391
f 391 411 412
f 391 412 395
f 372 400 373
f 373 413 414
f 413 415 414
f 417 419 418
f 418 419 420
f 418 420 421
f 428 429 430
f 430 431 426
f 426 431 432
f 426 433 430
f 430 433 434
f 430 434 408
f 414 418 435
f 437 438 439
f 440 441 442
f 448 449 446
f 441 437 439
f 441 439 452
f 453 436 435
f 428 430 454
f 454 455 443
f 443 455 456
f 457 458 459
f 459 460 461
f 462 463 464
f 464 463 465
f 464 465 466
f 467 469 468
f 468 470 471
f 473 474 475
f 476 458 477
f 477 458 457
f 477 457 462
f 479 480 481
f 481 480 458
f 481 458 482
f 482 458 476
f 479 483 480
f 480 483 484
f 480 484 485
f 486 487 488
f 472 489 471
f 471 489 475
f 490 475 474
f 455 492 305
f 455 305 456
f 475 493 473
f 473 493 328
f 438 494 439
f 439 495 460
f 460 495 496
f 460 496 497
f 328 498 455
f 455 498 499
f 455 499 491
f 491 499 500
f 491 500 501
f 502 497 503
f 504 505 506
f 506 505 507
f 500 509 510
f 500 510 501
f 502 511 497
f 497 511 512
f 497 512 460
f 460 512 513
f 460 513 461
f 517 522 518
f 525 526 527
f 527 531 532
f 535 537 536
f 536 537 538
f 536 538 385
f 385 538 539
f 485 486 480
f 480 486 540
f 480 540 541
f 540 545 541
f 541 545 546
f 541 546 544
f 544 546 547
f 543 548 544
f 544 548 549
f 544 549 550
f 544 551 552
f 544 552 553
f 553 552 554
f 553 554 555
f 555 556 553
f 553 557 558
f 553 559 560
f 553 560 96
f 96 561 562
f 563 564 565
f 565 564 566
f 370 568 565
f 565 568 569
f 565 569 563
f 572 573 115
f 584 574 570
f 370 575 568
f 568 575 576
f 110 577 578
f 110 578 579
f 581 582 579
f 579 580 110
f 110 582 583
f 584 585 572
f 565 567 110
f 110 567 586
f 110 586 571
f 575 587 588
f 575 588 576
f 587 589 581
f 590 592 593
f 596 110 597
f 602 603 599
f 599 603 604
f 599 604 600
f 605 606 607
f 607 606 602
f 602 609 603
f 593 610 594
f 607 595 605
f 58 615 612
f 58 613 147
f 147 613 616
f 184 147 617
f 617 147 614
f 618 619 615
f 614 620 621
f 614 621 617
f 622 623 154
f 625 626 84
f 629 84 96
f 628 96 630
f 96 624 631
f 633 562 634
f 634 562 154
f 634 154 623
f 562 635 96
f 84 627 637
f 84 637 154
f 154 637 632
f 633 638 562
f 562 638 635
f 636 640 639
f 633 640 641
f 642 643 644
f 646 647 648
f 648 647 649
f 646 648 651
f 651 648 652
f 651 652 653
f 653 654 655
f 655 656 653
f 653 656 657
f 653 657 658
f 658 659 660
f 642 644 661
f 658 662 663
f 664 665 658
f 658 665 666
f 658 666 644
f 644 666 667
f 644 667 661
f 644 668 669
f 674 514 29
f 514 678 671
f 671 678 672
f 29 676 674
f 514 677 678
f 671 673 681
f 671 681 26
f 26 681 675
f 679 680 26
f 677 682 683
f 677 683 678
f 682 684 685
f 28 53 645
f 688 652 648
f 688 648 691
f 648 650 691
f 695 178 696
f 696 178 697
f 539 698 379
f 702 545 540
f 757 703 656
f 704 705 531
f 709 177 178
f 709 178 695
f 177 709 711
f 177 711 176
f 715 654 652
f 715 652 688
f 719 655 654
f 719 654 715
f 698 539 745
f 745 539 538
f 725 486 474
f 725 474 706
f 486 725 727
f 486 727 540
f 540 727 702
f 730 546 731
f 731 546 545
f 731 545 732
f 732 545 702
f 733 734 551
f 711 736 176
f 176 736 175
f 656 703 657
f 531 705 532
f 532 705 739
f 532 739 533
f 739 740 533
f 533 740 741
f 533 741 534
f 534 741 742
f 534 742 535
f 535 742 743
f 535 743 537
f 537 743 744
f 537 744 538
f 538 744 745
f 698 747 379
f 379 747 374
f 374 747 749
f 178 170 697
f 697 170 172
f 697 172 752
f 752 172 173
f 752 173 753
f 753 173 169
f 753 169 754
f 754 169 168
f 754 168 755
f 755 168 167
f 755 167 756
f 756 167 163
f 756 163 165
f 719 757 655
f 655 757 656
f 703 761 657
f 657 761 762
f 657 762 763
f 764 643 765
f 765 643 642
f 765 642 766
f 766 642 661
f 766 661 767
f 767 661 667
f 767 667 768
f 768 667 666
f 768 666 769
f 769 666 665
f 769 665 770
f 154 562 771
f 771 562 561
f 771 561 772
f 546 730 773
f 546 773 547
f 551 734 552
f 552 734 774
f 552 774 554
f 554 774 775
f 554 775 555
f 771 776 154
f 154 776 777
f 154 777 155
f 155 777 778
f 155 778 156
f 156 778 779
f 156 779 157
f 157 779 780
f 157 780 158
f 780 781 158
f 158 781 782
f 158 782 159
f 159 782 783
f 159 783 151
f 151 783 784
f 151 784 152
f 152 784 785
f 152 785 160
f 160 785 786
f 160 786 161
f 161 786 787
f 161 787 162
f 162 787 788
f 162 788 166
f 166 788 789
f 166 789 165
f 165 789 790
f 165 790 756
f 736 791 175
f 770 665 794
f 794 665 664
f 794 664 795
f 795 664 663
f 795 663 796
f 796 663 662
f 796 662 797
f 797 662 660
f 797 660 763
f 763 660 659
f 763 659 657
f 520 798 521
f 521 798 799
f 521 799 516
f 516 799 800
f 516 800 517
f 517 800 801
f 517 801 522
f 522 801 802
f 522 802 523
f 523 802 803
f 523 803 524
f 524 803 804
f 524 804 528
f 804 805 528
f 528 805 806
f 528 806 529
f 529 806 807
f 529 807 530
f 530 807 808
f 530 808 525
f 525 808 704
f 525 704 526
f 526 704 531
f 773 809 547
f 547 809 810
f 547 810 542
f 810 811 542
f 542 811 812
f 542 812 543
f 543 812 813
f 543 813 548
f 548 813 814
f 548 814 549
f 549 814 733
f 549 733 550
f 550 733 551
f 561 560 772
f 772 560 559
f 772 559 815
f 815 559 558
f 815 558 816
f 816 558 557
f 816 557 817
f 817 557 556
f 817 556 818
f 818 556 555
f 818 555 819
f 819 555 775
f 514 671 820
f 820 671 670
f 820 670 821
f 821 670 669
f 821 669 764
f 764 669 668
f 764 668 643
f 820 824 514
f 514 824 825
f 514 825 515
f 515 825 826
f 515 826 519
f 519 826 827
f 519 827 520
f 520 827 828
f 520 828 798
f 374 749 831
f 374 831 408
f 473 833 474
f 474 833 706
f 455 838 473
f 473 838 833
f 831 842 408
f 408 842 430
f 842 847 430
f 430 847 455
f 455 847 838
f 857 858 859
f 860 861 859
f 867 868 330
f 877 878 879
f 887 886 888
f 891 884 889
f 889 892 890
f 893 884 891
f 878 895 879
f 876 874 896
f 876 896 897
f 877 876 898
f 898 876 897
f 899 900 901
f 905 906 907
f 907 906 908
f 907 910 899
f 899 910 911
f 912 914 915
f 915 914 916
f 915 916 917
f 924 925 912
f 912 925 926
f 927 928 929
f 929 928 931
f 924 930 922
f 935 938 939
f 935 939 934
f 934 940 932
f 943 942 944
f 943 944 935
f 947 948 949
f 947 949 950
f 951 947 952
f 951 952 953
f 955 872 956
f 955 956 957
f 958 960 961
f 961 960 962
f 961 962 963
f 963 962 964
f 967 969 970
f 970 969 972
f 970 972 973
f 976 981 979
f 976 979 982
f 982 979 978
f 982 978 983
f 987 988 989
f 989 988 990
f 992 993 994
f 978 994 993
f 978 993 983
f 983 991 995
f 995 991 990
f 894 986 880
f 880 986 984
f 880 984 879
f 886 975 976
f 886 976 888
f 888 976 982
f 888 982 889
f 889 982 983
f 889 983 891
f 891 983 995
f 891 995 893
f 893 995 996
f 883 894 882
f 882 894 881
f 1005 871 1006
f 1011 1006 1012
f 1012 1006 1007
f 1012 1007 1013
f 997 1010 998
f 998 1010 1009
f 998 1009 1000
f 1000 1009 1014
f 1000 1014 1002
f 1002 1014 1015
f 1004 956 954
f 954 956 872
f 958 957 960
f 960 957 956
f 960 956 962
f 962 956 1015
f 966 1009 969
f 969 1009 1008
f 997 869 1010
f 1010 871 1008
f 1008 871 1005
f 972 1005 1016
f 972 1016 1017
f 1018 973 1019
f 1019 973 972
f 330 332 867
f 867 332 312
f 352 349 1023
f 1023 349 355
f 1023 355 1024
f 1024 355 357
f 1024 357 1025
f 357 362 1025
f 1025 362 361
f 359 358 1026
f 358 364 1026
f 1026 364 1029
f 1026 1029 1030
f 1032 1033 1034
f 369 861 365
f 365 861 860
f 365 860 366
f 366 860 367
f 369 370 1035
f 368 367 1036
f 1036 367 860
f 1036 860 1037
f 1037 860 859
f 1037 859 1038
f 1038 859 858
f 1038 858 1039
f 369 1035 861
f 861 1035 1040
f 861 1040 859
f 859 1040 1041
f 859 1041 857
f 933 927 934
f 934 927 929
f 934 929 935
f 935 929 1042
f 1046 1047 1048
f 1048 1047 1049
f 1050 1051 1052
f 1052 1051 1053
f 1052 1053 1054
f 1054 1053 863
f 1029 363 1027
f 1031 1027 1057
f 1033 1057 1058
f 1033 1058 1034
f 1034 1058 1059
f 1060 1061 1059
f 1059 1061 1062
f 1059 1062 856
f 1027 1036 1057
f 1057 1036 1037
f 1057 1037 1058
f 1058 1037 1038
f 1058 1038 1059
f 1059 1038 1039
f 1059 1039 1060
f 950 941 947
f 947 941 943
f 952 943 1044
f 1003 1048 1001
f 1001 1048 1050
f 1001 1050 999
f 999 1050 1052
f 997 1054 869
f 869 1054 1055
f 869 1055 870
f 870 1055 1056
f 1068 1069 1067
f 187 853 185
f 185 853 1070
f 852 188 186
f 1074 193 192
f 851 1076 1077
f 851 1077 1081
f 1075 182 1082
f 1082 182 181
f 1082 181 1083
f 1084 220 1085
f 220 218 1085
f 1085 247 1086
f 247 250 1086
f 1086 250 251
f 1087 251 279
f 1087 279 1088
f 1088 279 281
f 1088 281 1089
f 1089 281 306
f 1089 306 868
f 868 306 288
f 868 288 330
f 864 1028 865
f 865 1028 1090
f 865 1090 1091
f 1091 1090 1092
f 1091 1092 1093
f 1093 1092 1094
f 1099 1100 1101
f 1101 1100 1102
f 1103 1104 1105
f 1105 1104 1106
f 1105 1106 1107
f 1107 1106 1108
f 1107 1108 1109
f 1109 1108 1110
f 1112 1113 1114
f 1114 1113 1115
f 1114 1115 1116
f 1116 1115 1117
f 1116 1117 1118
f 1118 1117 1119
f 1073 1122 1123
f 1123 1122 1124
f 1123 1124 1125
f 1125 1124 1126
f 1129 1130 1131
f 866 865 1025
f 1025 865 1091
f 1025 1091 1024
f 1024 1091 1093
f 1024 1093 1023
f 1023 1093 1095
f 1022 1097 867
f 867 1097 1099
f 867 1099 868
f 868 1099 1101
f 1086 1109 1085
f 1085 1109 1111
f 1085 1111 1084
f 1084 1111 1112
f 1084 1112 1083
f 1083 1114 1082
f 1082 1114 1116
f 1074 1120 1072
f 1072 1120 1073
f 1071 1073 1123
f 853 1127 1070
f 1070 1127 1129
f 1067 1131 1068
f 981 1137 979
f 979 1137 1138
f 979 1138 980
f 918 905 919
f 919 905 907
f 1141 903 1142
f 1142 903 1143
f 1146 1147 1148
f 1148 1147 1149
f 1148 1149 1150
f 1150 1149 1151
f 1152 1153 1081
f 1081 1153 1154
f 1081 1154 851
f 851 1154 1134
f 851 1134 850
f 902 875 903
f 1145 985 1147
f 1147 985 987
f 1147 987 1149
f 1149 987 989
f 1153 992 1154
f 1154 992 994
f 1154 994 1134
f 1134 994 980
f 1134 980 1132
f 1028 1053 1090
f 1090 1053 1051
f 1090 1051 1092
f 1092 1051 1049
f 1092 1049 1094
f 1094 1049 1047
f 1094 1047 1096
f 1096 1047 1045
f 1096 1045 1098
f 1098 1045 1043
f 1102 929 1104
f 1104 929 924
f 1104 924 1106
f 1106 924 912
f 1108 915 1110
f 1110 915 919
f 1119 1144 1121
f 1121 1144 1146
f 1124 1150 1126
f 1126 1150 1152
f 1128 1081 1130
f 1130 1077 1131
f 1131 1077 1080
f 1131 1080 1068
f 361 359 866
f 864 1026 1030
f 862 1032 1034
f 1007 856 855
f 1007 854 1013
f 1012 1013 1156
f 1011 1156 1021
f 1159 1020 1155
f 1039 858 1161
f 1162 857 1041
f 1165 854 1063
f 1171 1020 1159
f 854 1167 1013
f 1013 1167 1172
f 1013 1172 1156
f 1178 1140 1181
f 977 1183 1139
f 1064 1177 1066
f 1065 1064 1187
f 1186 1080 1079
f 850 1136 1189
f 1191 1076 1189
f 1184 1186 1192
f 1192 1079 1174
f 1175 1078 1190
f 885 1193 1195
f 1133 1135 1136
f 1140 1179 1135
f 1140 1135 1132
f 1132 1135 1133
f 1196 1169 1160
f 1197 1198 601
f 1163 1162 1199
f 1171 1159 1203
f 1157 1158 1204
f 1205 125 128
f 1206 1207 1208
f 1209 1211 1213
f 1211 1214 1213
f 1207 1212 1215
f 1217 1218 1210
f 1210 1218 1219
f 1219 1220 1210
f 1223 1222 1224
f 1225 1226 1223
f 1223 1226 1216
f 1232 1233 1230
f 1230 1233 1221
f 1228 1238 1229
f 1236 1242 1237
f 1271 1273 1274
f 1271 1274 1275
f 1269 1276 1277
f 1291 1290 1292
f 1291 1292 1294
f 1294 1292 1295
f 1298 1299 1296
f 1301 1302 1298
f 1298 1302 1303
f 1298 1303 1299
f 1304 1306 1307
f 1308 1309 1311
f 1309 1308 1312
f 1312 1313 1314
f 1315 1318 592
f 1319 1157 1204
f 1319 1204 1320
f 1159 1155 1203
f 1325 1326 1327
f 1327 1326 1328
f 1327 1328 1329
f 1329 1328 1330
f 1331 1332 1333
f 1333 1332 1334
f 1335 1336 1337
f 1338 1339 1340
f 1340 1339 1341
f 1344 1345 1346
f 1346 1345 1347
f 1346 1347 1348
f 1348 1347 1349
f 1348 1349 1350
f 1350 1349 1351
f 1352 1353 1354
f 1354 1353 1355
f 1354 1355 1356
f 1356 1355 1357
f 1324 1366 1365
f 1324 1365 1326
f 1326 1365 1367
f 1326 1367 1328
f 1328 1367 1368
f 1328 1368 1330
f 1330 1368 1369
f 1332 1370 1334
f 1334 1370 1371
f 1334 1371 1336
f 1336 1371 1372
f 1347 1377 1349
f 1349 1377 1378
f 1349 1378 1351
f 1351 1378 1379
f 1357 1381 1359
f 1359 1381 1322
f 1361 1320 1204
f 1170 1171 1206
f 1207 1203 1321
f 1207 1321 1213
f 1213 1321 1322
f 1213 1322 1209
f 1209 1322 1381
f 1217 1380 1223
f 1223 1380 1379
f 1239 1376 1236
f 1236 1376 1375
f 1247 1374 1251
f 1251 1374 1373
f 1261 1371 1265
f 1265 1371 1370
f 1271 1365 1278
f 1278 1365 1364
f 1366 1382 1383
f 1366 1383 1364
f 1364 1383 1202
f 1279 1202 1183
f 1279 1183 1182
f 1194 1280 1279
f 1382 1362 1383
f 1383 1201 1202
f 1284 1205 1281
f 1281 1205 128
f 1281 128 1384
f 1384 130 131
f 1384 131 1385
f 1385 131 132
f 132 136 1386
f 1386 136 135
f 1386 135 1387
f 1387 135 134
f 1387 134 1388
f 134 133 1388
f 1388 133 137
f 1388 137 1389
f 1389 137 140
f 1389 140 1390
f 139 1391 1390
f 139 1390 145
f 145 1390 140
f 1394 1395 1396
f 1396 1395 1397
f 1396 1397 1398
f 1398 1397 1399
f 1398 1399 1400
f 1400 1399 1401
f 1403 1404 1287
f 1287 1404 1405
f 1287 1405 1286
f 1286 1405 1406
f 1390 1394 1389
f 1389 1394 1396
f 1389 1396 1388
f 1388 1396 1398
f 1385 1402 1384
f 1281 1403 1283
f 1283 1287 1407
f 1407 1287 1289
f 1408 143 142
f 142 1200 1408
f 1408 1200 1409
f 1408 1409 1410
f 1410 1409 1411
f 1410 1411 1412
f 1412 1411 1413
f 1412 1413 1414
f 1187 1409 1176
f 1176 1409 1200
f 1176 1200 1177
f 1177 146 147
f 1421 1397 1422
f 1422 1397 1395
f 1422 1395 1414
f 1414 1395 1393
f 1414 1393 1412
f 1412 1393 1392
f 1412 1392 1410
f 1408 1391 144
f 1408 144 143
f 1173 1191 1423
f 1187 1188 1409
f 1409 1188 1185
f 1409 1185 1411
f 1411 1185 1184
f 1411 1184 1413
f 1413 1184 1192
f 601 1198 598
f 598 1198 1424
f 598 1424 597
f 597 1424 1199
f 596 1199 1162
f 1197 600 1425
f 1425 600 604
f 604 603 1426
f 1426 603 609
f 1427 609 608
f 1427 608 1428
f 1166 1164 1429
f 1429 1164 1165
f 1165 1168 1429
f 1429 1168 1196
f 1429 1196 1430
f 1428 605 1431
f 1431 611 1432
f 1432 610 1318
f 1316 1314 1318
f 1318 1314 1313
f 1432 1433 1431
f 1431 1433 1434
f 1431 1434 1428
f 1428 1434 1435
f 1425 1438 1197
f 1197 1438 1439
f 1197 1439 1198
f 1198 1439 1440
f 1198 1440 1424
f 1424 1440 1441
f 1424 1441 1199
f 1199 1441 1442
f 1199 1442 1163
f 1163 1442 1161
f 1311 1304 1308
f 1308 1304 1307
f 1308 1307 1313
f 1313 1307 1443
f 1435 1446 1436
f 1436 1446 1447
f 1436 1447 1437
f 1437 1447 1448
f 1438 1449 1439
f 1439 1449 1450
f 1307 1302 1301
f 1443 1452 1444
f 1444 1452 1453
f 1444 1453 1445
f 1445 1453 1454
f 1446 1455 1447
f 1447 1455 1456
f 1448 1457 1449
f 1449 1457 1458
f 1449 1458 1450
f 1450 1458 1459
f 1451 1430 1196
f 1442 1196 1160
f 1442 1160 1161
f 1413 1173 1423
f 1414 1461 1422
f 1422 1461 1462
f 1422 1462 1421
f 1421 1462 1463
f 1421 1463 1420
f 1420 1463 1464
f 1419 1466 1418
f 1418 1466 1467
f 1417 1469 1416
f 1416 1469 1470
f 1416 1470 1290
f 1290 1470 1471
f 1290 1471 1292
f 1292 1471 1472
f 1292 1472 1295
f 1295 1472 1473
f 1301 1476 1452
f 1452 1476 1477
f 1455 1479 1456
f 1456 1479 1480
f 1457 1481 1458
f 1458 1481 1482
f 1458 1482 1459
f 1459 1482 1483
f 1363 1135 1179
f 1363 1179 1201
f 1201 1179 1178
f 1201 1178 1180
f 1462 1382 1463
f 1463 1382 1323
f 1464 1325 1465
f 1465 1325 1327
f 1468 1333 1469
f 1469 1333 1335
f 1469 1335 1470
f 1470 1335 1337
f 1474 1342 1475
f 1475 1342 1343
f 1476 1344 1477
f 1477 1344 1346
f 1477 1346 1478
f 1478 1346 1348
f 1482 1358 1483
f 1483 1358 1360
f 1483 1360 1484
f 1484 1360 1361
f 1460 1204 1156
f 1156 1204 1158
f 756 1486 1487
f 1489 754 1488
f 1488 755 756
f 1489 752 753
f 1490 1491 786
f 756 790 1485
f 1485 790 789
f 1485 789 1492
f 1492 788 1491
f 1491 788 787
f 776 1493 777
f 777 1494 778
f 1495 781 780
f 1497 784 783
f 1496 783 782
f 1498 1499 772
f 772 1499 1500
f 772 1500 1501
f 772 1504 771
f 1505 818 1506
f 1506 818 819
f 772 815 1498
f 1498 816 1505
f 1505 816 817
f 810 1508 811
f 811 1508 812
f 1509 733 1510
f 1510 733 814
f 1510 814 1508
f 1508 814 813
f 734 1512 1513
f 734 1513 774
f 774 1513 1507
f 774 1507 775
f 1514 1515 1516
f 1531 1532 1533
f 762 761 1534
f 1534 761 703
f 1535 1536 1537
f 1537 1538 1535
f 1535 1538 1539
f 1535 1539 1534
f 1534 1539 763
f 1534 763 762
f 1540 1541 1536
f 1541 1542 1536
f 1544 1540 1533
f 1544 1533 1545
f 1545 1533 1532
f 1531 1533 1547
f 1547 1533 1546
f 1547 1546 1548
f 1549 1550 1551
f 1528 1527 1549
f 1549 1527 1553
f 1529 1555 1556
f 1554 1530 1558
f 1564 1565 1524
f 1568 1570 1526
f 1526 1570 1571
f 1574 1523 1575
f 1578 1582 1583
f 1578 1583 1577
f 1520 1585 1580
f 1597 1598 1599
f 1595 1602 1596
f 1603 1604 1605
f 1597 1599 1606
f 1608 1605 1604
f 1493 1616 1494
f 1494 1616 1617
f 1494 1617 1618
f 1492 1491 1490
f 1490 1497 1492
f 1492 1497 1496
f 1492 1496 1619
f 1620 1488 1621
f 1621 1488 1487
f 1620 697 1489
f 1620 1489 1488
f 708 710 1623
f 1623 710 695
f 707 1623 1624
f 1625 712 1624
f 1626 737 1625
f 1625 737 735
f 1625 735 712
f 1627 792 738
f 1627 738 1626
f 793 1627 1628
f 686 1629 174
f 1630 1631 1632
f 1632 1631 1633
f 1632 1633 1634
f 1634 1633 1636
f 1634 1636 1635
f 1635 1636 1637
f 1637 1636 1638
f 1638 1639 1641
f 1641 1642 1643
f 1642 1645 1647
f 1642 1647 1643
f 1648 694 693
f 1648 693 1649
f 1649 693 692
f 690 1648 1650
f 1651 687 1650
f 1650 687 689
f 720 713 1652
f 1652 713 714
f 1651 714 716
f 1651 716 687
f 720 1652 718
f 718 1652 1653
f 718 1653 717
f 1534 760 759
f 1534 759 1653
f 1653 759 758
f 1653 758 717
f 1605 1655 1656
f 1605 1656 1603
f 1659 1660 1661
f 1661 1660 1662
f 1599 1662 1607
f 1607 1662 1660
f 1605 1658 1654
f 1663 1664 1665
f 1665 1664 1666
f 1665 1666 1667
f 1667 1666 1668
f 1667 1668 1669
f 1669 1668 1670
f 1671 1672 1673
f 1673 1672 1674
f 1673 1674 1675
f 1675 1674 1676
f 1677 1678 1679
f 1679 1678 1680
f 1683 1684 1685
f 1685 1684 1686
f 1685 1686 1687
f 1687 1686 1688
f 1687 1688 1689
f 1689 1688 1690
f 1689 1690 1691
f 1691 1690 1692
f 1691 1692 1693
f 1693 1692 1694
f 1693 1694 1695
f 1695 1694 1696
f 1697 1698 1699
f 1699 1698 1700
f 1699 1700 1701
f 1701 1700 1702
f 1704 1705 1706
f 1706 1705 1707
f 1529 1663 1560
f 1560 1663 1665
f 1558 1667 1525
f 1525 1667 1669
f 1520 1689 1521
f 1521 1689 1691
f 1593 1695 1595
f 1595 1695 1697
f 1595 1697 1601
f 1601 1697 1699
f 1551 1708 1549
f 1549 1708 1709
f 1549 1709 1710
f 1549 1517 1518
f 1549 1518 1528
f 1528 1518 1704
f 1528 1704 1529
f 1529 1704 1706
f 1529 1706 1663
f 1663 1706 1707
f 1663 1707 1664
f 1536 1711 1540
f 1540 1711 1516
f 1540 1516 1533
f 1716 1514 1516
f 1718 1516 1711
f 1718 1711 1719
f 1720 1535 1534
f 1722 1652 1723
f 1723 1651 1724
f 1724 1651 1650
f 1724 1650 1725
f 1725 1650 1648
f 1725 1648 1644
f 1644 1648 1649
f 1645 1649 692
f 1621 1486 1485
f 1621 1485 1726
f 1727 1492 1619
f 1631 1629 1729
f 1729 1629 1628
f 1729 1628 1730
f 1730 1628 1627
f 1730 1627 1731
f 1731 1627 1626
f 1731 1626 1732
f 1732 1626 1625
f 1732 1625 1733
f 1733 1625 1624
f 1733 1624 1734
f 1734 1624 1623
f 1734 1623 1735
f 1735 1623 1622
f 1735 1622 1736
f 1736 1622 1620
f 1736 1620 1737
f 1737 1621 1738
f 1738 1621 1726
f 1613 1726 1727
f 1611 1727 1619
f 1618 1619 1495
f 1618 1495 1494
f 1713 1715 1716
f 1713 1716 1743
f 1743 1716 1718
f 1746 1720 1747
f 1747 1720 1721
f 1748 1722 1749
f 1749 1722 1723
f 1749 1723 1750
f 1750 1723 1724
f 1750 1724 1751
f 1751 1724 1725
f 1752 1644 1753
f 1753 1644 1642
f 1755 1636 1756
f 1756 1636 1633
f 1756 1633 1757
f 1757 1633 1631
f 1757 1631 1758
f 1758 1631 1729
f 1758 1729 1759
f 1759 1729 1730
f 1761 1731 1732
f 1761 1732 1762
f 1762 1733 1763
f 1763 1733 1734
f 1764 1735 1765
f 1765 1735 1736
f 1766 1737 1767
f 1767 1738 1610
f 1610 1738 1613
f 1610 1613 1609
f 1609 1613 1615
f 1518 1768 1703
f 1769 1712 1703
f 1703 1712 1713
f 1703 1713 1705
f 1705 1713 1743
f 1707 1744 1664
f 1664 1744 1745
f 1664 1745 1666
f 1666 1745 1746
f 1666 1746 1668
f 1668 1746 1747
f 1668 1747 1670
f 1670 1747 1748
f 1670 1748 1672
f 1672 1748 1749
f 1676 1751 1678
f 1678 1751 1752
f 1680 1753 1681
f 1681 1753 1754
f 1681 1754 1682
f 1682 1754 1755
f 1684 1756 1686
f 1686 1756 1757
f 1686 1757 1688
f 1688 1757 1758
f 1688 1758 1690
f 1690 1758 1759
f 1690 1759 1692
f 1692 1759 1760
f 1694 1761 1696
f 1696 1761 1762
f 1696 1762 1698
f 1698 1762 1763
f 1700 1764 1702
f 1702 1764 1765
f 1661 1765 1766
f 1659 1767 1657
f 1657 1767 1610
f 1657 1610 1739
f 1785 1786 1787
f 1787 1786 1788
f 1787 1788 1789
f 1791 1792 1793
f 1793 1792 1794
f 1793 1794 1795
f 1798 1797 1799
f 1798 1799 1800
f 1800 1802 1803
f 1803 1802 1804
f 1805 1806 1807
f 1808 1805 1809
f 1810 1812 1809
f 1813 1812 1814
f 1815 1816 1817
f 1820 1819 1821
f 1820 1821 1822
f 1824 1825 1815
f 1828 1829 742
f 742 1829 1830
f 1831 744 1830
f 722 1831 721
f 721 1831 1832
f 1833 700 1832
f 1832 700 699
f 750 748 1834
f 1834 746 1833
f 750 1834 751
f 751 1834 1835
f 751 1835 829
f 829 1835 830
f 830 1835 1836
f 1837 823 1836
f 1836 823 822
f 843 1837 1838
f 843 1838 844
f 1839 846 1838
f 1838 846 845
f 1838 845 844
f 1840 849 1839
f 1839 849 848
f 1839 848 846
f 1840 839 837
f 1840 837 849
f 832 841 1841
f 1841 841 840
f 1841 840 839
f 1843 836 835
f 1843 835 1842
f 1842 835 834
f 1842 834 832
f 1845 723 1844
f 1844 723 724
f 1781 728 726
f 1781 726 1845
f 701 1781 1846
f 1847 729 1846
f 1846 729 731
f 1780 1508 1847
f 1847 810 809
f 809 773 1847
f 1848 1506 1507
f 1500 1499 1849
f 1849 1499 1498
f 1849 1498 1848
f 1848 1498 1505
f 1848 1505 1506
f 1849 1850 1851
f 1500 1849 1501
f 1501 1849 1851
f 1501 1851 1502
f 1778 1853 1852
f 1852 1854 1856
f 1856 1854 1857
f 1859 1860 1861
f 1861 1860 1862
f 1863 1864 1865
f 1859 1863 1867
f 1868 1869 1870
f 1870 1869 1871
f 1864 1872 1865
f 1876 1877 1878
f 1878 1877 1879
f 1879 1881 1880
f 1880 1881 1882
f 1886 1885 1887
f 1886 1887 1888
f 1891 1892 1889
f 1889 1892 1893
f 1889 1893 1894
f 1901 1839 1902
f 1902 1839 1838
f 1902 1838 1903
f 1903 1838 1904
f 1901 1905 1839
f 1839 1905 1840
f 1840 1905 1906
f 1909 1911 1912
f 1909 1912 1913
f 1917 1919 1909
f 1909 1920 1908
f 1921 1922 1923
f 1925 1926 1927
f 1927 1926 1923
f 1927 1923 1928
f 1928 1923 1924
f 1931 1932 1933
f 1933 1932 1934
f 1933 1934 1935
f 1935 1934 1936
f 1805 1934 1809
f 1809 1934 1932
f 1809 1932 1929
f 1795 1785 1787
f 1795 1787 1793
f 1793 1787 1937
f 1793 1937 1801
f 1801 1937 1938
f 1801 1938 1939
f 1939 1938 1940
f 1941 1942 1943
f 1943 1942 1944
f 1804 1791 1803
f 1798 1801 1939
f 1798 1939 1796
f 1796 1939 1941
f 1945 1946 1947
f 1947 1946 1948
f 1947 1948 1949
f 1949 1948 1950
f 1874 1954 1873
f 1873 1886 1955
f 1957 1958 1959
f 1959 1958 1960
f 1866 1947 1863
f 1863 1947 1949
f 1870 1952 1868
f 1868 1952 1874
f 1868 1874 1961
f 1961 1874 1875
f 1856 1962 1852
f 1852 1962 1963
f 1852 1963 1964
f 1852 1775 1779
f 1779 1775 1957
f 1861 1957 1959
f 1507 1513 1848
f 1848 1513 1512
f 1848 1512 1965
f 1965 1512 1511
f 1780 1511 1509
f 1780 1509 1510
f 1965 1966 1848
f 1848 1966 1774
f 1849 1774 1773
f 1849 1773 1850
f 1894 1876 1889
f 1889 1876 1878
f 1889 1878 1967
f 1967 1878 1880
f 1968 1969 1970
f 1970 1969 1971
f 1972 1973 1974
f 1974 1973 1975
f 1976 1977 1978
f 1978 1977 1979
f 1982 1983 1984
f 1984 1983 1771
f 1985 1772 1984
f 1984 1772 1774
f 1984 1774 1982
f 1982 1774 1966
f 1982 1966 1980
f 1980 1966 1965
f 1980 1965 1978
f 1976 1780 1847
f 1974 1847 1846
f 1972 1781 1970
f 1970 1781 1845
f 1970 1845 1968
f 1968 1845 1844
f 1889 1842 1890
f 1890 1842 1841
f 1777 1840 1907
f 1822 1986 1987
f 1828 1988 1829
f 1829 1988 1784
f 1829 1784 1989
f 1989 1784 1783
f 1989 1783 1990
f 1990 1783 1824
f 1987 1824 1815
f 1822 1815 1817
f 1822 1817 1820
f 1991 1992 1993
f 1993 1992 1994
f 1915 1904 1913
f 1913 1904 1838
f 1909 1837 1917
f 1917 1837 1836
f 1917 1836 1995
f 1995 1836 1835
f 1995 1835 1996
f 1996 1835 1834
f 1997 1833 1998
f 1998 1833 1832
f 1998 1832 1999
f 1999 1832 1831
f 1999 1831 2000
f 2000 1831 1830
f 2000 1830 2001
f 2001 1830 1829
f 2001 1829 2002
f 2002 1829 1989
f 2002 1989 2003
f 2003 1989 1990
f 2003 1990 1993
f 1993 1990 1987
f 1993 1987 1991
f 1991 1987 1986
f 2004 2005 2006
f 2006 2005 2007
f 1923 1917 1995
f 1923 1995 2011
f 2011 1995 1996
f 2012 1997 2013
f 2013 1997 1998
f 2013 1998 2014
f 2014 1998 1999
f 2014 1999 2015
f 2015 1999 2000
f 2017 2002 2003
f 2017 2003 2006
f 2006 1993 2004
f 1790 1921 1789
f 1789 1921 1923
f 1789 1923 1787
f 1787 1923 2011
f 1937 2012 1938
f 1938 2012 2013
f 1935 2016 1933
f 1933 2016 2017
f 2008 2006 2007
f 1775 2019 1956
f 2021 1770 1956
f 1956 1770 1771
f 1956 1771 1958
f 1958 1771 1983
f 1958 1983 1960
f 1960 1983 1981
f 1960 1981 1946
f 1946 1981 1979
f 1948 1979 1977
f 1948 1977 1950
f 1950 1975 1951
f 1951 1975 1973
f 1951 1973 1953
f 1953 1973 1971
f 1954 1969 1886
f 1886 1969 1880
f 1886 1880 1884
f 1493 776 1504
f 1504 776 771
f 2022 2023 1547
f 1531 821 1532
f 1543 766 1540
f 766 767 1540
f 1540 767 768
f 1541 769 1542
f 765 1543 764
f 764 1543 1544
f 764 1544 821
f 821 1544 1545
f 821 1545 1532
f 795 796 1537
f 1537 797 1538
f 2024 1818 1820
f 704 1784 705
f 742 741 1828
f 1828 741 740
f 801 800 1823
f 805 1824 806
f 807 1824 1827
f 807 1827 808
f 704 1826 1782
f 704 1782 1784
f 826 1820 827
f 1816 799 798
f 1817 828 827
f 1616 1493 1504
f 1964 1963 1603
f 1603 1963 1962
f 1603 1962 1604
f 1604 1856 1858
f 1603 1656 1964
f 1964 1656 1655
f 2018 1742 2019
f 2021 1741 1740
f 2020 1740 1770
f 1612 1985 1615
f 1611 1851 1612
f 1612 1772 1614
f 1502 1616 2025
f 2025 1616 1504
f 2025 1504 1503
f 2022 1548 2026
f 1710 1709 1810
f 1810 1709 1708
f 1810 1708 1812
f 1812 1551 1552
f 1517 1811 1929
f 1768 1930 2010
f 1769 2009 1712
f 1992 1717 1994
f 1714 2005 1715
f 1598 1214 1600
f 1600 1214 1211
f 1596 1219 1594
f 1592 1218 1227
f 1592 1227 1587
f 1587 1227 1216
f 1216 1226 1588
f 1588 1226 1225
f 1588 1225 1589
f 1589 1224 1590
f 1590 1224 1222
f 1590 1222 1591
f 1591 1222 1235
f 1519 1235 1234
f 1234 1233 1584
f 1584 1233 1232
f 1584 1232 1585
f 1585 1232 1231
f 1586 1231 1229
f 1586 1229 1581
f 1229 1241 1581
f 1583 1240 1237
f 1579 1245 1577
f 1577 1245 1244
f 1577 1244 1576
f 1576 1244 1243
f 1576 1243 1522
f 1522 1246 1248
f 1522 1248 1523
f 1523 1248 1253
f 1523 1253 1575
f 1575 1253 1252
f 1575 1252 1572
f 1572 1252 1250
f 1573 1250 1249
f 1573 1249 1566
f 1249 1254 1566
f 1566 1255 1567
f 1567 1255 1259
f 1259 1258 1569
f 1569 1258 1257
f 1570 1256 1571
f 1571 1260 1262
f 1571 1262 1561
f 1561 1262 1266
f 1561 1266 1562
f 1562 1266 1563
f 1563 1264 1565
f 1565 1264 1263
f 1565 1263 1524
f 1524 1267 1268
f 1524 1268 1559
f 1554 1270 1277
f 1555 1277 1276
f 1556 1273 1557
f 1557 1273 1272
f 896 1924 897
f 1922 897 1924
f 1928 875 902
f 1928 902 1927
f 1916 904 901
f 1918 900 911
f 1918 911 1919
f 1919 911 910
f 1919 910 1920
f 1908 909 908
f 1908 908 1910
f 1910 905 1911
f 1911 905 918
f 1911 918 1912
f 1912 920 1914
f 1914 921 1915
f 1903 917 916
f 1903 916 1902
f 1902 916 914
f 1902 914 1901
f 1905 914 913
f 1905 913 1906
f 913 926 1906
f 1906 925 1907
f 1907 925 923
f 1776 923 922
f 1776 922 1895
f 1895 922 1896
f 1896 922 930
f 1896 930 1897
f 930 931 1897
f 1897 931 928
f 1898 927 1899
f 927 933 1899
f 1899 933 932
f 1899 932 1900
f 1900 932 940
f 1900 940 1891
f 1891 940 1892
f 1892 939 938
f 1892 938 1893
f 1893 938 937
f 1894 937 936
f 1894 936 1876
f 1876 936 945
f 1888 1887 946
f 946 1887 1885
f 1881 944 942
f 1882 942 941
f 1882 941 1883
f 1883 941 950
f 1884 949 948
f 957 959 873
f 957 873 955
f 974 1855 971
f 965 968 1862
f 478 310 309
f 478 309 463
f 463 309 313
f 463 313 465
f 331 328 493
f 322 508 323
f 323 508 500
f 294 494 295
f 307 305 492
f 462 339 477
f 477 339 341
f 477 341 476
f 476 341 344
f 483 335 484
f 347 468 348
f 348 468 471
f 348 471 350
f 265 262 441
f 264 441 452
f 264 452 263
f 269 423 271
f 447 451 284
f 443 445 283
f 280 428 282
f 282 428 454
f 282 454 444
f 272 270 425
f 274 273 427
f 276 275 432
f 278 277 431
f 179 450 180
f 402 405 238
f 236 400 237
f 237 400 403
f 235 233 415
f 228 259 420
f 229 227 419
f 231 230 417
f 234 232 416
f 240 239 407
f 253 433 426
f 253 426 254
f 254 426 424
f 244 412 245
f 245 412 411
f 245 411 246
f 248 409 249
f 249 410 252
f 252 410 434
f 242 241 396
f 244 243 395
f 244 395 412
f 257 422 258
f 386 212 387
f 387 211 388
f 206 389 208
f 209 388 210
f 210 388 211
f 202 198 401
f 202 401 203
f 203 401 399
f 204 372 205
f 214 213 383
f 392 391 223
f 223 391 224
f 224 391 398
f 224 398 225
f 393 217 375
f 376 219 378
f 377 221 380
f 381 215 382
f 382 215 214
f 382 214 383
f 397 197 225
f 592 591 126
f 1305 592 1302
f 1305 1302 1306
f 1314 1317 592
f 1314 592 1310
f 1310 592 1305
f 592 1282 1288
f 1288 1285 592
f 592 1285 1415
f 1293 592 1415
f 592 1293 1297
f 1297 1300 592
f 592 1300 1302
f 592 126 1284
f 592 1284 1282
f 148 174 149
f 1646 649 647
f 647 1637 1640
f 149 1728 1630
f 647 1640 1647
f 647 1647 1646
f 1630 1632 149
f 149 1632 1635
f 149 1635 647
f 647 1635 1637

