# https://github.com/mikedh/trimesh

o link_lift_9.obj
v 0.01465700 0.09035900 -0.00560900
v -0.01025400 0.11941600 -0.00560900
v -0.02359400 0.12363100 0.01914100
v -0.01928900 0.12413800 0.01914100
v -0.02667800 0.13005800 0.01914100
v -0.07918900 0.05677700 0.01914100
v -0.03032100 0.13275200 0.01914100
v -0.02971600 0.13231400 0.01914100
v -0.10782900 0.13659400 0.01914100
v -0.10589300 0.13804400 0.01914100
v -0.10640500 0.13611900 0.01914100
v -0.02934600 0.12251900 0.01914100
v -0.07930100 0.06992500 0.01914100
v -0.07947000 0.06779200 0.01914100
v -0.08419800 0.14763000 0.01914100
v -0.09260300 0.14516000 0.01914100
v -0.10054100 0.14145400 0.01914100
v -0.10304700 0.13995900 0.01914100
v -0.12956500 0.08304600 0.01914100
v -0.13010000 0.09090500 0.01914100
v -0.12846100 0.07721400 0.01914100
v -0.06675800 0.14865900 0.01914100
v -0.07551700 0.14880500 0.01914100
v -0.04079300 0.14245300 0.01759700
v -0.04078400 0.14246900 0.01750300
v -0.02895100 0.13465500 0.01750600
v -0.01874000 0.12478700 0.01892500
v -0.02827500 0.13182700 0.01909800
v -0.02981600 0.13345400 0.01898600
v -0.01870400 0.12483000 0.01891000
v -0.02928900 0.13418700 0.01840900
v -0.01851900 0.12504900 0.01883800
v -0.01781700 0.12587900 0.01748200
v -0.01794700 0.12572500 0.01802900
v -0.01817800 0.12545200 0.01835600
v -0.04069500 0.14261600 0.01664100
v -0.02886100 0.13478100 0.01664100
v -0.02645100 0.13289900 0.01664100
v -0.04107500 0.14199000 0.01840900
v -0.01768600 0.12603400 0.01693100
v -0.01767500 0.12604700 0.01664100
v -0.04149600 0.14129700 0.01895100
v -0.04154500 0.14121600 0.01896900
v -0.13186800 0.09090500 0.01840900
v -0.13118600 0.09990700 0.01840900
v -0.13223000 0.09090500 0.01786700
v -0.13241000 0.09090500 0.01759700
v -0.13172200 0.09998900 0.01759700
v -0.04891400 0.14658000 0.01759700
v -0.10588600 0.13805600 0.01914100
v -0.10527000 0.13885900 0.01912200
v -0.10841900 0.13734700 0.01895100
v -0.10101000 0.14228700 0.01895100
v -0.13260000 0.09090500 0.01664100
v -0.13191000 0.10001700 0.01664100
v -0.12967400 0.10886500 0.01759700
v -0.13024600 0.10723000 0.01664100
v -0.12985500 0.10892100 0.01664100
v -0.12648300 0.11741400 0.01664100
v -0.12572600 0.11870900 0.01664100
v -0.12187000 0.12530300 0.01664100
v -0.11612200 0.13240600 0.01664100
v -0.10936900 0.13856300 0.01664100
v -0.09342000 0.14732100 0.01759700
v -0.09348700 0.14749900 0.01664100
v -0.08838200 0.14899900 0.01664100
v -0.08468000 0.14988900 0.01759700
v -0.08471900 0.15007500 0.01664100
v -0.07565300 0.15111000 0.01759700
v -0.07566400 0.15130000 0.01664100
v -0.06654500 0.15095900 0.01759700
v -0.06652700 0.15114800 0.01664100
v -0.05756400 0.14943700 0.01759700
v -0.05751800 0.14962200 0.01664100
v -0.04912200 0.14608000 0.01840900
v -0.05769400 0.14891100 0.01840900
v -0.06659500 0.15041900 0.01840900
v -0.07562100 0.15056900 0.01840900
v -0.08456700 0.14935800 0.01840900
v -0.09322800 0.14681400 0.01840900
v -0.11558900 0.13190400 0.01840900
v -0.12126800 0.12488600 0.01840900
v -0.12582500 0.11709400 0.01840900
v -0.12915600 0.10870300 0.01840900
v -0.12838200 0.10846200 0.01895100
v -0.05812000 0.14719500 0.01914100
v -0.06666900 0.14961100 0.01895100
v -0.07557300 0.14976000 0.01895100
v -0.08439800 0.14856500 0.01895100
v -0.09294100 0.14605500 0.01895100
v -0.11499900 0.13134700 0.01895100
v -0.12060100 0.12442500 0.01895100
v -0.12509600 0.11673800 0.01895100
v -0.13038400 0.09978500 0.01895100
v -0.13105700 0.09090500 0.01895100
v -0.03064600 -0.07319400 -0.00560900
v -0.05450000 0.02054400 0.04064100
v -0.05487300 0.02582200 0.02706200
v -0.05451800 0.02153100 0.02214800
v -0.05483400 0.02553800 0.02415200
v -0.05452500 0.02191100 0.02182400
v -0.05456300 0.02271600 0.02042600
v -0.05531300 0.02831000 0.04064100
v -0.05516300 0.02756600 0.03229700
v -0.05494000 0.02622200 0.02826100
v -0.05458300 0.02303800 0.01866200
v -0.05456300 0.02272300 0.02039100
v -0.05771700 0.03573900 0.03964100
v -0.05771700 0.03573900 0.04064100
v -0.05630500 0.03203900 0.03964100
v 0.03183200 0.04400600 0.04064100
v 0.01633400 0.08784600 0.04064100
v 0.02042800 0.08072900 0.04077600
v 0.01851300 0.08431200 0.04071800
v 0.02050300 0.08076900 -0.00560900
v 0.01747100 0.08604200 0.04067000
v 0.01690800 0.08694700 0.04064900
v 0.02613900 0.06825500 -0.00560900
v 0.02558100 0.06972700 0.04086200
v 0.02507400 0.07089100 0.04085800
v 0.02240800 0.07702400 0.04083500
v 0.02823700 0.06196400 0.04080700
v 0.03001800 0.05509000 -0.00560900
v 0.02905200 0.05879000 0.04074700
v 0.03053500 0.05260900 0.04064100
v 0.03032500 0.05365400 0.04064900
v 0.03010400 0.05469700 0.04067000
v -0.01028500 0.11938100 0.01735800
v -0.01304600 0.12187200 0.01709000
v 0.00171900 0.10698600 0.02273400
v 0.00420900 0.10408300 -0.00560900
v -0.00059000 0.10952500 0.02119000
v -0.00290600 0.11207000 0.01964200
v -0.00446100 0.11364000 0.01909300
v -0.00857600 0.11779200 0.01764000
v -0.00902700 0.11824700 0.01748000
v 0.00972100 0.09718100 0.03964100
v 0.00929700 0.09773500 0.03609500
v 0.00914400 0.09793600 0.03480800
v 0.00849100 0.09877400 0.03295800
v 0.00762800 0.09988200 0.03051000
v 0.00606300 0.10182800 0.02782700
v 0.00555000 0.10246500 0.02694900
v 0.00419200 0.10406800 0.02545400
v -0.12382100 0.05951700 -0.00560900
v -0.12675800 0.06496800 0.01664100
v -0.12912300 0.07069000 -0.00560900
v -0.13204200 0.08270800 -0.00560900
v -0.13089000 0.07662400 0.01664100
v -0.12912300 0.07069000 0.01664100
v -0.13245700 0.09506800 -0.00560900
v -0.13204200 0.08270800 0.01664100
v -0.13034900 0.10725400 -0.00560900
v -0.12580800 0.11875700 -0.00560900
v -0.11902200 0.12909700 -0.00560900
v -0.11027600 0.13784000 -0.00560900
v -0.09993400 0.14462200 -0.00560900
v -0.08842900 0.14916000 -0.00560900
v -0.07624200 0.15126300 -0.00560900
v -0.06388200 0.15084500 -0.00560900
v -0.05186600 0.14792100 -0.00560900
v -0.10769900 0.03295200 0.01664100
v -0.07077400 0.03030600 0.01783600
v -0.06773000 0.03030600 0.01926000
v -0.06433500 0.03030600 0.02084900
v -0.06221700 0.03030600 0.02238600
v -0.06028500 0.03030600 0.02415200
v -0.07113900 0.03030600 0.01777200
v 0.03340000 -0.00469400 0.05794100
v 0.03340000 -0.00108300 0.04147400
v 0.03340000 0.00014400 0.04100100
v 0.03340000 0.00081700 0.04074200
v 0.03340000 -0.00346700 0.04365600
v 0.03340000 -0.00272400 0.04275700
v -0.03116100 -0.07317800 0.05794100
v -0.03203800 -0.07301700 0.04421400
v -0.03275600 -0.07288500 0.04345400
v -0.03599900 -0.07113900 -0.00560900
v -0.03480100 -0.07201700 0.04176700
v -0.03323700 -0.07276300 -0.00560900
v -0.03475200 -0.07205500 0.04179300
v -0.03472300 -0.07207700 0.04180800
v -0.03322800 -0.07273900 0.04301300
v -0.03322700 -0.07274000 0.04301400
v -0.03299700 -0.07284100 0.04319900
v -0.03646600 -0.07068300 0.04091000
v -0.03597800 -0.07111200 0.04113900
v -0.03625300 -0.07090000 0.04099200
v -0.03790200 -0.06856300 -0.00560900
v -0.03800000 -0.06834300 0.04064100
v -0.03789300 -0.06855800 0.04064500
v -0.03760800 -0.06913500 0.04065800
v -0.10569500 0.03101300 0.01664100
v -0.05552500 0.02730400 0.02415200
v -0.05578500 0.02796800 0.02415200
v -0.05939200 0.03008800 0.02415200
v -0.02678100 0.11681100 0.02389100
v -0.02684000 0.11677000 0.02306400
v -0.02691600 0.11667000 0.02389100
v -0.02695800 0.11662800 0.02309600
v -0.02693900 0.11661000 0.02389100
v -0.02700300 0.11657400 0.02310800
v -0.02698600 0.11648900 0.02389100
v -0.02702500 0.11644700 0.02312400
v -0.02698400 0.11635800 0.02389100
v -0.02704600 0.11632000 0.02314000
v -0.02698200 0.11629300 0.02389100
v -0.02702100 0.11625300 0.02314300
v -0.02690400 0.11611500 0.02389100
v -0.02695700 0.11607800 0.02315200
v -0.11810800 0.10585400 0.02080700
v -0.07210000 0.13999300 0.02142000
v -0.04521100 0.10085400 0.02814100
v -0.04641600 0.10001000 0.02787800
v -0.04920300 0.10073500 0.02658300
v -0.04878100 0.10079600 0.02683600
v -0.04906800 0.10059500 0.02655900
v -0.04990900 0.10015300 0.02389100
v -0.04990000 0.10014300 0.02399700
v -0.04869300 0.09841600 0.02389100
v -0.04988700 0.10013200 0.02410300
v -0.04974600 0.10012000 0.02487000
v -0.00225000 0.09364900 0.04341900
v -0.00886400 0.09463300 0.04514100
v -0.00882500 0.09497400 0.04341900
v -0.04497600 0.07894400 0.04514100
v -0.04793500 0.07452300 0.04514100
v -0.04823500 0.07468800 0.04341900
v -0.05251600 0.05966800 0.04514100
v 0.01701600 0.08559000 0.04083700
v 0.01661400 0.08519100 0.04098300
v 0.01646900 0.08504700 0.04112000
v 0.01034300 0.08861100 0.04195900
v -0.05490100 0.06994300 0.04064100
v -0.05327600 0.06937400 0.04098300
v -0.05036500 0.07586800 0.04098300
v -0.05189800 0.06889100 0.04195900
v -0.04908800 0.07516100 0.04195900
v -0.05097800 0.06856800 0.04341900
v -0.03582100 0.09122100 0.04098300
v -0.04054100 0.08585900 0.04195900
v -0.03504600 0.08998300 0.04195900
v -0.03989200 0.08513100 0.04341900
v -0.03452800 0.08915700 0.04341900
v -0.03015000 0.09607000 0.04064100
v -0.02949300 0.09447800 0.04098300
v -0.02893700 0.09312800 0.04195900
v -0.02308900 0.09830700 0.04064100
v -0.02270900 0.09662700 0.04098300
v -0.02238700 0.09520300 0.04195900
v -0.05231700 0.06201700 0.04514100
v -0.05361700 0.06223800 0.04195900
v -0.05419500 0.05539200 0.04195900
v -0.05505600 0.06248300 0.04098300
v -0.05565500 0.05539200 0.04098300
v -0.05675400 0.06277200 0.04064100
v -0.05065400 0.06845500 0.04514100
v -0.05005000 0.06980400 0.04514100
v -0.04423700 0.08004800 0.04514100
v -0.04450400 0.08026200 0.04341900
v -0.04526600 0.08087100 0.04195900
v -0.04640700 0.08178200 0.04098300
v -0.03966400 0.08487500 0.04514100
v -0.02209600 0.09391800 0.04514100
v -0.02843400 0.09190900 0.04514100
v -0.02870200 0.09177200 0.04514100
v -0.03434600 0.08886600 0.04514100
v -0.03765800 0.08638000 0.04514100
v -0.01558100 0.09615000 0.04195900
v -0.01566000 0.09760800 0.04098300
v -0.01575300 0.09932800 0.04064100
v -0.00871400 0.09594300 0.04195900
v -0.00197800 0.09458600 0.04195900
v 0.00386000 0.09093300 0.04514100
v 0.00400900 0.09124100 0.04341900
v 0.00443500 0.09211900 0.04195900
v 0.01119100 0.08979900 0.04098300
v 0.00977600 0.08781700 0.04341900
v 0.00957700 0.08753800 0.04514100
v 0.01557800 0.08416200 0.04195900
v 0.01549300 0.08407600 0.04214000
v 0.01488600 0.08347400 0.04341900
v 0.01486200 0.08345000 0.04358900
v 0.01464300 0.08323300 0.04514100
v 0.01091300 0.08640300 0.04514100
v 0.02537300 0.05539200 0.08394000
v 0.02518700 0.05539200 0.08399000
v 0.02454000 0.06248000 0.08402700
v -0.05211300 0.05539200 0.08391900
v -0.05243800 0.05539200 0.08370100
v 0.02592200 0.05539200 0.08339100
v 0.02564800 0.05539200 0.08366500
v 0.02501900 0.06256900 0.08370100
v -0.05276300 0.05539200 0.08321500
v -0.05209200 0.06262900 0.08321500
v -0.05220400 0.06265000 0.08264100
v -0.05010300 0.06962000 0.08321500
v -0.05021000 0.06966100 0.08264100
v -0.04686300 0.07612600 0.08321500
v -0.04696000 0.07618600 0.08264100
v -0.04491600 0.07889300 0.08264100
v -0.04224300 0.08170700 0.08370100
v -0.04256800 0.08200300 0.08264100
v -0.03769800 0.08644200 0.08264100
v -0.03718100 0.08691400 0.08264100
v -0.03098400 0.09075100 0.08264100
v -0.02865800 0.09165200 0.08264100
v -0.02415500 0.09327400 0.08321500
v -0.02418700 0.09338400 0.08264100
v -0.01701100 0.09461000 0.08321500
v -0.00974300 0.09461000 0.08321500
v -0.00973200 0.09472300 0.08264100
v -0.00816300 0.09443000 0.08264100
v -0.00259800 0.09327400 0.08321500
v 0.00417900 0.09064900 0.08321500
v 0.00423000 0.09075100 0.08264100
v 0.01042700 0.08691400 0.08264100
v 0.01094400 0.08644200 0.08264100
v 0.01581400 0.08200300 0.08264100
v 0.02020700 0.07618600 0.08264100
v 0.02336800 0.06983600 0.08264100
v 0.02345600 0.06966100 0.08264100
v 0.02533800 0.06262900 0.08321500
v 0.02612300 0.05539200 0.08264100
v 0.02597200 0.05539200 0.08320500
v 0.02304600 0.06950200 0.08370100
v 0.00403400 0.09035800 0.08370100
v -0.00268700 0.09296100 0.08370100
v -0.01698100 0.09428600 0.08370100
v -0.02406600 0.09296100 0.08370100
v -0.03078800 0.09035800 0.08370100
v -0.03691600 0.08656300 0.08370100
v -0.04658700 0.07595500 0.08370100
v 0.02259200 0.06932600 0.08402700
v 0.00381700 0.08992200 0.08402700
v -0.00282100 0.09249300 0.08402700
v -0.02393300 0.09249300 0.08402700
v -0.03057100 0.08992200 0.08402700
v -0.03662300 0.08617500 0.08402700
v -0.04188300 0.08137900 0.08402700
v -0.04617300 0.07569800 0.08402700
v -0.04934600 0.06932600 0.08402700
v -0.05129400 0.06248000 0.08402700
v -0.05195100 0.05539200 0.08402700
v 0.02462300 0.05539200 0.08414100
v 0.02397600 0.06237400 0.08414100
v 0.02205700 0.06911900 0.08414100
v 0.00356100 0.08940800 0.08414100
v -0.00297800 0.09194100 0.08414100
v -0.03031500 0.08940800 0.08414100
v -0.03627700 0.08571700 0.08414100
v -0.04881100 0.06911900 0.08414100
v -0.05073000 0.06237400 0.08414100
v -0.05137700 0.05539200 0.08414100
v -0.13171000 0.08275300 0.01789100
v -0.13080300 0.08287700 0.01880600
v -0.12967600 0.07691900 0.01880600
v -0.12794400 0.07110800 0.01880600
v -0.12562900 0.06550400 0.01880600
v -0.13056500 0.07670300 0.01789100
v -0.12880700 0.07080200 0.01789100
v -0.12645500 0.06511100 0.01789100
v 0.02612300 0.05539200 0.04513800
v 0.02538400 0.06258600 0.04485400
v 0.02582600 0.06022500 0.04497300
v 0.02160600 0.07370700 0.04467800
v 0.02150800 0.07391900 0.04468200
v 0.02335900 0.06990800 0.04460500
v 0.02338000 0.06984300 0.04460700
v 0.01572500 0.08210000 0.04512300
v 0.01722400 0.08024000 0.04502500
v 0.01825500 0.07896100 0.04495700
v 0.01890500 0.07815400 0.04491400
v -0.04471000 0.09241200 0.03964100
v -0.04489700 0.09263300 0.03620700
v -0.03945600 0.09662700 0.03620700
v -0.07952800 0.06141700 0.01930300
v -0.07792800 0.06688500 0.01943000
v -0.05537700 0.09926000 0.02089000
v -0.05863400 0.09589100 0.02088200
v -0.05160800 0.09788100 0.02297900
v -0.05091300 0.09751500 0.02350500
v -0.05540500 0.09300100 0.02347100
v 0.00328900 0.10284900 0.03143900
v -0.00013500 0.10385700 0.03137300
v 0.00574000 0.09996500 0.03964100
v 0.00585400 0.10023200 0.03620700
v 0.00630200 0.10000700 0.03637100
v 0.00418800 0.10199700 0.03244300
v -0.00051800 0.10245700 0.03620700
v 0.00543700 0.10082100 0.03476400
v -0.00695000 0.10522000 0.03137300
v -0.00661900 0.10778800 0.02704000
v -0.00076300 0.10671500 0.02712400
v -0.00031700 0.10627400 0.02746400
v -0.00015800 0.10611700 0.02758600
v 0.00033200 0.10565200 0.02813400
v -0.00659000 0.11247700 0.02267900
v -0.00611300 0.11200500 0.02304300
v -0.00616200 0.11132800 0.02347100
v -0.00534700 0.11124700 0.02362800
v -0.00712000 0.11300100 0.02244200
v -0.01395100 0.11178800 0.02347100
v -0.01017800 0.11602400 0.02107600
v -0.01399500 0.11612100 0.02088200
v -0.01084000 0.11667800 0.02078100
v -0.01831200 0.12338800 0.01915800
v -0.02308500 0.12023500 0.01943000
v -0.01542700 0.12086400 0.01961500
v -0.02236900 0.11545400 0.02088200
v -0.01488100 0.12038700 0.01970200
v -0.02620100 0.11969000 0.01943700
v -0.02482300 0.11503600 0.02088600
v -0.02488200 0.11508900 0.02085400
v -0.02385900 0.11580500 0.02063500
v -0.01877700 0.10926600 0.02551500
v -0.01873800 0.10911400 0.02568900
v -0.01391400 0.10821900 0.02704000
v -0.01853800 0.10833400 0.02658800
v -0.01987200 0.11059500 0.02414100
v -0.02068800 0.11133900 0.02352800
v -0.02194700 0.11248800 0.02258200
v -0.02270500 0.11318000 0.02201200
v -0.01970900 0.10701900 0.02816300
v -0.01388800 0.10563100 0.03137300
v -0.02022000 0.10684900 0.02831400
v -0.02081600 0.10507900 0.03137300
v -0.02104000 0.10657600 0.02855600
v -0.01882600 0.10765300 0.02741500
v -0.01879100 0.10773600 0.02731400
v -0.01869700 0.10795800 0.02704400
v -0.02801500 0.10497700 0.02864100
v -0.02195600 0.10637600 0.02864100
v -0.02116000 0.10653600 0.02859200
v -0.02760200 0.10357700 0.03137300
v -0.04023200 0.09785300 0.03137300
v -0.04635600 0.09648600 0.02723600
v -0.04596100 0.09645000 0.02759000
v -0.04583500 0.09374100 0.03137300
v -0.04722300 0.09656700 0.02645900
v -0.04656500 0.09650600 0.02704800
v -0.04750700 0.09571700 0.02704000
v -0.04458000 0.09683500 0.02837000
v -0.04323700 0.09759800 0.02864100
v -0.04938300 0.09793300 0.02401100
v -0.04910100 0.09813000 0.02403800
v -0.04837700 0.09726500 0.02507600
v -0.05038200 0.09723400 0.02390800
v -0.05274600 0.09062100 0.02704000
v -0.04974200 0.09768200 0.02397700
v -0.05510900 0.09923200 0.02097400
v -0.05277100 0.09849600 0.02209800
v -0.06005600 0.09919300 0.01975700
v -0.05728400 0.09946200 0.02029800
v -0.06296600 0.09827200 0.01943200
v -0.06379000 0.08925800 0.02088200
v -0.06298500 0.09826200 0.01943100
v -0.07111300 0.09184900 0.01915400
v -0.06977900 0.09327600 0.01916900
v -0.06780300 0.09195300 0.01943000
v -0.06856800 0.09457200 0.01918300
v -0.06621000 0.09641600 0.01925100
v -0.06576600 0.09676200 0.01926400
v -0.07513000 0.08530900 0.01914400
v -0.07507100 0.08542800 0.01914400
v -0.07363500 0.08826300 0.01914400
v -0.07120700 0.09174800 0.01915200
v -0.07593100 0.08372900 0.01914300
v -0.07946500 0.06779200 0.01921600
v -0.07946400 0.06786400 0.01921500
v -0.07875000 0.07398700 0.01916700
v -0.07923600 0.05788800 0.01936900
v -0.07889600 0.05786700 0.01943000
v -0.07914500 0.05678100 0.01939000
v -0.07894500 0.05539200 0.01943800
v -0.07903000 0.05539200 0.01941600
v -0.07406600 0.05768400 0.02088200
v -0.07545800 0.05539200 0.02034400
v -0.06973600 0.05752100 0.02347100
v -0.07073900 0.05539200 0.02276500
v -0.06616900 0.05738600 0.02704000
v -0.06629100 0.05539200 0.02709400
v -0.06679900 0.05539200 0.02631500
v -0.06358200 0.05728800 0.03137300
v -0.06369100 0.05539200 0.03139700
v -0.06390100 0.05539200 0.03075800
v -0.06184200 0.05722300 0.03964100
v -0.06187700 0.05539200 0.03964100
v -0.06213200 0.05723400 0.03620700
v -0.06224100 0.05539200 0.03579500
v -0.06141100 0.06394400 0.03620700
v -0.05977100 0.07049100 0.03620700
v -0.05949600 0.07040100 0.03964100
v -0.05724400 0.07674900 0.03620700
v -0.05698300 0.07662200 0.03964100
v -0.05363600 0.08243700 0.03964100
v -0.04973500 0.08792700 0.03620700
v -0.04951900 0.08773400 0.03964100
v -0.04735600 0.08983800 0.03964100
v -0.03813900 0.09700900 0.03964100
v -0.03930100 0.09638200 0.03964100
v -0.02060100 0.10364400 0.03620700
v -0.02710900 0.10190700 0.03964100
v -0.03339700 0.09956700 0.03964100
v -0.01387000 0.10388900 0.03964100
v -0.01387300 0.10417900 0.03620700
v -0.02055800 0.10335700 0.03964100
v -0.00059400 0.10217700 0.03964100
v -0.00717300 0.10349400 0.03964100
v -0.06019300 0.08684200 0.02347100
v -0.06408500 0.08008000 0.02347100
v -0.06700700 0.07284600 0.02347100
v -0.05723100 0.08485100 0.02704000
v -0.06087600 0.07851800 0.02704000
v -0.06361300 0.07174200 0.02704000
v -0.05508200 0.08340800 0.03137300
v -0.05854900 0.07738500 0.03137300
v -0.06115200 0.07094000 0.03137300
v -0.06284000 0.06419900 0.03137300
v 0.02881100 0.05471700 0.04441900
v 0.02925200 0.05471000 0.04377500
v 0.02888600 0.05471600 0.04414100
v 0.02989600 0.05470000 0.04333400
v 0.02961800 0.05470500 0.04340900
v -0.05596300 0.05539200 0.04372700
v -0.05620400 0.05153700 0.04340900
v -0.05661100 0.05539200 0.04329300
v -0.05737700 0.05539200 0.04314100
v -0.05720000 0.05144800 0.04314100
v -0.05567300 0.05539200 0.04416000
v -0.05537700 0.05539200 0.04514100
v -0.05552900 0.05539200 0.04437500
v -0.05547500 0.05160300 0.04414100
v 0.03061700 0.05468900 0.04314100
v 0.02962700 0.04608300 0.04314100
v 0.02865000 0.04629400 0.04340900
v 0.02815400 0.04086000 0.04314100
v 0.02721000 0.04119000 0.04340900
v 0.02334400 0.03115200 0.04314100
v 0.02251000 0.03170300 0.04340900
v 0.02008100 0.02681600 0.04314100
v 0.01932100 0.02746600 0.04340900
v 0.01514000 0.02419300 0.04414100
v 0.01150600 0.02032300 0.04340900
v 0.00699900 0.01752600 0.04340900
v 0.00254500 0.01437400 0.04314100
v 0.00218300 0.01530600 0.04340900
v -0.00817300 0.01344500 0.04414100
v -0.01337700 0.01239200 0.04340900
v -0.03883800 0.01950700 0.04314100
v -0.03826000 0.02032300 0.04340900
v -0.04306200 0.02291500 0.04314100
v -0.04607400 0.02746600 0.04340900
v -0.04865300 0.03210700 0.04414100
v -0.04926400 0.03170300 0.04340900
v -0.05190700 0.03630100 0.04340900
v -0.05396400 0.04119000 0.04340900
v 0.02793400 0.04644900 0.04414100
v 0.02651900 0.04143200 0.04414100
v 0.01108200 0.02092000 0.04414100
v -0.01337700 0.01312400 0.04414100
v -0.04171300 0.02439100 0.04514100
v -0.04551800 0.02794100 0.04414100
v -0.05125100 0.03662600 0.04414100
v -0.05327300 0.04143200 0.04414100
v -0.04531400 0.02811500 0.04514100
v -0.05520800 0.05162700 0.04514100
v -0.06366400 0.06209600 0.04214100
v -0.06293800 0.06199900 0.04287300
v -0.06191400 0.06739800 0.04287300
v -0.06094300 0.06715800 0.04314100
v -0.06430100 0.05654000 0.04114100
v -0.06437700 0.05539200 0.04114100
v -0.06410900 0.05539200 0.04214100
v -0.06393000 0.06213200 0.04114100
v -0.05936500 0.07230600 0.04314100
v -0.06030400 0.07265100 0.04287300
v -0.05723100 0.07725000 0.04314100
v -0.05812600 0.07769600 0.04287300
v -0.05456800 0.08193000 0.04314100
v -0.05540900 0.08247200 0.04287300
v -0.05218300 0.08692100 0.04287300
v -0.04848900 0.09098800 0.04287300
v -0.04437100 0.09462600 0.04287300
v -0.03987900 0.09779000 0.04287300
v -0.03506700 0.10044200 0.04287300
v -0.01382200 0.10539000 0.04287300
v -0.00833300 0.10513700 0.04287300
v -0.00290500 0.10428300 0.04287300
v 0.00239600 0.10283900 0.04287300
v 0.00709000 0.09991300 0.04314100
v 0.00750800 0.10082100 0.04287300
v -0.06262500 0.06757400 0.04214100
v -0.06099100 0.07290400 0.04214100
v -0.05878100 0.07802300 0.04214100
v -0.05602400 0.08286800 0.04214100
v -0.05275200 0.08738200 0.04214100
v -0.04900300 0.09151000 0.04214100
v -0.04482500 0.09520100 0.04214100
v -0.04026700 0.09841100 0.04214100
v -0.03538400 0.10110200 0.04214100
v -0.01382800 0.10612200 0.04214100
v -0.00825900 0.10586500 0.04214100
v -0.00275200 0.10499900 0.04214100
v 0.00262700 0.10353300 0.04214100
v 0.00781300 0.10148700 0.04214100
v -0.06237700 0.05539200 0.04314100
v -0.06337700 0.05539200 0.04287300
v -0.06288500 0.06763800 0.04114100
v -0.06124200 0.07299700 0.04114100
v -0.05902100 0.07814200 0.04114100
v -0.05624900 0.08301400 0.04114100
v -0.05296000 0.08755100 0.04114100
v -0.04499100 0.09541100 0.04114100
v -0.04040900 0.09863800 0.04114100
v -0.03550100 0.10134300 0.04114100
v -0.03032500 0.10349400 0.04114100
v -0.02494400 0.10506300 0.04114100
v -0.01942400 0.10603200 0.04114100
v -0.01383100 0.10639000 0.04114100
v -0.00823200 0.10613200 0.04114100
v -0.00269600 0.10526100 0.04114100
v 0.00271200 0.10378800 0.04114100
v 0.00792500 0.10173000 0.04114100
v 0.02862300 0.05539200 0.08264100
v 0.02808700 0.05539200 0.08464100
v 0.02792000 0.05167500 0.08464100
v 0.02662300 0.05539200 0.08610500
v 0.02646200 0.05180600 0.08610500
v 0.02447000 0.05198600 0.08664100
v 0.02376300 0.04735200 0.08664100
v 0.02571800 0.04692900 0.08610500
v 0.02249100 0.04284100 0.08664100
v 0.02437800 0.04218100 0.08610500
v 0.02067300 0.03852100 0.08664100
v 0.02246500 0.03763300 0.08610500
v 0.02000600 0.03335600 0.08610500
v 0.01703900 0.02941400 0.08610500
v 0.00977000 0.02276900 0.08610500
v 0.00463000 0.02192900 0.08664100
v 0.00557800 0.02016800 0.08610500
v 0.00037400 0.01996700 0.08664100
v 0.00109700 0.01810300 0.08610500
v -0.00409200 0.01854400 0.08664100
v -0.00360300 0.01660400 0.08610500
v -0.00869900 0.01768100 0.08664100
v -0.00845300 0.01569600 0.08610500
v -0.01337700 0.01739200 0.08664100
v -0.01337700 0.01539200 0.08610500
v -0.01805500 0.01768100 0.08664100
v -0.01830100 0.01569600 0.08610500
v -0.02266200 0.01854400 0.08664100
v -0.02315000 0.01660400 0.08610500
v -0.02712700 0.01996700 0.08664100
v -0.02785100 0.01810300 0.08610500
v -0.03138400 0.02192900 0.08664100
v -0.03233200 0.02016800 0.08610500
v -0.03536600 0.02440100 0.08664100
v -0.03652400 0.02276900 0.08610500
v -0.03901400 0.02734300 0.08664100
v -0.04036400 0.02586700 0.08610500
v -0.04227200 0.03071300 0.08664100
v -0.04379300 0.02941400 0.08610500
v -0.04676000 0.03335600 0.08610500
v -0.04921900 0.03763300 0.08610500
v -0.04924400 0.04284100 0.08664100
v -0.05113200 0.04218100 0.08610500
v -0.05051700 0.04735200 0.08664100
v -0.05247100 0.04692900 0.08610500
v -0.05337700 0.05539200 0.08610500
v 0.02714900 0.04661900 0.08464100
v 0.02576000 0.04169700 0.08464100
v 0.02122800 0.03254900 0.08464100
v 0.01061700 0.02157500 0.08464100
v 0.00627200 0.01887900 0.08464100
v -0.00324600 0.01518500 0.08464100
v -0.00827200 0.01424300 0.08464100
v -0.01337700 0.01392800 0.08464100
v -0.01848100 0.01424300 0.08464100
v -0.02350800 0.01518500 0.08464100
v -0.03737100 0.02157500 0.08464100
v -0.04135100 0.02478600 0.08464100
v -0.04798200 0.03254900 0.08464100
v -0.05053100 0.03698300 0.08464100
v -0.05251400 0.04169700 0.08464100
v -0.05390200 0.04661900 0.08464100
v -0.05467400 0.05167500 0.08464100
v -0.05484100 0.05539200 0.08464100
v 0.02845400 0.05162700 0.08264100
v 0.02767200 0.04650600 0.08264100
v 0.02626600 0.04152000 0.08264100
v -0.03768100 0.02113800 0.08264100
v -0.04171300 0.02439100 0.08264100
v -0.04842900 0.03225400 0.08264100
v -0.05101100 0.03674500 0.08264100
v -0.05302000 0.04152000 0.08264100
v -0.05442600 0.04650600 0.08264100
v -0.05520800 0.05162700 0.08264100
v -0.05537700 0.05539200 0.08264100
v -0.06629700 0.15363700 0.01664100
v -0.07640800 0.15371500 0.01664100
v -0.08524100 0.15252000 0.01664100
v -0.08516200 0.15214700 0.01855400
v -0.08905500 0.15139900 0.01664100
v -0.09437100 0.14983800 0.01664100
v -0.09423600 0.14948200 0.01855400
v -0.11180000 0.13972100 0.01664100
v -0.11794100 0.13412100 0.01664100
v -0.11766400 0.13386000 0.01855400
v -0.12082100 0.13056200 0.01664100
v -0.12392700 0.12672400 0.01664100
v -0.13438100 0.10039400 0.01664100
v -0.04980200 0.14444800 0.02164100
v -0.04199200 0.14047900 0.02164100
v -0.04109400 0.14195800 0.02133200
v -0.13133000 0.09992900 0.02126000
v -0.13293400 0.10017300 0.02017600
v -0.11981400 0.12388100 0.02164100
v -0.12138800 0.12496900 0.02126000
v -0.10054100 0.14145400 0.02164100
v -0.09260300 0.14516000 0.02164100
v -0.10147900 0.14312100 0.02126000
v -0.09328000 0.14695000 0.02126000
v -0.09385300 0.14846800 0.02017600
v -0.10280600 0.14548000 0.01855400
v -0.05726800 0.15062700 0.02017600
v -0.05700700 0.15167900 0.01855400
v -0.04906600 0.14621400 0.02126000
v -0.04844300 0.14771200 0.02017600
v -0.04802600 0.14871200 0.01855400
v -0.13510000 0.09090500 0.01664100
v -0.13224200 0.10966600 0.01664100
v -0.13084400 0.10923000 0.02017600
v -0.12929500 0.10874700 0.02126000
v -0.12873000 0.11851000 0.01664100
v -0.12794200 0.11985800 0.01664100
v -0.11687500 0.13311600 0.02017600
v -0.11569500 0.13200400 0.02126000
v -0.11430300 0.13069100 0.02164100
v -0.11090900 0.14053200 0.01664100
v -0.11067500 0.14023200 0.01855400
v -0.11000700 0.13937900 0.02017600
v -0.10299300 0.14581100 0.01664100
v -0.10103100 0.14672700 0.01664100
v -0.08493500 0.15108700 0.02017600
v -0.08459700 0.14950100 0.02126000
v -0.07581100 0.15379600 0.01664100
v -0.07578900 0.15341600 0.01855400
v -0.07572500 0.15233400 0.02017600
v -0.07563000 0.15071500 0.02126000
v -0.04101000 0.14209700 0.02122800
v -0.04015700 0.14350100 0.02017600
v -0.03955700 0.14448800 0.01837100
v -0.05691500 0.15204800 0.01664100
v -0.04788000 0.14906300 0.01664100
v -0.03939700 0.14475200 0.01664100
v 0.02862300 0.05539200 0.04513800
v -0.06173400 0.03918700 0.03964100
v -0.06197500 0.03910700 0.03662600
v -0.06000200 0.03472600 0.03964100
v -0.06057500 0.03447200 0.03538600
v -0.06140000 0.03410600 0.03238100
v -0.06195400 0.03386100 0.03136800
v -0.06347800 0.03318500 0.02857700
v -0.06416800 0.03288000 0.02782200
v -0.06831000 0.03698400 0.02544300
v -0.06634300 0.03191600 0.02544300
v -0.06697000 0.03163800 0.02493400
v -0.07256400 0.03225000 0.02256200
v -0.07191800 0.03577500 0.02317000
v -0.07483700 0.03247500 0.02196600
v -0.07594200 0.03442600 0.02189500
v -0.07554300 0.03253800 0.02190500
v -0.07054700 0.03204200 0.02321200
v -0.07857600 0.03280600 0.02164100
v -0.07880100 0.03346800 0.02164100
v -0.08088100 0.04110200 0.02164100
v -0.07793100 0.04172700 0.02189500
v -0.07907100 0.04920700 0.02189500
v -0.07484500 0.04960500 0.02317000
v -0.07105800 0.04996100 0.02544300
v -0.07131300 0.05539200 0.02544300
v -0.06793800 0.05025500 0.02857700
v -0.06817900 0.05539200 0.02857700
v -0.06590600 0.05539200 0.03238100
v -0.06463100 0.05539200 0.03662600
v -0.06415200 0.05061100 0.03964100
v -0.06327100 0.04483000 0.03964100
v -0.06335800 0.04539900 0.03964100
v -0.07377900 0.04260600 0.02317000
v -0.07005700 0.04339400 0.02544300
v -0.06699100 0.04404300 0.02857700
v -0.01928900 0.12413800 0.02164100
v -0.03032100 0.13275200 0.02164100
v -0.10556200 0.03424900 0.02164100
v -0.10489200 0.03348000 0.02164100
v -0.10400200 0.03297900 0.02164100
v -0.08195300 0.06302900 0.02164100
v -0.12168300 0.06081400 0.02164100
v -0.08803100 0.05655000 0.02164100
v -0.09207400 0.05463000 0.02164100
v -0.05700000 -0.02744400 0.04114100
v -0.05700000 0.02054400 0.04114100
v -0.03767200 -0.07299700 -0.00685900
v -0.04397600 -0.03881700 -0.00685900
v -0.04496900 -0.03608900 -0.00685900
v -0.04712600 -0.03414700 -0.00685900
v -0.04994300 -0.03344400 -0.00685900
v -0.05100000 -0.03344400 -0.00685900
v -0.05400000 -0.03264000 -0.00685900
v -0.10692100 0.02883400 -0.00685900
v -0.10983600 0.03165500 -0.00685900
v -0.12595800 0.05822000 -0.00685900
v -0.13147900 0.06985500 -0.00685900
v -0.13451900 0.08236900 -0.00685900
v -0.13495100 0.09524000 -0.00685900
v -0.13275600 0.10793000 -0.00685900
v -0.12802700 0.11990800 -0.00685900
v -0.12096100 0.13067500 -0.00685900
v -0.11185300 0.13978000 -0.00685900
v -0.10108400 0.14684200 -0.00685900
v -0.08910400 0.15156700 -0.00685900
v -0.07641400 0.15375700 -0.00685900
v -0.06354300 0.15332200 -0.00685900
v -0.05103000 0.15027700 -0.00685900
v -0.03939700 0.14475200 -0.00685900
v -0.02489900 0.13497700 -0.00685900
v 0.00612400 0.10569000 -0.00685900
v 0.01671600 0.09177800 -0.00685900
v 0.02519200 0.07699200 -0.00685900
v 0.03111300 0.06101000 -0.00685900
v 0.03431800 0.04427100 -0.00685900
v -0.03404700 -0.07512800 -0.00685900
v -0.05788600 0.02836900 0.03491000
v -0.05731200 0.02520500 0.02415200
v -0.05719000 0.02418800 0.04114100
v -0.05735700 0.02553000 0.02738300
v -0.05753300 0.02662700 0.03114300
v -0.05739900 0.02579300 0.02828400
v -0.06000200 0.03472600 0.04114100
v -0.05868500 0.03127300 0.03964100
v -0.05807400 0.02905400 0.03602600
v -0.03261000 -0.07321400 0.06244100
v -0.03119300 -0.07367700 0.06244100
v -0.03400000 -0.00469400 0.06244100
v -0.03359800 -0.00319400 0.06244100
v 0.03090000 -0.00169400 0.06244100
v 0.03349800 -0.00319400 0.06244100
v 0.03240000 -0.00209600 0.06244100
v 0.00747400 0.10211500 0.03736600
v 0.00717400 0.10236900 0.03663000
v 0.00682500 0.10249700 0.03662600
v -0.04912000 0.09606400 0.02947400
v -0.05002000 0.09616500 0.02859300
v -0.05421500 0.09193600 0.02857700
v -0.08061800 0.06640200 0.02166200
v -0.07834000 0.06695800 0.02189500
v -0.08061700 0.06640500 0.02166200
v -0.08043100 0.06733000 0.02166200
v -0.07612200 0.07581300 0.02189500
v -0.07989600 0.06999500 0.02166300
v -0.07270400 0.08427600 0.02189500
v -0.07541500 0.08559600 0.02164100
v -0.07773900 0.08026200 0.02164100
v -0.06274000 0.09915900 0.02190500
v -0.06454100 0.09832600 0.02177700
v -0.05938500 0.09656300 0.02317000
v -0.05678600 0.10042600 0.02283700
v -0.05730500 0.10039400 0.02272200
v -0.05909900 0.10028400 0.02232700
v -0.06180900 0.09958900 0.02197100
v -0.05224900 0.09835400 0.02544800
v -0.05222900 0.09893800 0.02512300
v -0.05214100 0.09922500 0.02501000
v -0.05070300 0.09624100 0.02792600
v -0.05176400 0.09690100 0.02665200
v -0.05655000 0.09402600 0.02544300
v -0.05197100 0.09733200 0.02624800
v -0.05226300 0.09793700 0.02568000
v -0.05225400 0.09820800 0.02552900
v -0.04145500 0.09978700 0.03238100
v -0.04380500 0.09842000 0.03200400
v -0.04731300 0.09548700 0.03238100
v -0.04556100 0.09730500 0.03170300
v -0.04559100 0.09728600 0.03169800
v -0.04906600 0.09607600 0.02951600
v -0.05252100 0.09042100 0.03238100
v -0.04801400 0.09630900 0.03033000
v -0.04738500 0.09644800 0.03081600
v -0.03506000 0.10323700 0.03238100
v -0.03756800 0.10221200 0.03200400
v -0.04148500 0.09983100 0.03200400
v -0.02825000 0.10577100 0.03238100
v -0.03086800 0.10510500 0.03200400
v -0.03508300 0.10328400 0.03200400
v -0.02235300 0.10737200 0.03190100
v -0.02115500 0.10734200 0.03238100
v -0.02383200 0.10704500 0.03200400
v -0.01391100 0.10791800 0.03238100
v -0.01393400 0.11019100 0.02857700
v -0.01747800 0.11005400 0.02858800
v -0.01770200 0.10949300 0.02929000
v -0.01790900 0.11255000 0.02597700
v -0.01747000 0.11174000 0.02669200
v -0.01396600 0.11332500 0.02544300
v -0.01732900 0.11080500 0.02769700
v -0.01728700 0.11053000 0.02799400
v -0.01400500 0.11712900 0.02317000
v -0.02124000 0.11664100 0.02322400
v -0.01983600 0.11522000 0.02395200
v -0.01907700 0.11428300 0.02460500
v -0.01839000 0.11343600 0.02519600
v -0.01822800 0.11313700 0.02546000
v -0.02429600 0.11880400 0.02225300
v -0.02394300 0.11866200 0.02231000
v -0.02314700 0.12064900 0.02189500
v -0.02296300 0.11826600 0.02247000
v -0.02276700 0.11810900 0.02253000
v -0.02552600 0.11877600 0.02220300
v -0.02650200 0.11959600 0.02197800
v -0.02695200 0.11995900 0.02193400
v -0.01538000 0.12133600 0.02192700
v -0.02250200 0.11789700 0.02261200
v -0.02234500 0.11774800 0.02267100
v -0.02218800 0.11760000 0.02273200
v -0.01483700 0.12090600 0.02202700
v -0.01406500 0.12029600 0.02216900
v -0.01234200 0.11893300 0.02248600
v -0.00592200 0.11343800 0.02507200
v -0.00697400 0.11434900 0.02455000
v -0.00857300 0.11573400 0.02375700
v -0.01010400 0.11703300 0.02324100
v -0.00636700 0.10974400 0.02857700
v -0.00029800 0.10862600 0.02861600
v -0.00101700 0.10922800 0.02804000
v -0.00332300 0.11120000 0.02655800
v -0.00465900 0.11234400 0.02569900
v -0.00596600 0.11285200 0.02544300
v -0.00511100 0.11273400 0.02547500
v 0.00016600 0.10823700 0.02898800
v -0.00665800 0.10748900 0.03238100
v 0.00086800 0.10764800 0.02955000
v 0.00408100 0.10496300 0.03240700
v 0.00046800 0.10606400 0.03238100
v 0.00509400 0.10411900 0.03345100
v 0.00013200 0.10483400 0.03662600
v 0.00534300 0.10391200 0.03370700
v 0.00690500 0.10259900 0.03596600
v 0.00672500 0.10226300 0.03964100
v 0.00792500 0.10173000 0.03964100
v 0.00769700 0.10192500 0.03791600
v 0.00006500 0.10458900 0.03964100
v -0.00271900 0.10514600 0.03964100
v -0.01389800 0.10664400 0.03662600
v -0.01389600 0.10638900 0.03964100
v -0.02092800 0.10583000 0.03964100
v -0.02096600 0.10608100 0.03662600
v -0.02491800 0.10494700 0.03964100
v -0.02788900 0.10454900 0.03662600
v -0.02781700 0.10430500 0.03964100
v -0.03442800 0.10184400 0.03964100
v -0.03453400 0.10207600 0.03662600
v -0.03546800 0.10128300 0.03964100
v -0.04063800 0.09849500 0.03964100
v -0.05138200 0.08940100 0.03964100
v -0.05287200 0.08748300 0.03964100
v -0.05946000 0.07782800 0.03662600
v -0.05923100 0.07771700 0.03964100
v -0.06187300 0.07117500 0.03964100
v -0.06211500 0.07125400 0.03662600
v -0.06276600 0.06760800 0.03964100
v -0.06358700 0.06433200 0.03964100
v -0.06459500 0.05732700 0.03662600
v -0.06435500 0.05654400 0.03964100
v -0.05698100 0.08468300 0.03238100
v -0.06060600 0.07838600 0.03238100
v -0.06332700 0.07164800 0.03238100
v -0.06509300 0.06460000 0.03238100
v -0.06586800 0.05737500 0.03238100
v -0.00685300 0.10597300 0.03964100
v -0.05886800 0.08595100 0.02857700
v -0.06264900 0.07938100 0.02857700
v -0.06548900 0.07235200 0.02857700
v -0.06733000 0.06499800 0.02857700
v -0.06814000 0.05746100 0.02857700
v -0.06546700 0.08075300 0.02544300
v -0.06846800 0.07332200 0.02544300
v -0.07041600 0.06554700 0.02544300
v -0.07127100 0.05757900 0.02544300
v -0.07208600 0.07449900 0.02317000
v -0.07416100 0.06621400 0.02317000
v -0.06244600 0.09929500 0.02192600
v -0.07565900 0.08555000 0.02164100
v -0.05100000 -0.03344400 0.04114100
v -0.04994300 -0.03344400 0.04114100
v -0.03909900 -0.06608300 0.04314100
v -0.03450000 0.00136800 0.04314100
v -0.06213900 0.05056600 0.04314100
v -0.06142600 0.04578600 0.04314100
v -0.03524300 -0.00045200 0.04340900
v -0.05203500 -0.03130800 0.04314100
v -0.05100000 -0.03144400 0.04314100
v -0.06008200 0.04057200 0.04314100
v 0.03350700 0.02932500 0.04314100
v 0.03333700 0.00186800 0.04314100
v 0.03390000 0.00163000 0.04314100
v -0.05486400 -0.02848000 0.04314100
v -0.05446400 -0.02944400 0.04314100
v -0.02308900 0.09830700 0.04314100
v -0.03015000 0.09607000 0.04314100
v -0.03673500 0.09268000 0.04314100
v -0.00108900 0.09764100 0.04314100
v -0.00835000 0.09910400 0.04314100
v 0.00582300 0.09498200 0.04314100
v 0.01783600 0.08640400 0.04314100
v 0.01219200 0.09120000 0.04314100
v 0.00875400 0.09888500 0.04314100
v -0.03100000 0.00230600 0.04314100
v -0.03281200 0.00206700 0.04314100
v 0.03550400 0.02943100 0.04114100
v 0.03431800 0.04427100 0.04114100
v 0.03303000 0.05287500 0.04114100
v 0.02638400 0.07434700 0.04114100
v 0.03029500 0.06379300 0.04114100
v 0.01671600 0.09177800 0.04114100
v 0.00803500 0.10337000 0.02778800
v 0.00821700 0.10314900 0.02803400
v 0.00974700 0.10123200 0.03084400
v 0.01171100 0.09869300 0.04114100
v -0.00268900 0.11546100 0.01891100
v -0.00643800 0.11922000 0.01768100
v -0.00855300 0.12121700 0.01730200
v 0.00087800 0.11167300 0.02074700
v 0.00131500 0.11118400 0.02106900
v 0.00378600 0.10842100 0.02289400
v 0.00612200 0.10568900 0.02524500
v -0.01606000 0.12795600 0.01664100
v -0.01130400 0.12377200 0.01689200
v -0.01065400 0.12320100 0.01692600
v -0.02495700 0.13490200 0.01664100
v -0.02740100 0.13681000 0.01664100
v -0.13277100 0.07393500 0.01664100
v -0.13451500 0.08234100 0.01664100
v -0.12990100 0.06584500 0.01664100
v -0.06220900 0.02780600 0.02239300
v -0.06433500 0.02780600 0.02084900
v -0.06773000 0.02780600 0.01926000
v -0.07077400 0.02780600 0.01783600
v 0.03590000 -0.00185400 0.04254300
v 0.03590000 -0.00469400 0.04514100
v 0.03590000 -0.00394400 0.04428600
v 0.03090000 0.00030600 0.06044100
v -0.03100000 0.00030600 0.04514100
v -0.03600000 -0.00469400 0.04514100
v -0.03600000 -0.07068300 0.06044100
v -0.05520800 0.05915700 0.08264100
v -0.05101100 0.07403800 0.08264100
v -0.05301400 0.06928200 0.04514100
v -0.05301800 0.06926300 0.04514100
v -0.05442600 0.06427800 0.08264100
v -0.05478200 0.06243700 0.04514100
v -0.03768100 0.08964500 0.08264100
v -0.04171300 0.08639300 0.08264100
v -0.04531400 0.08266900 0.08264100
v -0.04619000 0.08160900 0.04514100
v -0.04842900 0.07853000 0.08264100
v -0.04830600 0.07844700 0.04514100
v -0.05012200 0.07573300 0.04514100
v -0.01854700 0.09707200 0.08264100
v -0.02264800 0.09635600 0.04514100
v -0.02363900 0.09611900 0.08264100
v -0.02857500 0.09454600 0.08264100
v -0.02938700 0.09422100 0.04514100
v -0.03327900 0.09237700 0.08264100
v -0.03321400 0.09225100 0.04514100
v -0.03567300 0.09098500 0.04514100
v 0.00652600 0.09237700 0.08264100
v 0.00182100 0.09454600 0.08264100
v -0.00164800 0.09572100 0.04514100
v -0.00311500 0.09611900 0.08264100
v -0.00820600 0.09707200 0.08264100
v -0.00857900 0.09711700 0.04514100
v -0.01337700 0.09739200 0.08264100
v -0.01338100 0.09726200 0.04514100
v -0.01564500 0.09733100 0.04514100
v 0.01495900 0.08639300 0.08264100
v 0.01488100 0.08630000 0.04514100
v 0.01092700 0.08964500 0.08264100
v 0.02162700 0.07850000 0.04485700
v 0.02099400 0.07953000 0.04491000
v 0.02167500 0.07853000 0.08264100
v 0.01916500 0.08181700 0.04502600
v 0.01856000 0.08266900 0.08264100
v 0.01772400 0.08361800 0.04511800
v 0.02620800 0.06924500 0.04463900
v 0.02579800 0.07053700 0.04460600
v 0.02626600 0.06926400 0.08264100
v 0.02554800 0.07108200 0.04461600
v 0.02425700 0.07403800 0.08264100
v 0.02369900 0.07512500 0.04468300
v 0.02166200 0.07844300 0.04485400
v 0.02832300 0.06040100 0.04497900
v 0.02783500 0.06304100 0.04485400
v 0.02767200 0.06427800 0.08264100
v 0.02735800 0.06562100 0.04473100
v 0.02839800 0.05915300 0.04501900
v 0.02845400 0.05915700 0.08264100
v 0.02841200 0.05891200 0.04502600
v 0.01226100 0.08344000 0.08664100
v 0.01551800 0.08007100 0.08664100
v 0.01833700 0.07632600 0.08664100
v 0.02249100 0.06794300 0.08664100
v -0.02266200 0.09224000 0.08664100
v 0.00037400 0.09081700 0.08664100
v 0.02447000 0.05879800 0.08664100
v 0.02376300 0.06343200 0.08664100
v -0.03138400 0.08885400 0.08664100
v -0.03536600 0.08638300 0.08664100
v -0.03901400 0.08344000 0.08664100
v -0.04227200 0.08007100 0.08664100
v -0.04509100 0.07632600 0.08664100
v -0.04742700 0.07226300 0.08664100
v -0.00869900 0.09310300 0.08664100
v -0.01337700 0.09339200 0.08664100
v -0.01805500 0.09310300 0.08664100
v -0.04924400 0.06794300 0.08664100
v -0.06412900 0.05036900 0.04114100
v -0.06338700 0.04539400 0.04114100
v -0.06198800 0.03996700 0.04114100
v -0.03132200 -0.07567200 0.04514100
v -0.03132200 -0.07567200 0.06044100
v -0.03973000 -0.07045900 0.04114100
v -0.03866300 -0.07197400 0.04123500
v -0.03691500 -0.07356400 0.04176300
v -0.03314800 -0.07536600 0.04380900
v -0.03342400 -0.07532000 0.04360800
v -0.03403000 -0.07508500 0.04324300
v -0.03733200 -0.07329000 0.04158400
v 0.03560300 -0.00299800 0.04514100
v 0.03513400 -0.00225500 0.04514100
v -0.03350000 -0.00036400 0.06044100
v -0.03453600 -0.00115900 0.04514100
v -0.03533000 -0.00219400 0.06044100
v -0.03533000 -0.00219400 0.04514100
v 0.03340000 -0.07502400 0.06044100
v 0.03523000 -0.07319400 0.06044100
v -0.03571200 -0.07235500 0.04514100
v -0.03538300 -0.07308900 0.06044100
v -0.03463200 -0.07411900 0.04514100
v -0.03368400 -0.07490200 0.06044100
v -0.03293000 -0.07529500 0.04514100
v -0.03362400 -0.07481600 0.04514100
v -0.04430500 -0.03739200 0.04114100
v -0.04849200 -0.03362200 0.04114100
v -0.05679600 -0.02899700 0.04114100
v -0.05619600 -0.03044400 0.04114100
v -0.05524300 -0.03168700 0.04114100
v -0.05255300 -0.03324000 0.04114100
v 0.03482000 -0.00068800 0.04371600
v 0.03496800 -0.00104600 0.04384400
v 0.03493700 -0.00097000 0.04381700
v 0.03268400 0.00010900 0.04444900
v 0.03090000 0.00089200 0.04372700
v 0.03284400 0.00054200 0.04372700
v 0.03090000 0.00133000 0.04344600
v 0.03309600 0.00121900 0.04326400
v 0.03090000 0.00161300 0.04326400
v 0.03428500 0.00061900 0.04328700
v 0.03435100 0.00044600 0.04331200
v 0.03436200 0.00041900 0.04332100
v 0.03560400 -0.00275900 0.04445400
v 0.03559000 -0.00266700 0.04442200
v 0.03454000 -0.00108800 0.04444900
v 0.03556100 -0.00247700 0.04435400
v 0.03527200 -0.00177900 0.04410500
v 0.03563600 -0.00297100 0.04452900
v -0.03100000 0.00057400 0.04414100
v -0.03100000 0.00130600 0.04340900
v -0.03618100 -0.00469400 0.04446400
v -0.03663400 -0.00469400 0.04377500
v -0.03608800 -0.00333100 0.04414100
v -0.03700000 -0.00469400 0.04340900
v -0.03679600 -0.00314100 0.04340900
v -0.03619600 -0.00169400 0.04340900
v -0.03400000 0.00050200 0.04340900
v -0.03255300 0.00110100 0.04340900
v -0.03556200 -0.00206000 0.04414100
v -0.03472500 -0.00096900 0.04414100
v -0.03363400 -0.00013200 0.04414100
v -0.03229400 0.00013500 0.04514100
v -0.03732400 -0.07068300 0.04330000
v -0.03615000 -0.07068300 0.04445400
v -0.03618300 -0.07068300 0.04430500
v -0.03662500 -0.07068300 0.04375900
v -0.03680500 -0.07068300 0.04353700
v -0.03670000 -0.07226200 0.04345400
v -0.03647000 -0.07262400 0.04353700
v -0.03588500 -0.07241600 0.04430500
v -0.03335000 -0.07519400 0.04455900
v -0.03250700 -0.07539300 0.04480100
v -0.03512200 -0.07411000 0.04399500
v -0.03483100 -0.07428800 0.04408700
v -0.03476500 -0.07424500 0.04430500
v -0.03410300 -0.07473300 0.04431900
v -0.03543500 -0.07377500 0.04388600
v -0.03362100 -0.07502800 0.04447200
v -0.03648900 -0.07264600 0.04351900
v -0.03642400 -0.07271500 0.04354200
v -0.03613000 -0.07303100 0.04364400
v -0.03714500 -0.07145200 0.04331800
v -0.06355600 0.03146600 0.02777100
v -0.06354800 0.03146500 0.02778000
v -0.06092900 0.03135500 0.03134500
v -0.05872200 0.03127400 0.03851900
v -0.06040600 0.03133400 0.03219200
v -0.05926800 0.03129300 0.03523100
v -0.06223900 0.03140700 0.02922800
v -0.06093700 0.03135600 0.03133300
v -0.06416000 0.03149200 0.02710400
v -0.10805000 0.02960300 0.01664100
v -0.02354900 0.11723900 0.02403100
v -0.02354900 0.11723900 0.02414100
v -0.02339400 0.11710600 0.02408500
v -0.02323900 0.11697300 0.02414100
v -0.05061300 0.10012400 0.02520500
v -0.05081500 0.09998300 0.02539700
v -0.05035400 0.10030500 0.02672900
v -0.05043100 0.10025100 0.02498600
v -0.02872600 0.11544900 0.02800400
v -0.02730200 0.11644600 0.02626600
v -0.02734100 0.11641900 0.02759500
v -0.02599800 0.11735900 0.02414100
v -0.02599800 0.11735900 0.02350300
v -0.02643300 0.11705500 0.02332200
v -0.02669700 0.11687000 0.02689300
v -0.02643100 0.11705600 0.02603500
v -0.02602700 0.11733900 0.02472700
v -0.04936900 0.10099500 0.02808300
v -0.04832400 0.10172700 0.02817600
v -0.04805300 0.10191600 0.02892000
v -0.04664500 0.10290200 0.02864100
v -0.04685000 0.10275900 0.02914100
v -0.03067200 0.11408700 0.02864100
v -0.03023100 0.11439600 0.02914100
v -0.02846250 0.11563350 0.02826600
v -0.04570300 0.10112000 0.03114100
v -0.04458900 0.09952900 0.03114100
v -0.02908400 0.11275700 0.03114100
v -0.02410100 0.10837600 0.03114100
v -0.04561600 0.09885300 0.03103200
v -0.04857800 0.09767600 0.02958900
v -0.04757000 0.09792600 0.03024200
v -0.04730700 0.09799100 0.03041300
v -0.04641700 0.09844400 0.03073800
v -0.04926300 0.09862700 0.02961600
v -0.05045300 0.09779400 0.02806200
v -0.04890900 0.09759400 0.02937500
v -0.02699400 0.11445400 0.03061900
v -0.02717600 0.11430600 0.03067700
v -0.02107300 0.10885200 0.03067500
v -0.02852200 0.11321400 0.03110500
v -0.02149100 0.10874400 0.03083600
v -0.02206400 0.10866300 0.03090300
v -0.02403200 0.11684900 0.02682800
v -0.02448300 0.11648600 0.02803000
v -0.01829800 0.11100500 0.02789700
v -0.02697900 0.11446600 0.03061400
v -0.02018300 0.10908300 0.03033200
v -0.02561100 0.11557400 0.02958900
v -0.01975100 0.10919600 0.03016600
v -0.01872400 0.10975400 0.02935100
v -0.02521400 0.11589500 0.02904100
v -0.01824000 0.11054400 0.02836600
v -0.01836300 0.11153200 0.02736100
v -0.01892300 0.11248400 0.02659200
v -0.02392500 0.11693600 0.02654300
v -0.01894900 0.11252900 0.02655600
v -0.02379000 0.11704500 0.02618300
v -0.01918900 0.11293700 0.02622600
v -0.02086700 0.11480400 0.02508200
v 0.00981800 0.10021200 0.03964100
v 0.01000500 0.10044500 0.04114100
v 0.01077600 0.09944400 0.03964100
v -0.01626000 0.12772000 0.01837100
v -0.01630000 0.12767300 0.01846800
v -0.01167500 0.12371200 0.01861000
v -0.00558400 0.11514000 0.02357200
v 0.00405600 0.10783200 0.02531300
v 0.00055700 0.11169400 0.02261900
v 0.00973200 0.10110100 0.03349800
v 0.01058500 0.10003500 0.03639100
v 0.00856100 0.10254100 0.03100900
v 0.00718800 0.10419400 0.02884900
v -0.00187300 0.11169600 0.02548600
v 0.00162000 0.10838900 0.02790500
v 0.00753700 0.10326000 0.03187000
v 0.00612000 0.10483300 0.02991200
v 0.00875800 0.10187900 0.03411500
v 0.00965600 0.10084900 0.03671900
v 0.00488600 0.10524200 0.03090700
v -0.01361500 0.12213600 0.02142800
v -0.01810900 0.12553400 0.02127000
v -0.01817100 0.12546000 0.02133200
v -0.00947000 0.11863200 0.02220700
v 0.00294000 0.10826300 0.02667300
v -0.00054100 0.11187800 0.02415200
v -0.00430000 0.11562200 0.02223700
v -0.00826800 0.11938300 0.02094000
v -0.01249000 0.12314100 0.02024800
v -0.01700600 0.12683800 0.02017600
v -0.00734500 0.11970800 0.01930900
v -0.00327300 0.11569600 0.02062500
v -0.02931100 0.13415600 0.02133200
v -0.02758100 0.13655900 0.01837100
v -0.12331900 0.05982100 0.02126000
v -0.10848100 0.03247700 0.02005600
v -0.10926400 0.03200300 0.01914100
v -0.10647100 0.03154100 0.02097100
v -0.10484100 0.03062400 0.02097100
v -0.10737375 0.03189175 0.02051350
v -0.06550100 0.02829300 0.02265700
v -0.06832100 0.02809000 0.02055400
v -0.06518600 0.02816100 0.02216900
v -0.07547700 0.03077400 0.02143600
v -0.07162200 0.02811300 0.01938200
v -0.06658400 0.03019300 0.02433500
v -0.06644100 0.02965900 0.02411400
v -0.07240400 0.03057100 0.02201600
v -0.06114700 0.02805300 0.02549700
v -0.05929500 0.02878900 0.03041900
v -0.05853800 0.03055800 0.03738700
v -0.06028700 0.02996000 0.03096800
v -0.05874700 0.02917900 0.03263400
v -0.06221600 0.02882400 0.02650700
v -0.06304300 0.03003300 0.02728700
v -0.05836600 0.02699900 0.02415200
v -0.05783100 0.02653100 0.02415200
v -0.05768900 0.02616900 0.02415200
v -0.05843100 0.02854600 0.03166200
v -0.05805400 0.02811700 0.03186000
v -0.05809500 0.02722900 0.02794400
v -0.05762200 0.02651500 0.02811900
v -0.05777900 0.02762400 0.03207600
v -0.05823300 0.02952100 0.03576300
v -0.05875900 0.02777800 0.02780000
v -0.05467400 0.05910900 0.08464100
v -0.05321600 0.05897700 0.08610500
v -0.05247100 0.06385500 0.08610500
v -0.05113200 0.06860300 0.08610500
v -0.04921900 0.07315100 0.08610500
v -0.04676000 0.07742800 0.08610500
v -0.04379300 0.08137000 0.08610500
v -0.04036400 0.08491700 0.08610500
v -0.03652400 0.08801400 0.08610500
v -0.03233200 0.09061600 0.08610500
v -0.02785100 0.09268100 0.08610500
v -0.02315000 0.09417900 0.08610500
v -0.01830100 0.09508800 0.08610500
v -0.01337700 0.09539200 0.08610500
v -0.00845300 0.09508800 0.08610500
v -0.00360300 0.09417900 0.08610500
v 0.00109700 0.09268100 0.08610500
v 0.00557800 0.09061600 0.08610500
v 0.00977000 0.08801400 0.08610500
v 0.01361000 0.08491700 0.08610500
v 0.01703900 0.08137000 0.08610500
v 0.02000600 0.07742800 0.08610500
v 0.02246500 0.07315100 0.08610500
v 0.02437800 0.06860300 0.08610500
v 0.02571800 0.06385500 0.08610500
v 0.02646200 0.05897700 0.08610500
v -0.05390200 0.06416400 0.08464100
v -0.05251400 0.06908700 0.08464100
v -0.05053100 0.07380100 0.08464100
v -0.04798200 0.07823400 0.08464100
v -0.04490600 0.08232100 0.08464100
v -0.04135100 0.08599700 0.08464100
v -0.03737100 0.08920800 0.08464100
v -0.03302500 0.09190500 0.08464100
v -0.02838100 0.09404600 0.08464100
v -0.02350800 0.09559900 0.08464100
v -0.01848100 0.09654100 0.08464100
v -0.01337700 0.09685600 0.08464100
v -0.00827200 0.09654100 0.08464100
v -0.00324600 0.09559900 0.08464100
v 0.00162700 0.09404600 0.08464100
v 0.00627200 0.09190500 0.08464100
v 0.01061700 0.08920800 0.08464100
v 0.01459800 0.08599700 0.08464100
v 0.01815300 0.08232100 0.08464100
v 0.02122800 0.07823400 0.08464100
v 0.02377700 0.07380100 0.08464100
v 0.02576000 0.06908700 0.08464100
v 0.02714900 0.06416400 0.08464100
v 0.02792000 0.05910900 0.08464100
v 0.03290000 -0.07415800 0.06217300
v 0.03490000 -0.07069400 0.06217300
v 0.03436400 -0.07269400 0.06217300
v 0.03563200 -0.07069400 0.06144100
v 0.03499800 -0.07306000 0.06144100
v 0.03326600 -0.07479200 0.06144100
v 0.03199150 -0.07458450 0.06199000
v 0.03090000 -0.07469400 0.06217300
v 0.03090000 -0.07506000 0.06180700
v 0.03090000 -0.07542600 0.06144100
v -0.03064600 -0.07469400 0.06217300
v -0.03064600 -0.07506000 0.06180700
v -0.03064600 -0.07542600 0.06144100
v 0.03531400 -0.00469400 0.06185500
v -0.03125800 -0.07467400 0.06217300
v -0.03130500 -0.07540500 0.06144100
v 0.03416100 -0.00281200 0.06228900
v 0.03491050 -0.00237850 0.06153050
v 0.03090000 -0.00092900 0.06228900
v 0.03278300 -0.00143300 0.06228900
v 0.03090000 -0.00028000 0.06185500
v 0.03310700 -0.00087100 0.06185500
v 0.03090000 0.00015400 0.06120600
v 0.03332400 -0.00049600 0.06120600
v -0.03314700 -0.07405800 0.06217300
v -0.03354000 -0.07467600 0.06144100
v -0.03514800 -0.07296000 0.06144100
v -0.03100000 -0.00069400 0.06217300
v -0.03100000 0.00010400 0.06119300
v -0.03500000 -0.00469400 0.06217300
v -0.03446400 -0.00269400 0.06217300
v -0.03509800 -0.00232800 0.06144100
v -0.03343300 -0.00048000 0.06094100
v -0.03238100 -0.07553700 0.04463100
v -0.03353300 -0.07518000 0.04431100
v -0.03341300 -0.07527400 0.04414400
v -0.03453000 -0.07470900 0.04394000
v -0.03543500 -0.07412500 0.04361600
v -0.03534800 -0.07439800 0.04330500
v -0.03801900 -0.07111300 0.04292800
v -0.03818800 -0.07127400 0.04283000
v -0.03753600 -0.07194200 0.04302500
v -0.03838500 -0.07150600 0.04248000
v -0.03693500 -0.07272600 0.04315400
v -0.03521000 -0.07460500 0.04296300
v -0.03703700 -0.07342900 0.04224700
v -0.03704200 -0.07312500 0.04274300
v -0.03858100 -0.07173800 0.04212900
v -0.03860400 -0.07180200 0.04188600
v -0.03623400 -0.07346000 0.04335300
v -0.03922400 -0.07016500 0.04255500
v -0.03866200 -0.06984000 0.04298900
v -0.03960400 -0.07038600 0.04187600
v -0.03959900 -0.07038300 0.04190600
v -0.03986000 -0.06616300 0.04298900
v -0.04273500 -0.03868700 0.04293900
v -0.04298100 -0.03871300 0.04287300
v -0.04994300 -0.03244400 0.04287300
v -0.04825000 -0.03265200 0.04287300
v -0.04994300 -0.03317600 0.04214100
v -0.04842700 -0.03336200 0.04214100
v -0.04700000 -0.03391000 0.04214100
v -0.04665700 -0.03326400 0.04287300
v -0.05100000 -0.03244400 0.04287300
v -0.05100000 -0.03317600 0.04214100
v -0.05248400 -0.03298100 0.04214100
v -0.05229400 -0.03227400 0.04287300
v -0.05350000 -0.03177400 0.04287300
v -0.05533000 -0.02994400 0.04287300
v -0.05583000 -0.02873800 0.04287300
v -0.05386600 -0.03240800 0.04214100
v -0.05505300 -0.03149700 0.04214100
v -0.05596400 -0.03031000 0.04214100
v -0.05653700 -0.02892800 0.04214100
v -0.05673200 -0.02744400 0.04214100
v -0.05600000 0.02054400 0.04287300
v -0.05673200 0.02054400 0.04214100
v -0.05774800 0.03162500 0.04287300
v -0.05844500 0.03140000 0.04214100
v -0.05749700 0.02784700 0.04214100
v -0.05692400 0.02421500 0.04214100
v -0.05678000 0.02799900 0.04287300
v -0.05619600 0.02429200 0.04287300
v -0.06103500 0.04026900 0.04287300
v -0.06240700 0.04559000 0.04287300
v -0.06313400 0.05046700 0.04287300
v -0.06386200 0.05039500 0.04214100
v 0.00938000 0.09966500 0.04287300
v 0.00983800 0.10023600 0.04214100
v 0.01149800 0.09853100 0.04214100
v 0.01562600 0.09102700 0.04295900
v 0.01589300 0.09121000 0.04287300
v 0.01656700 0.09167500 0.04181800
v 0.01649500 0.09162600 0.04214100
v 0.02888400 0.06431700 0.04296900
v 0.02973500 0.06362000 0.04255500
v 0.03401400 0.04423900 0.04211700
v 0.03419500 0.04425800 0.04183300
v 0.01986000 0.08355900 0.04309100
v 0.02020900 0.08376400 0.04301700
v 0.02083600 0.08412200 0.04255500
v 0.02123800 0.08435100 0.04183300
v 0.03373600 0.04420900 0.04255500
v 0.03245500 0.05276300 0.04255500
v 0.03301800 0.04413200 0.04301700
v 0.03174600 0.05262700 0.04301700
v 0.03017800 0.05816600 0.04310700
v 0.03000900 0.05896600 0.04308900
v 0.02923900 0.06262600 0.04300700
v 0.02694600 0.07034200 0.04287600
v 0.02449000 0.07593700 0.04291700
v 0.02139900 0.08139400 0.04305300
v 0.03450600 0.02937800 0.04287300
v 0.03523700 0.02941700 0.04214100
v 0.03490000 0.01455000 0.04287300
v 0.03563200 0.01455000 0.04214100
v 0.03462200 0.00163000 0.04294700
v 0.03490000 0.00163000 0.04287300
v 0.03526600 0.00163000 0.04250700
v 0.03563200 0.00163000 0.04214100
v 0.03582700 -0.00301800 0.04407700
v 0.03579500 -0.00004100 0.04209500
v 0.03466500 0.00038400 0.04322700
v 0.03517900 -0.00104700 0.04366700
v 0.03546900 0.00017000 0.04265800
v 0.03523200 0.00025900 0.04289400
v 0.03495900 0.00033000 0.04308600
v 0.03536000 -0.00114800 0.04352900
v 0.03556300 -0.00196600 0.04386500
v 0.03565600 -0.00138900 0.04319800
v 0.03584000 -0.00166700 0.04281700
v 0.03573700 -0.00283400 0.04425600
v 0.02858400 0.05890100 0.04439900
v 0.02701800 0.06714600 0.04414900
v 0.02800500 0.06304500 0.04427700
v 0.02563800 0.07112000 0.04409600
v 0.02388700 0.07491900 0.04414800
v 0.02176700 0.07854200 0.04427600
v 0.01929600 0.08195300 0.04439900
v 0.01652100 0.08509800 0.04440600
v 0.01652500 0.08510200 0.04437500
v 0.01683200 0.08540800 0.04372700
v 0.01729300 0.08586500 0.04329300
v 0.01954000 0.08218200 0.04379200
v 0.02197000 0.07870500 0.04372900
v 0.02407200 0.07503200 0.04364300
v 0.02582600 0.07119500 0.04360500
v 0.02723000 0.06719200 0.04364300
v 0.02826500 0.06306800 0.04373000
v 0.02891800 0.05890500 0.04379200
v 0.02867300 0.06312300 0.04328600
v 0.02756600 0.06727700 0.04321500
v 0.02612600 0.07131700 0.04318400
v 0.02943900 0.05893200 0.04333600
v 0.02250100 0.07908800 0.04311900
v 0.01758300 0.08615300 0.04321200
v 0.01993300 0.08252300 0.04333600
v 0.02230200 0.07894800 0.04328500
v 0.02437200 0.07520400 0.04321500
v -0.05535900 0.06253500 0.04372700
v -0.05493200 0.06246200 0.04437500
v -0.05315700 0.06933200 0.04437500
v -0.04142900 0.08685500 0.04437500
v -0.03575400 0.09111400 0.04437500
v -0.02944500 0.09436100 0.04437500
v -0.00856100 0.09726800 0.04437500
v -0.00160500 0.09586700 0.04437500
v 0.01137000 0.09004900 0.04372700
v 0.00520600 0.09370900 0.04372700
v -0.00148400 0.09628300 0.04372700
v -0.00851200 0.09769900 0.04372700
v -0.01567700 0.09791600 0.04372700
v -0.02277700 0.09692700 0.04372700
v -0.02961000 0.09476200 0.04372700
v -0.03598400 0.09148100 0.04372700
v -0.04171700 0.08717800 0.04372700
v -0.04664700 0.08197400 0.04372700
v -0.05063500 0.07601700 0.04372700
v -0.05356600 0.06947600 0.04372700
v 0.01174700 0.09057800 0.04329300
v 0.00548900 0.09429300 0.04329300
v -0.00130300 0.09690600 0.04329300
v -0.00843700 0.09834300 0.04329300
v -0.01571200 0.09856300 0.04329300
v -0.02292000 0.09756000 0.04329300
v -0.02985800 0.09536200 0.04329300
v -0.03632900 0.09203100 0.04329300
v -0.04214900 0.08766300 0.04329300
v -0.04715400 0.08237900 0.04329300
v -0.05120200 0.07633100 0.04329300
v -0.05417900 0.06969000 0.04329300
v -0.05675400 0.06277200 0.04314100
v -0.04728700 0.10381800 0.01914100
v -0.08676300 0.12561100 0.01914100
v -0.06087100 0.10488800 0.01914100
v -0.05669400 0.10436800 0.01930200
v -0.09867300 0.05863200 0.01914100
v -0.10680500 0.10556900 0.01914100
v -0.10957700 0.10396900 0.01914100
v -0.11117700 0.10439700 0.01914100
v -0.07677400 0.09328600 0.01914100
v -0.07408100 0.09628100 0.01914100
v -0.10680500 0.10876900 0.01914100
v -0.08559200 0.12678200 0.01914100
v -0.05672000 0.10533100 0.01914100
v -0.05524800 0.10548800 0.01914100
v -0.05273400 0.10498300 0.01914100
v -0.09495400 0.05889100 0.01914100
v -0.08846600 0.06240800 0.01914100
v -0.08559200 0.08435600 0.01914100
v -0.08516300 0.08595600 0.01914100
v -0.06453800 0.10351600 0.01914100
v -0.03080200 0.11543000 0.01914100
v -0.04766900 0.10358300 0.01914100
v -0.06118100 0.04527200 0.03579500
v -0.07857600 0.05225100 0.01948200
v -0.07628600 0.04208800 0.01962400
v -0.07705100 0.04500800 0.01962400
v -0.07518500 0.04957300 0.02034400
v -0.07721000 0.04561300 0.01962400
v -0.07797300 0.04932000 0.01954400
v -0.06586500 0.03223300 0.02278300
v -0.06776600 0.03716600 0.02276500
v -0.06957800 0.03242300 0.02089000
v -0.07224100 0.03566700 0.02034400
v -0.07110100 0.03249300 0.02043400
v -0.06565200 0.03222200 0.02289100
v -0.06403000 0.03841800 0.02631500
v -0.06238700 0.03366900 0.02610000
v -0.06128300 0.03933900 0.03075800
v -0.05984300 0.03479600 0.03015600
v -0.06224100 0.03373400 0.02633400
v -0.05970900 0.03986600 0.03579500
v -0.05825600 0.03550000 0.03475800
v -0.05936400 0.03998200 0.03964100
v -0.05814000 0.03555100 0.03580700
v -0.06166300 0.05084600 0.03964100
v -0.06202600 0.05081200 0.03579500
v -0.06367900 0.05065600 0.03075800
v -0.07411200 0.04253500 0.02034400
v -0.06949500 0.04351200 0.02276500
v -0.06280600 0.04492800 0.03075800
v -0.06113300 0.04693200 0.04064100
v -0.06176900 0.05861800 0.04064100
v -0.03800000 -0.00469400 0.04064100
v -0.03100000 0.00230600 0.04064100
v -0.04180900 0.02181200 0.04064100
v -0.03558000 0.01740400 0.04064100
v -0.05475000 0.04041600 0.04064100
v -0.05671500 0.04779000 0.04064100
v -0.00426400 0.10302800 0.04064100
v -0.01594000 0.10382400 0.04064100
v -0.02746700 0.10180000 0.04064100
v -0.04743600 0.08992000 0.04064100
v -0.05471500 0.08075700 0.04064100
v 0.02775200 0.03975700 0.04064100
v 0.02983400 0.04709800 0.04064100
v 0.00688100 0.09945900 0.04064100
v 0.00821600 0.01705400 0.04064100
v 0.01451500 0.02136200 0.04064100
v -0.03817400 0.09707400 0.04064100
v -0.03350000 -0.00469400 0.04514100
v -0.03350000 -0.07068300 0.05794100
v -0.05013800 0.04094000 0.08264100
v -0.05051900 0.04194800 0.04514100
v -0.05172900 0.04593900 0.08264100
v -0.05228300 0.04856700 0.04514100
v -0.05264400 0.05110500 0.08264100
v -0.03773700 0.02429800 0.08264100
v -0.03890100 0.02524600 0.04514100
v -0.04164300 0.02780100 0.08264100
v -0.04789900 0.03619600 0.08264100
v -0.05006700 0.04097300 0.04514100
v -0.04763700 0.03573300 0.04514100
v -0.01861100 0.01624000 0.08264100
v -0.00300000 0.01727900 0.08264100
v -0.00686300 0.01643300 0.04514100
v -0.00814200 0.01624000 0.08264100
v -0.01337700 0.01589200 0.08264100
v -0.01369300 0.01589300 0.04514100
v 0.02338400 0.04094000 0.08264100
v 0.02497500 0.04593900 0.08264100
v 0.02541500 0.04794600 0.04514100
v 0.02574200 0.05112000 0.04514100
v 0.02589000 0.05110500 0.08264100
v 0.02611800 0.05476100 0.04514100
v -0.04384700 0.03268600 0.08414100
v -0.04658800 0.03692400 0.08414100
v -0.05115200 0.05126800 0.08414100
v 0.02198800 0.04148900 0.08414100
v 0.00137700 0.02037300 0.08414100
v -0.00339400 0.01872700 0.08414100
v -0.01841300 0.01772700 0.08414100
v -0.00834100 0.01772700 0.08414100
v -0.01337700 0.01739200 0.08414100
v 0.01983400 0.03692400 0.08414100
v 0.01709400 0.03268600 0.08414100
v 0.03212000 -0.00257600 0.04514100
v 0.03215000 -0.00252900 0.05794100
v 0.03267600 -0.00293500 0.04514100
v 0.03306500 -0.00344400 0.05794100
v 0.03325200 -0.00384600 0.04514100
v -0.03341500 -0.00404700 0.04514100
v -0.03316500 -0.00344400 0.05794100
v -0.03316500 -0.00344400 0.04514100
v -0.03276800 -0.00292600 0.04514100
v -0.03225000 -0.00252900 0.05794100
v -0.03164700 -0.00227900 0.04514100
v -0.03225000 -0.00252900 0.04514100
v -0.03196500 -0.07298900 0.04514100
v -0.03234200 -0.07279200 0.05794100
v -0.03231200 -0.07274900 0.04514100
v -0.03281600 -0.07240100 0.04514100
v -0.03319100 -0.07188600 0.05794100
v -0.03335600 -0.07151900 0.04514100
v -0.03314800 -0.07185900 0.04514100
v 0.03287400 -0.00273900 0.04358300
v 0.03279500 0.00040800 0.04091900
v 0.03222900 -0.00111500 0.04195900
v 0.03090000 0.00074800 0.04091900
v 0.03090000 0.00011000 0.04132800
v 0.03090000 -0.00087600 0.04195900
v 0.03090000 -0.00191600 0.04358300
v 0.03090000 -0.00150700 0.04294500
v -0.03100000 0.00005600 0.04124400
v -0.03100000 -0.00159100 0.04289100
v -0.03390800 -0.00469400 0.04361800
v -0.03410300 -0.00469400 0.04289100
v -0.03399700 -0.00389100 0.04289100
v -0.03647700 -0.00469400 0.04104900
v -0.03368700 -0.00314300 0.04289100
v -0.03319400 -0.00250000 0.04289100
v -0.03255100 -0.00200700 0.04289100
v -0.03180300 -0.00169700 0.04289100
v -0.03380600 -0.07068300 0.04358900
v -0.03499900 -0.07068300 0.04178800
v -0.03644500 -0.07068300 0.04092300
v -0.03306100 -0.07263300 0.04343200
v -0.03367400 -0.07163200 0.04343200
v -0.03476900 -0.07202000 0.04178800
v -0.05896400 0.03208300 0.03023600
v -0.05896900 0.03208300 0.03022500
v -0.05980900 0.03209700 0.02849000
v -0.06088500 0.03211700 0.02707600
v -0.06187600 0.03213900 0.02620600
v -0.06187900 0.03213900 0.02620300
v -0.05701300 0.03205000 0.03480700
v -0.05631000 0.03203900 0.03921100
v -0.02666800 0.11383800 0.02102300
v -0.02586200 0.11440300 0.02285200
v -0.04641600 0.10001000 0.01990300
v -0.05038200 0.09723400 0.01576100
v -0.02490500 0.11507300 0.02462500
v -0.02517700 0.11488200 0.02567700
v -0.02586200 0.11440300 0.02492900
v -0.02532500 0.11477900 0.02624700
v -0.02666800 0.11383800 0.02675800
v -0.02603200 0.11428400 0.02728900
v -0.02622000 0.11415200 0.02756600
v -0.02808800 0.11284400 0.02790200
v -0.02737800 0.11334100 0.02834700
v -0.02745400 0.11328800 0.02839800
v -0.02868900 0.11242300 0.02864100
v -0.04671700 0.09980000 0.02835100
v -0.04806400 0.09885600 0.02727100
v -0.04847800 0.09856700 0.02242000
v -0.04767300 0.09913000 0.02088600
v -0.02283500 0.11652200 0.01664100
v 0.00844100 0.09849500 0.03964100
v 0.00810600 0.09889500 0.03655100
v -0.00485100 0.11387300 0.01996600
v -0.00889400 0.11789800 0.01855100
v 0.00724100 0.09991900 0.03379200
v 0.00606300 0.10129400 0.03140500
v 0.00160400 0.10632500 0.02583200
v 0.00469300 0.10286800 0.02931600
v 0.00068000 0.10640800 0.02670400
v -0.00268100 0.10987000 0.02398100
v -0.01421300 0.12110200 0.01923200
v -0.01010300 0.11729000 0.02019500
v -0.00628700 0.11353000 0.02179200
v -0.01363700 0.12163500 0.01861600
v -0.00943400 0.11773000 0.01947100
v -0.00550200 0.11384100 0.02095900
v -0.00180100 0.11000100 0.02308500
v -0.01320000 0.12192000 0.01776500
v -0.00105900 0.10986700 0.02207200
v -0.10741300 0.03312600 0.01789100
v -0.10553100 0.03130500 0.01789100
v -0.07857600 0.03054800 0.01754300
v -0.07857600 0.03064100 0.01789100
v -0.07176800 0.03168900 0.01987200
v -0.06829900 0.03089300 0.02050600
v -0.06797500 0.03044800 0.01979900
v -0.07137700 0.03045900 0.01855500
v -0.07494500 0.03047100 0.01779900
v -0.07160600 0.03094300 0.01932600
v -0.06853800 0.03158400 0.02102600
v -0.06545900 0.03149900 0.02259200
v -0.06538800 0.03123200 0.02248100
v -0.06476100 0.03048300 0.02150900
v -0.05761700 0.03082100 0.03050800
v -0.05799300 0.03079700 0.02969800
v -0.05848900 0.03138300 0.02997200
v -0.06013500 0.03033500 0.02451000
v -0.06058200 0.03042900 0.02496400
v -0.06111700 0.03081500 0.02546900
v -0.05797300 0.03075200 0.02966000
v -0.05748500 0.03084600 0.03082200
v -0.05633300 0.03166200 0.03696000
v -0.06153000 0.03141900 0.02585900
v -0.05675100 0.03136600 0.03473300
v -0.05596100 0.02943500 0.03149600
v -0.05545600 0.02853100 0.03189300
v -0.05534700 0.02753900 0.02796700
v -0.05665300 0.03022100 0.03113300
v -0.05742900 0.02985400 0.02738100
v -0.05621200 0.02884700 0.02764600
v 0.02569000 0.05112700 0.08339100
v 0.02514400 0.05118600 0.08394000
v -0.05244400 0.05112700 0.08339100
v -0.05189800 0.05118600 0.08394000
v 0.02424700 0.04611800 0.08394000
v 0.02268600 0.04121400 0.08394000
v 0.02048900 0.03656000 0.08394000
v 0.01769500 0.03223800 0.08394000
v 0.00626800 0.02199100 0.08394000
v 0.00166800 0.01968200 0.08394000
v -0.00319700 0.01800300 0.08394000
v -0.00305300 0.01747300 0.08339100
v -0.00824200 0.01698400 0.08394000
v -0.01337700 0.01664200 0.08394000
v -0.01851200 0.01698400 0.08394000
v -0.02355700 0.01800300 0.08394000
v -0.02842200 0.01968200 0.08394000
v -0.03302200 0.02199100 0.08394000
v -0.03727500 0.02488900 0.08394000
v -0.04110600 0.02832500 0.08394000
v -0.04444900 0.03223800 0.08394000
v -0.04724300 0.03656000 0.08394000
v 0.02478000 0.04598700 0.08339100
v 0.02319700 0.04101300 0.08339100
v 0.00654600 0.02151700 0.08339100
v 0.00188100 0.01917600 0.08339100
v -0.00816900 0.01643900 0.08339100
v -0.01858500 0.01643900 0.08339100
v -0.02370100 0.01747300 0.08339100
v -0.02863500 0.01917600 0.08339100
v -0.03330000 0.02151700 0.08339100
v -0.03761300 0.02445600 0.08339100
v -0.04149900 0.02794100 0.08339100
v -0.04488900 0.03191000 0.08339100
v -0.04772300 0.03629300 0.08339100
v -0.04995100 0.04101300 0.08339100
v -0.05153400 0.04598700 0.08339100
v 0.02642700 0.05475600 0.04358900
v 0.02619900 0.05867200 0.04368000
v 0.02120900 0.07834900 0.04110300
v 0.02792300 0.05872800 0.04135000
v 0.01741900 0.08046500 0.04368000
v 0.01973200 0.07723800 0.04363700
v 0.02172500 0.07380700 0.04356200
v 0.02338000 0.07020900 0.04352800
v 0.02468900 0.06644900 0.04356200
v 0.02563400 0.06257500 0.04363800
v 0.02889600 0.05471600 0.04098300
v 0.02697700 0.06272400 0.04148600
v 0.02435800 0.07060400 0.04156100
v 0.02080100 0.07806000 0.04148700
v 0.01790400 0.08092300 0.04237700
v 0.02013300 0.07756600 0.04246800
v 0.02209200 0.07403600 0.04248200
v 0.02375300 0.07036000 0.04248000
v 0.02511200 0.06653900 0.04248200
v 0.02615200 0.06261600 0.04246800
v 0.02043800 0.07779600 0.04194600
v 0.02743600 0.05473900 0.04195900
v 0.02686700 0.05867800 0.04237600
v -0.04793400 0.03556300 0.04341900
v -0.03348200 0.02099400 0.04341900
v 0.02386500 0.04123400 0.04341900
v 0.02814300 0.04742300 0.04098300
v 0.02575100 0.04788200 0.04341900
v -0.00640500 0.01369300 0.04098300
v -0.02808300 0.01575400 0.04098300
v -0.03471100 0.01889100 0.04098300
v -0.02757600 0.01712300 0.04195900
v -0.03397400 0.02015200 0.04195900
v -0.04473800 0.02926600 0.04195900
v -0.04878100 0.03507700 0.04195900
v -0.04398900 0.02989000 0.04341900
v -0.05501900 0.04808700 0.04098300
v -0.05358100 0.04834000 0.04195900
v 0.02614200 0.04036900 0.04098300
v 0.01756300 0.02876800 0.04195900
v 0.01342300 0.02269400 0.04098300
v 0.01249800 0.02382300 0.04195900
v 0.00737100 0.01855500 0.04098300
v 0.00020800 0.01690100 0.04195900
v 0.00069400 0.01552400 0.04098300
v -0.03912200 0.02498500 0.04341900
v -0.03975300 0.02424000 0.04195900
v -0.04069600 0.02312600 0.04098300
v -0.05084100 0.04183100 0.04341900
v -0.05175800 0.04149900 0.04195900
v -0.05313100 0.04100300 0.04098300
v -0.07809300 0.07713500 0.01664100
v -0.07930100 0.06992500 0.01664100
v -0.07520200 0.08534600 0.01664100
v -0.07747600 0.07888700 0.01664100
v -0.07414600 0.08703000 0.01664100
v -0.07111900 0.09185600 0.01664100
v -0.06972600 0.09316600 0.01664100
v -0.06103000 0.09895600 0.01664100
v -0.06468500 0.09719300 0.01664100
v -0.06623400 0.09644700 0.01664100
v -0.05599400 0.09937500 0.01664100
v -0.05967900 0.09906800 0.01664100
v -0.05162800 0.09792400 0.01664100
v -0.05490200 0.09901200 0.01664100
v -0.03390300 0.12629900 0.01664100
v -0.03152500 0.12419800 0.01664100
v -0.03397000 0.12634500 0.01664100
v -0.04392300 0.13316200 0.01664100
v -0.04429700 0.13341800 0.01664100
v -0.05267200 0.13736800 0.01664100
v -0.05456500 0.13826100 0.01664100
v -0.06237600 0.14028300 0.01664100
v -0.06440600 0.14080900 0.01664100
v -0.07930100 0.06992500 0.01576100
v -0.03038500 0.11367700 0.02814100
v -0.02718600 0.11601400 0.02235000
v -0.02737000 0.11578800 0.02601600
v -0.02926300 0.11446300 0.02777400
v -0.02864400 0.11489600 0.02757100
v -0.02746800 0.11586900 0.02170800
v -0.03055400 0.11391900 0.01964100
v -0.02937700 0.11468100 0.01989300
v -0.02931100 0.11472300 0.01990700
v -0.04985100 0.10022300 0.02303100
v -0.04966000 0.10034700 0.02244000
v -0.04941600 0.10050900 0.02171400
v -0.04943600 0.10049300 0.02174300
v -0.04855500 0.10118000 0.02049300
v -0.04869300 0.10107100 0.02063100
v -0.04768200 0.10186700 0.01996200
v -0.04737000 0.10211300 0.01977200
v -0.04652800 0.10273400 0.01964100
v -0.05069600 0.09785400 0.02775000
v -0.05091900 0.09831300 0.02770000
v -0.04956400 0.09926200 0.02956300
v -0.05122500 0.09954100 0.02584900
v -0.05076900 0.09986400 0.02708700
v -0.05112800 0.09964500 0.02574300
v -0.04677900 0.10265700 0.02983300
v -0.04814900 0.10169900 0.02958200
v -0.04610000 0.10168700 0.03101700
v -0.04613700 0.10174100 0.03097600
v -0.04651400 0.10227900 0.03055500
v -0.05097200 0.09792100 0.02739600
v -0.05147200 0.09869200 0.02631400
v -0.05136200 0.09827900 0.02672300
v -0.05131000 0.09823200 0.02681200
v -0.05148400 0.09873800 0.02626800
v -0.05101000 0.09913100 0.02746100
v -0.05118700 0.09811900 0.02702400
v -0.05123400 0.09953100 0.02585900
v -0.05138300 0.09924200 0.02599300
v -0.05147200 0.09879900 0.02623500
v -0.04964700 0.10064900 0.02862900
v -0.03014700 0.11427600 0.02987600
v -0.03014300 0.11427100 0.02990600
v -0.02989500 0.11391600 0.03055500
v -0.02928800 0.11304900 0.03107000
v -0.02952300 0.11338400 0.03098900
v -0.02682200 0.11664500 0.02818400
v -0.02792700 0.11537400 0.03002100
v -0.02543400 0.11613100 0.02906900
v -0.02569400 0.11633200 0.02896500
v -0.02744200 0.11497200 0.03044400
v -0.02626800 0.11660100 0.02863400
v -0.02410900 0.11754500 0.02414100
v -0.02451300 0.11724700 0.02675900
v -0.02720800 0.11472000 0.03056300
v -0.02834800 0.11556100 0.02941800
v -0.02579000 0.11737700 0.02633700
v -0.02541100 0.11760900 0.02414100
v -0.02427700 0.11763700 0.02414100
v -0.02515000 0.11742600 0.02657700
v -0.02475600 0.11766000 0.02414100
v -0.02523500 0.11768400 0.02414100
v -0.02395700 0.11745300 0.02388200
v -0.02527700 0.11767500 0.02365600
v -0.02564200 0.11752700 0.02359300
v -0.02591000 0.11741800 0.02354600
v -0.02428400 0.11762400 0.02376300
v -0.02434200 0.11765500 0.02374200
v -0.02481900 0.11767100 0.02369500
v -0.02522700 0.11768500 0.02365600
v -0.02523500 0.11768400 0.02365600
v -0.02682600 0.11848000 0.02189000
v -0.03057300 0.12164500 0.02137600
v -0.02623000 0.11868300 0.02209900
v -0.02571400 0.11878300 0.02218800
v -0.02644200 0.11864200 0.02206300
v -0.03051700 0.12171000 0.02142900
v -0.03054000 0.12168400 0.02142000
v -0.03084300 0.12133400 0.02102200
v -0.02774300 0.11812500 0.02105100
v -0.02739500 0.11825900 0.02149000
v -0.02734900 0.11827600 0.02152500
v -0.05779100 0.13685600 0.02080700
v -0.05538600 0.13611600 0.02080700
v -0.05508200 0.13698000 0.02143700
v -0.06643200 0.13870900 0.02080700
v -0.03975300 0.12890200 0.02143700
v -0.04974700 0.13474000 0.02143700
v -0.04464900 0.13202600 0.02143700
v -0.04342200 0.13041600 0.02080700
v -0.06632000 0.13968000 0.02143700
v -0.06612500 0.13867800 0.02080700
v -0.06253800 0.13831600 0.02080700
v -0.05334400 0.13548800 0.02080700
v -0.05307300 0.13540500 0.02080700
v -0.08272700 0.06345600 0.02142700
v -0.08525200 0.06003400 0.02142000
v -0.08582800 0.06056400 0.02080700
v -0.08617700 0.06010200 0.02080700
v -0.08852200 0.05732000 0.02142000
v -0.08990900 0.05732800 0.02080700
v -0.09236000 0.05549700 0.02142000
v -0.09263700 0.05631900 0.02080700
v -0.09427100 0.05571400 0.02080700
v -0.09653000 0.05467800 0.02142000
v -0.09659100 0.05555300 0.02080700
v -0.10077300 0.05491300 0.02142000
v -0.09891000 0.05539200 0.02080700
v -0.10061200 0.05576500 0.02080700
v -0.10482700 0.05618700 0.02142000
v -0.10345300 0.05638700 0.02080700
v -0.10447100 0.05694400 0.02080700
v -0.10844100 0.05842300 0.02142000
v -0.08074200 0.07007600 0.02142300
v -0.08323800 0.06406800 0.02080800
v -0.08143100 0.06665600 0.02142600
v -0.08207197 0.06690682 0.02082309
v -0.08205900 0.06693700 0.02082300
v -0.08075500 0.07007700 0.02142000
v -0.08142100 0.07013900 0.02082400
v -0.07858100 0.08052900 0.02142700
v -0.07860900 0.08053700 0.02142000
v -0.08058800 0.07571100 0.02081000
v -0.07857600 0.08052700 0.02142900
v -0.07388300 0.09125000 0.02105500
v -0.07411700 0.09141600 0.02080700
v -0.07712400 0.08625200 0.02080700
v -0.07645300 0.08593000 0.02143700
v -0.07353500 0.09100600 0.02142000
v -0.05686300 0.10178800 0.02160600
v -0.05694400 0.10178100 0.02159600
v -0.05708000 0.10150000 0.02205600
v -0.05991900 0.10149800 0.02122800
v -0.06045300 0.10134800 0.02118800
v -0.06046500 0.10116100 0.02149300
v -0.06320600 0.10049800 0.02099500
v -0.06377700 0.10022600 0.02097100
v -0.06374000 0.10008600 0.02122200
v -0.06634700 0.09888200 0.02087800
v -0.06681300 0.09855800 0.02086900
v -0.06674500 0.09843600 0.02111400
v -0.06922500 0.09678900 0.02082700
v -0.06956200 0.09646800 0.02082500
v -0.06945500 0.09633800 0.02108400
v -0.07199000 0.09407700 0.02081000
v -0.07183000 0.09393300 0.02108600
v -0.07173100 0.09440200 0.02081000
v -0.06885900 0.09713700 0.02083000
v -0.06579100 0.09926800 0.02088900
v -0.06281000 0.10068600 0.02101100
v -0.05983800 0.10152100 0.02123400
v -0.05388100 0.10104800 0.02304900
v -0.05355900 0.10129700 0.02252700
v -0.05349100 0.10130800 0.02230900
v -0.05393100 0.10145700 0.02218100
v -0.05590100 0.10168000 0.02179400
v -0.05659800 0.10175800 0.02165800
v -0.05345900 0.10129700 0.02231800
v -0.05125800 0.10044800 0.02342600
v -0.05124400 0.10054200 0.02296300
v -0.05162700 0.10003200 0.02447100
v -0.05150800 0.10013500 0.02429400
v -0.05134100 0.10028000 0.02404400
v -0.05128400 0.10035300 0.02385600
v -0.05126900 0.10037400 0.02379200
v -0.05126600 0.10039600 0.02368500
v -0.05419700 0.10062300 0.02344300
v -0.05188300 0.09975400 0.02470600
v -0.05183900 0.09984300 0.02465400
v -0.06354700 0.09955400 0.02165000
v -0.06042300 0.10063100 0.02191900
v -0.05721400 0.10100500 0.02247200
v -0.07134400 0.09350200 0.02150400
v -0.06642900 0.09792400 0.02154000
v -0.06904200 0.09586300 0.02150600
v -0.04954600 0.10256200 0.01944200
v -0.04987800 0.10193800 0.01976100
v -0.04899500 0.10267200 0.01934000
v -0.04898500 0.10268100 0.01933600
v -0.04937700 0.10287900 0.01929300
v -0.04939700 0.10284300 0.01929900
v -0.05329400 0.10222900 0.02050600
v -0.05319300 0.10273000 0.02001700
v -0.05665100 0.10326600 0.01981800
v -0.05103600 0.10079200 0.02157800
v -0.05337600 0.10182600 0.02106800
v -0.05343600 0.10153100 0.02167500
v -0.07291100 0.09523400 0.01957700
v -0.06715200 0.10013500 0.01959500
v -0.07018600 0.09790100 0.01958100
v -0.06418900 0.10273600 0.01925800
v -0.06051400 0.10392400 0.01927300
v -0.05294800 0.10393400 0.01934800
v -0.05080700 0.10102700 0.02111900
v -0.05071000 0.10112700 0.02092600
v -0.05041400 0.10143000 0.02033500
v -0.05039100 0.10145400 0.02028900
v -0.05038000 0.10146400 0.02027800
v -0.05114100 0.10066600 0.02227800
v -0.06380600 0.10186400 0.01962700
v -0.06027400 0.10294400 0.01969500
v -0.06347400 0.10110500 0.02022700
v -0.05661600 0.10237000 0.02064300
v -0.06007000 0.10211000 0.02037400
v -0.07528100 0.09223500 0.01958200
v -0.08064400 0.08118200 0.01958200
v -0.08284000 0.07028400 0.01958600
v -0.08202200 0.07580100 0.01958300
v -0.08344400 0.06732200 0.01958100
v -0.08462100 0.06450100 0.01958200
v -0.09058800 0.05857900 0.01958200
v -0.09457000 0.05710600 0.01958200
v -0.09880600 0.05681100 0.01958200
v -0.10295400 0.05772000 0.01958200
v -0.10668000 0.05975800 0.01958200
v -0.08718000 0.06111200 0.01958200
v -0.07210000 0.13832500 0.01998400
v -0.07210000 0.13785800 0.01958200
v -0.11675400 0.10541400 0.01958200
v -0.11847400 0.09825000 0.01958200
v -0.06635600 0.13690000 0.01933400
v -0.06230700 0.13620300 0.01933400
v -0.05367200 0.13468600 0.01990900
v -0.03193800 0.12007100 0.01958200
v -0.03163200 0.12042300 0.01998400
v -0.06621400 0.13801900 0.01990900
v -0.06206600 0.13730500 0.01990900
v -0.05798500 0.13622900 0.01990900
v -0.02829200 0.11769600 0.02020400
v -0.02890700 0.11719000 0.01970500
v -0.02891800 0.11718100 0.01969600
v -0.02960400 0.11658500 0.01932900
v -0.03010600 0.11464000 0.01962700
v -0.02946100 0.11509500 0.01973900
v -0.02964200 0.11526400 0.01953300
v -0.02984500 0.11545300 0.01930200
v -0.02984700 0.11545400 0.01930000
v -0.03009700 0.11568700 0.01921800
v -0.03074400 0.11419000 0.01951600
v -0.03087500 0.11437700 0.01937800
v -0.02964700 0.11526900 0.01952700
v -0.03100900 0.11456800 0.01923800
v -0.03101100 0.11457100 0.01923700
v -0.02784300 0.11692800 0.02042000
v -0.02845200 0.11649500 0.01984700
v -0.02734800 0.11695800 0.02126700
v -0.02758000 0.11635800 0.02141600
v -0.02751200 0.11640500 0.02154700
v -0.02739100 0.11681400 0.02134000
v -0.02835700 0.11583600 0.02043500
v -0.02836100 0.11583400 0.02043000
v -0.02835000 0.11613400 0.02010500
v -0.02842400 0.11579200 0.02035100
v -0.02739000 0.11727500 0.02117600
v -0.02743000 0.11756800 0.02109100
v -0.02800300 0.11735800 0.02028700
v -0.02864100 0.11687200 0.01969200
v -0.02935800 0.11630500 0.01931800
v -0.04671700 0.10300500 0.01951600
v -0.04698200 0.10338300 0.01923800
v -0.02715900 0.11661900 0.02227000
v -0.02712900 0.11672000 0.02218400
v -0.02701500 0.11710300 0.02185800
v -0.02702900 0.11719800 0.02181200
v -0.02709900 0.11768600 0.02158000
v -0.02705400 0.11737200 0.02172900
v -0.04782600 0.10283500 0.01926700
v -0.04782500 0.10283200 0.01927000
v -0.04762100 0.10237800 0.01962500
v -0.04772200 0.10260300 0.01944900
v -0.02699400 0.11669700 0.02268100
v -0.02596600 0.11752900 0.02302400
v -0.02669000 0.11795800 0.02195000
v -0.02655100 0.11746800 0.02224900
v -0.02611300 0.11806000 0.02231300
v -0.02620300 0.11822000 0.02224400
v -0.02620100 0.11821700 0.02224500
v -0.02595300 0.11759800 0.02283200
v -0.02603200 0.11782500 0.02257700
v -0.02603300 0.11782900 0.02257200
v -0.04928500 0.10143100 0.02023300
v -0.04909200 0.10132700 0.02044300
v -0.04786600 0.10220700 0.01969700
v -0.04837400 0.10184200 0.02000600
v -0.04946400 0.10152800 0.02003800
v -0.04967400 0.10173100 0.01989300
v -0.04948500 0.10154000 0.02001500
v -0.04909600 0.10183300 0.01974200
v -0.04948400 0.10153900 0.02001700
v -0.04885800 0.10240500 0.01936900
v -0.04869300 0.10216200 0.01951400
v -0.04826800 0.10249800 0.01935600
v -0.04853200 0.10195800 0.01971900
v -0.02530200 0.11777600 0.02318900
v -0.02564400 0.11765100 0.02312700
v -0.02570800 0.11791700 0.02266000
v -0.02584500 0.11831500 0.02231900
v -0.02543400 0.11835900 0.02242000
v -0.02531100 0.11781400 0.02301700
v -0.02535500 0.11801000 0.02275800
v -0.02540000 0.11820600 0.02250000
v -0.05080300 0.10041800 0.02295600
v -0.05076400 0.10041900 0.02295600
v -0.05035900 0.10076300 0.02127600
v -0.04913400 0.10129600 0.02048300
v -0.04989500 0.10073700 0.02153700
v -0.05034400 0.10043300 0.02295500
v -0.04990300 0.10073200 0.02155800
v -0.04997000 0.10111300 0.02057700
v -0.05061500 0.10085300 0.02116200
v -0.05100700 0.10047500 0.02295900
v -0.04989700 0.10073500 0.02154000
v -0.05009900 0.10072600 0.02141400
v -0.02332700 0.11724700 0.02339700
v -0.02314000 0.11736400 0.02314300
v -0.02381400 0.11752400 0.02338700
v -0.02479000 0.11779700 0.02320100
v -0.02428500 0.11772000 0.02326800
v -0.02417700 0.11794000 0.02282300
v -0.02283100 0.11759400 0.02281400
v -0.02404800 0.11829500 0.02248300
v -0.02338700 0.11724500 0.02356800
v -0.02295300 0.11748200 0.02289000
v -0.05080400 0.10036300 0.02352900
v -0.05066200 0.10029000 0.02410500
v -0.05046300 0.10031200 0.02419700
v -0.05086900 0.10026700 0.02400900
v -0.02307400 0.11697300 0.02368400
v -0.02251600 0.11730500 0.02293600
v -0.02263700 0.11719600 0.02301200
v -0.02282500 0.11708400 0.02326300
v -0.02301300 0.11697200 0.02351500
v -0.05044600 0.10028000 0.02460800
v -0.05087000 0.10011000 0.02454100
v -0.05099400 0.09993700 0.02514600
v -0.05117500 0.09989100 0.02489200
v -0.05117700 0.09989100 0.02488900
v -0.02402000 0.10797700 0.03121900
v -0.02195000 0.10830700 0.03104500
v -0.01850900 0.10961600 0.02933500
v -0.01839400 0.11242700 0.02616900
v -0.01963400 0.11401300 0.02493100
v -0.01989600 0.11397800 0.02521300
v -0.01801300 0.11090200 0.02779300
v -0.01830900 0.10947200 0.02938900
v -0.02002100 0.10880300 0.03045600
v -0.02171900 0.10774000 0.03146600
v -0.02183500 0.10799600 0.03121800
v -0.01986400 0.10857300 0.03059100
v -0.01970100 0.10838500 0.03077300
v -0.02388000 0.10728300 0.03166900
v -0.01933700 0.11412100 0.02470900
v -0.01811700 0.11246700 0.02602800
v -0.01752800 0.11080200 0.02769300
v -0.01777700 0.11083700 0.02772900
v -0.02399100 0.10783400 0.03124600
v -0.02394400 0.10760100 0.03139700
v -0.02389700 0.10736800 0.03154900
v -0.05127300 0.09960200 0.02547300
v -0.05166700 0.09917000 0.02543000
v -0.05146400 0.09958100 0.02519500
v -0.05190700 0.09919800 0.02521700
v -0.05169600 0.09961500 0.02495200
v -0.04435400 0.09919700 0.03121900
v -0.04427000 0.09907800 0.03124600
v -0.04394500 0.09861900 0.03166900
v -0.04399500 0.09869000 0.03154900
v -0.04413300 0.09888400 0.03139700
v -0.05177500 0.09748400 0.02629700
v -0.05156100 0.09771900 0.02642500
v -0.05178700 0.09839700 0.02583200
v -0.05041000 0.09741500 0.02792500
v -0.05097500 0.09759100 0.02724600
v -0.05039500 0.09727900 0.02787600
v -0.05140700 0.09796900 0.02660100
v -0.05043800 0.09700800 0.02785200
v -0.05048200 0.09673600 0.02782800
v -0.05054000 0.09660600 0.02785400
v -0.04560600 0.09754800 0.03138200
v -0.04895300 0.09720700 0.02920800
v -0.04571500 0.09786800 0.03112200
v -0.04587800 0.09822900 0.03096300
v -0.04743100 0.09751700 0.03027500
v -0.04896300 0.09640500 0.02934200
v -0.04733600 0.09712700 0.03038200
v -0.04892200 0.09679800 0.02923300
v -0.04730500 0.09676400 0.03058200
v -0.04743300 0.10218700 0.01975300
v -0.04662900 0.10287900 0.01960800
v -0.04749800 0.10226300 0.01973500
v -0.04756000 0.10232100 0.01967900
v -0.03065600 0.11406400 0.01960800
v -0.04898900 0.10129800 0.02051900
v -0.04881400 0.10119900 0.02061200
v -0.04888300 0.10124400 0.02057900
v -0.04895300 0.10128800 0.02054600
v -0.03002700 0.11450100 0.01967300
v -0.02943600 0.11500800 0.01980100
v -0.02941000 0.11491900 0.01986500
v -0.02936000 0.11482000 0.01988600
v -0.05007000 0.10039200 0.02300400
v -0.04998500 0.10035600 0.02301700
v -0.04964000 0.10069000 0.02166900
v -0.04951700 0.10061100 0.02170100
v -0.04977600 0.10073100 0.02161900
v -0.05020600 0.10043100 0.02298100
v -0.04994700 0.10031900 0.02302100
v -0.04994900 0.10032100 0.02302100
v -0.05015800 0.10043000 0.02299000
v -0.02835500 0.11561200 0.02057000
v -0.02831400 0.11548300 0.02061100
v -0.02752900 0.11600000 0.02169300
v -0.02755200 0.11628000 0.02160900
v -0.02836700 0.11573600 0.02050200
v -0.02755100 0.11604700 0.02168800
v -0.02755900 0.11614100 0.02166000
v -0.02756700 0.11623500 0.02163200
v -0.05000000 0.10023600 0.02412900
v -0.05014500 0.10030800 0.02415500
v -0.05004400 0.10027700 0.02413900
v -0.05000200 0.10023800 0.02412900
v -0.05030500 0.10033300 0.02417900
v -0.05024900 0.10034100 0.02417200
v -0.05014700 0.10030900 0.02415600
v -0.02726300 0.11621700 0.02235700
v -0.02725800 0.11632500 0.02234300
v -0.02725400 0.11643300 0.02232900
v -0.02722800 0.11648300 0.02231300
v -0.05010800 0.10030300 0.02454300
v -0.05006600 0.10032800 0.02490400
v -0.04988600 0.10025600 0.02487900
v -0.05029100 0.10031300 0.02457700
v -0.04988100 0.10025000 0.02487900
v -0.05025700 0.10032700 0.02494200
v -0.05026400 0.10032300 0.02494300
v -0.02713100 0.11638900 0.02274100
v -0.02707800 0.11656400 0.02271200
v -0.04953000 0.10083600 0.02675300
v -0.04936500 0.10081900 0.02665100
v -0.04823400 0.10174300 0.02800300
v -0.04811500 0.10169400 0.02785700
v -0.04798400 0.10158800 0.02775900
v -0.04662300 0.10287100 0.02844900
v -0.04656100 0.10278200 0.02828700
v -0.04646800 0.10264900 0.02817900
v -0.03049500 0.11383400 0.02817900
v -0.02741600 0.11632000 0.02617000
v -0.02878700 0.11522800 0.02769800
v -0.03058800 0.11396700 0.02828700
v -0.02878300 0.11536300 0.02783900
v -0.03065000 0.11405600 0.02844900
v -0.03066100 0.11407150 0.02854500
v 0.00180000 -0.07384400 0.05615500
v 0.00155900 -0.07384400 0.05705500
v -0.00155900 -0.07384400 0.05525500
v -0.00090000 -0.07384400 0.05459600
v 0.00000000 -0.07384400 0.05435500
v 0.00090000 -0.07384400 0.05459600
v 0.00272800 -0.07519400 0.05773000
v -0.00272800 -0.07519400 0.05458000
v -0.00157500 -0.07519400 0.05342700
v 0.00000000 -0.07519400 0.05300500
v 0.00157500 -0.07519400 0.05342700
v 0.00315000 -0.07519400 0.05615500
v -0.02865400 0.12757100 0.01979100
v -0.02841200 0.12847100 0.01979100
v -0.02931200 0.13003000 0.01979100
v -0.03021200 0.13027100 0.01979100
v -0.02748400 0.12689600 0.02114100
v -0.02863700 0.13119900 0.02114100
v -0.03021200 0.13162100 0.02114100
v -0.10433000 0.13611900 0.01979100
v -0.10408900 0.13521900 0.01979100
v -0.10343000 0.13456000 0.01979100
v -0.10253000 0.13431900 0.01979100
v -0.10095500 0.13884700 0.02114100
v -0.10253000 0.13791900 0.01979100
v -0.10343000 0.13767800 0.01979100
v -0.10408900 0.13701900 0.01979100
v -0.10525800 0.13454400 0.02114100
v -0.10410500 0.13339100 0.02114100
v -0.10253000 0.13296900 0.02114100
v -0.10253000 0.13926900 0.02114100
v -0.10410500 0.13884700 0.02114100
v -0.10525800 0.13769400 0.02114100
v -0.10568000 0.13611900 0.02114100
v -0.08574500 0.03524700 0.01979100
v -0.08484500 0.03500600 0.01979100
v -0.08304500 0.03680600 0.01979100
v -0.08328700 0.03770600 0.01979100
v -0.08574500 0.03836500 0.01979100
v -0.08640400 0.03770600 0.01979100
v -0.08642000 0.03407800 0.02114100
v -0.08169500 0.03680600 0.02114100
v -0.08211700 0.03838100 0.02114100
v -0.08642000 0.03953400 0.02114100
v -0.08757300 0.03838100 0.02114100
v -0.10253000 0.13999400 0.01575800
v -0.10446800 0.13947500 0.01575800
v -0.10588600 0.13805600 0.01575800
v -0.10640500 0.13611900 0.01575800
v -0.03021200 0.13234600 0.01575800
v -0.02827500 0.13182700 0.01575800
v -0.04390600 0.13318600 0.01576100
v -0.03811500 0.12944300 0.01576100
v -0.03197400 0.12474500 0.01576100
v -0.03400500 0.12629900 0.01576100
v -0.05522900 0.13849700 0.01576100
v -0.05263400 0.13743800 0.01576100
v -0.06740600 0.09557000 0.01576100
v -0.06076100 0.14010300 0.01576100
v -0.06429586 0.13020222 0.01576100
v -0.06640500 0.14108000 0.01576100
v -0.06234600 0.14037700 0.01576100
v -0.08836300 0.12618200 0.01576100
v -0.04966000 0.13622500 0.01576100
v -0.04397800 0.13323200 0.01576100
v -0.07032400 0.09278900 0.01576100
v -0.07296900 0.08932500 0.01576100
v -0.05336800 0.09873700 0.01576100
v -0.05486400 0.09910700 0.01576100
v -0.05590100 0.09936400 0.01576100
v -0.06982100 0.09326800 0.01576100
v -0.05866600 0.09940300 0.01576100
v -0.05968000 0.09919000 0.01576100
v -0.06159000 0.09878800 0.01576100
v -0.06457900 0.09748000 0.01576100
v -0.07703000 0.08082200 0.01576100
v -0.07846200 0.07549400 0.01576100
v -0.07754200 0.07891600 0.01576100
v -0.08090187 0.09017100 0.01576100
v -0.07504800 0.08566400 0.01576100
v -0.11177700 0.10716900 0.01814100
v -0.11148200 0.10606900 0.01814100
v -0.10847700 0.10526400 0.01814100
v -0.10767100 0.10606900 0.01814100
v -0.10737700 0.10716900 0.01814100
v -0.10957700 0.10936900 0.01814100
v -0.11067700 0.10907400 0.01814100
v -0.11148200 0.10826900 0.01814100
v -0.09056300 0.08595600 0.01814100
v -0.08645800 0.08485600 0.01814100
v -0.08616300 0.08595600 0.01814100
v -0.09026900 0.08705600 0.01814100
v -0.08836300 0.12618200 0.01814100
v -0.08726300 0.12647700 0.01814100
v -0.08645800 0.12728200 0.01814100
v -0.08616300 0.12838200 0.01814100
v -0.08726300 0.13028700 0.01814100
v -0.08836300 0.13058200 0.01814100
v -0.08946300 0.13028700 0.01814100
v -0.06935000 0.10716900 0.01814100
v -0.06715000 0.10496900 0.01814100
v -0.06605000 0.10526400 0.01814100
v -0.06495000 0.10716900 0.01814100
v -0.06524500 0.10826900 0.01814100
v -0.06905500 0.10826900 0.01814100
v -0.08592400 0.12697300 0.01906500
v -0.08695500 0.12594200 0.01906500
v -0.08977200 0.12594200 0.01906500
v -0.09080300 0.12697300 0.01906500
v -0.08977200 0.13082200 0.01906500
v -0.08836300 0.13119900 0.01906500
v -0.08592400 0.12979100 0.01906500
v -0.08554600 0.12838200 0.01906500
v -0.08620500 0.12713600 0.01884800
v -0.08711700 0.12622300 0.01884800
v -0.08836300 0.12588900 0.01884800
v -0.08961000 0.12622300 0.01884800
v -0.09052200 0.12713600 0.01884800
v -0.09085600 0.12838200 0.01884800
v -0.09052200 0.12962800 0.01884800
v -0.08961000 0.13054100 0.01884800
v -0.08836300 0.13087500 0.01884800
v -0.08711700 0.13054100 0.01884800
v -0.08620500 0.12962800 0.01884800
v -0.08587100 0.12838200 0.01884800
v -0.08639200 0.12724400 0.01852400
v -0.08722500 0.12641100 0.01852400
v -0.08836300 0.12610600 0.01852400
v -0.08950200 0.12641100 0.01852400
v -0.09064000 0.12838200 0.01852400
v -0.09033500 0.12952000 0.01852400
v -0.08950200 0.13035300 0.01852400
v -0.08836300 0.13065800 0.01852400
v -0.08722500 0.13035300 0.01852400
v -0.08639200 0.12952000 0.01852400
v -0.08608700 0.12838200 0.01852400
v -0.10713700 0.10576000 0.01906500
v -0.10807250 0.10456300 0.01910300
v -0.10816800 0.10472900 0.01906500
v -0.10957700 0.10435100 0.01906500
v -0.11098500 0.10472900 0.01906500
v -0.11201600 0.10857700 0.01906500
v -0.11098500 0.10960900 0.01906500
v -0.10816800 0.10960900 0.01906500
v -0.10713700 0.10857700 0.01906500
v -0.10675900 0.10716900 0.01906500
v -0.10741800 0.10592200 0.01884800
v -0.10833000 0.10501000 0.01884800
v -0.11207000 0.10716900 0.01884800
v -0.11173600 0.10841500 0.01884800
v -0.11082300 0.10932800 0.01884800
v -0.10833000 0.10932800 0.01884800
v -0.10741800 0.10841500 0.01884800
v -0.10708400 0.10716900 0.01884800
v -0.10760600 0.10603100 0.01852400
v -0.10843900 0.10519800 0.01852400
v -0.11154800 0.10603100 0.01852400
v -0.11185300 0.10716900 0.01852400
v -0.11154800 0.10830700 0.01852400
v -0.11071500 0.10914000 0.01852400
v -0.10957700 0.10944500 0.01852400
v -0.10760600 0.10830700 0.01852400
v -0.10730000 0.10716900 0.01852400
v -0.08592400 0.08454700 0.01906500
v -0.08695500 0.08351600 0.01906500
v -0.08836300 0.08313800 0.01906500
v -0.09080300 0.08454700 0.01906500
v -0.09118100 0.08595600 0.01906500
v -0.09080300 0.08736400 0.01906500
v -0.08977200 0.08839500 0.01906500
v -0.08836300 0.08877300 0.01906500
v -0.08695500 0.08839500 0.01906500
v -0.08592400 0.08736400 0.01906500
v -0.08554600 0.08595600 0.01906500
v -0.08620500 0.08470900 0.01884800
v -0.08711700 0.08379700 0.01884800
v -0.08836300 0.08346300 0.01884800
v -0.08961000 0.08379700 0.01884800
v -0.09052200 0.08470900 0.01884800
v -0.09085600 0.08595600 0.01884800
v -0.09052200 0.08720200 0.01884800
v -0.08961000 0.08811500 0.01884800
v -0.08836300 0.08844900 0.01884800
v -0.08620500 0.08720200 0.01884800
v -0.08587100 0.08595600 0.01884800
v -0.08639200 0.08481800 0.01852400
v -0.08722500 0.08398400 0.01852400
v -0.08836300 0.08367900 0.01852400
v -0.08950200 0.08398400 0.01852400
v -0.09064000 0.08595600 0.01852400
v -0.09033500 0.08709400 0.01852400
v -0.08950200 0.08792700 0.01852400
v -0.08836300 0.08823200 0.01852400
v -0.08639200 0.08709400 0.01852400
v -0.08608700 0.08595600 0.01852400
v -0.06959000 0.10857700 0.01906500
v -0.06855900 0.10960900 0.01906500
v -0.06715000 0.10998600 0.01906500
v -0.06590400 0.10501000 0.01884800
v -0.06715000 0.10467600 0.01884800
v -0.06839700 0.10501000 0.01884800
v -0.06930900 0.10592200 0.01884800
v -0.06930900 0.10841500 0.01884800
v -0.06839700 0.10932800 0.01884800
v -0.06715000 0.10966200 0.01884800
v -0.06590400 0.10932800 0.01884800
v -0.06601200 0.10519800 0.01852400
v -0.06715000 0.10489300 0.01852400
v -0.06828800 0.10519800 0.01852400
v -0.06912100 0.10603100 0.01852400
v -0.06942600 0.10716900 0.01852400
v -0.06912100 0.10830700 0.01852400
v -0.06715000 0.10944500 0.01852400
v -0.06601200 0.10914000 0.01852400
v -0.06517900 0.10830700 0.01852400
v -0.06487400 0.10716900 0.01852400
v -0.03319900 0.10555200 0.02029700
v -0.02624500 0.11037600 0.02031200
v -0.03320800 0.10554100 0.02741600
v -0.03493400 0.10485900 0.02614200
v -0.04409500 0.09850300 0.02702000
v -0.03514900 0.10471300 0.02126600
v -0.03560300 0.10439500 0.02703900
v -0.03485200 0.10491600 0.02577400
v -0.04453500 0.09820100 0.02124600
v -0.03515500 0.10470500 0.02641200
v -0.04423200 0.09841100 0.02114700
v -0.03559500 0.10440400 0.02063700
v -0.04484300 0.09798400 0.02575200
v -0.04408700 0.09851200 0.02061800
v -0.04476200 0.09804000 0.02612100
v -0.03489300 0.10488800 0.02595800
v -0.03537200 0.10455800 0.02095200
v -0.04438300 0.09830600 0.02119700
v -0.03537900 0.10455000 0.02672500
v -0.04480200 0.09801200 0.02593600
v -0.04415900 0.09846200 0.02088300
v -0.03984900 0.10144800 0.02703000
v -0.03984100 0.10145800 0.02062700
v -0.04377700 0.09879800 0.02814100
v -0.04498200 0.09795400 0.02787800
v -0.04623900 0.09707400 0.02689600
v -0.04704400 0.09651100 0.02536200
v -0.04725900 0.09636000 0.02389100
v -0.02523400 0.11178200 0.02102300
v -0.02665400 0.11078800 0.01987900
v -0.02514500 0.11337500 0.02285200
v -0.04377700 0.09879800 0.01964100
v -0.04498200 0.09795400 0.01990300
v -0.04704400 0.09651100 0.02242000
v -0.02780400 0.10998300 0.01964100
v -0.03579100 0.10439100 0.01964100
v -0.03579100 0.10439100 0.02814100
f 24 25 26
f 5 27 4
f 29 28 8
f 29 8 7
f 27 29 30
f 30 29 31
f 30 31 32
f 25 36 26
f 26 36 37
f 26 37 38
f 39 24 31
f 31 24 26
f 31 26 33
f 33 26 38
f 40 38 41
f 39 31 42
f 42 31 29
f 43 29 7
f 69 70 71
f 70 72 71
f 24 39 49
f 49 39 75
f 49 75 73
f 73 75 76
f 71 77 69
f 69 78 67
f 67 78 79
f 67 79 64
f 64 79 80
f 56 84 48
f 48 84 45
f 81 91 82
f 82 91 92
f 83 93 84
f 84 93 85
f 45 85 94
f 51 50 52
f 52 50 9
f 87 86 22
f 88 23 89
f 89 23 15
f 89 15 90
f 90 15 16
f 53 17 18
f 98 99 100
f 100 99 101
f 100 101 102
f 104 103 97
f 104 97 105
f 106 100 107
f 110 109 103
f 115 114 116
f 115 116 1
f 1 117 112
f 122 118 123
f 123 111 125
f 131 130 132
f 131 132 133
f 133 134 131
f 131 134 135
f 131 135 2
f 2 135 136
f 1 143 131
f 146 145 147
f 151 54 148
f 60 59 154
f 153 58 57
f 153 57 55
f 60 154 61
f 62 155 156
f 63 156 157
f 158 65 157
f 159 68 158
f 158 68 66
f 158 66 65
f 70 159 72
f 74 160 161
f 180 184 96
f 96 184 185
f 186 188 178
f 178 187 179
f 189 190 191
f 178 191 192
f 201 200 202
f 203 202 204
f 205 204 206
f 205 206 207
f 209 208 210
f 220 219 221
f 117 230 112
f 235 236 237
f 237 236 238
f 237 238 239
f 239 238 228
f 241 240 242
f 241 242 243
f 243 242 244
f 240 246 242
f 242 246 247
f 245 248 246
f 256 234 254
f 254 234 235
f 252 235 237
f 260 228 261
f 261 228 238
f 261 238 262
f 262 238 236
f 260 243 259
f 259 243 263
f 269 250 270
f 270 250 249
f 271 249 248
f 223 225 273
f 273 225 272
f 276 277 233
f 276 233 275
f 275 233 278
f 275 278 274
f 274 278 279
f 233 281 278
f 278 281 282
f 286 287 288
f 291 292 293
f 295 296 297
f 296 298 297
f 325 291 323
f 315 327 314
f 314 327 328
f 314 328 311
f 310 329 308
f 299 302 333
f 292 286 293
f 293 286 288
f 293 288 326
f 326 288 334
f 330 337 331
f 331 337 338
f 331 338 332
f 332 338 339
f 302 340 333
f 333 340 341
f 287 345 288
f 288 346 334
f 334 346 347
f 335 348 336
f 336 348 349
f 338 350 339
f 339 350 351
f 342 352 343
f 343 352 353
f 47 46 355
f 95 20 19
f 356 95 19
f 356 19 357
f 357 19 21
f 355 44 356
f 355 356 360
f 360 356 357
f 361 358 362
f 362 358 359
f 54 47 152
f 149 360 150
f 150 360 361
f 366 321 320
f 366 320 367
f 321 369 322
f 319 370 371
f 320 372 373
f 319 318 285
f 285 318 317
f 279 317 316
f 224 313 312
f 264 309 265
f 265 309 307
f 266 307 306
f 267 305 268
f 268 305 304
f 268 304 263
f 263 304 303
f 263 303 259
f 259 301 226
f 227 301 300
f 227 300 258
f 257 298 296
f 296 229 251
f 296 251 257
f 381 382 383
f 384 389 390
f 390 391 387
f 394 395 392
f 392 395 396
f 400 401 393
f 402 403 404
f 410 409 411
f 4 408 3
f 3 408 412
f 410 413 414
f 414 415 410
f 416 403 417
f 417 418 419
f 403 420 421
f 405 422 410
f 410 422 423
f 410 423 413
f 424 425 426
f 426 425 427
f 426 427 428
f 424 429 425
f 425 429 430
f 432 433 427
f 427 434 428
f 427 435 432
f 440 441 442
f 442 441 437
f 439 443 436
f 436 443 444
f 445 446 447
f 445 447 442
f 382 448 449
f 449 448 442
f 442 450 445
f 379 451 383
f 383 452 381
f 380 453 454
f 460 466 467
f 378 469 470
f 377 378 472
f 472 473 474
f 474 473 475
f 481 482 483
f 484 485 486
f 487 488 489
f 493 492 494
f 493 494 495
f 497 374 499
f 497 499 498
f 386 387 388
f 457 456 460
f 473 477 478
f 473 478 475
f 477 479 480
f 510 513 514
f 510 514 511
f 511 514 515
f 511 515 512
f 479 481 483
f 513 516 517
f 513 517 514
f 481 486 482
f 384 390 385
f 425 506 502
f 425 502 427
f 436 376 375
f 436 375 439
f 518 492 491
f 518 491 519
f 484 490 485
f 525 526 530
f 535 536 537
f 537 536 538
f 539 540 541
f 541 540 542
f 546 545 547
f 550 551 552
f 529 526 527
f 536 558 538
f 538 558 559
f 544 543 560
f 549 548 561
f 553 563 555
f 555 563 554
f 556 554 564
f 556 564 557
f 557 564 565
f 530 533 532
f 563 562 566
f 533 567 531
f 568 569 570
f 570 571 576
f 570 576 577
f 579 578 580
f 579 580 581
f 568 570 593
f 593 570 577
f 593 577 594
f 597 582 583
f 597 583 598
f 598 583 584
f 598 584 599
f 599 584 585
f 599 585 600
f 600 585 586
f 600 586 601
f 602 587 588
f 602 588 603
f 603 588 589
f 603 589 604
f 605 590 592
f 605 592 606
f 608 569 574
f 574 569 568
f 575 568 593
f 575 593 609
f 609 593 594
f 609 594 610
f 610 594 595
f 610 595 611
f 612 596 597
f 612 597 613
f 614 599 600
f 614 600 615
f 622 604 605
f 622 605 623
f 623 605 606
f 623 606 624
f 626 628 629
f 629 630 631
f 629 631 632
f 632 631 633
f 632 633 634
f 634 633 635
f 634 635 636
f 641 640 642
f 641 642 643
f 643 642 644
f 643 644 645
f 645 644 646
f 645 646 647
f 649 648 650
f 649 650 651
f 653 652 654
f 653 654 655
f 655 654 656
f 655 656 657
f 657 656 658
f 657 658 659
f 659 660 661
f 661 660 662
f 661 662 663
f 667 666 668
f 667 668 669
f 626 629 627
f 673 637 638
f 674 639 641
f 674 641 675
f 676 647 677
f 677 647 649
f 678 649 651
f 678 651 679
f 679 651 653
f 679 653 680
f 683 664 665
f 683 665 684
f 689 627 671
f 689 671 690
f 690 671 672
f 690 672 691
f 692 681 682
f 692 682 693
f 694 683 684
f 695 684 685
f 695 685 696
f 697 686 687
f 697 687 698
f 698 687 688
f 698 688 699
f 713 714 715
f 720 721 722
f 722 721 723
f 726 729 727
f 727 729 730
f 733 717 734
f 734 717 716
f 738 719 739
f 739 719 718
f 741 709 742
f 742 709 737
f 741 725 740
f 740 725 743
f 703 706 745
f 745 706 724
f 748 703 749
f 749 703 745
f 749 745 750
f 750 745 746
f 713 715 728
f 728 715 751
f 728 751 729
f 729 751 752
f 729 752 730
f 755 730 753
f 755 753 756
f 758 759 760
f 770 774 766
f 775 773 776
f 776 772 777
f 782 781 783
f 782 783 784
f 778 772 770
f 779 790 780
f 780 790 791
f 780 791 781
f 781 791 792
f 781 792 783
f 836 838 803
f 803 838 839
f 853 854 855
f 862 863 860
f 872 873 867
f 873 874 867
f 877 879 880
f 881 882 883
f 886 887 888
f 888 887 883
f 888 883 889
f 889 883 885
f 890 891 881
f 881 891 892
f 881 892 882
f 890 894 895
f 890 895 891
f 897 896 898
f 897 898 893
f 899 900 901
f 901 902 899
f 905 904 906
f 905 906 900
f 900 906 907
f 900 907 901
f 908 909 910
f 910 911 908
f 908 911 912
f 914 915 916
f 916 915 917
f 916 917 918
f 920 916 921
f 922 916 918
f 922 918 923
f 923 924 922
f 926 925 909
f 927 909 908
f 929 930 905
f 905 930 931
f 933 934 935
f 935 936 933
f 933 936 937
f 938 937 939
f 938 939 929
f 934 933 940
f 945 944 946
f 945 946 947
f 949 950 951
f 951 850 949
f 949 852 952
f 952 852 946
f 955 954 956
f 956 954 957
f 960 959 961
f 961 959 962
f 968 967 969
f 969 967 970
f 954 899 957
f 957 899 897
f 957 897 959
f 959 897 893
f 959 893 962
f 962 893 890
f 973 979 786
f 786 979 785
f 942 941 944
f 886 853 887
f 887 855 975
f 975 855 981
f 976 982 977
f 977 982 983
f 977 983 978
f 978 983 984
f 979 985 785
f 785 985 784
f 854 875 855
f 982 986 983
f 983 986 987
f 984 988 985
f 985 988 989
f 880 872 877
f 877 872 867
f 987 990 988
f 988 990 991
f 871 992 867
f 867 992 865
f 990 860 991
f 991 860 857
f 1022 832 831
f 830 1023 1024
f 830 1024 831
f 828 1033 1034
f 828 1036 829
f 1040 827 1041
f 1041 827 826
f 755 826 825
f 754 825 824
f 700 824 823
f 822 702 823
f 823 702 701
f 823 701 747
f 743 744 821
f 821 744 705
f 821 705 822
f 822 705 704
f 822 704 702
f 743 821 740
f 740 820 707
f 707 820 708
f 708 820 819
f 708 819 710
f 710 819 711
f 711 818 736
f 736 818 735
f 735 818 817
f 735 817 732
f 816 712 817
f 815 731 816
f 814 1042 1043
f 814 1043 815
f 1044 814 813
f 1060 1059 1061
f 1060 1061 1056
f 1064 1065 1066
f 1066 1067 1057
f 1057 1067 1068
f 1057 1068 1058
f 1072 1073 1074
f 1074 1073 1075
f 1062 1075 1076
f 1078 1079 1080
f 1081 1082 1083
f 1083 1084 1069
f 1069 1084 1085
f 1069 1085 1070
f 1086 1087 1088
f 1091 1090 1092
f 1097 1098 1099
f 1104 1103 1105
f 1102 1104 1106
f 1106 1104 1107
f 1106 1107 1108
f 623 952 622
f 622 952 953
f 622 953 621
f 621 980 620
f 619 955 956
f 619 956 618
f 618 956 958
f 618 958 617
f 617 958 960
f 960 961 616
f 616 963 615
f 615 964 614
f 613 965 966
f 611 968 610
f 610 969 609
f 609 969 971
f 609 971 575
f 575 971 972
f 572 974 573
f 1127 787 1128
f 758 840 1129
f 758 1129 788
f 788 1128 789
f 789 1128 787
f 1132 804 1133
f 833 1134 1138
f 833 1138 804
f 1141 1142 1143
f 1055 1147 1148
f 1148 1149 1150
f 1151 1131 1150
f 805 1153 806
f 1154 808 807
f 1158 810 809
f 1159 1160 1161
f 1168 1005 1166
f 1169 1166 1164
f 1171 1172 1173
f 1173 1172 1174
f 1171 1140 1176
f 1176 1140 1139
f 1176 1139 1050
f 1173 1159 1162
f 1167 1018 1178
f 1167 1178 1165
f 1165 1178 1163
f 997 1000 1185
f 997 1185 1019
f 1019 1185 1186
f 1183 1181 1184
f 1184 1181 1187
f 1184 1187 1000
f 1000 1187 1188
f 1000 1188 1185
f 1185 1188 1189
f 1187 1144 1188
f 1188 1144 1142
f 1177 1190 1053
f 1192 1054 1179
f 1193 1179 1194
f 1194 1180 1195
f 1195 1182 1191
f 1151 1152 1199
f 1149 1203 1204
f 1149 1204 1152
f 1197 1208 1198
f 1198 1208 1209
f 1198 1209 1205
f 1191 1210 1195
f 1195 1196 1197
f 1211 1212 765
f 762 763 1213
f 841 760 1214
f 762 1215 1216
f 762 1216 761
f 765 1212 764
f 764 1212 1217
f 763 1217 1218
f 763 1218 1213
f 1211 765 1219
f 1219 765 767
f 1219 767 768
f 1220 812 811
f 1240 1242 1243
f 1243 1242 1244
f 1243 1244 1245
f 1247 1246 1250
f 1251 1255 1257
f 1258 1259 1260
f 1260 1259 1262
f 1264 1265 1266
f 1258 1260 1267
f 1267 1268 1269
f 1269 1268 1270
f 1264 1274 1275
f 1276 1275 1277
f 1278 1277 1279
f 1281 624 1282
f 1281 1282 1283
f 1283 1282 1029
f 1284 1285 1286
f 1288 1035 1289
f 1290 1028 1292
f 1293 1027 1026
f 1294 936 1295
f 1295 936 935
f 1296 1297 943
f 1298 948 851
f 1295 942 1300
f 1301 1302 1303
f 931 1287 932
f 1304 927 928
f 1295 1297 1305
f 1295 1305 1294
f 1294 1306 1287
f 1287 1306 1307
f 1287 1307 1304
f 1304 1307 1308
f 1304 1308 1301
f 1301 1308 1309
f 1302 1309 1310
f 1037 1284 1038
f 1038 1284 1286
f 1038 1286 1039
f 1039 1286 1032
f 1312 1031 1311
f 1035 1034 1289
f 1289 1034 1033
f 1312 1030 1031
f 950 1281 951
f 951 1281 1299
f 951 1299 850
f 850 1299 851
f 1281 1283 1299
f 1299 1283 1291
f 1299 1291 1298
f 1298 1291 1290
f 1298 1290 1296
f 1296 1290 1292
f 1296 1292 1297
f 1297 1292 1293
f 1297 1293 1305
f 1306 1289 1307
f 1310 1286 1285
f 1313 794 793
f 1041 756 1314
f 1314 756 753
f 793 1303 1313
f 799 1315 795
f 797 796 1319
f 1319 796 1318
f 1320 1316 1317
f 1325 1048 1322
f 1322 1048 1047
f 1322 1047 1046
f 1324 1328 769
f 1324 769 771
f 1214 1331 841
f 1323 1045 1329
f 1335 1330 1332
f 1326 1335 1219
f 1326 1219 768
f 1215 1332 1216
f 1326 1327 1334
f 1329 1321 1323
f 1332 1218 1335
f 1335 1218 1217
f 1339 1340 1333
f 1341 1342 1343
f 1342 1338 835
f 841 1344 842
f 1342 1336 1337
f 1342 1337 1338
f 835 837 1342
f 1342 837 839
f 1342 839 1343
f 834 842 1343
f 1343 842 1340
f 1343 1340 1341
f 1341 1339 1345
f 688 670 1347
f 1348 1126 1349
f 1350 1122 1121
f 1350 1121 1351
f 1352 1120 1119
f 1352 1119 1353
f 1353 1119 1118
f 1353 1118 1354
f 1354 1118 1117
f 1354 1117 1355
f 1357 1113 1125
f 1357 1125 1358
f 1359 1124 1123
f 1359 1123 1360
f 1361 1114 1362
f 1365 1109 1110
f 1365 1110 1366
f 1366 1110 1111
f 1366 1111 1367
f 1369 1112 1116
f 1369 1116 1370
f 1370 1116 1115
f 1370 1115 1371
f 688 1347 1346
f 1372 1348 1349
f 1372 1349 1373
f 1376 1352 1353
f 1376 1353 1377
f 1377 1353 1354
f 1377 1354 1378
f 1379 1355 1356
f 1379 1356 1380
f 1382 1358 1359
f 1382 1359 1383
f 1385 1361 1362
f 1385 1362 1386
f 1387 1363 1364
f 1387 1364 1388
f 1388 1364 1365
f 1388 1365 1389
f 1392 1368 1369
f 1392 1369 1393
f 1393 1369 1370
f 1393 1370 1394
f 1395 1371 628
f 1395 628 626
f 699 1346 1056
f 1056 1346 1372
f 1056 1372 1060
f 1057 1374 1375
f 1057 1375 1066
f 1064 1376 1377
f 1064 1377 1063
f 1072 1380 1381
f 1072 1381 1071
f 1081 1384 1385
f 1081 1385 1080
f 1077 1387 1388
f 1077 1388 1088
f 1088 1388 1389
f 1088 1389 1086
f 1086 1389 1390
f 1086 1390 1093
f 1093 1390 1391
f 1091 1391 1392
f 1091 1392 1099
f 1097 1393 1394
f 1097 1394 1104
f 1104 1394 1395
f 1104 1395 1107
f 1107 1395 626
f 1107 626 625
f 1398 1396 1400
f 1400 1396 1401
f 1402 1404 1405
f 1146 1400 1401
f 1146 1401 1145
f 1403 1406 1404
f 1404 1406 1407
f 1404 1407 1405
f 1405 1407 1408
f 1409 1397 1399
f 847 849 1414
f 1414 849 1415
f 1414 1415 1416
f 1416 1415 1417
f 1415 848 1412
f 1417 1413 1419
f 844 843 1410
f 1410 843 1420
f 1410 1420 1411
f 1411 1420 1421
f 1421 1422 1150
f 1150 1422 1148
f 1416 1423 1414
f 1424 1418 1052
f 845 846 1425
f 1425 846 1426
f 1143 1427 1428
f 1429 1130 1200
f 1432 1433 1434
f 1435 1436 1437
f 1437 1438 1439
f 1208 1207 1439
f 1208 1439 1209
f 1432 1202 1433
f 1433 1202 1201
f 1433 1201 1205
f 1434 1137 1431
f 1434 1431 1432
f 1432 1431 1430
f 1432 1430 1206
f 1206 1430 1199
f 1441 1138 1134
f 1442 1443 1441
f 1445 1209 1439
f 1442 1439 1438
f 1442 1438 1443
f 1137 1136 1431
f 1431 1136 1135
f 1431 1135 1429
f 1205 1445 1433
f 1433 1445 1442
f 1433 1442 1434
f 1434 1442 1441
f 1434 1441 1440
f 1440 1441 1134
f 1447 1436 1435
f 1132 1133 1448
f 1448 1444 1449
f 1449 1443 1446
f 996 1451 1450
f 1450 1451 1452
f 1453 1455 1456
f 1453 1456 1454
f 1454 1456 1457
f 1454 1457 1458
f 1154 1456 1455
f 1154 1455 995
f 994 1460 1461
f 1460 1459 1462
f 1459 1002 1001
f 1459 1001 1462
f 1464 1008 1007
f 1464 1007 1465
f 1460 1462 1461
f 1461 1462 1463
f 1461 1463 1466
f 1468 1465 1469
f 994 1461 1158
f 1157 1467 1468
f 1157 1468 1156
f 1155 1469 1470
f 1155 1470 802
f 1473 1474 1475
f 1473 1475 1477
f 1478 1476 1472
f 1478 1472 1471
f 1479 1003 999
f 1479 999 1480
f 1481 998 607
f 1481 607 608
f 1127 1482 574
f 591 1017 592
f 592 1017 1483
f 592 1483 606
f 606 1483 1484
f 1484 1485 1282
f 1282 1485 1029
f 1015 1494 1495
f 1486 1015 1495
f 1487 1495 1496
f 1497 1025 1488
f 1497 1488 1489
f 1502 534 1501
f 1501 1499 1504
f 1504 1499 1491
f 1490 1491 1505
f 1494 1507 1495
f 1500 1004 1508
f 1498 1508 1509
f 1498 1509 1492
f 1492 1509 1493
f 1493 1020 1021
f 1508 1510 1509
f 1509 1510 1511
f 1510 1513 1514
f 1510 1514 1511
f 1515 1511 1514
f 1168 1169 1518
f 1518 1170 1519
f 1518 1006 1168
f 1517 1515 1520
f 1520 1515 1514
f 1520 1514 1521
f 1521 1514 1513
f 1522 1518 1519
f 1523 1524 1525
f 1525 1524 1516
f 1527 1174 1172
f 1527 1172 1171
f 1519 1175 1524
f 1524 1175 1527
f 1050 1051 1516
f 1516 1051 1049
f 1516 1049 1526
f 1526 1049 1517
f 1525 1517 1520
f 1525 1520 1523
f 1523 1521 1522
f 1522 1521 1513
f 1522 1513 1512
f 1528 1108 520
f 520 1108 757
f 1103 1102 1528
f 1528 1102 1106
f 1528 1106 1108
f 1529 1105 1530
f 1095 1529 1531
f 1096 1531 1098
f 1090 1533 1092
f 1092 1533 1534
f 1092 1534 1094
f 1090 1089 1533
f 1533 1089 1101
f 1533 1101 1532
f 1532 1101 1100
f 1535 1094 1534
f 1535 1534 1536
f 1539 1537 1534
f 1540 1534 1533
f 1541 1533 1532
f 1541 1532 1542
f 1542 1532 1531
f 1542 1531 1543
f 1543 1531 1529
f 1544 1529 1530
f 1105 1103 1530
f 1530 1103 1528
f 1530 1528 1545
f 1545 1528 520
f 1545 520 522
f 1546 1490 1547
f 1549 1503 1546
f 1550 1494 1551
f 1551 1494 1015
f 1550 1552 1553
f 1554 1506 1550
f 1549 524 523
f 1549 523 534
f 522 521 1545
f 1545 521 1549
f 1545 1549 1544
f 1543 1546 1547
f 1543 1547 1542
f 1542 1547 1548
f 1541 1548 1554
f 1540 1554 1553
f 1540 1553 1539
f 1539 1553 1552
f 1539 1552 1538
f 1562 1565 1561
f 1561 1565 1566
f 1560 1569 1559
f 1559 1569 1570
f 1559 1570 1558
f 1558 1570 1571
f 1557 1574 1556
f 1556 1574 1555
f 1563 1575 1564
f 1564 1575 1576
f 1565 1577 1566
f 1566 1577 1578
f 1566 1578 1567
f 1567 1578 1579
f 1567 1579 1568
f 1570 1582 1571
f 1571 1582 1583
f 1572 1584 1573
f 1573 1584 1585
f 1573 1585 1574
f 1574 1585 1586
f 1575 1016 1576
f 1576 1016 1014
f 1577 1012 1578
f 1578 1012 1013
f 1580 1009 1581
f 1581 1009 1010
f 1581 1010 1582
f 1582 1010 1011
f 527 1587 528
f 1612 1613 1614
f 1614 1613 1615
f 1614 1615 1616
f 1625 1626 1623
f 1628 1629 1625
f 478 1614 1616
f 1620 1635 1618
f 1618 1635 1636
f 1633 1610 1634
f 1634 1610 1637
f 1614 1635 1612
f 1612 1635 1620
f 1659 1660 1661
f 1661 1662 1663
f 1664 1665 1666
f 1667 1669 1659
f 1659 1668 1660
f 1671 1672 1673
f 1674 1675 1670
f 1678 1677 1679
f 1681 1680 324
f 1630 1638 109
f 1639 1632 488
f 1639 488 487
f 498 1649 496
f 496 1649 1650
f 501 1656 374
f 374 1656 1649
f 374 1649 499
f 499 1649 498
f 504 1648 1656
f 504 1656 500
f 500 1656 501
f 1648 503 507
f 1648 507 1647
f 509 1646 505
f 505 1646 1647
f 1653 508 386
f 1694 1693 1695
f 1694 1695 1696
f 1697 169 1696
f 1699 1701 1702
f 175 1705 1706
f 1706 1708 1709
f 1710 1658 1709
f 1710 1709 1711
f 1711 1709 1708
f 173 1712 174
f 171 170 1713
f 1713 170 1714
f 1713 172 171
f 1641 1715 1720
f 1715 1716 1720
f 1720 1716 1717
f 1718 1721 1719
f 1719 1721 1717
f 1698 1724 1726
f 1698 1726 1700
f 1700 1726 1727
f 1700 1727 1701
f 1704 1728 1729
f 1704 1729 1703
f 191 1640 1725
f 192 1725 186
f 1722 1657 1730
f 1722 1730 1723
f 186 1732 188
f 188 1731 187
f 1733 183 1734
f 1734 183 182
f 1734 182 1735
f 1735 182 181
f 1735 181 179
f 177 185 1733
f 1733 185 184
f 1733 184 183
f 1705 176 1707
f 1707 176 177
f 1707 177 1708
f 1708 177 1733
f 1731 1735 179
f 1731 179 187
f 1736 1737 1627
f 1627 1740 1624
f 1627 1626 1736
f 1742 1631 1743
f 1743 1631 108
f 1743 108 110
f 438 1760 1759
f 1749 1748 416
f 1751 1749 417
f 1751 419 431
f 1753 424 1754
f 1754 424 426
f 1754 426 1756
f 1757 433 1758
f 1766 1767 135
f 40 41 129
f 1769 141 1768
f 1770 144 1771
f 1770 1772 1773
f 143 142 1771
f 1771 142 1769
f 1768 391 1769
f 1769 391 389
f 1771 397 1770
f 1770 397 396
f 1770 396 1772
f 4 27 407
f 407 27 30
f 407 30 409
f 409 30 1774
f 402 1775 1776
f 404 406 1775
f 30 32 1774
f 1774 1777 1775
f 1775 1777 1778
f 1775 1778 1776
f 1776 1778 1779
f 1773 1779 1780
f 35 34 1781
f 1781 40 129
f 1767 129 128
f 1767 128 136
f 132 1782 133
f 137 1764 138
f 138 1764 1765
f 139 1765 1768
f 139 1768 140
f 140 1768 141
f 1773 401 1776
f 1776 401 399
f 1776 399 398
f 1777 1781 1778
f 1778 1767 1779
f 1779 1767 1766
f 1779 1766 1780
f 1780 1782 1770
f 1770 132 130
f 193 162 1783
f 193 1783 1784
f 1785 1786 1791
f 1794 1795 1788
f 1793 1621 1619
f 168 1791 1790
f 163 1789 164
f 164 1789 1796
f 1792 1787 1788
f 1794 1617 1622
f 1801 167 166
f 1797 1799 1804
f 1805 1742 1743
f 1805 1743 110
f 1798 1803 1802
f 1798 1802 1799
f 1622 1741 1794
f 1794 1806 1795
f 1807 1799 1736
f 1796 166 165
f 1799 1739 1738
f 1811 1804 1807
f 1811 1807 1808
f 196 167 1800
f 98 1810 105
f 105 1810 1809
f 194 195 1810
f 1810 195 1813
f 1808 1813 1812
f 290 289 1817
f 344 354 1684
f 1685 1819 1691
f 1691 1819 1820
f 1691 1820 1692
f 1692 1820 1821
f 1686 1823 1687
f 1687 1823 1824
f 1687 1824 1689
f 1689 1824 1826
f 1690 1827 1688
f 1688 1827 1828
f 1682 1834 1683
f 1683 1834 1835
f 344 1817 289
f 1815 1814 1818
f 1818 1814 1836
f 1822 1838 1823
f 1823 1838 1839
f 1826 1825 1840
f 1828 1841 1829
f 1829 1841 1842
f 1829 1842 1830
f 1830 1842 1843
f 1831 1844 1832
f 1832 1844 1845
f 1832 1845 1833
f 1833 1845 1846
f 1834 1847 1835
f 1817 1816 290
f 1836 1677 1837
f 1837 1677 1676
f 1848 1667 1849
f 1849 1667 1659
f 1850 1661 1816
f 1816 1661 1663
f 1816 1663 294
f 121 120 1853
f 122 124 1854
f 368 1858 369
f 369 1858 1859
f 1860 365 364
f 1860 364 1859
f 363 1852 1851
f 119 1863 120
f 1853 120 1864
f 230 113 1853
f 1855 282 1865
f 283 371 370
f 283 370 284
f 367 1856 1857
f 1857 1856 1866
f 1857 1866 1867
f 1858 1868 1859
f 1859 1868 1869
f 1860 1869 1870
f 282 281 1865
f 1865 281 280
f 1865 280 1871
f 1853 232 231
f 1862 122 1854
f 1873 1854 1872
f 1858 1857 1867
f 1868 1863 1869
f 1869 1863 1862
f 1870 1862 1873
f 1864 1867 1871
f 1871 1867 1866
f 1865 1866 1856
f 1865 1856 1855
f 1855 1856 373
f 125 1652 1877
f 1861 127 126
f 1861 125 1877
f 1880 1881 1882
f 1882 1881 1883
f 1884 1885 1886
f 1886 1885 1874
f 1887 255 1888
f 1888 255 253
f 1652 1651 1877
f 1877 1651 1889
f 1878 1876 1678
f 1890 1891 1892
f 1893 1891 1654
f 1654 1891 1655
f 1895 1879 1894
f 1896 1875 1897
f 1897 1883 1898
f 1898 1883 1881
f 1898 1881 1642
f 1642 1881 1643
f 1896 1886 1665
f 1899 1874 1900
f 1900 1874 1885
f 1644 1645 1901
f 1901 1645 1887
f 6 476 1611
f 14 377 6
f 470 14 13
f 471 1903 1902
f 1906 1907 467
f 467 466 1906
f 1906 465 1904
f 1904 465 464
f 1904 464 468
f 1907 459 458
f 1907 458 467
f 1909 455 457
f 1909 457 1910
f 1911 463 462
f 1911 462 1908
f 1908 462 461
f 1912 454 1913
f 1913 453 1909
f 1914 452 1915
f 452 451 1915
f 1915 379 1912
f 1917 12 1763
f 1745 1927 1744
f 1752 1928 1750
f 1926 1929 1755
f 1755 1929 1930
f 1755 1930 1752
f 1927 1931 1744
f 1935 220 1761
f 1761 1937 1938
f 1939 1940 1762
f 1941 1746 1942
f 1949 1948 1227
f 1242 1240 1950
f 1950 1240 1951
f 1959 1956 1960
f 1945 1958 1961
f 1945 1961 1955
f 1948 1962 1963
f 1948 1963 1960
f 1945 1256 1946
f 1948 1965 1227
f 1227 1965 1238
f 1965 1951 1238
f 1238 1951 1240
f 1244 1242 1966
f 1966 1950 1967
f 1954 1968 1967
f 1246 1248 1952
f 1952 1969 1953
f 1953 1970 1968
f 1235 1231 1971
f 1972 1968 1970
f 1973 1974 1975
f 1975 1974 1976
f 1278 1222 1977
f 1975 1979 1973
f 1236 1981 1237
f 1278 1977 1978
f 1978 1977 1983
f 1978 1983 1984
f 1979 1258 1267
f 1248 1261 1969
f 1969 1261 1979
f 1970 1979 1975
f 1972 1975 1976
f 1980 1244 1966
f 1236 1235 1981
f 1981 1235 1971
f 1981 1971 1976
f 1976 1971 1980
f 1976 1980 1972
f 1973 1272 1974
f 1976 1978 1984
f 1976 1984 1981
f 1981 1984 1986
f 1981 1986 1982
f 1986 1988 1982
f 1982 1988 1989
f 1982 1989 1232
f 1977 1991 1983
f 1983 1991 1992
f 1985 1994 1986
f 920 1999 919
f 920 921 1998
f 1996 2001 2002
f 2004 2005 2003
f 2003 2006 1997
f 2011 2013 2014
f 212 2010 2015
f 2015 2010 2016
f 2009 2019 2012
f 2021 2022 2023
f 2021 2023 2024
f 2025 2027 2026
f 2026 2027 2028
f 2026 2028 2029
f 2029 2030 2031
f 2030 2032 2031
f 2031 2032 2033
f 2031 2033 2034
f 2033 2035 2034
f 2034 2036 2037
f 800 2024 2026
f 800 2026 801
f 859 861 2038
f 2041 2039 2040
f 2041 2040 2042
f 2020 798 2040
f 2040 798 856
f 2040 856 858
f 2042 2038 2043
f 2042 2043 2044
f 2051 2046 2052
f 864 993 2048
f 2048 993 2052
f 2048 2052 2045
f 2054 2055 2056
f 2057 2058 2059
f 2060 2061 2062
f 2063 2064 2065
f 2066 2067 2068
f 2070 2050 2049
f 2068 2067 2070
f 2070 2067 2071
f 2068 2072 2066
f 2065 2061 2073
f 2065 2073 2063
f 2062 2074 2060
f 2056 2055 2059
f 2059 2055 2075
f 2059 2075 2057
f 2077 2079 2080
f 2077 2080 2056
f 2087 2088 2076
f 2076 2089 2077
f 2095 870 2096
f 870 869 2096
f 2096 869 868
f 2098 866 2094
f 2091 2085 2076
f 2091 2076 2096
f 2096 2076 2056
f 2096 2056 2095
f 2095 2056 2059
f 2095 2059 2094
f 2098 2062 2065
f 2098 2065 2099
f 2099 2068 2097
f 2053 2070 2049
f 2103 2104 2102
f 2102 2104 2105
f 2106 2107 2108
f 2112 1597 1596
f 1607 2116 1590
f 1590 2116 1591
f 2101 2100 2117
f 1591 1601 1600
f 2100 2105 1602
f 2109 2111 2123
f 2123 2111 2082
f 2123 2082 2084
f 2115 2124 2116
f 2116 2124 2125
f 2116 2125 1591
f 1591 2108 2117
f 2113 2073 2126
f 1597 2112 2114
f 2114 2064 2113
f 2054 2127 2055
f 2054 2081 2127
f 2127 2081 2080
f 2127 2080 2110
f 2110 2080 2079
f 2110 2079 2111
f 2111 2079 2078
f 2111 2078 2082
f 2126 2074 2128
f 2112 2071 2067
f 2129 2069 2112
f 2109 2118 2110
f 2110 2106 2127
f 2128 2108 2125
f 2126 2125 2124
f 2126 2124 2113
f 2047 2130 2132
f 2044 2131 2042
f 2042 2131 2133
f 2042 2133 2041
f 2041 2133 2039
f 2039 2133 2134
f 2136 1603 2137
f 2137 1603 1592
f 1604 2140 2134
f 2025 2135 2027
f 2027 2135 2136
f 2027 2136 2028
f 2139 2036 2138
f 2143 211 2144
f 2010 2141 2150
f 2010 2150 2016
f 2016 2150 2017
f 2017 2150 2151
f 2019 2018 2147
f 2147 2008 2152
f 2152 2008 2007
f 2141 2142 2150
f 2150 2142 2145
f 2150 2145 2151
f 2151 2145 2146
f 2153 2149 2154
f 2154 2149 2148
f 1608 2160 2161
f 2163 2159 2164
f 2164 2159 2165
f 2164 2165 2166
f 2166 2165 2160
f 2167 2160 1608
f 2168 2169 2170
f 2175 2176 2177
f 2177 2159 2158
f 2181 2153 2154
f 2181 2154 2155
f 2169 2160 2176
f 2176 2160 2165
f 2176 2165 2159
f 2175 2174 2176
f 2176 2173 2169
f 2168 2180 2169
f 2169 2180 2181
f 2161 2182 2162
f 2162 2182 2156
f 2184 2166 1588
f 1588 2166 2167
f 2170 2187 2188
f 2189 2179 2190
f 2188 2178 2170
f 1609 2191 2192
f 2193 2183 2194
f 2194 2184 2192
f 2192 2184 1609
f 1609 2184 1588
f 2195 198 2196
f 2196 198 1234
f 2197 2198 2199
f 2200 1996 2197
f 2198 2203 2204
f 2196 2186 2185
f 2196 2185 2195
f 2197 2189 2190
f 2197 2190 2198
f 2198 2190 2188
f 2198 2188 2187
f 2186 2202 2198
f 2207 2194 2208
f 2212 2213 2209
f 2101 2210 2214
f 2214 2212 2215
f 2215 2212 2217
f 2215 2217 2216
f 2212 2208 2217
f 2217 2208 2194
f 2217 2194 2216
f 2216 2192 2191
f 1989 1988 2218
f 1990 1989 2219
f 2203 2219 2220
f 1233 1990 2196
f 2196 1990 2219
f 2000 2200 1998
f 2200 2201 2221
f 2221 2201 2199
f 2221 2199 2220
f 1989 2218 2219
f 2219 2218 2223
f 2219 2223 2220
f 2220 2223 2224
f 2220 2224 2221
f 2221 2225 2222
f 2226 2227 2228
f 2229 2206 2205
f 2227 2231 2232
f 2213 2211 2233
f 2233 2211 2210
f 2121 2233 2122
f 2122 2233 2210
f 2122 2210 2101
f 2234 2226 2228
f 2234 2228 2119
f 2119 2118 2234
f 2234 2118 2109
f 2232 2236 2227
f 2227 2236 2237
f 2227 2237 2228
f 2228 2233 2120
f 2120 2233 2121
f 2236 2230 2237
f 2237 2205 2233
f 2238 2239 2240
f 2218 2241 2223
f 2223 2241 2243
f 2223 2243 2224
f 2224 2243 2225
f 2246 1987 1221
f 1988 1995 2218
f 2218 1994 2241
f 2241 1994 1993
f 2242 1993 1992
f 2242 1992 1991
f 2244 917 2245
f 2244 2245 2247
f 2247 2245 2239
f 2222 2225 2245
f 2245 2225 2243
f 2239 2243 2242
f 2240 2242 1991
f 2248 2226 2235
f 2088 2251 2089
f 2090 2248 2083
f 2083 2235 2084
f 1223 1224 2252
f 1223 2252 1221
f 925 924 2253
f 2253 924 2244
f 2255 2247 2239
f 2256 2239 2238
f 2257 2249 2258
f 2087 2251 2088
f 2259 1225 1228
f 2261 2258 2086
f 2261 2086 2085
f 1263 1249 2262
f 1262 1263 2263
f 2265 2266 2267
f 2267 1279 2265
f 2254 2255 2266
f 2266 2255 2256
f 2266 2256 2267
f 2267 2256 2252
f 1280 2252 1224
f 2268 2264 2269
f 1273 2264 2268
f 1273 2268 1266
f 1270 1268 2270
f 2270 1268 1260
f 2270 2263 2272
f 2270 2272 2273
f 2273 2272 2271
f 2273 2271 2274
f 2275 898 2271
f 2271 898 896
f 2274 2269 2273
f 2273 2269 2264
f 2273 2264 2270
f 2270 2264 1271
f 2270 1271 1270
f 2277 2278 906
f 906 901 907
f 906 904 2277
f 2277 903 2276
f 2276 903 913
f 2276 913 912
f 2269 902 2279
f 2269 2279 2268
f 2268 2279 1274
f 2268 1274 1266
f 1263 2262 2263
f 2272 2280 2281
f 2272 2281 2271
f 2271 2281 2282
f 2271 2282 2275
f 902 901 2279
f 2265 2277 2266
f 2254 2276 2253
f 2283 1949 1226
f 1947 2284 1962
f 1949 2283 1947
f 1947 2283 2284
f 2284 2283 2285
f 2286 2285 2287
f 2286 2287 874
f 2261 2285 2260
f 2260 2285 2283
f 2260 2283 2259
f 2259 2283 1226
f 2261 2085 2093
f 2261 2093 2285
f 2285 2092 2287
f 1964 1963 2284
f 2293 2294 2295
f 1256 1944 2296
f 2293 878 876
f 2297 2299 2294
f 2294 2299 1957
f 2294 1957 2295
f 2295 1957 1956
f 2295 1956 1959
f 2297 1955 2299
f 878 2293 880
f 880 2295 872
f 1959 1964 2295
f 2295 1964 2284
f 2295 2284 872
f 872 2286 873
f 873 2286 874
f 2298 2297 2300
f 2301 2294 2293
f 2301 2293 2302
f 2302 2293 876
f 885 884 2303
f 2292 2289 2305
f 2305 2289 2306
f 2305 2306 2307
f 2289 2288 2306
f 2306 2288 1247
f 2307 1252 2304
f 2309 2310 2311
f 2311 2310 2308
f 2311 2308 886
f 2292 2305 2291
f 2291 2303 2290
f 2290 2303 884
f 2290 884 882
f 2311 889 885
f 2306 1254 2307
f 2307 1253 1252
f 2296 2298 2310
f 2310 2298 2300
f 2310 2300 2308
f 2308 2300 2301
f 885 2303 2311
f 2311 2303 2305
f 2311 2305 2309
f 2309 2305 2307
f 2309 2307 2310
f 2310 2307 2304
f 2310 2304 2296
f 2312 1943 2313
f 2314 2313 2315
f 2315 2313 2183
f 2315 2183 2193
f 1943 1932 2316
f 1943 2316 2313
f 1941 1942 2312
f 2208 2315 2207
f 2207 2315 2193
f 2318 2312 2314
f 2320 2314 2315
f 2157 2163 2316
f 2157 2316 2321
f 2158 2157 2322
f 2322 2157 2321
f 2323 2321 1933
f 2230 2236 2232
f 2325 2326 2327
f 2327 2326 2328
f 2317 2206 2229
f 2317 2229 2329
f 2327 2319 2329
f 2329 2319 2320
f 2231 2330 2232
f 2232 2330 2329
f 2232 2329 2230
f 2230 2329 2229
f 1936 1938 2328
f 1935 1936 2331
f 2329 2330 2333
f 2329 2333 2327
f 2327 2333 2325
f 2334 2335 2336
f 2337 2172 2171
f 2337 2171 2338
f 2334 2339 2340
f 2334 2340 2338
f 2338 2340 2341
f 2338 2341 2337
f 1934 2335 2324
f 2324 2335 2334
f 2324 2334 2323
f 2323 2334 2338
f 218 1935 2331
f 2342 221 219
f 2342 218 2331
f 2342 2331 2345
f 2345 2332 2344
f 2344 2326 2325
f 2347 2325 2333
f 2347 2333 2330
f 2339 2349 2340
f 2340 2350 2341
f 2341 2351 2337
f 2172 2352 2185
f 2250 2257 2356
f 2348 2347 2353
f 2353 2346 2356
f 2343 2353 2344
f 2344 2353 2355
f 2342 2357 222
f 2342 222 221
f 2354 2353 2358
f 2358 2353 2356
f 2358 2356 2359
f 200 198 2361
f 2361 198 2195
f 2360 206 204
f 2360 204 2361
f 2361 202 200
f 2351 2360 2361
f 2352 2361 2195
f 2363 2354 2362
f 2362 2354 2358
f 2362 2364 2363
f 2363 2364 2365
f 2363 2365 215
f 215 2365 2366
f 1239 1241 2364
f 2364 1241 2367
f 215 216 217
f 2371 1230 197
f 197 199 2371
f 2372 2373 2374
f 2374 2373 2375
f 2374 2376 1229
f 2371 2374 1230
f 1230 2374 1229
f 2368 2373 2370
f 2368 2370 2369
f 2379 2384 2380
f 2380 2384 2385
f 2381 2386 2382
f 2382 2386 2387
f 2377 2388 2378
f 2378 2388 2383
f 2389 2393 2390
f 2391 2394 2392
f 2392 2394 2395
f 2397 2404 2398
f 2398 2404 2405
f 2398 2405 2399
f 2399 2405 2406
f 2401 2400 2407
f 2402 2408 2403
f 2403 2408 2409
f 2403 2409 2396
f 2396 2409 2410
f 2396 2410 2397
f 2397 2410 2404
f 2411 2417 2412
f 2413 2418 2414
f 2414 2418 2419
f 2415 2420 2416
f 2416 2420 2421
f 18 2422 2423
f 2425 11 10
f 2425 10 2424
f 2426 8 2427
f 2455 2439 2436
f 2436 2440 2441
f 1924 2438 2437
f 1919 2428 2441
f 1920 2441 2440
f 1920 2440 1921
f 1921 2440 2433
f 1921 2433 1922
f 1922 2433 2432
f 1923 2432 2435
f 1923 2435 2438
f 2428 1919 2429
f 2429 1919 1918
f 2431 1916 2430
f 1915 2444 1914
f 1914 2444 1747
f 1913 2448 1912
f 1915 2446 2445
f 1915 2445 2444
f 1909 2451 2450
f 1909 2450 1913
f 1913 2450 2449
f 1913 2449 2448
f 1907 2443 2442
f 1907 2442 1908
f 1908 2442 2447
f 1908 2447 1911
f 1911 2447 2434
f 1911 2434 1910
f 1904 2456 1906
f 1902 1925 2453
f 1902 2453 1905
f 1905 2453 2454
f 1905 2454 2452
f 1599 2482 2483
f 1599 2483 1589
f 2482 2490 2491
f 2482 2491 2483
f 2484 2493 2494
f 2484 2494 2485
f 2486 2497 2498
f 2486 2498 2487
f 2488 2501 2489
f 2501 2502 2490
f 2492 2504 2505
f 2492 2505 2493
f 2495 2506 2507
f 2495 2507 2496
f 2497 2508 2509
f 2497 2509 2498
f 2498 2509 2510
f 2498 2510 2499
f 2500 2511 2512
f 2500 2512 2501
f 2501 2512 2502
f 2512 2471 2502
f 2503 2470 2469
f 2503 2469 2504
f 2508 2475 2474
f 2508 2474 2509
f 2509 2473 2510
f 2512 2472 2471
f 1593 2513 2514
f 1594 2516 2517
f 1594 2517 1595
f 1598 2521 2522
f 2513 2523 2524
f 2513 2524 2515
f 2518 2526 2527
f 2518 2527 2519
f 2520 2528 2529
f 2520 2529 2521
f 2525 2534 2535
f 2525 2535 2526
f 2526 2535 2536
f 2526 2536 2527
f 2529 2538 2539
f 2529 2539 2530
f 2539 2460 2531
f 2531 2460 2459
f 2531 2459 2532
f 2533 2458 2457
f 2533 2457 2534
f 2534 2457 2464
f 2534 2464 2535
f 2536 2463 2462
f 2536 2462 2537
f 2539 2461 2460
f 1606 2540 1605
f 2540 2551 2552
f 2540 2552 2541
f 2541 2552 2553
f 2541 2553 2542
f 2543 2555 2556
f 2543 2556 2544
f 2544 2556 2557
f 2544 2557 2545
f 2545 2557 2558
f 2545 2558 2546
f 2546 2558 2559
f 2546 2559 2547
f 2548 2560 2549
f 2549 2560 2561
f 2549 2561 2550
f 2552 2563 2564
f 2552 2564 2553
f 2553 2564 2565
f 2553 2565 2554
f 2556 2566 2567
f 2556 2567 2557
f 2557 2567 2568
f 2557 2568 2558
f 2558 2568 2569
f 2558 2569 2559
f 2560 2570 2571
f 2560 2571 2561
f 2571 2466 2562
f 2566 2465 2468
f 2566 2468 2567
f 2571 2467 2466
f 2572 2579 2580
f 2572 2580 2573
f 2573 2580 2581
f 2573 2581 2574
f 2575 2583 2584
f 2575 2584 2576
f 2577 2585 2586
f 2577 2586 2578
f 2581 2589 2590
f 2581 2590 2582
f 2583 2478 2477
f 2583 2477 2584
f 2587 2476 2481
f 2587 2481 2588
f 2591 2480 2479
f 2591 2479 2592
f 214 2616 213
f 2614 2599 2629
f 2596 2608 2595
f 2594 2622 2627
f 220 2620 2626
f 214 2617 2616
f 1744 2621 2623
f 2613 2603 2610
f 2610 2601 2613
f 2613 2601 2625
f 2605 2618 2619
f 2618 2605 2612
f 2618 2612 2607
f 2616 2617 2597
f 2617 2618 2607
f 2629 2616 2614
f 2616 2597 2614
f 2611 2602 2595
f 2629 2599 2611
f 2608 2600 2595
f 2621 2622 2594
f 2627 2628 2593
f 2598 2609 2593
f 2609 2604 2628
f 2624 2606 2615
f 2628 2604 2615

