# https://github.com/mikedh/trimesh
mtllib material.mtl

o link_lift_0.obj
usemtl material_0
v 0.03597200 -0.06583800 0.02235900
v 0.03597200 -0.06583800 0.00515300
v 0.03597200 -0.06545800 0.00476300
v 0.03597200 -0.06573600 0.00500000
v 0.03597200 -0.06528000 0.00468800
v 0.03597200 -0.06357500 0.00468800
v 0.03597200 -0.06311500 0.00508500
v 0.03597200 -0.06303000 0.00530700
v 0.03597200 -0.06303000 0.01276800
v 0.03597200 -0.06277800 0.01376500
v 0.03597200 -0.06249300 0.01437300
v 0.03597200 -0.06212600 0.01480500
v 0.03597200 -0.06154600 0.01527100
v 0.03597200 -0.06092100 0.01562200
v 0.03597200 -0.06008300 0.01584100
v 0.03597200 -0.05958000 0.01595000
v 0.03597200 -0.05833600 0.01596100
v 0.03597200 -0.05759100 0.01579700
v 0.03597200 -0.05675900 0.01551700
v 0.03597200 -0.05627100 0.01520000
v 0.03597200 -0.05576200 0.01473400
v 0.03597200 -0.05550300 0.01441100
v 0.03597200 -0.05525200 0.01395800
v 0.03597200 -0.05502800 0.01336500
v 0.03597200 -0.05489100 0.01268000
v 0.03597200 -0.05489100 0.00521300
v 0.03597200 -0.05472400 0.00493900
v 0.03597200 -0.05460200 0.00482500
v 0.03597200 -0.05433900 0.00468800
v 0.03597200 -0.05263500 0.00468800
v 0.03597200 -0.05237300 0.00483600
v 0.03597200 -0.05225500 0.00493500
v 0.03597200 -0.05209100 0.00515600
v 0.03597200 -0.05209100 0.01339100
v 0.03597200 -0.05234800 0.01450200
v 0.03597200 -0.05263600 0.01509600
v 0.03597200 -0.05288000 0.01553700
v 0.03597200 -0.05316500 0.01592100
v 0.03597200 -0.05354900 0.01639700
v 0.03597200 -0.05450000 0.01721400
v 0.03597200 -0.05508900 0.01751500
v 0.03597200 -0.05584600 0.01781500
v 0.03597200 -0.05658800 0.01804400
v 0.03597200 -0.05765300 0.01824100
v 0.03597200 -0.05942600 0.01824100
v 0.03597200 -0.06038800 0.01808500
v 0.03597200 -0.06108000 0.01786100
v 0.03597200 -0.06149500 0.01770500
v 0.03597200 -0.06201600 0.01742400
v 0.03597200 -0.06248000 0.01715000
v 0.03597200 -0.06302400 0.01668600
v 0.03597200 -0.06302400 0.02214000
v 0.03597200 -0.06320600 0.02251700
v 0.03597200 -0.06339900 0.02268300
v 0.03597200 -0.06366600 0.02283100
v 0.03597200 -0.06528500 0.02283100
v 0.03597200 -0.06553900 0.02268300
v 0.03597200 -0.06566600 0.02258100
v 0.03597200 -0.05166700 0.01106300
v 0.03597200 -0.05166700 0.01185400
v 0.03597200 -0.05155500 0.01280000
v 0.03597200 -0.05144400 0.01348400
v 0.03597200 -0.05120100 0.01421400
v 0.03597200 -0.05083900 0.01495600
v 0.03597200 -0.05045800 0.01554800
v 0.03597200 -0.04993200 0.01623100
v 0.03597200 -0.04903100 0.01700000
v 0.03597200 -0.04815200 0.01752500
v 0.03597200 -0.04736800 0.01784000
v 0.03597200 -0.04657700 0.01807200
v 0.03597200 -0.04572100 0.01822800
v 0.03597200 -0.04373400 0.01824100
v 0.03597200 -0.04267500 0.01807000
v 0.03597200 -0.04163300 0.01773700
v 0.03597200 -0.04084300 0.01735300
v 0.03597200 -0.04025100 0.01699200
v 0.03597200 -0.03979700 0.01659300
v 0.03597200 -0.03930000 0.01610500
v 0.03597200 -0.03886500 0.01551800
v 0.03597200 -0.03853900 0.01502400
v 0.03597200 -0.03831400 0.01452000
v 0.03597200 -0.03809800 0.01397100
v 0.03597200 -0.03796200 0.01336300
v 0.03597200 -0.03784800 0.01231400
v 0.03597200 -0.03784800 0.01098500
v 0.03597200 -0.03800600 0.01063700
v 0.03597200 -0.03822200 0.01044000
v 0.03597200 -0.03840900 0.01036700
v 0.03597200 -0.04873900 0.01036700
v 0.03597200 -0.04878500 0.01032800
v 0.03597200 -0.04878500 0.00953300
v 0.03597200 -0.04859100 0.00902300
v 0.03597200 -0.04841200 0.00863600
v 0.03597200 -0.04815000 0.00813700
v 0.03597200 -0.04769300 0.00770400
v 0.03597200 -0.04717200 0.00732700
v 0.03597200 -0.04659800 0.00702700
v 0.03597200 -0.04599300 0.00686700
v 0.03597200 -0.04534700 0.00673400
v 0.03597200 -0.04381400 0.00673400
v 0.03597200 -0.04317800 0.00683300
v 0.03597200 -0.04260400 0.00699200
v 0.03597200 -0.04209400 0.00721300
v 0.03597200 -0.04165300 0.00744100
v 0.03597200 -0.04095700 0.00803800
v 0.03597200 -0.04034500 0.00833100
v 0.03597200 -0.03891100 0.00833100
v 0.03597200 -0.03871000 0.00824900
v 0.03597200 -0.03835600 0.00794600
v 0.03597200 -0.03826900 0.00770000
v 0.03597200 -0.03826900 0.00748900
v 0.03597200 -0.03836100 0.00718000
v 0.03597200 -0.03854100 0.00687600
v 0.03597200 -0.03881000 0.00650100
v 0.03597200 -0.03913800 0.00615500
v 0.03597200 -0.03967200 0.00570300
v 0.03597200 -0.04029200 0.00533100
v 0.03597200 -0.04085500 0.00508800
v 0.03597200 -0.04142900 0.00484300
v 0.03597200 -0.04220400 0.00461200
v 0.03597200 -0.04293700 0.00446100
v 0.03597200 -0.04390400 0.00439200
v 0.03597200 -0.04509600 0.00439200
v 0.03597200 -0.04615200 0.00447000
v 0.03597200 -0.04699400 0.00469000
v 0.03597200 -0.04776800 0.00492400
v 0.03597200 -0.04850400 0.00534200
v 0.03597200 -0.04905300 0.00574600
v 0.03597200 -0.04954300 0.00610000
v 0.03597200 -0.04996100 0.00653400
v 0.03597200 -0.05039300 0.00705000
v 0.03597200 -0.05077500 0.00765700
v 0.03597200 -0.05108400 0.00829800
v 0.03597200 -0.05133800 0.00900000
v 0.03597200 -0.05152400 0.00968000
v 0.03597200 -0.05160800 0.01046300
v 0.03597200 -0.04873300 0.01255800
v 0.03597200 -0.04878200 0.01259700
v 0.03597200 -0.04878200 0.01331400
v 0.03597200 -0.04855900 0.01376700
v 0.03597200 -0.04834300 0.01416600
v 0.03597200 -0.04813400 0.01451900
v 0.03597200 -0.04771800 0.01492300
v 0.03597200 -0.04718600 0.01527400
v 0.03597200 -0.04668000 0.01560800
v 0.03597200 -0.04617900 0.01575700
v 0.03597200 -0.04560000 0.01588000
v 0.03597200 -0.04509000 0.01596100
v 0.03597200 -0.04434200 0.01596100
v 0.03597200 -0.04374700 0.01589200
v 0.03597200 -0.04313900 0.01573800
v 0.03597200 -0.04253500 0.01551600
v 0.03597200 -0.04176000 0.01504700
v 0.03597200 -0.04124400 0.01453100
v 0.03597200 -0.04098900 0.01412500
v 0.03597200 -0.04081900 0.01367200
v 0.03597200 -0.04065000 0.01313300
v 0.03597200 -0.04065000 0.01260100
v 0.03597200 -0.04069600 0.01256000
v 0.03597200 -0.03733500 0.00516300
v 0.03597200 -0.03716100 0.00493300
v 0.03597200 -0.03704700 0.00483200
v 0.03597200 -0.03678100 0.00468700
v 0.03597200 -0.03508300 0.00468700
v 0.03597200 -0.03490900 0.00476100
v 0.03597200 -0.03461800 0.00500800
v 0.03597200 -0.03453100 0.00524200
v 0.03597200 -0.03453100 0.02227900
v 0.03597200 -0.03470500 0.02257700
v 0.03597200 -0.03482500 0.02268500
v 0.03597200 -0.03517200 0.02283000
v 0.03597200 -0.03670000 0.02283000
v 0.03597200 -0.03687600 0.02275500
v 0.03597200 -0.03724600 0.02243700
v 0.03597200 -0.03733500 0.02228600
v 0.03597200 -0.03313600 0.00516300
v 0.03597200 -0.03296200 0.00493300
v 0.03597200 -0.03284800 0.00483200
v 0.03597200 -0.03258300 0.00468700
v 0.03597200 -0.03088400 0.00468700
v 0.03597200 -0.03071000 0.00476100
v 0.03597200 -0.03041900 0.00500800
v 0.03597200 -0.03033300 0.00524200
v 0.03597200 -0.03033300 0.02227900
v 0.03597200 -0.03050700 0.02257700
v 0.03597200 -0.03062700 0.02268500
v 0.03597200 -0.03097300 0.02283000
v 0.03597200 -0.03250200 0.02283000
v 0.03597200 -0.03267800 0.02275500
v 0.03597200 -0.03304700 0.02243700
v 0.03597200 -0.03313600 0.02228600
v 0.03597200 -0.02969800 0.00982900
v 0.03597200 -0.02969800 0.01280800
v 0.03597200 -0.02958300 0.01338000
v 0.03597200 -0.02941500 0.01402800
v 0.03597200 -0.02923600 0.01448400
v 0.03597200 -0.02905100 0.01492300
v 0.03597200 -0.02879100 0.01537400
v 0.03597200 -0.02846200 0.01579000
v 0.03597200 -0.02812700 0.01620600
v 0.03597200 -0.02761800 0.01667400
v 0.03597200 -0.02696500 0.01716500
v 0.03597200 -0.02628900 0.01752900
v 0.03597200 -0.02557900 0.01782400
v 0.03597200 -0.02486000 0.01803400
v 0.03597200 -0.02412800 0.01817100
v 0.03597200 -0.02360600 0.01824200
v 0.03597200 -0.02163300 0.01824200
v 0.03597200 -0.02087100 0.01813100
v 0.03597200 -0.02011200 0.01797100
v 0.03597200 -0.01948300 0.01775700
v 0.03597200 -0.01894500 0.01752900
v 0.03597200 -0.01852300 0.01731200
v 0.03597200 -0.01819200 0.01713500
v 0.03597200 -0.01698900 0.01610200
v 0.03597200 -0.01667400 0.01564400
v 0.03597200 -0.01634700 0.01516900
v 0.03597200 -0.01607600 0.01463000
v 0.03597200 -0.01589300 0.01417900
v 0.03597200 -0.01575700 0.01380100
v 0.03597200 -0.01565100 0.01333000
v 0.03597200 -0.01556100 0.01289500
v 0.03597200 -0.01556100 0.00991000
v 0.03597200 -0.01564100 0.00935800
v 0.03597200 -0.01581500 0.00866300
v 0.03597200 -0.01601900 0.00810400
v 0.03597200 -0.01627900 0.00757600
v 0.03597200 -0.01661400 0.00710500
v 0.03597200 -0.01693100 0.00667700
v 0.03597200 -0.01723900 0.00631600
v 0.03597200 -0.01785400 0.00578700
v 0.03597200 -0.01838600 0.00543600
v 0.03597200 -0.01889800 0.00515500
v 0.03597200 -0.01939900 0.00491800
v 0.03597200 -0.02009100 0.00470400
v 0.03597200 -0.02068000 0.00457700
v 0.03597200 -0.02162900 0.00442600
v 0.03597200 -0.02237200 0.00439300
v 0.03597200 -0.02296000 0.00439300
v 0.03597200 -0.02416700 0.00447300
v 0.03597200 -0.02510000 0.00468700
v 0.03597200 -0.02603700 0.00498500
v 0.03597200 -0.02674900 0.00534600
v 0.03597200 -0.02729700 0.00571000
v 0.03597200 -0.02808600 0.00638900
v 0.03597200 -0.02860400 0.00706100
v 0.03597200 -0.02903600 0.00773300
v 0.03597200 -0.02936700 0.00852900
v 0.03597200 -0.02955100 0.00905700
v 0.03597200 -0.02690400 0.01035800
v 0.03597200 -0.02690400 0.01219400
v 0.03597200 -0.02673300 0.01305300
v 0.03597200 -0.02647600 0.01384200
v 0.03597200 -0.02608400 0.01445100
v 0.03597200 -0.02574300 0.01487200
v 0.03597200 -0.02532900 0.01523000
v 0.03597200 -0.02478400 0.01555400
v 0.03597200 -0.02428200 0.01574500
v 0.03597200 -0.02364700 0.01588500
v 0.03597200 -0.02318900 0.01596200
v 0.03597200 -0.02204500 0.01596200
v 0.03597200 -0.02157000 0.01586800
v 0.03597200 -0.02097900 0.01572800
v 0.03597200 -0.02045400 0.01556400
v 0.03597200 -0.01994500 0.01525000
v 0.03597200 -0.01943700 0.01482500
v 0.03597200 -0.01905500 0.01435700
v 0.03597200 -0.01878500 0.01390600
v 0.03597200 -0.01863400 0.01351000
v 0.03597200 -0.01843100 0.01300600
v 0.03597200 -0.01834800 0.01233700
v 0.03597200 -0.01834800 0.01034300
v 0.03597200 -0.01851600 0.00952400
v 0.03597200 -0.01874500 0.00890200
v 0.03597200 -0.01899800 0.00841700
v 0.03597200 -0.01941900 0.00787100
v 0.03597200 -0.01990000 0.00745800
v 0.03597200 -0.02046600 0.00710100
v 0.03597200 -0.02102800 0.00691600
v 0.03597200 -0.02177800 0.00674300
v 0.03597200 -0.02338300 0.00674300
v 0.03597200 -0.02411800 0.00689200
v 0.03597200 -0.02463900 0.00702800
v 0.03597200 -0.02512100 0.00728100
v 0.03597200 -0.02595500 0.00798700
v 0.03597200 -0.02637300 0.00858100
v 0.03597200 -0.02662900 0.00917100
v 0.03597200 -0.02681000 0.00975700
v 0.03597200 0.00086400 0.00982900
v 0.03597200 0.00086400 0.01280800
v 0.03597200 0.00098000 0.01338000
v 0.03597200 0.00114700 0.01402800
v 0.03597200 0.00132600 0.01448400
v 0.03597200 0.00151100 0.01492300
v 0.03597200 0.00177100 0.01537400
v 0.03597200 0.00210100 0.01579000
v 0.03597200 0.00243600 0.01620600
v 0.03597200 0.00294400 0.01667400
v 0.03597200 0.00359700 0.01716500
v 0.03597200 0.00427300 0.01752900
v 0.03597200 0.00498400 0.01782400
v 0.03597200 0.00570300 0.01803400
v 0.03597200 0.00643500 0.01817100
v 0.03597200 0.00695700 0.01824200
v 0.03597200 0.00892900 0.01824200
v 0.03597200 0.00969200 0.01813100
v 0.03597200 0.01045100 0.01797100
v 0.03597200 0.01107900 0.01775700
v 0.03597200 0.01161800 0.01752900
v 0.03597200 0.01203900 0.01731200
v 0.03597200 0.01237000 0.01713500
v 0.03597200 0.01357400 0.01610200
v 0.03597200 0.01388800 0.01564400
v 0.03597200 0.01421600 0.01516900
v 0.03597200 0.01448700 0.01463000
v 0.03596900 0.01467000 0.01417900
v 0.03596600 0.01480600 0.01380100
v 0.03596300 0.01491100 0.01333000
v 0.03596000 0.01500200 0.01289500
v 0.03596000 0.01500200 0.00991000
v 0.03596200 0.01492200 0.00935800
v 0.03596700 0.01474800 0.00866300
v 0.03597200 0.01454400 0.00810400
v 0.03597200 0.01428300 0.00757600
v 0.03597200 0.01394900 0.00710500
v 0.03597200 0.01363100 0.00667700
v 0.03597200 0.01332300 0.00631600
v 0.03597200 0.01270800 0.00578700
v 0.03597200 0.01217700 0.00543600
v 0.03597200 0.01166500 0.00515500
v 0.03597200 0.01116300 0.00491800
v 0.03597200 0.01047100 0.00470400
v 0.03597200 0.00988300 0.00457700
v 0.03597200 0.00893300 0.00442600
v 0.03597200 0.00819100 0.00439300
v 0.03597200 0.00760200 0.00439300
v 0.03597200 0.00639500 0.00447300
v 0.03597200 0.00546200 0.00468700
v 0.03597200 0.00452600 0.00498500
v 0.03597200 0.00381400 0.00534600
v 0.03597200 0.00326500 0.00571000
v 0.03597200 0.00247600 0.00638900
v 0.03597200 0.00195800 0.00706100
v 0.03597200 0.00152700 0.00773300
v 0.03597200 0.00119600 0.00852900
v 0.03597200 0.00101200 0.00905700
v 0.03597200 0.00365900 0.01035800
v 0.03597200 0.00365900 0.01219400
v 0.03597200 0.00382900 0.01305300
v 0.03597200 0.00408700 0.01384200
v 0.03597200 0.00447800 0.01445100
v 0.03597200 0.00481900 0.01487200
v 0.03597200 0.00523400 0.01523000
v 0.03597200 0.00577900 0.01555400
v 0.03597200 0.00628000 0.01574500
v 0.03597200 0.00691600 0.01588500
v 0.03597200 0.00737400 0.01596200
v 0.03597200 0.00851700 0.01596200
v 0.03597200 0.00899200 0.01586800
v 0.03597200 0.00958400 0.01572800
v 0.03597200 0.01010900 0.01556400
v 0.03597200 0.01061700 0.01525000
v 0.03597200 0.01112500 0.01482500
v 0.03597200 0.01150700 0.01435700
v 0.03597200 0.01177700 0.01390600
v 0.03597200 0.01192800 0.01351000
v 0.03597200 0.01213100 0.01300600
v 0.03597200 0.01221500 0.01233700
v 0.03597200 0.01221500 0.01034300
v 0.03597200 0.01204600 0.00952400
v 0.03597200 0.01181800 0.00890200
v 0.03597200 0.01156500 0.00841700
v 0.03597200 0.01114400 0.00787100
v 0.03597200 0.01066200 0.00745800
v 0.03597200 0.01009600 0.00710100
v 0.03597200 0.00953500 0.00691600
v 0.03597200 0.00878400 0.00674300
v 0.03597200 0.00717900 0.00674300
v 0.03597200 0.00644500 0.00689200
v 0.03597200 0.00592300 0.00702800
v 0.03597200 0.00544200 0.00728100
v 0.03597200 0.00460700 0.00798700
v 0.03597200 0.00419000 0.00858100
v 0.03597200 0.00393300 0.00917100
v 0.03597200 0.00375300 0.00975700
v 0.03555400 0.02971400 0.00982900
v 0.03555400 0.02971400 0.01280800
v 0.03554500 0.02982900 0.01338000
v 0.03553100 0.02999700 0.01402800
v 0.03551700 0.03017600 0.01448400
v 0.03550200 0.03036100 0.01492300
v 0.03548200 0.03062100 0.01537400
v 0.03545500 0.03095000 0.01579000
v 0.03542800 0.03128500 0.01620600
v 0.03538800 0.03179400 0.01667400
v 0.03533600 0.03244700 0.01716500
v 0.03528200 0.03312300 0.01752900
v 0.03522500 0.03383300 0.01782400
v 0.03516700 0.03455200 0.01803400
v 0.03510900 0.03528500 0.01817100
v 0.03506700 0.03580600 0.01824200
v 0.03490900 0.03777900 0.01824200
v 0.03484800 0.03854100 0.01813100
v 0.03478800 0.03930000 0.01797100
v 0.03473800 0.03992900 0.01775700
v 0.03469400 0.04046700 0.01752900
v 0.03466100 0.04088900 0.01731200
v 0.03463400 0.04122000 0.01713500
v 0.03453800 0.04242300 0.01610200
v 0.03451300 0.04273800 0.01564400
v 0.03448700 0.04306500 0.01516900
v 0.03446500 0.04333600 0.01463000
v 0.03445100 0.04351900 0.01417900
v 0.03444000 0.04365600 0.01380100
v 0.03443100 0.04376100 0.01333000
v 0.03442400 0.04385200 0.01289500
v 0.03442400 0.04385200 0.00991000
v 0.03443000 0.04377100 0.00935800
v 0.03444400 0.04359800 0.00866300
v 0.03446100 0.04339400 0.00810400
v 0.03448100 0.04313300 0.00757600
v 0.03450800 0.04279800 0.00710500
v 0.03453400 0.04248100 0.00667700
v 0.03455800 0.04217300 0.00631600
v 0.03460700 0.04155800 0.00578700
v 0.03465000 0.04102600 0.00543600
v 0.03469100 0.04051500 0.00515500
v 0.03473100 0.04001300 0.00491800
v 0.03478600 0.03932100 0.00470400
v 0.03483300 0.03873200 0.00457700
v 0.03490900 0.03778300 0.00442600
v 0.03496800 0.03704000 0.00439300
v 0.03501500 0.03645200 0.00439300
v 0.03511200 0.03524500 0.00447300
v 0.03518700 0.03431200 0.00468700
v 0.03526100 0.03337600 0.00498500
v 0.03531800 0.03266300 0.00534600
v 0.03536200 0.03211500 0.00571000
v 0.03542500 0.03132600 0.00638900
v 0.03546700 0.03080800 0.00706100
v 0.03550100 0.03037600 0.00773300
v 0.03552800 0.03004500 0.00852900
v 0.03554200 0.02986100 0.00905700
v 0.03533100 0.03250800 0.01035800
v 0.03533100 0.03250800 0.01219400
v 0.03531700 0.03267900 0.01305300
v 0.03529600 0.03293600 0.01384200
v 0.03526500 0.03332800 0.01445100
v 0.03523800 0.03366900 0.01487200
v 0.03520500 0.03408300 0.01523000
v 0.03516100 0.03462800 0.01555400
v 0.03512100 0.03513000 0.01574500
v 0.03507000 0.03576500 0.01588500
v 0.03503400 0.03622300 0.01596200
v 0.03494200 0.03736700 0.01596200
v 0.03490400 0.03784200 0.01586800
v 0.03485700 0.03843400 0.01572800
v 0.03481500 0.03895900 0.01556400
v 0.03477400 0.03946700 0.01525000
v 0.03473400 0.03997500 0.01482500
v 0.03470300 0.04035700 0.01435700
v 0.03468200 0.04062700 0.01390600
v 0.03467000 0.04077800 0.01351000
v 0.03465300 0.04098100 0.01300600
v 0.03464700 0.04106500 0.01233700
v 0.03464700 0.04106500 0.01034300
v 0.03466000 0.04089600 0.00952400
v 0.03467900 0.04066700 0.00890200
v 0.03469900 0.04041500 0.00841700
v 0.03473200 0.03999300 0.00787100
v 0.03477100 0.03951200 0.00745800
v 0.03481600 0.03894600 0.00710100
v 0.03486100 0.03838400 0.00691600
v 0.03492100 0.03763400 0.00674300
v 0.03504900 0.03602900 0.00674300
v 0.03510800 0.03529500 0.00689200
v 0.03515000 0.03477300 0.00702800
v 0.03518800 0.03429100 0.00728100
v 0.03525500 0.03345700 0.00798700
v 0.03528800 0.03304000 0.00858100
v 0.03530900 0.03278300 0.00917100
v 0.03532300 0.03260200 0.00975700
v 0.03597200 -0.00638400 0.00538900
v 0.03597200 -0.00638400 0.01725100
v 0.03597200 -0.00628600 0.01756600
v 0.03597200 -0.00611200 0.01778700
v 0.03597200 -0.00582900 0.01795200
v 0.03597200 -0.00549200 0.01802100
v 0.03597200 -0.00439600 0.01802100
v 0.03597200 -0.00403400 0.01794500
v 0.03597200 -0.00367200 0.01762900
v 0.03597200 -0.00349700 0.01733000
v 0.03597200 -0.00349500 0.01674900
v 0.03597200 -0.00345800 0.01671400
v 0.03597200 -0.00337400 0.01682100
v 0.03597200 -0.00294200 0.01721800
v 0.03597200 -0.00251500 0.01751500
v 0.03597200 -0.00200000 0.01773100
v 0.03597200 -0.00147500 0.01788200
v 0.03597200 -0.00086000 0.01795900
v 0.03597200 -0.00024900 0.01802100
v 0.03597200 0.00156300 0.01802100
v 0.03597200 0.00199100 0.01786400
v 0.03597200 0.00226500 0.01763400
v 0.03597200 0.00235300 0.01747100
v 0.03597200 0.00235300 0.01614800
v 0.03597200 0.00190200 0.01576900
v 0.03597200 0.00162000 0.01568500
v 0.03597200 -0.00087700 0.01568500
v 0.03597200 -0.00142300 0.01554800
v 0.03597200 -0.00194100 0.01539500
v 0.03597200 -0.00229800 0.01522500
v 0.03597200 -0.00265200 0.01498600
v 0.03597200 -0.00300400 0.01460900
v 0.03597200 -0.00320900 0.01427300
v 0.03597200 -0.00336900 0.01384300
v 0.03597200 -0.00346000 0.01346900
v 0.03597200 -0.00349200 0.01326700
v 0.03597200 -0.00349200 0.00537000
v 0.03597200 -0.00367600 0.00499800
v 0.03597200 -0.00395400 0.00476600
v 0.03597200 -0.00413100 0.00468900
v 0.03597200 -0.00574900 0.00468900
v 0.03597200 -0.00593700 0.00477100
v 0.03597200 -0.00629200 0.00508400
v 0.03586800 0.01846200 0.01035800
v 0.03586800 0.01846200 0.01219400
v 0.03586400 0.01863200 0.01305300
v 0.03585700 0.01889000 0.01384200
v 0.03584700 0.01928100 0.01445100
v 0.03583700 0.01962200 0.01487200
v 0.03582600 0.02003700 0.01523000
v 0.03581200 0.02058200 0.01555400
v 0.03579900 0.02108300 0.01574500
v 0.03578200 0.02171800 0.01588500
v 0.03577000 0.02217700 0.01596200
v 0.03573900 0.02332000 0.01596200
v 0.03572700 0.02379500 0.01586800
v 0.03571300 0.02431500 0.01572800
v 0.03569900 0.02484000 0.01556400
v 0.03568500 0.02534800 0.01525000
v 0.03567200 0.02585600 0.01482500
v 0.03566200 0.02623800 0.01435700
v 0.03565400 0.02650800 0.01390600
v 0.03565000 0.02665900 0.01351000
v 0.03564500 0.02686200 0.01300600
v 0.03564300 0.02694600 0.01233700
v 0.03564300 0.02694600 0.01034300
v 0.03564700 0.02677700 0.00952400
v 0.03565300 0.02654900 0.00890200
v 0.03566000 0.02629600 0.00841700
v 0.03567100 0.02587400 0.00787100
v 0.03568400 0.02539300 0.00745800
v 0.03569900 0.02482700 0.00710100
v 0.03571400 0.02426500 0.00691600
v 0.03573200 0.02358700 0.00674300
v 0.03577500 0.02198200 0.00674300
v 0.03579400 0.02124800 0.00689200
v 0.03580800 0.02072600 0.00702800
v 0.03582100 0.02024500 0.00728100
v 0.03584300 0.01941000 0.00798700
v 0.03585400 0.01899300 0.00858100
v 0.03586100 0.01873600 0.00917100
v 0.03586600 0.01855500 0.00975700
v 0.03556300 0.02959800 0.00904300
v 0.03557800 0.02936100 0.00835000
v 0.03558800 0.02902000 0.00763300
v 0.03559900 0.02859300 0.00698100
v 0.03561200 0.02811300 0.00643700
v 0.03562400 0.02763400 0.00595800
v 0.03564500 0.02687100 0.00543800
v 0.03566400 0.02613700 0.00501700
v 0.03568500 0.02535000 0.00474400
v 0.03570600 0.02456400 0.00452700
v 0.03573000 0.02367300 0.00443900
v 0.03574900 0.02294300 0.00439100
v 0.03577400 0.02201600 0.00443500
v 0.03579800 0.02110500 0.00459100
v 0.03581900 0.02030600 0.00482800
v 0.03583600 0.01967700 0.00513300
v 0.03585200 0.01907100 0.00551400
v 0.03586700 0.01850500 0.00606000
v 0.03586800 0.01846500 0.00515700
v 0.03587100 0.01837200 0.00500000
v 0.03587600 0.01818600 0.00483800
v 0.03588300 0.01790900 0.00468700
v 0.03592800 0.01622600 0.00468700
v 0.03593500 0.01594300 0.00484200
v 0.03594000 0.01575400 0.00508500
v 0.03594300 0.01566700 0.00525000
v 0.03594300 0.01566700 0.02226500
v 0.03594000 0.01576900 0.02245100
v 0.03593000 0.01613100 0.02275900
v 0.03592600 0.01630500 0.02282900
v 0.03588500 0.01783000 0.02282900
v 0.03587600 0.01817500 0.02268500
v 0.03587300 0.01829800 0.02258300
v 0.03586800 0.01847100 0.02235300
v 0.03586800 0.01847100 0.01669500
v 0.03586700 0.01852300 0.01665800
v 0.03585000 0.01916900 0.01720900
v 0.03583600 0.01969100 0.01750700
v 0.03581800 0.02037000 0.01781500
v 0.03580000 0.02101500 0.01803200
v 0.03577900 0.02180400 0.01818300
v 0.03576800 0.02225200 0.01824600
v 0.03572300 0.02391600 0.01824600
v 0.03570100 0.02476800 0.01809800
v 0.03568400 0.02537800 0.01792300
v 0.03567000 0.02590200 0.01773100
v 0.03565700 0.02640700 0.01750500
v 0.03563900 0.02709200 0.01713700
v 0.03561600 0.02796700 0.01638700
v 0.03560400 0.02839100 0.01594700
v 0.03559600 0.02871100 0.01552600
v 0.03558900 0.02897900 0.01515600
v 0.03558200 0.02921800 0.01464600
v 0.03557700 0.02942400 0.01398300
v 0.03556400 0.02958300 0.01353100
v 0.03586800 0.01847100 0.00597300
v 0.03419100 0.04560500 0.01565500
v 0.03419100 0.04560500 0.00908100
v 0.03419700 0.04556500 0.01569000
v 0.03445000 0.04352900 0.01569000
v 0.03448400 0.04309600 0.01577000
v 0.03450800 0.04280700 0.01601600
v 0.03451400 0.04272200 0.01616200
v 0.03451400 0.04272200 0.01754700
v 0.03449200 0.04299700 0.01786000
v 0.03447700 0.04318700 0.01795300
v 0.03445000 0.04352800 0.01802100
v 0.03419700 0.04556600 0.01802100
v 0.03419100 0.04560600 0.01805700
v 0.03419100 0.04560600 0.02205900
v 0.03417700 0.04569800 0.02236800
v 0.03416400 0.04578500 0.02251700
v 0.03413600 0.04597300 0.02267800
v 0.03408100 0.04633700 0.02283000
v 0.03385400 0.04785300 0.02283000
v 0.03382700 0.04803500 0.02275300
v 0.03377300 0.04839700 0.02244000
v 0.03375900 0.04849000 0.02227700
v 0.03375900 0.04849000 0.01805800
v 0.03375300 0.04853000 0.01802200
v 0.03306400 0.05217100 0.01802200
v 0.03299600 0.05252500 0.01794400
v 0.03296300 0.05269100 0.01787500
v 0.03294000 0.05281100 0.01777300
v 0.03290400 0.05298600 0.01754100
v 0.03288700 0.05307000 0.01731900
v 0.03288000 0.05307000 0.01638100
v 0.03291100 0.05289400 0.01601100
v 0.03296200 0.05261500 0.01576800
v 0.03304600 0.05217400 0.01568900
v 0.03374300 0.04853200 0.01568900
v 0.03375100 0.04848900 0.01565400
v 0.03369800 0.04848900 0.00849100
v 0.03365600 0.04869000 0.00803700
v 0.03362400 0.04884700 0.00774200
v 0.03358800 0.04902100 0.00747500
v 0.03352800 0.04932900 0.00727800
v 0.03345000 0.04972700 0.00710400
v 0.03335700 0.05021100 0.00698700
v 0.03329600 0.05052900 0.00694700
v 0.03288600 0.05266900 0.00694700
v 0.03281300 0.05304500 0.00679000
v 0.03275500 0.05332900 0.00639500
v 0.03274700 0.05332900 0.00523900
v 0.03277900 0.05314800 0.00492700
v 0.03280000 0.05303600 0.00483200
v 0.03284900 0.05277200 0.00468800
v 0.03344600 0.04965600 0.00468800
v 0.03355400 0.04909400 0.00477700
v 0.03367100 0.04848900 0.00492800
v 0.03376200 0.04802100 0.00508400
v 0.03385300 0.04755300 0.00529300
v 0.03390500 0.04729100 0.00545700
v 0.03403600 0.04662500 0.00602300
v 0.03407800 0.04635700 0.00642200
v 0.03411600 0.04610400 0.00687000
v 0.03414700 0.04589800 0.00739100
v 0.03416800 0.04575500 0.00795100
v 0.03418400 0.04565000 0.00865300
v 0.03604500 -0.03733500 0.00516300
v 0.03604500 -0.03716100 0.00493300
v 0.03604500 -0.03704700 0.00483200
v 0.03604500 -0.03678100 0.00468700
v 0.03604500 -0.03508300 0.00468700
v 0.03604500 -0.03490900 0.00476100
v 0.03604500 -0.03461800 0.00500800
v 0.03604500 -0.03453100 0.00524200
v 0.03604500 -0.03453100 0.02227900
v 0.03604500 -0.03470500 0.02257700
v 0.03604500 -0.03482500 0.02268500
v 0.03604500 -0.03517200 0.02283000
v 0.03604500 -0.03670000 0.02283000
v 0.03604500 -0.03687600 0.02275500
v 0.03604500 -0.03724600 0.02243700
v 0.03604500 -0.03733500 0.02228600
v 0.03604500 -0.03313600 0.00516300
v 0.03604500 -0.03296200 0.00493300
v 0.03604500 -0.03284800 0.00483200
v 0.03604500 -0.03258300 0.00468700
v 0.03604500 -0.03088400 0.00468700
v 0.03604500 -0.03071000 0.00476100
v 0.03604500 -0.03041900 0.00500800
v 0.03604500 -0.03033300 0.00524200
v 0.03604500 -0.03033300 0.02227900
v 0.03604500 -0.03050700 0.02257700
v 0.03604500 -0.03062700 0.02268500
v 0.03604500 -0.03097300 0.02283000
v 0.03604500 -0.03250200 0.02283000
v 0.03604500 -0.03267800 0.02275500
v 0.03604500 -0.03304700 0.02243700
v 0.03604500 -0.03313600 0.02228600
v 0.03604500 -0.02969800 0.00982900
v 0.03604500 -0.02969800 0.01280800
v 0.03604500 -0.02958300 0.01338000
v 0.03604500 -0.02941500 0.01402800
v 0.03604500 -0.02923600 0.01448400
v 0.03604500 -0.02905100 0.01492300
v 0.03604500 -0.02879100 0.01537400
v 0.03604500 -0.02846200 0.01579000
v 0.03604500 -0.02812700 0.01620600
v 0.03604500 -0.02761800 0.01667400
v 0.03604500 -0.02696500 0.01716500
v 0.03604500 -0.02628900 0.01752900
v 0.03604500 -0.02557900 0.01782400
v 0.03604500 -0.02486000 0.01803400
v 0.03604500 -0.02412800 0.01817100
v 0.03604500 -0.02360600 0.01824200
v 0.03604500 -0.02163300 0.01824200
v 0.03604500 -0.02087100 0.01813100
v 0.03604500 -0.02011200 0.01797100
v 0.03604500 -0.01948300 0.01775700
v 0.03604500 -0.01894500 0.01752900
v 0.03604500 -0.01852300 0.01731200
v 0.03604500 -0.01819200 0.01713500
v 0.03604500 -0.01698900 0.01610200
v 0.03604500 -0.01667400 0.01564400
v 0.03604500 -0.01634700 0.01516900
v 0.03604500 -0.01607600 0.01463000
v 0.03604500 -0.01589300 0.01417900
v 0.03604500 -0.01575700 0.01380100
v 0.03604500 -0.01565100 0.01333000
v 0.03604500 -0.01556100 0.01289500
v 0.03604500 -0.01556100 0.00991000
v 0.03604500 -0.01564100 0.00935800
v 0.03604500 -0.01581500 0.00866300
v 0.03604500 -0.01601900 0.00810400
v 0.03604500 -0.01627900 0.00757600
v 0.03604500 -0.01661400 0.00710500
v 0.03604500 -0.01693100 0.00667700
v 0.03604500 -0.01723900 0.00631600
v 0.03604500 -0.01785400 0.00578700
v 0.03604500 -0.01838600 0.00543600
v 0.03604500 -0.01889800 0.00515500
v 0.03604500 -0.01939900 0.00491800
v 0.03604500 -0.02009100 0.00470400
v 0.03604500 -0.02068000 0.00457700
v 0.03604500 -0.02162900 0.00442600
v 0.03604500 -0.02237200 0.00439300
v 0.03604500 -0.02296000 0.00439300
v 0.03604500 -0.02416700 0.00447300
v 0.03604500 -0.02510000 0.00468700
v 0.03604500 -0.02603700 0.00498500
v 0.03604500 -0.02674900 0.00534600
v 0.03604500 -0.02729700 0.00571000
v 0.03604500 -0.02808600 0.00638900
v 0.03604500 -0.02860400 0.00706100
v 0.03604500 -0.02903600 0.00773300
v 0.03604500 -0.02936700 0.00852900
v 0.03604500 -0.02955100 0.00905700
v 0.03604500 -0.02690400 0.01035800
v 0.03604500 -0.02690400 0.01219400
v 0.03604500 -0.02673300 0.01305300
v 0.03604500 -0.02647600 0.01384200
v 0.03604500 -0.02608400 0.01445100
v 0.03604500 -0.02574300 0.01487200
v 0.03604500 -0.02532900 0.01523000
v 0.03604500 -0.02478400 0.01555400
v 0.03604500 -0.02428200 0.01574500
v 0.03604500 -0.02364700 0.01588500
v 0.03604500 -0.02318900 0.01596200
v 0.03604500 -0.02204500 0.01596200
v 0.03604500 -0.02157000 0.01586800
v 0.03604500 -0.02097900 0.01572800
v 0.03604500 -0.02045400 0.01556400
v 0.03604500 -0.01994500 0.01525000
v 0.03604500 -0.01943700 0.01482500
v 0.03604500 -0.01905500 0.01435700
v 0.03604500 -0.01878500 0.01390600
v 0.03604500 -0.01863400 0.01351000
v 0.03604500 -0.01843100 0.01300600
v 0.03604500 -0.01834800 0.01233700
v 0.03604500 -0.01834800 0.01034300
v 0.03604500 -0.01851600 0.00952400
v 0.03604500 -0.01874500 0.00890200
v 0.03604500 -0.01899800 0.00841700
v 0.03604500 -0.01941900 0.00787100
v 0.03604500 -0.01990000 0.00745800
v 0.03604500 -0.02046600 0.00710100
v 0.03604500 -0.02102800 0.00691600
v 0.03604500 -0.02177800 0.00674300
v 0.03604500 -0.02338300 0.00674300
v 0.03604500 -0.02411800 0.00689200
v 0.03604500 -0.02463900 0.00702800
v 0.03604500 -0.02512100 0.00728100
v 0.03604500 -0.02595500 0.00798700
v 0.03604500 -0.02637300 0.00858100
v 0.03604500 -0.02662900 0.00917100
v 0.03604500 -0.02681000 0.00975700
v 0.03604500 0.00086400 0.00982900
v 0.03604500 0.00086400 0.01280800
v 0.03604500 0.00098000 0.01338000
v 0.03604500 0.00114700 0.01402800
v 0.03604500 0.00132600 0.01448400
v 0.03604500 0.00151100 0.01492300
v 0.03604500 0.00177100 0.01537400
v 0.03604500 0.00210100 0.01579000
v 0.03604500 0.00243600 0.01620600
v 0.03604500 0.00294400 0.01667400
v 0.03604500 0.00359700 0.01716500
v 0.03604500 0.00427300 0.01752900
v 0.03604500 0.00498400 0.01782400
v 0.03604500 0.00570300 0.01803400
v 0.03604500 0.00643500 0.01817100
v 0.03604500 0.00695700 0.01824200
v 0.03604500 0.00892900 0.01824200
v 0.03604500 0.00969200 0.01813100
v 0.03604500 0.01045100 0.01797100
v 0.03604500 0.01107900 0.01775700
v 0.03604500 0.01161800 0.01752900
v 0.03604500 0.01203900 0.01731200
v 0.03604500 0.01237000 0.01713500
v 0.03604500 0.01357400 0.01610200
v 0.03604500 0.01388800 0.01564400
v 0.03604500 0.01421600 0.01516900
v 0.03604500 0.01448700 0.01463000
v 0.03604200 0.01467000 0.01417900
v 0.03603800 0.01480600 0.01380100
v 0.03603500 0.01491100 0.01332900
v 0.03603300 0.01500200 0.01289500
v 0.03603300 0.01500200 0.00991000
v 0.03603500 0.01492200 0.00935900
v 0.03604000 0.01474800 0.00866300
v 0.03604500 0.01454400 0.00810500
v 0.03604500 0.01428300 0.00757600
v 0.03604500 0.01394900 0.00710500
v 0.03604500 0.01363100 0.00667700
v 0.03604500 0.01332300 0.00631600
v 0.03604500 0.01270800 0.00578700
v 0.03604500 0.01217700 0.00543600
v 0.03604500 0.01166500 0.00515500
v 0.03604500 0.01116300 0.00491800
v 0.03604500 0.01047100 0.00470400
v 0.03604500 0.00988300 0.00457700
v 0.03604500 0.00893300 0.00442600
v 0.03604500 0.00819100 0.00439300
v 0.03604500 0.00760200 0.00439300
v 0.03604500 0.00639500 0.00447300
v 0.03604500 0.00546200 0.00468700
v 0.03604500 0.00452600 0.00498500
v 0.03604500 0.00381400 0.00534600
v 0.03604500 0.00326500 0.00571000
v 0.03604500 0.00247600 0.00638900
v 0.03604500 0.00195800 0.00706100
v 0.03604500 0.00152700 0.00773300
v 0.03604500 0.00119600 0.00852900
v 0.03604500 0.00101200 0.00905700
v 0.03604500 0.00365900 0.01035800
v 0.03604500 0.00365900 0.01219400
v 0.03604500 0.00382900 0.01305300
v 0.03604500 0.00408700 0.01384200
v 0.03604500 0.00447800 0.01445100
v 0.03604500 0.00481900 0.01487200
v 0.03604500 0.00523400 0.01523000
v 0.03604500 0.00577900 0.01555400
v 0.03604500 0.00628000 0.01574500
v 0.03604500 0.00691600 0.01588500
v 0.03604500 0.00737400 0.01596200
v 0.03604500 0.00851700 0.01596200
v 0.03604500 0.00899200 0.01586800
v 0.03604500 0.00958400 0.01572800
v 0.03604500 0.01010900 0.01556400
v 0.03604500 0.01061700 0.01525000
v 0.03604500 0.01112500 0.01482500
v 0.03604500 0.01150700 0.01435700
v 0.03604500 0.01177700 0.01390600
v 0.03604500 0.01192800 0.01351000
v 0.03604500 0.01213200 0.01300600
v 0.03604500 0.01221500 0.01233700
v 0.03604500 0.01221500 0.01034300
v 0.03604500 0.01204700 0.00952400
v 0.03604500 0.01181800 0.00890200
v 0.03604500 0.01156500 0.00841700
v 0.03604500 0.01114400 0.00787100
v 0.03604500 0.01066200 0.00745800
v 0.03604500 0.01009600 0.00710100
v 0.03604500 0.00953500 0.00691600
v 0.03604500 0.00878400 0.00674300
v 0.03604500 0.00717900 0.00674300
v 0.03604500 0.00644500 0.00689200
v 0.03604500 0.00592300 0.00702800
v 0.03604500 0.00544200 0.00728100
v 0.03604500 0.00460700 0.00798700
v 0.03604500 0.00419000 0.00858100
v 0.03604500 0.00393300 0.00917100
v 0.03604500 0.00375300 0.00975700
v 0.03562600 0.02971800 0.00982900
v 0.03562600 0.02971800 0.01280800
v 0.03561700 0.02983500 0.01338000
v 0.03560400 0.03000300 0.01402800
v 0.03558900 0.03018200 0.01448400
v 0.03557500 0.03036700 0.01492300
v 0.03555400 0.03062700 0.01537400
v 0.03552700 0.03095600 0.01579000
v 0.03550100 0.03129100 0.01620600
v 0.03546000 0.03180000 0.01667400
v 0.03540800 0.03245200 0.01716500
v 0.03535400 0.03312800 0.01752900
v 0.03529700 0.03383900 0.01782400
v 0.03524000 0.03455800 0.01803400
v 0.03518100 0.03529000 0.01817100
v 0.03513900 0.03581200 0.01824200
v 0.03498200 0.03778500 0.01824200
v 0.03492100 0.03854700 0.01813100
v 0.03486000 0.03930600 0.01797100
v 0.03481000 0.03993500 0.01775700
v 0.03476700 0.04047300 0.01752900
v 0.03473300 0.04089500 0.01731200
v 0.03470700 0.04122500 0.01713500
v 0.03461000 0.04242900 0.01610200
v 0.03458500 0.04274400 0.01564400
v 0.03455900 0.04307100 0.01516900
v 0.03453700 0.04334200 0.01463000
v 0.03452300 0.04352500 0.01417900
v 0.03451200 0.04366100 0.01380100
v 0.03450300 0.04376600 0.01333000
v 0.03449600 0.04385700 0.01289500
v 0.03449600 0.04385700 0.00991000
v 0.03450300 0.04377700 0.00935800
v 0.03451700 0.04360300 0.00866300
v 0.03453300 0.04339900 0.00810400
v 0.03455400 0.04313900 0.00757600
v 0.03458000 0.04280400 0.00710500
v 0.03460600 0.04248600 0.00667700
v 0.03463000 0.04217900 0.00631600
v 0.03468000 0.04156400 0.00578700
v 0.03472200 0.04103200 0.00543600
v 0.03476300 0.04052000 0.00515500
v 0.03480300 0.04001900 0.00491800
v 0.03485800 0.03932700 0.00470400
v 0.03490500 0.03873800 0.00457700
v 0.03498100 0.03778900 0.00442600
v 0.03504100 0.03704600 0.00439300
v 0.03508800 0.03645800 0.00439300
v 0.03518400 0.03525100 0.00447300
v 0.03525900 0.03431800 0.00468700
v 0.03533400 0.03338100 0.00498500
v 0.03539000 0.03266900 0.00534600
v 0.03543400 0.03212100 0.00571000
v 0.03549700 0.03133200 0.00638900
v 0.03553900 0.03081300 0.00706100
v 0.03557300 0.03038200 0.00773300
v 0.03560000 0.03005100 0.00852900
v 0.03561400 0.02986700 0.00905700
v 0.03540300 0.03251400 0.01035800
v 0.03540300 0.03251400 0.01219400
v 0.03538900 0.03268500 0.01305300
v 0.03536900 0.03294200 0.01384200
v 0.03533700 0.03333300 0.01445100
v 0.03531000 0.03367400 0.01487200
v 0.03527700 0.03408900 0.01523000
v 0.03523300 0.03463400 0.01555400
v 0.03519300 0.03513600 0.01574500
v 0.03514300 0.03577100 0.01588500
v 0.03510600 0.03622900 0.01596200
v 0.03501500 0.03737300 0.01596200
v 0.03497700 0.03784700 0.01586800
v 0.03492900 0.03843900 0.01572800
v 0.03488700 0.03896400 0.01556400
v 0.03484700 0.03947300 0.01525000
v 0.03480600 0.03998100 0.01482500
v 0.03477600 0.04036300 0.01435700
v 0.03475400 0.04063300 0.01390600
v 0.03474200 0.04078400 0.01351000
v 0.03472600 0.04098700 0.01300600
v 0.03471900 0.04107000 0.01233700
v 0.03471900 0.04107000 0.01034300
v 0.03473200 0.04090200 0.00952400
v 0.03475100 0.04067300 0.00890200
v 0.03477100 0.04042000 0.00841700
v 0.03480500 0.03999900 0.00787100
v 0.03484300 0.03951700 0.00745800
v 0.03488800 0.03895200 0.00710100
v 0.03493300 0.03839000 0.00691600
v 0.03499300 0.03764000 0.00674300
v 0.03512200 0.03603500 0.00674300
v 0.03518000 0.03530000 0.00689200
v 0.03522200 0.03477900 0.00702800
v 0.03526000 0.03429700 0.00728100
v 0.03532700 0.03346300 0.00798700
v 0.03536000 0.03304500 0.00858100
v 0.03538100 0.03278900 0.00917100
v 0.03539500 0.03260800 0.00975700
v 0.03594100 0.01846400 0.01035800
v 0.03594100 0.01846400 0.01219400
v 0.03593600 0.01863400 0.01305300
v 0.03592900 0.01889200 0.01384200
v 0.03591900 0.01928300 0.01445100
v 0.03591000 0.01962400 0.01487200
v 0.03589900 0.02003800 0.01523000
v 0.03588400 0.02058300 0.01555400
v 0.03587100 0.02108500 0.01574500
v 0.03585400 0.02172000 0.01588500
v 0.03584200 0.02217800 0.01596200
v 0.03581200 0.02332200 0.01596200
v 0.03579900 0.02379700 0.01586800
v 0.03578500 0.02431700 0.01572800
v 0.03577100 0.02484200 0.01556400
v 0.03575800 0.02535000 0.01525000
v 0.03574400 0.02585800 0.01482500
v 0.03573400 0.02624000 0.01435700
v 0.03572700 0.02651000 0.01390600
v 0.03572300 0.02666100 0.01351000
v 0.03571700 0.02686400 0.01300600
v 0.03571500 0.02694800 0.01233700
v 0.03571500 0.02694800 0.01034300
v 0.03572000 0.02677900 0.00952400
v 0.03572600 0.02655000 0.00890200
v 0.03573200 0.02629800 0.00841700
v 0.03574400 0.02587600 0.00787100
v 0.03575600 0.02539500 0.00745800
v 0.03577100 0.02482900 0.00710100
v 0.03578600 0.02426700 0.00691600
v 0.03580400 0.02358900 0.00674300
v 0.03584700 0.02198400 0.00674300
v 0.03586700 0.02125000 0.00689200
v 0.03588000 0.02072800 0.00702800
v 0.03589300 0.02024700 0.00728100
v 0.03591500 0.01941200 0.00798700
v 0.03592700 0.01899500 0.00858100
v 0.03593300 0.01873800 0.00917100
v 0.03593800 0.01855700 0.00975700
v 0.03563600 0.02960000 0.00904400
v 0.03565100 0.02936300 0.00835000
v 0.03566000 0.02902200 0.00763300
v 0.03567100 0.02859500 0.00698100
v 0.03568400 0.02811500 0.00643700
v 0.03569700 0.02763600 0.00595800
v 0.03571700 0.02687300 0.00543800
v 0.03573700 0.02613900 0.00501700
v 0.03575800 0.02535200 0.00474400
v 0.03577800 0.02456600 0.00452700
v 0.03580200 0.02367500 0.00443900
v 0.03582200 0.02294500 0.00439100
v 0.03584600 0.02201800 0.00443500
v 0.03587000 0.02110700 0.00459100
v 0.03589200 0.02030800 0.00482800
v 0.03590800 0.01967800 0.00513300
v 0.03592500 0.01907300 0.00551400
v 0.03594000 0.01850700 0.00606000
v 0.03594100 0.01846700 0.00515700
v 0.03594300 0.01837400 0.00500000
v 0.03594800 0.01818800 0.00483800
v 0.03595500 0.01791100 0.00468700
v 0.03600000 0.01622800 0.00468700
v 0.03600800 0.01594500 0.00484200
v 0.03601300 0.01575600 0.00508500
v 0.03601500 0.01566900 0.00525000
v 0.03601500 0.01566900 0.02226500
v 0.03601200 0.01577100 0.02245100
v 0.03600300 0.01613300 0.02275900
v 0.03599800 0.01630700 0.02282900
v 0.03595800 0.01783200 0.02282900
v 0.03594800 0.01817600 0.02268500
v 0.03594500 0.01830000 0.02258300
v 0.03594100 0.01847200 0.02235300
v 0.03594100 0.01847200 0.01669500
v 0.03593900 0.01852500 0.01665800
v 0.03592200 0.01917100 0.01720900
v 0.03590800 0.01969300 0.01750700
v 0.03589000 0.02037100 0.01781500
v 0.03587300 0.02101700 0.01803200
v 0.03585200 0.02180600 0.01818300
v 0.03584000 0.02225400 0.01824600
v 0.03579600 0.02391700 0.01824600
v 0.03577300 0.02477000 0.01809800
v 0.03575700 0.02538000 0.01792300
v 0.03574300 0.02590400 0.01773100
v 0.03572900 0.02640900 0.01750500
v 0.03571100 0.02709400 0.01713700
v 0.03568800 0.02796900 0.01638700
v 0.03567700 0.02839300 0.01594700
v 0.03566800 0.02871300 0.01552600
v 0.03566100 0.02898000 0.01515600
v 0.03565500 0.02922000 0.01464600
v 0.03564900 0.02942700 0.01398200
v 0.03563700 0.02958600 0.01353100
v 0.03594000 0.01847300 0.00597300
v 0.03604500 -0.06583800 0.02235900
v 0.03604500 -0.06583800 0.00515300
v 0.03604500 -0.06545800 0.00476300
v 0.03604500 -0.06573600 0.00500000
v 0.03604500 -0.06528000 0.00468800
v 0.03604500 -0.06357500 0.00468800
v 0.03604500 -0.06311500 0.00508500
v 0.03604500 -0.06303000 0.00530700
v 0.03604500 -0.06303000 0.01276800
v 0.03604500 -0.06277800 0.01376500
v 0.03604500 -0.06249300 0.01437300
v 0.03604500 -0.06212600 0.01480500
v 0.03604500 -0.06154600 0.01527100
v 0.03604500 -0.06092100 0.01562200
v 0.03604500 -0.06008300 0.01584100
v 0.03604500 -0.05958000 0.01595000
v 0.03604500 -0.05833600 0.01596100
v 0.03604500 -0.05759100 0.01579700
v 0.03604500 -0.05675900 0.01551700
v 0.03604500 -0.05627100 0.01520000
v 0.03604500 -0.05576200 0.01473400
v 0.03604500 -0.05550300 0.01441100
v 0.03604500 -0.05525200 0.01395800
v 0.03604500 -0.05502800 0.01336500
v 0.03604500 -0.05489100 0.01268000
v 0.03604500 -0.05489100 0.00521300
v 0.03604500 -0.05472400 0.00493900
v 0.03604500 -0.05460200 0.00482500
v 0.03604500 -0.05433900 0.00468800
v 0.03604500 -0.05263500 0.00468800
v 0.03604500 -0.05237300 0.00483600
v 0.03604500 -0.05225500 0.00493500
v 0.03604500 -0.05209100 0.00515600
v 0.03604500 -0.05209100 0.01339100
v 0.03604500 -0.05234800 0.01450200
v 0.03604500 -0.05263600 0.01509600
v 0.03604500 -0.05288000 0.01553700
v 0.03604500 -0.05316500 0.01592100
v 0.03604500 -0.05354900 0.01639700
v 0.03604500 -0.05450000 0.01721400
v 0.03604500 -0.05508900 0.01751500
v 0.03604500 -0.05584600 0.01781500
v 0.03604500 -0.05658800 0.01804400
v 0.03604500 -0.05765300 0.01824100
v 0.03604500 -0.05942600 0.01824100
v 0.03604500 -0.06038800 0.01808500
v 0.03604500 -0.06108000 0.01786100
v 0.03604500 -0.06149500 0.01770500
v 0.03604500 -0.06201600 0.01742400
v 0.03604500 -0.06248000 0.01715000
v 0.03604500 -0.06302400 0.01668600
v 0.03604500 -0.06302400 0.02214000
v 0.03604500 -0.06320600 0.02251700
v 0.03604500 -0.06339900 0.02268300
v 0.03604500 -0.06366600 0.02283100
v 0.03604500 -0.06528500 0.02283100
v 0.03604500 -0.06553900 0.02268300
v 0.03604500 -0.06566600 0.02258100
v 0.03604500 -0.05166700 0.01106300
v 0.03604500 -0.05166700 0.01185400
v 0.03604500 -0.05155500 0.01280000
v 0.03604500 -0.05144400 0.01348400
v 0.03604500 -0.05120100 0.01421400
v 0.03604500 -0.05083900 0.01495600
v 0.03604500 -0.05045800 0.01554800
v 0.03604500 -0.04993200 0.01623100
v 0.03604500 -0.04903100 0.01700000
v 0.03604500 -0.04815200 0.01752500
v 0.03604500 -0.04736800 0.01784000
v 0.03604500 -0.04657700 0.01807200
v 0.03604500 -0.04572100 0.01822800
v 0.03604500 -0.04373400 0.01824100
v 0.03604500 -0.04267500 0.01807000
v 0.03604500 -0.04163300 0.01773700
v 0.03604500 -0.04084300 0.01735300
v 0.03604500 -0.04025100 0.01699200
v 0.03604500 -0.03979700 0.01659300
v 0.03604500 -0.03930000 0.01610500
v 0.03604500 -0.03886500 0.01551800
v 0.03604500 -0.03853900 0.01502400
v 0.03604500 -0.03831400 0.01452000
v 0.03604500 -0.03809800 0.01397100
v 0.03604500 -0.03796200 0.01336300
v 0.03604500 -0.03784800 0.01231400
v 0.03604500 -0.03784800 0.01098500
v 0.03604500 -0.03800600 0.01063700
v 0.03604500 -0.03822200 0.01044000
v 0.03604500 -0.03840900 0.01036700
v 0.03604500 -0.04873900 0.01036700
v 0.03604500 -0.04878500 0.01032800
v 0.03604500 -0.04878500 0.00953300
v 0.03604500 -0.04859100 0.00902300
v 0.03604500 -0.04841200 0.00863600
v 0.03604500 -0.04815000 0.00813700
v 0.03604500 -0.04769300 0.00770400
v 0.03604500 -0.04717200 0.00732700
v 0.03604500 -0.04659800 0.00702700
v 0.03604500 -0.04599300 0.00686700
v 0.03604500 -0.04534700 0.00673400
v 0.03604500 -0.04381400 0.00673400
v 0.03604500 -0.04317800 0.00683300
v 0.03604500 -0.04260400 0.00699200
v 0.03604500 -0.04209400 0.00721300
v 0.03604500 -0.04165300 0.00744100
v 0.03604500 -0.04095700 0.00803800
v 0.03604500 -0.04034500 0.00833100
v 0.03604500 -0.03891100 0.00833100
v 0.03604500 -0.03871000 0.00824900
v 0.03604500 -0.03835600 0.00794600
v 0.03604500 -0.03826900 0.00770000
v 0.03604500 -0.03826900 0.00748900
v 0.03604500 -0.03836100 0.00718000
v 0.03604500 -0.03854100 0.00687600
v 0.03604500 -0.03881000 0.00650100
v 0.03604500 -0.03913800 0.00615500
v 0.03604500 -0.03967200 0.00570300
v 0.03604500 -0.04029200 0.00533100
v 0.03604500 -0.04085500 0.00508800
v 0.03604500 -0.04142900 0.00484300
v 0.03604500 -0.04220400 0.00461200
v 0.03604500 -0.04293700 0.00446100
v 0.03604500 -0.04390400 0.00439200
v 0.03604500 -0.04509600 0.00439200
v 0.03604500 -0.04615200 0.00447000
v 0.03604500 -0.04699400 0.00469000
v 0.03604500 -0.04776800 0.00492400
v 0.03604500 -0.04850400 0.00534200
v 0.03604500 -0.04905300 0.00574600
v 0.03604500 -0.04954300 0.00610000
v 0.03604500 -0.04996100 0.00653400
v 0.03604500 -0.05039300 0.00705000
v 0.03604500 -0.05077500 0.00765700
v 0.03604500 -0.05108400 0.00829800
v 0.03604500 -0.05133800 0.00900000
v 0.03604500 -0.05152400 0.00968000
v 0.03604500 -0.05160800 0.01046300
v 0.03604500 -0.04873300 0.01255800
v 0.03604500 -0.04878200 0.01259700
v 0.03604500 -0.04878200 0.01331400
v 0.03604500 -0.04855900 0.01376700
v 0.03604500 -0.04834300 0.01416600
v 0.03604500 -0.04813400 0.01451900
v 0.03604500 -0.04771800 0.01492300
v 0.03604500 -0.04718600 0.01527400
v 0.03604500 -0.04668000 0.01560800
v 0.03604500 -0.04617900 0.01575700
v 0.03604500 -0.04560000 0.01588000
v 0.03604500 -0.04509000 0.01596100
v 0.03604500 -0.04434200 0.01596100
v 0.03604500 -0.04374700 0.01589200
v 0.03604500 -0.04313900 0.01573800
v 0.03604500 -0.04253500 0.01551600
v 0.03604500 -0.04176000 0.01504700
v 0.03604500 -0.04124400 0.01453100
v 0.03604500 -0.04098900 0.01412500
v 0.03604500 -0.04081900 0.01367200
v 0.03604500 -0.04065000 0.01313300
v 0.03604500 -0.04065000 0.01260100
v 0.03604500 -0.04069600 0.01256000
v 0.03604500 -0.00638400 0.00538900
v 0.03604500 -0.00638400 0.01725100
v 0.03604500 -0.00628600 0.01756600
v 0.03604500 -0.00611200 0.01778700
v 0.03604500 -0.00582900 0.01795200
v 0.03604500 -0.00549200 0.01802100
v 0.03604500 -0.00439600 0.01802100
v 0.03604500 -0.00403400 0.01794500
v 0.03604500 -0.00367200 0.01762900
v 0.03604500 -0.00349700 0.01733000
v 0.03604500 -0.00349500 0.01674900
v 0.03604500 -0.00345800 0.01671400
v 0.03604500 -0.00337400 0.01682100
v 0.03604500 -0.00294200 0.01721800
v 0.03604500 -0.00251500 0.01751500
v 0.03604500 -0.00200000 0.01773100
v 0.03604500 -0.00147500 0.01788200
v 0.03604500 -0.00086000 0.01795900
v 0.03604500 -0.00024900 0.01802100
v 0.03604500 0.00156300 0.01802100
v 0.03604500 0.00199100 0.01786400
v 0.03604500 0.00226500 0.01763400
v 0.03604500 0.00235300 0.01747100
v 0.03604500 0.00235300 0.01614800
v 0.03604500 0.00190200 0.01576900
v 0.03604500 0.00162000 0.01568500
v 0.03604500 -0.00087700 0.01568500
v 0.03604500 -0.00142300 0.01554800
v 0.03604500 -0.00194100 0.01539500
v 0.03604500 -0.00229800 0.01522500
v 0.03604500 -0.00265200 0.01498600
v 0.03604500 -0.00300400 0.01460900
v 0.03604500 -0.00320900 0.01427300
v 0.03604500 -0.00336900 0.01384300
v 0.03604500 -0.00346000 0.01346900
v 0.03604500 -0.00349200 0.01326700
v 0.03604500 -0.00349200 0.00537000
v 0.03604500 -0.00367600 0.00499800
v 0.03604500 -0.00395400 0.00476600
v 0.03604500 -0.00413100 0.00468900
v 0.03604500 -0.00574900 0.00468900
v 0.03604500 -0.00593700 0.00477100
v 0.03604500 -0.00629200 0.00508400
v 0.03426200 0.04561600 0.01565500
v 0.03426200 0.04561700 0.00908100
v 0.03426800 0.04557500 0.01569000
v 0.03452200 0.04353700 0.01569000
v 0.03455700 0.04310100 0.01577000
v 0.03458000 0.04281300 0.01601600
v 0.03458600 0.04272700 0.01616200
v 0.03458600 0.04272700 0.01754700
v 0.03456400 0.04300300 0.01786000
v 0.03454900 0.04319300 0.01795300
v 0.03452200 0.04353500 0.01802100
v 0.03426800 0.04557600 0.01802100
v 0.03426200 0.04561600 0.01805700
v 0.03426200 0.04561600 0.02205900
v 0.03424900 0.04570800 0.02236800
v 0.03423600 0.04579500 0.02251700
v 0.03420700 0.04598400 0.02267800
v 0.03415300 0.04634800 0.02283000
v 0.03392600 0.04786400 0.02283000
v 0.03389900 0.04804600 0.02275300
v 0.03384400 0.04840800 0.02244000
v 0.03383100 0.04850100 0.02227700
v 0.03383100 0.04850100 0.01805800
v 0.03382400 0.04854200 0.01802200
v 0.03313500 0.05218400 0.01802100
v 0.03306700 0.05253900 0.01794400
v 0.03303500 0.05270500 0.01787400
v 0.03301100 0.05282400 0.01777300
v 0.03297600 0.05300000 0.01754100
v 0.03295800 0.05308400 0.01731800
v 0.03295100 0.05308400 0.01638000
v 0.03298200 0.05290800 0.01601100
v 0.03303300 0.05262900 0.01576700
v 0.03311700 0.05218800 0.01568800
v 0.03381500 0.04854600 0.01568800
v 0.03382300 0.04850100 0.01565400
v 0.03376900 0.04850200 0.00849100
v 0.03372700 0.04870300 0.00803600
v 0.03369500 0.04886100 0.00774200
v 0.03365900 0.04903500 0.00747400
v 0.03359900 0.04934200 0.00727700
v 0.03352200 0.04974000 0.00710300
v 0.03342800 0.05022500 0.00698600
v 0.03336700 0.05054300 0.00694600
v 0.03295700 0.05268300 0.00694600
v 0.03288400 0.05305800 0.00678900
v 0.03282700 0.05334300 0.00639400
v 0.03281800 0.05334300 0.00523800
v 0.03285000 0.05316200 0.00492700
v 0.03287100 0.05305000 0.00483200
v 0.03292000 0.05278500 0.00468800
v 0.03351700 0.04967000 0.00468800
v 0.03362500 0.04910700 0.00477700
v 0.03374200 0.04850300 0.00492700
v 0.03383300 0.04803400 0.00508300
v 0.03392400 0.04756600 0.00529200
v 0.03397600 0.04730400 0.00545700
v 0.03410700 0.04663800 0.00602300
v 0.03415000 0.04637000 0.00642200
v 0.03418700 0.04611600 0.00687100
v 0.03421800 0.04591000 0.00739200
v 0.03424000 0.04576800 0.00795200
v 0.03425600 0.04566200 0.00865400
vt 0.00000000 0.00000000
vt 0.00000000 0.00000000
vt 0.00000000 0.00000000
vt 0.00000000 0.00000000
vt 0.00000000 0.00000000
vt 0.00000000 0.00000000
vt 0.00000000 0.00000000
vt 0.00000000 0.00000000
vt 0.00000000 0.00000000
vt 0.00000000 0.00000000
vt 0.00000000 0.00000000
vt 0.00000000 0.00000000
vt 0.00000000 0.00000000
vt 0.00000000 0.00000000
vt 0.00000000 0.00000000
vt 0.00000000 0.00000000
vt 0.00000000 0.00000000
vt 0.00000000 0.00000000
vt 0.00000000 0.00000000
vt 0.00000000 0.00000000
vt 0.00000000 0.00000000
vt 0.00000000 0.00000000
vt 0.00000000 0.00000000
vt 0.00000000 0.00000000
vt 0.00000000 0.00000000
vt 0.00000000 0.00000000
vt 0.00000000 0.00000000
vt 0.00000000 0.00000000
vt 0.00000000 0.00000000
vt 0.00000000 0.00000000
vt 0.00000000 0.00000000
vt 0.00000000 0.00000000
vt 0.00000000 0.00000000
vt 0.00000000 0.00000000
vt 0.00000000 0.00000000
vt 0.00000000 0.00000000
vt 0.00000000 0.00000000
vt 0.00000000 0.00000000
vt 0.00000000 0.00000000
vt 0.00000000 0.00000000
vt 0.00000000 0.00000000
vt 0.00000000 0.00000000
vt 0.00000000 0.00000000
vt 0.00000000 0.00000000
vt 0.00000000 0.00000000
vt 0.00000000 0.00000000
vt 0.00000000 0.00000000
vt 0.00000000 0.00000000
vt 0.00000000 0.00000000
vt 0.00000000 0.00000000
vt 0.00000000 0.00000000
vt 0.00000000 0.00000000
vt 0.00000000 0.00000000
vt 0.00000000 0.00000000
vt 0.00000000 0.00000000
vt 0.00000000 0.00000000
vt 0.00000000 0.00000000
vt 0.00000000 0.00000000
vt 0.00000000 0.00000000
vt 0.00000000 0.00000000
vt 0.00000000 0.00000000
vt 0.00000000 0.00000000
vt 0.00000000 0.00000000
vt 0.00000000 0.00000000
vt 0.00000000 0.00000000
vt 0.00000000 0.00000000
vt 0.00000000 0.00000000
vt 0.00000000 0.00000000
vt 0.00000000 0.00000000
vt 0.00000000 0.00000000
vt 0.00000000 0.00000000
vt 0.00000000 0.00000000
vt 0.00000000 0.00000000
vt 0.00000000 0.00000000
vt 0.00000000 0.00000000
vt 0.00000000 0.00000000
vt 0.00000000 0.00000000
vt 0.00000000 0.00000000
vt 0.00000000 0.00000000
vt 0.00000000 0.00000000
vt 0.00000000 0.00000000
vt 0.00000000 0.00000000
vt 0.00000000 0.00000000
vt 0.00000000 0.00000000
vt 0.00000000 0.00000000
vt 0.00000000 0.00000000
vt 0.00000000 0.00000000
vt 0.00000000 0.00000000
vt 0.00000000 0.00000000
vt 0.00000000 0.00000000
vt 0.00000000 0.00000000
vt 0.00000000 0.00000000
vt 0.00000000 0.00000000
vt 0.00000000 0.00000000
vt 0.00000000 0.00000000
vt 0.00000000 0.00000000
vt 0.00000000 0.00000000
vt 0.00000000 0.00000000
vt 0.00000000 0.00000000
vt 0.00000000 0.00000000
vt 0.00000000 0.00000000
vt 0.00000000 0.00000000
vt 0.00000000 0.00000000
vt 0.00000000 0.00000000
vt 0.00000000 0.00000000
vt 0.00000000 0.00000000
vt 0.00000000 0.00000000
vt 0.00000000 0.00000000
vt 0.00000000 0.00000000
vt 0.00000000 0.00000000
vt 0.00000000 0.00000000
vt 0.00000000 0.00000000
vt 0.00000000 0.00000000
vt 0.00000000 0.00000000
vt 0.00000000 0.00000000
vt 0.00000000 0.00000000
vt 0.00000000 0.00000000
vt 0.00000000 0.00000000
vt 0.00000000 0.00000000
vt 0.00000000 0.00000000
vt 0.00000000 0.00000000
vt 0.00000000 0.00000000
vt 0.00000000 0.00000000
vt 0.00000000 0.00000000
vt 0.00000000 0.00000000
vt 0.00000000 0.00000000
vt 0.00000000 0.00000000
vt 0.00000000 0.00000000
vt 0.00000000 0.00000000
vt 0.00000000 0.00000000
vt 0.00000000 0.00000000
vt 0.00000000 0.00000000
vt 0.00000000 0.00000000
vt 0.00000000 0.00000000
vt 0.00000000 0.00000000
vt 0.00000000 0.00000000
vt 0.00000000 0.00000000
vt 0.00000000 0.00000000
vt 0.00000000 0.00000000
vt 0.00000000 0.00000000
vt 0.00000000 0.00000000
vt 0.00000000 0.00000000
vt 0.00000000 0.00000000
vt 0.00000000 0.00000000
vt 0.00000000 0.00000000
vt 0.00000000 0.00000000
vt 0.00000000 0.00000000
vt 0.00000000 0.00000000
vt 0.00000000 0.00000000
vt 0.00000000 0.00000000
vt 0.00000000 0.00000000
vt 0.00000000 0.00000000
vt 0.00000000 0.00000000
vt 0.00000000 0.00000000
vt 0.00000000 0.00000000
vt 0.00000000 0.00000000
vt 0.00000000 0.00000000
vt 0.00000000 0.00000000
vt 0.00000000 0.00000000
vt 0.00000000 0.00000000
vt 0.00000000 0.00000000
vt 0.00000000 0.00000000
vt 0.00000000 0.00000000
vt 0.00000000 0.00000000
vt 0.00000000 0.00000000
vt 0.00000000 0.00000000
vt 0.00000000 0.00000000
vt 0.00000000 0.00000000
vt 0.00000000 0.00000000
vt 0.00000000 0.00000000
vt 0.00000000 0.00000000
vt 0.00000000 0.00000000
vt 0.00000000 0.00000000
vt 0.00000000 0.00000000
vt 0.00000000 0.00000000
vt 0.00000000 0.00000000
vt 0.00000000 0.00000000
vt 0.00000000 0.00000000
vt 0.00000000 0.00000000
vt 0.00000000 0.00000000
vt 0.00000000 0.00000000
vt 0.00000000 0.00000000
vt 0.00000000 0.00000000
vt 0.00000000 0.00000000
vt 0.00000000 0.00000000
vt 0.00000000 0.00000000
vt 0.00000000 0.00000000
vt 0.00000000 0.00000000
vt 0.00000000 0.00000000
vt 0.00000000 0.00000000
vt 0.00000000 0.00000000
vt 0.00000000 0.00000000
vt 0.00000000 0.00000000
vt 0.00000000 0.00000000
vt 0.00000000 0.00000000
vt 0.00000000 0.00000000
vt 0.00000000 0.00000000
vt 0.00000000 0.00000000
vt 0.00000000 0.00000000
vt 0.00000000 0.00000000
vt 0.00000000 0.00000000
vt 0.00000000 0.00000000
vt 0.00000000 0.00000000
vt 0.00000000 0.00000000
vt 0.00000000 0.00000000
vt 0.00000000 0.00000000
vt 0.00000000 0.00000000
vt 0.00000000 0.00000000
vt 0.00000000 0.00000000
vt 0.00000000 0.00000000
vt 0.00000000 0.00000000
vt 0.00000000 0.00000000
vt 0.00000000 0.00000000
vt 0.00000000 0.00000000
vt 0.00000000 0.00000000
vt 0.00000000 0.00000000
vt 0.00000000 0.00000000
vt 0.00000000 0.00000000
vt 0.00000000 0.00000000
vt 0.00000000 0.00000000
vt 0.00000000 0.00000000
vt 0.00000000 0.00000000
vt 0.00000000 0.00000000
vt 0.00000000 0.00000000
vt 0.00000000 0.00000000
vt 0.00000000 0.00000000
vt 0.00000000 0.00000000
vt 0.00000000 0.00000000
vt 0.00000000 0.00000000
vt 0.00000000 0.00000000
vt 0.00000000 0.00000000
vt 0.00000000 0.00000000
vt 0.00000000 0.00000000
vt 0.00000000 0.00000000
vt 0.00000000 0.00000000
vt 0.00000000 0.00000000
vt 0.00000000 0.00000000
vt 0.00000000 0.00000000
vt 0.00000000 0.00000000
vt 0.00000000 0.00000000
vt 0.00000000 0.00000000
vt 0.00000000 0.00000000
vt 0.00000000 0.00000000
vt 0.00000000 0.00000000
vt 0.00000000 0.00000000
vt 0.00000000 0.00000000
vt 0.00000000 0.00000000
vt 0.00000000 0.00000000
vt 0.00000000 0.00000000
vt 0.00000000 0.00000000
vt 0.00000000 0.00000000
vt 0.00000000 0.00000000
vt 0.00000000 0.00000000
vt 0.00000000 0.00000000
vt 0.00000000 0.00000000
vt 0.00000000 0.00000000
vt 0.00000000 0.00000000
vt 0.00000000 0.00000000
vt 0.00000000 0.00000000
vt 0.00000000 0.00000000
vt 0.00000000 0.00000000
vt 0.00000000 0.00000000
vt 0.00000000 0.00000000
vt 0.00000000 0.00000000
vt 0.00000000 0.00000000
vt 0.00000000 0.00000000
vt 0.00000000 0.00000000
vt 0.00000000 0.00000000
vt 0.00000000 0.00000000
vt 0.00000000 0.00000000
vt 0.00000000 0.00000000
vt 0.00000000 0.00000000
vt 0.00000000 0.00000000
vt 0.00000000 0.00000000
vt 0.00000000 0.00000000
vt 0.00000000 0.00000000
vt 0.00000000 0.00000000
vt 0.00000000 0.00000000
vt 0.00000000 0.00000000
vt 0.00000000 0.00000000
vt 0.00000000 0.00000000
vt 0.00000000 0.00000000
vt 0.00000000 0.00000000
vt 0.00000000 0.00000000
vt 0.00000000 0.00000000
vt 0.00000000 0.00000000
vt 0.00000000 0.00000000
vt 0.00000000 0.00000000
vt 0.00000000 0.00000000
vt 0.00000000 0.00000000
vt 0.00000000 0.00000000
vt 0.00000000 0.00000000
vt 0.00000000 0.00000000
vt 0.00000000 0.00000000
vt 0.00000000 0.00000000
vt 0.00000000 0.00000000
vt 0.00000000 0.00000000
vt 0.00000000 0.00000000
vt 0.00000000 0.00000000
vt 0.00000000 0.00000000
vt 0.00000000 0.00000000
vt 0.00000000 0.00000000
vt 0.00000000 0.00000000
vt 0.00000000 0.00000000
vt 0.00000000 0.00000000
vt 0.00000000 0.00000000
vt 0.00000000 0.00000000
vt 0.00000000 0.00000000
vt 0.00000000 0.00000000
vt 0.00000000 0.00000000
vt 0.00000000 0.00000000
vt 0.00000000 0.00000000
vt 0.00000000 0.00000000
vt 0.00000000 0.00000000
vt 0.00000000 0.00000000
vt 0.00000000 0.00000000
vt 0.00000000 0.00000000
vt 0.00000000 0.00000000
vt 0.00000000 0.00000000
vt 0.00000000 0.00000000
vt 0.00000000 0.00000000
vt 0.00000000 0.00000000
vt 0.00000000 0.00000000
vt 0.00000000 0.00000000
vt 0.00000000 0.00000000
vt 0.00000000 0.00000000
vt 0.00000000 0.00000000
vt 0.00000000 0.00000000
vt 0.00000000 0.00000000
vt 0.00000000 0.00000000
vt 0.00000000 0.00000000
vt 0.00000000 0.00000000
vt 0.00000000 0.00000000
vt 0.00000000 0.00000000
vt 0.00000000 0.00000000
vt 0.00000000 0.00000000
vt 0.00000000 0.00000000
vt 0.00000000 0.00000000
vt 0.00000000 0.00000000
vt 0.00000000 0.00000000
vt 0.00000000 0.00000000
vt 0.00000000 0.00000000
vt 0.00000000 0.00000000
vt 0.00000000 0.00000000
vt 0.00000000 0.00000000
vt 0.00000000 0.00000000
vt 0.00000000 0.00000000
vt 0.00000000 0.00000000
vt 0.00000000 0.00000000
vt 0.00000000 0.00000000
vt 0.00000000 0.00000000
vt 0.00000000 0.00000000
vt 0.00000000 0.00000000
vt 0.00000000 0.00000000
vt 0.00000000 0.00000000
vt 0.00000000 0.00000000
vt 0.00000000 0.00000000
vt 0.00000000 0.00000000
vt 0.00000000 0.00000000
vt 0.00000000 0.00000000
vt 0.00000000 0.00000000
vt 0.00000000 0.00000000
vt 0.00000000 0.00000000
vt 0.00000000 0.00000000
vt 0.00000000 0.00000000
vt 0.00000000 0.00000000
vt 0.00000000 0.00000000
vt 0.00000000 0.00000000
vt 0.00000000 0.00000000
vt 0.00000000 0.00000000
vt 0.00000000 0.00000000
vt 0.00000000 0.00000000
vt 0.00000000 0.00000000
vt 0.00000000 0.00000000
vt 0.00000000 0.00000000
vt 0.00000000 0.00000000
vt 0.00000000 0.00000000
vt 0.00000000 0.00000000
vt 0.00000000 0.00000000
vt 0.00000000 0.00000000
vt 0.00000000 0.00000000
vt 0.00000000 0.00000000
vt 0.00000000 0.00000000
vt 0.00000000 0.00000000
vt 0.00000000 0.00000000
vt 0.00000000 0.00000000
vt 0.00000000 0.00000000
vt 0.00000000 0.00000000
vt 0.00000000 0.00000000
vt 0.00000000 0.00000000
vt 0.00000000 0.00000000
vt 0.00000000 0.00000000
vt 0.00000000 0.00000000
vt 0.00000000 0.00000000
vt 0.00000000 0.00000000
vt 0.00000000 0.00000000
vt 0.00000000 0.00000000
vt 0.00000000 0.00000000
vt 0.00000000 0.00000000
vt 0.00000000 0.00000000
vt 0.00000000 0.00000000
vt 0.00000000 0.00000000
vt 0.00000000 0.00000000
vt 0.00000000 0.00000000
vt 0.00000000 0.00000000
vt 0.00000000 0.00000000
vt 0.00000000 0.00000000
vt 0.00000000 0.00000000
vt 0.00000000 0.00000000
vt 0.00000000 0.00000000
vt 0.00000000 0.00000000
vt 0.00000000 0.00000000
vt 0.00000000 0.00000000
vt 0.00000000 0.00000000
vt 0.00000000 0.00000000
vt 0.00000000 0.00000000
vt 0.00000000 0.00000000
vt 0.00000000 0.00000000
vt 0.00000000 0.00000000
vt 0.00000000 0.00000000
vt 0.00000000 0.00000000
vt 0.00000000 0.00000000
vt 0.00000000 0.00000000
vt 0.00000000 0.00000000
vt 0.00000000 0.00000000
vt 0.00000000 0.00000000
vt 0.00000000 0.00000000
vt 0.00000000 0.00000000
vt 0.00000000 0.00000000
vt 0.00000000 0.00000000
vt 0.00000000 0.00000000
vt 0.00000000 0.00000000
vt 0.00000000 0.00000000
vt 0.00000000 0.00000000
vt 0.00000000 0.00000000
vt 0.00000000 0.00000000
vt 0.00000000 0.00000000
vt 0.00000000 0.00000000
vt 0.00000000 0.00000000
vt 0.00000000 0.00000000
vt 0.00000000 0.00000000
vt 0.00000000 0.00000000
vt 0.00000000 0.00000000
vt 0.00000000 0.00000000
vt 0.00000000 0.00000000
vt 0.00000000 0.00000000
vt 0.00000000 0.00000000
vt 0.00000000 0.00000000
vt 0.00000000 0.00000000
vt 0.00000000 0.00000000
vt 0.00000000 0.00000000
vt 0.00000000 0.00000000
vt 0.00000000 0.00000000
vt 0.00000000 0.00000000
vt 0.00000000 0.00000000
vt 0.00000000 0.00000000
vt 0.00000000 0.00000000
vt 0.00000000 0.00000000
vt 0.00000000 0.00000000
vt 0.00000000 0.00000000
vt 0.00000000 0.00000000
vt 0.00000000 0.00000000
vt 0.00000000 0.00000000
vt 0.00000000 0.00000000
vt 0.00000000 0.00000000
vt 0.00000000 0.00000000
vt 0.00000000 0.00000000
vt 0.00000000 0.00000000
vt 0.00000000 0.00000000
vt 0.00000000 0.00000000
vt 0.00000000 0.00000000
vt 0.00000000 0.00000000
vt 0.00000000 0.00000000
vt 0.00000000 0.00000000
vt 0.00000000 0.00000000
vt 0.00000000 0.00000000
vt 0.00000000 0.00000000
vt 0.00000000 0.00000000
vt 0.00000000 0.00000000
vt 0.00000000 0.00000000
vt 0.00000000 0.00000000
vt 0.00000000 0.00000000
vt 0.00000000 0.00000000
vt 0.00000000 0.00000000
vt 0.00000000 0.00000000
vt 0.00000000 0.00000000
vt 0.00000000 0.00000000
vt 0.00000000 0.00000000
vt 0.00000000 0.00000000
vt 0.00000000 0.00000000
vt 0.00000000 0.00000000
vt 0.00000000 0.00000000
vt 0.00000000 0.00000000
vt 0.00000000 0.00000000
vt 0.00000000 0.00000000
vt 0.00000000 0.00000000
vt 0.00000000 0.00000000
vt 0.00000000 0.00000000
vt 0.00000000 0.00000000
vt 0.00000000 0.00000000
vt 0.00000000 0.00000000
vt 0.00000000 0.00000000
vt 0.00000000 0.00000000
vt 0.00000000 0.00000000
vt 0.00000000 0.00000000
vt 0.00000000 0.00000000
vt 0.00000000 0.00000000
vt 0.00000000 0.00000000
vt 0.00000000 0.00000000
vt 0.00000000 0.00000000
vt 0.00000000 0.00000000
vt 0.00000000 0.00000000
vt 0.00000000 0.00000000
vt 0.00000000 0.00000000
vt 0.00000000 0.00000000
vt 0.00000000 0.00000000
vt 0.00000000 0.00000000
vt 0.00000000 0.00000000
vt 0.00000000 0.00000000
vt 0.00000000 0.00000000
vt 0.00000000 0.00000000
vt 0.00000000 0.00000000
vt 0.00000000 0.00000000
vt 0.00000000 0.00000000
vt 0.00000000 0.00000000
vt 0.00000000 0.00000000
vt 0.00000000 0.00000000
vt 0.00000000 0.00000000
vt 0.00000000 0.00000000
vt 0.00000000 0.00000000
vt 0.00000000 0.00000000
vt 0.00000000 0.00000000
vt 0.00000000 0.00000000
vt 0.00000000 0.00000000
vt 0.00000000 0.00000000
vt 0.00000000 0.00000000
vt 0.00000000 0.00000000
vt 0.00000000 0.00000000
vt 0.00000000 0.00000000
vt 0.00000000 0.00000000
vt 0.00000000 0.00000000
vt 0.00000000 0.00000000
vt 0.00000000 0.00000000
vt 0.00000000 0.00000000
vt 0.00000000 0.00000000
vt 0.00000000 0.00000000
vt 0.00000000 0.00000000
vt 0.00000000 0.00000000
vt 0.00000000 0.00000000
vt 0.00000000 0.00000000
vt 0.00000000 0.00000000
vt 0.00000000 0.00000000
vt 0.00000000 0.00000000
vt 0.00000000 0.00000000
vt 0.00000000 0.00000000
vt 0.00000000 0.00000000
vt 0.00000000 0.00000000
vt 0.00000000 0.00000000
vt 0.00000000 0.00000000
vt 0.00000000 0.00000000
vt 0.00000000 0.00000000
vt 0.00000000 0.00000000
vt 0.00000000 0.00000000
vt 0.00000000 0.00000000
vt 0.00000000 0.00000000
vt 0.00000000 0.00000000
vt 0.00000000 0.00000000
vt 0.00000000 0.00000000
vt 0.00000000 0.00000000
vt 0.00000000 0.00000000
vt 0.00000000 0.00000000
vt 0.00000000 0.00000000
vt 0.00000000 0.00000000
vt 0.00000000 0.00000000
vt 0.00000000 0.00000000
vt 0.00000000 0.00000000
vt 0.00000000 0.00000000
vt 0.00000000 0.00000000
vt 0.00000000 0.00000000
vt 0.00000000 0.00000000
vt 0.00000000 0.00000000
vt 0.00000000 0.00000000
vt 0.00000000 0.00000000
vt 0.00000000 0.00000000
vt 0.00000000 0.00000000
vt 0.00000000 0.00000000
vt 0.00000000 0.00000000
vt 0.00000000 0.00000000
vt 0.00000000 0.00000000
vt 0.00000000 0.00000000
vt 0.00000000 0.00000000
vt 0.00000000 0.00000000
vt 0.00000000 0.00000000
vt 0.00000000 0.00000000
vt 0.00000000 0.00000000
vt 0.00000000 0.00000000
vt 0.00000000 0.00000000
vt 0.00000000 0.00000000
vt 0.00000000 0.00000000
vt 0.00000000 0.00000000
vt 0.00000000 0.00000000
vt 0.00000000 0.00000000
vt 0.00000000 0.00000000
vt 0.00000000 0.00000000
vt 0.00000000 0.00000000
vt 0.00000000 0.00000000
vt 0.00000000 0.00000000
vt 0.00000000 0.00000000
vt 0.00000000 0.00000000
vt 0.00000000 0.00000000
vt 0.00000000 0.00000000
vt 0.00000000 0.00000000
vt 0.00000000 0.00000000
vt 0.00000000 0.00000000
vt 0.00000000 0.00000000
vt 0.00000000 0.00000000
vt 0.00000000 0.00000000
vt 0.00000000 0.00000000
vt 0.00000000 0.00000000
vt 0.00000000 0.00000000
vt 0.00000000 0.00000000
vt 0.00000000 0.00000000
vt 0.00000000 0.00000000
vt 0.00000000 0.00000000
vt 0.00000000 0.00000000
vt 0.00000000 0.00000000
vt 0.00000000 0.00000000
vt 0.00000000 0.00000000
vt 0.00000000 0.00000000
vt 0.00000000 0.00000000
vt 0.00000000 0.00000000
vt 0.00000000 0.00000000
vt 0.00000000 0.00000000
vt 0.00000000 0.00000000
vt 0.00000000 0.00000000
vt 0.00000000 0.00000000
vt 0.00000000 0.00000000
vt 0.00000000 0.00000000
vt 0.00000000 0.00000000
vt 0.00000000 0.00000000
vt 0.00000000 0.00000000
vt 0.00000000 0.00000000
vt 0.00000000 0.00000000
vt 0.00000000 0.00000000
vt 0.00000000 0.00000000
vt 0.00000000 0.00000000
vt 0.00000000 0.00000000
vt 0.00000000 0.00000000
vt 0.00000000 0.00000000
vt 0.00000000 0.00000000
vt 0.00000000 0.00000000
vt 0.00000000 0.00000000
vt 0.00000000 0.00000000
vt 0.00000000 0.00000000
vt 0.00000000 0.00000000
vt 0.00000000 0.00000000
vt 0.00000000 0.00000000
vt 0.00000000 0.00000000
vt 0.00000000 0.00000000
vt 0.00000000 0.00000000
vt 0.00000000 0.00000000
vt 0.00000000 0.00000000
vt 0.00000000 0.00000000
vt 0.00000000 0.00000000
vt 0.00000000 0.00000000
vt 0.00000000 0.00000000
vt 0.00000000 0.00000000
vt 0.00000000 0.00000000
vt 0.00000000 0.00000000
vt 0.00000000 0.00000000
vt 0.00000000 0.00000000
vt 0.00000000 0.00000000
vt 0.00000000 0.00000000
vt 0.00000000 0.00000000
vt 0.00000000 0.00000000
vt 0.00000000 0.00000000
vt 0.00000000 0.00000000
vt 0.00000000 0.00000000
vt 0.00000000 0.00000000
vt 0.00000000 0.00000000
vt 0.00000000 0.00000000
vt 0.00000000 0.00000000
vt 0.00000000 0.00000000
vt 0.00000000 0.00000000
vt 0.00000000 0.00000000
vt 0.00000000 0.00000000
vt 0.00000000 0.00000000
vt 0.00000000 0.00000000
vt 0.00000000 0.00000000
vt 0.00000000 0.00000000
vt 0.00000000 0.00000000
vt 0.00000000 0.00000000
vt 0.00000000 0.00000000
vt 0.00000000 0.00000000
vt 0.00000000 0.00000000
vt 0.00000000 0.00000000
vt 0.00000000 0.00000000
vt 0.00000000 0.00000000
vt 0.00000000 0.00000000
vt 0.00000000 0.00000000
vt 0.00000000 0.00000000
vt 0.00000000 0.00000000
vt 0.00000000 0.00000000
vt 0.00000000 0.00000000
vt 0.00000000 0.00000000
vt 0.00000000 0.00000000
vt 0.00000000 0.00000000
vt 0.00000000 0.00000000
vt 0.00000000 0.00000000
vt 0.00000000 0.00000000
vt 0.00000000 0.00000000
vt 0.00000000 0.00000000
vt 0.00000000 0.00000000
vt 0.00000000 0.00000000
vt 0.00000000 0.00000000
vt 0.00000000 0.00000000
vt 0.00000000 0.00000000
vt 0.00000000 0.00000000
vt 0.00000000 0.00000000
vt 0.00000000 0.00000000
vt 0.00000000 0.00000000
vt 0.00000000 0.00000000
vt 0.00000000 0.00000000
vt 0.00000000 0.00000000
vt 0.00000000 0.00000000
vt 0.00000000 0.00000000
vt 0.00000000 0.00000000
vt 0.00000000 0.00000000
vt 0.00000000 0.00000000
vt 0.00000000 0.00000000
vt 0.00000000 0.00000000
vt 0.00000000 0.00000000
vt 0.00000000 0.00000000
vt 0.00000000 0.00000000
vt 0.00000000 0.00000000
vt 0.00000000 0.00000000
vt 0.00000000 0.00000000
vt 0.00000000 0.00000000
vt 0.00000000 0.00000000
vt 0.00000000 0.00000000
vt 0.00000000 0.00000000
vt 0.00000000 0.00000000
vt 0.00000000 0.00000000
vt 0.00000000 0.00000000
vt 0.00000000 0.00000000
vt 0.00000000 0.00000000
vt 0.00000000 0.00000000
vt 0.00000000 0.00000000
vt 0.00000000 0.00000000
vt 0.00000000 0.00000000
vt 0.00000000 0.00000000
vt 0.00000000 0.00000000
vt 0.00000000 0.00000000
vt 0.00000000 0.00000000
vt 0.00000000 0.00000000
vt 0.00000000 0.00000000
vt 0.00000000 0.00000000
vt 0.00000000 0.00000000
vt 0.00000000 0.00000000
vt 0.00000000 0.00000000
vt 0.00000000 0.00000000
vt 0.00000000 0.00000000
vt 0.00000000 0.00000000
vt 0.00000000 0.00000000
vt 0.00000000 0.00000000
vt 0.00000000 0.00000000
vt 0.00000000 0.00000000
vt 0.00000000 0.00000000
vt 0.00000000 0.00000000
vt 0.00000000 0.00000000
vt 0.00000000 0.00000000
vt 0.00000000 0.00000000
vt 0.00000000 0.00000000
vt 0.00000000 0.00000000
vt 0.00000000 0.00000000
vt 0.00000000 0.00000000
vt 0.00000000 0.00000000
vt 0.00000000 0.00000000
vt 0.00000000 0.00000000
vt 0.00000000 0.00000000
vt 0.00000000 0.00000000
vt 0.00000000 0.00000000
vt 0.00000000 0.00000000
vt 0.00000000 0.00000000
vt 0.00000000 0.00000000
vt 0.00000000 0.00000000
vt 0.00000000 0.00000000
vt 0.00000000 0.00000000
vt 0.00000000 0.00000000
vt 0.00000000 0.00000000
vt 0.00000000 0.00000000
vt 0.00000000 0.00000000
vt 0.00000000 0.00000000
vt 0.00000000 0.00000000
vt 0.00000000 0.00000000
vt 0.00000000 0.00000000
vt 0.00000000 0.00000000
vt 0.00000000 0.00000000
vt 0.00000000 0.00000000
vt 0.00000000 0.00000000
vt 0.00000000 0.00000000
vt 0.00000000 0.00000000
vt 0.00000000 0.00000000
vt 0.00000000 0.00000000
vt 0.00000000 0.00000000
vt 0.00000000 0.00000000
vt 0.00000000 0.00000000
vt 0.00000000 0.00000000
vt 0.00000000 0.00000000
vt 0.00000000 0.00000000
vt 0.00000000 0.00000000
vt 0.00000000 0.00000000
vt 0.00000000 0.00000000
vt 0.00000000 0.00000000
vt 0.00000000 0.00000000
vt 0.00000000 0.00000000
vt 0.00000000 0.00000000
vt 0.00000000 0.00000000
vt 0.00000000 0.00000000
vt 0.00000000 0.00000000
vt 0.00000000 0.00000000
vt 0.00000000 0.00000000
vt 0.00000000 0.00000000
vt 0.00000000 0.00000000
vt 0.00000000 0.00000000
vt 0.00000000 0.00000000
vt 0.00000000 0.00000000
vt 0.00000000 0.00000000
vt 0.00000000 0.00000000
vt 0.00000000 0.00000000
vt 0.00000000 0.00000000
vt 0.00000000 0.00000000
vt 0.00000000 0.00000000
vt 0.00000000 0.00000000
vt 0.00000000 0.00000000
vt 0.00000000 0.00000000
vt 0.00000000 0.00000000
vt 0.00000000 0.00000000
vt 0.00000000 0.00000000
vt 0.00000000 0.00000000
vt 0.00000000 0.00000000
vt 0.00000000 0.00000000
vt 0.00000000 0.00000000
vt 0.00000000 0.00000000
vt 0.00000000 0.00000000
vt 0.00000000 0.00000000
vt 0.00000000 0.00000000
vt 0.00000000 0.00000000
vt 0.00000000 0.00000000
vt 0.00000000 0.00000000
vt 0.00000000 0.00000000
vt 0.00000000 0.00000000
vt 0.00000000 0.00000000
vt 0.00000000 0.00000000
vt 0.00000000 0.00000000
vt 0.00000000 0.00000000
vt 0.00000000 0.00000000
vt 0.00000000 0.00000000
vt 0.00000000 0.00000000
vt 0.00000000 0.00000000
vt 0.00000000 0.00000000
vt 0.00000000 0.00000000
vt 0.00000000 0.00000000
vt 0.00000000 0.00000000
vt 0.00000000 0.00000000
vt 0.00000000 0.00000000
vt 0.00000000 0.00000000
vt 0.00000000 0.00000000
vt 0.00000000 0.00000000
vt 0.00000000 0.00000000
vt 0.00000000 0.00000000
vt 0.00000000 0.00000000
vt 0.00000000 0.00000000
vt 0.00000000 0.00000000
vt 0.00000000 0.00000000
vt 0.00000000 0.00000000
vt 0.00000000 0.00000000
vt 0.00000000 0.00000000
vt 0.00000000 0.00000000
vt 0.00000000 0.00000000
vt 0.00000000 0.00000000
vt 0.00000000 0.00000000
vt 0.00000000 0.00000000
vt 0.00000000 0.00000000
vt 0.00000000 0.00000000
vt 0.00000000 0.00000000
vt 0.00000000 0.00000000
vt 0.00000000 0.00000000
vt 0.00000000 0.00000000
vt 0.00000000 0.00000000
vt 0.00000000 0.00000000
vt 0.00000000 0.00000000
vt 0.00000000 0.00000000
vt 0.00000000 0.00000000
vt 0.00000000 0.00000000
vt 0.00000000 0.00000000
vt 0.00000000 0.00000000
vt 0.00000000 0.00000000
vt 0.00000000 0.00000000
vt 0.00000000 0.00000000
vt 0.00000000 0.00000000
vt 0.00000000 0.00000000
vt 0.00000000 0.00000000
vt 0.00000000 0.00000000
vt 0.00000000 0.00000000
vt 0.00000000 0.00000000
vt 0.00000000 0.00000000
vt 0.00000000 0.00000000
vt 0.00000000 0.00000000
vt 0.00000000 0.00000000
vt 0.00000000 0.00000000
vt 0.00000000 0.00000000
vt 0.00000000 0.00000000
vt 0.00000000 0.00000000
vt 0.00000000 0.00000000
vt 0.00000000 0.00000000
vt 0.00000000 0.00000000
vt 0.00000000 0.00000000
vt 0.00000000 0.00000000
vt 0.00000000 0.00000000
vt 0.00000000 0.00000000
vt 0.00000000 0.00000000
vt 0.00000000 0.00000000
vt 0.00000000 0.00000000
vt 0.00000000 0.00000000
vt 0.00000000 0.00000000
vt 0.00000000 0.00000000
vt 0.00000000 0.00000000
vt 0.00000000 0.00000000
vt 0.00000000 0.00000000
vt 0.00000000 0.00000000
vt 0.00000000 0.00000000
vt 0.00000000 0.00000000
vt 0.00000000 0.00000000
vt 0.00000000 0.00000000
vt 0.00000000 0.00000000
vt 0.00000000 0.00000000
vt 0.00000000 0.00000000
vt 0.00000000 0.00000000
vt 0.00000000 0.00000000
vt 0.00000000 0.00000000
vt 0.00000000 0.00000000
vt 0.00000000 0.00000000
vt 0.00000000 0.00000000
vt 0.00000000 0.00000000
vt 0.00000000 0.00000000
vt 0.00000000 0.00000000
vt 0.00000000 0.00000000
vt 0.00000000 0.00000000
vt 0.00000000 0.00000000
vt 0.00000000 0.00000000
vt 0.00000000 0.00000000
vt 0.00000000 0.00000000
vt 0.00000000 0.00000000
vt 0.00000000 0.00000000
vt 0.00000000 0.00000000
vt 0.00000000 0.00000000
vt 0.00000000 0.00000000
vt 0.00000000 0.00000000
vt 0.00000000 0.00000000
vt 0.00000000 0.00000000
vt 0.00000000 0.00000000
vt 0.00000000 0.00000000
vt 0.00000000 0.00000000
vt 0.00000000 0.00000000
vt 0.00000000 0.00000000
vt 0.00000000 0.00000000
vt 0.00000000 0.00000000
vt 0.00000000 0.00000000
vt 0.00000000 0.00000000
vt 0.00000000 0.00000000
vt 0.00000000 0.00000000
vt 0.00000000 0.00000000
vt 0.00000000 0.00000000
vt 0.00000000 0.00000000
vt 0.00000000 0.00000000
vt 0.00000000 0.00000000
vt 0.00000000 0.00000000
vt 0.00000000 0.00000000
vt 0.00000000 0.00000000
vt 0.00000000 0.00000000
vt 0.00000000 0.00000000
vt 0.00000000 0.00000000
vt 0.00000000 0.00000000
vt 0.00000000 0.00000000
vt 0.00000000 0.00000000
vt 0.00000000 0.00000000
vt 0.00000000 0.00000000
vt 0.00000000 0.00000000
vt 0.00000000 0.00000000
vt 0.00000000 0.00000000
vt 0.00000000 0.00000000
vt 0.00000000 0.00000000
vt 0.00000000 0.00000000
vt 0.00000000 0.00000000
vt 0.00000000 0.00000000
vt 0.00000000 0.00000000
vt 0.00000000 0.00000000
vt 0.00000000 0.00000000
vt 0.00000000 0.00000000
vt 0.00000000 0.00000000
vt 0.00000000 0.00000000
vt 0.00000000 0.00000000
vt 0.00000000 0.00000000
vt 0.00000000 0.00000000
vt 0.00000000 0.00000000
vt 0.00000000 0.00000000
vt 0.00000000 0.00000000
vt 0.00000000 0.00000000
vt 0.00000000 0.00000000
vt 0.00000000 0.00000000
vt 0.00000000 0.00000000
vt 0.00000000 0.00000000
vt 0.00000000 0.00000000
vt 0.00000000 0.00000000
vt 0.00000000 0.00000000
vt 0.00000000 0.00000000
vt 0.00000000 0.00000000
vt 0.00000000 0.00000000
vt 0.00000000 0.00000000
vt 0.00000000 0.00000000
vt 0.00000000 0.00000000
vt 0.00000000 0.00000000
vt 0.00000000 0.00000000
vt 0.00000000 0.00000000
vt 0.00000000 0.00000000
vt 0.00000000 0.00000000
vt 0.00000000 0.00000000
vt 0.00000000 0.00000000
vt 0.00000000 0.00000000
vt 0.00000000 0.00000000
vt 0.00000000 0.00000000
vt 0.00000000 0.00000000
vt 0.00000000 0.00000000
vt 0.00000000 0.00000000
vt 0.00000000 0.00000000
vt 0.00000000 0.00000000
vt 0.00000000 0.00000000
vt 0.00000000 0.00000000
vt 0.00000000 0.00000000
vt 0.00000000 0.00000000
vt 0.00000000 0.00000000
vt 0.00000000 0.00000000
vt 0.00000000 0.00000000
vt 0.00000000 0.00000000
vt 0.00000000 0.00000000
vt 0.00000000 0.00000000
vt 0.00000000 0.00000000
vt 0.00000000 0.00000000
vt 0.00000000 0.00000000
vt 0.00000000 0.00000000
vt 0.00000000 0.00000000
vt 0.00000000 0.00000000
vt 0.00000000 0.00000000
vt 0.00000000 0.00000000
vt 0.00000000 0.00000000
vt 0.00000000 0.00000000
vt 0.00000000 0.00000000
vt 0.00000000 0.00000000
vt 0.00000000 0.00000000
vt 0.00000000 0.00000000
vt 0.00000000 0.00000000
vt 0.00000000 0.00000000
vt 0.00000000 0.00000000
vt 0.00000000 0.00000000
vt 0.00000000 0.00000000
vt 0.00000000 0.00000000
vt 0.00000000 0.00000000
vt 0.00000000 0.00000000
vt 0.00000000 0.00000000
vt 0.00000000 0.00000000
vt 0.00000000 0.00000000
vt 0.00000000 0.00000000
vt 0.00000000 0.00000000
vt 0.00000000 0.00000000
vt 0.00000000 0.00000000
vt 0.00000000 0.00000000
vt 0.00000000 0.00000000
vt 0.00000000 0.00000000
vt 0.00000000 0.00000000
vt 0.00000000 0.00000000
vt 0.00000000 0.00000000
vt 0.00000000 0.00000000
vt 0.00000000 0.00000000
vt 0.00000000 0.00000000
vt 0.00000000 0.00000000
vt 0.00000000 0.00000000
vt 0.00000000 0.00000000
vt 0.00000000 0.00000000
vt 0.00000000 0.00000000
vt 0.00000000 0.00000000
vt 0.00000000 0.00000000
vt 0.00000000 0.00000000
vt 0.00000000 0.00000000
vt 0.00000000 0.00000000
vt 0.00000000 0.00000000
vt 0.00000000 0.00000000
vt 0.00000000 0.00000000
vt 0.00000000 0.00000000
vt 0.00000000 0.00000000
vt 0.00000000 0.00000000
vt 0.00000000 0.00000000
vt 0.00000000 0.00000000
vt 0.00000000 0.00000000
vt 0.00000000 0.00000000
vt 0.00000000 0.00000000
vt 0.00000000 0.00000000
vt 0.00000000 0.00000000
vt 0.00000000 0.00000000
vt 0.00000000 0.00000000
vt 0.00000000 0.00000000
vt 0.00000000 0.00000000
vt 0.00000000 0.00000000
vt 0.00000000 0.00000000
vt 0.00000000 0.00000000
vt 0.00000000 0.00000000
vt 0.00000000 0.00000000
vt 0.00000000 0.00000000
vt 0.00000000 0.00000000
vt 0.00000000 0.00000000
vt 0.00000000 0.00000000
vt 0.00000000 0.00000000
vt 0.00000000 0.00000000
vt 0.00000000 0.00000000
vt 0.00000000 0.00000000
vt 0.00000000 0.00000000
vt 0.00000000 0.00000000
vt 0.00000000 0.00000000
vt 0.00000000 0.00000000
vt 0.00000000 0.00000000
vt 0.00000000 0.00000000
vt 0.00000000 0.00000000
vt 0.00000000 0.00000000
vt 0.00000000 0.00000000
vt 0.00000000 0.00000000
vt 0.00000000 0.00000000
vt 0.00000000 0.00000000
vt 0.00000000 0.00000000
vt 0.00000000 0.00000000
vt 0.00000000 0.00000000
vt 0.00000000 0.00000000
vt 0.00000000 0.00000000
vt 0.00000000 0.00000000
vt 0.00000000 0.00000000
vt 0.00000000 0.00000000
vt 0.00000000 0.00000000
vt 0.00000000 0.00000000
vt 0.00000000 0.00000000
vt 0.00000000 0.00000000
vt 0.00000000 0.00000000
vt 0.00000000 0.00000000
vt 0.00000000 0.00000000
vt 0.00000000 0.00000000
vt 0.00000000 0.00000000
vt 0.00000000 0.00000000
vt 0.00000000 0.00000000
vt 0.00000000 0.00000000
vt 0.00000000 0.00000000
vt 0.00000000 0.00000000
vt 0.00000000 0.00000000
vt 0.00000000 0.00000000
vt 0.00000000 0.00000000
vt 0.00000000 0.00000000
vt 0.00000000 0.00000000
vt 0.00000000 0.00000000
vt 0.00000000 0.00000000
vt 0.00000000 0.00000000
vt 0.00000000 0.00000000
vt 0.00000000 0.00000000
vt 0.00000000 0.00000000
vt 0.00000000 0.00000000
vt 0.00000000 0.00000000
vt 0.00000000 0.00000000
vt 0.00000000 0.00000000
vt 0.00000000 0.00000000
vt 0.00000000 0.00000000
vt 0.00000000 0.00000000
vt 0.00000000 0.00000000
vt 0.00000000 0.00000000
vt 0.00000000 0.00000000
vt 0.00000000 0.00000000
vt 0.00000000 0.00000000
vt 0.00000000 0.00000000
vt 0.00000000 0.00000000
vt 0.00000000 0.00000000
vt 0.00000000 0.00000000
vt 0.00000000 0.00000000
vt 0.00000000 0.00000000
vt 0.00000000 0.00000000
vt 0.00000000 0.00000000
vt 0.00000000 0.00000000
vt 0.00000000 0.00000000
vt 0.00000000 0.00000000
vt 0.00000000 0.00000000
vt 0.00000000 0.00000000
vt 0.00000000 0.00000000
vt 0.00000000 0.00000000
vt 0.00000000 0.00000000
vt 0.00000000 0.00000000
vt 0.00000000 0.00000000
vt 0.00000000 0.00000000
vt 0.00000000 0.00000000
vt 0.00000000 0.00000000
vt 0.00000000 0.00000000
vt 0.00000000 0.00000000
vt 0.00000000 0.00000000
vt 0.00000000 0.00000000
vt 0.00000000 0.00000000
vt 0.00000000 0.00000000
vt 0.00000000 0.00000000
vt 0.00000000 0.00000000
vt 0.00000000 0.00000000
vt 0.00000000 0.00000000
vt 0.00000000 0.00000000
vt 0.00000000 0.00000000
vt 0.00000000 0.00000000
vt 0.00000000 0.00000000
vt 0.00000000 0.00000000
vt 0.00000000 0.00000000
vt 0.00000000 0.00000000
vt 0.00000000 0.00000000
vt 0.00000000 0.00000000
vt 0.00000000 0.00000000
vt 0.00000000 0.00000000
vt 0.00000000 0.00000000
vt 0.00000000 0.00000000
vt 0.00000000 0.00000000
vt 0.00000000 0.00000000
vt 0.00000000 0.00000000
vt 0.00000000 0.00000000
vt 0.00000000 0.00000000
vt 0.00000000 0.00000000
vt 0.00000000 0.00000000
vt 0.00000000 0.00000000
vt 0.00000000 0.00000000
vt 0.00000000 0.00000000
vt 0.00000000 0.00000000
vt 0.00000000 0.00000000
vt 0.00000000 0.00000000
vt 0.00000000 0.00000000
vt 0.00000000 0.00000000
vt 0.00000000 0.00000000
vt 0.00000000 0.00000000
vt 0.00000000 0.00000000
vt 0.00000000 0.00000000
vt 0.00000000 0.00000000
vt 0.00000000 0.00000000
vt 0.00000000 0.00000000
vt 0.00000000 0.00000000
vt 0.00000000 0.00000000
vt 0.00000000 0.00000000
vt 0.00000000 0.00000000
vt 0.00000000 0.00000000
vt 0.00000000 0.00000000
vt 0.00000000 0.00000000
vt 0.00000000 0.00000000
vt 0.00000000 0.00000000
vt 0.00000000 0.00000000
vt 0.00000000 0.00000000
vt 0.00000000 0.00000000
vt 0.00000000 0.00000000
vt 0.00000000 0.00000000
vt 0.00000000 0.00000000
vt 0.00000000 0.00000000
vt 0.00000000 0.00000000
vt 0.00000000 0.00000000
vt 0.00000000 0.00000000
vt 0.00000000 0.00000000
vt 0.00000000 0.00000000
vt 0.00000000 0.00000000
vt 0.00000000 0.00000000
vt 0.00000000 0.00000000
vt 0.00000000 0.00000000
vt 0.00000000 0.00000000
vt 0.00000000 0.00000000
vt 0.00000000 0.00000000
vt 0.00000000 0.00000000
vt 0.00000000 0.00000000
vt 0.00000000 0.00000000
vt 0.00000000 0.00000000
vt 0.00000000 0.00000000
vt 0.00000000 0.00000000
vt 0.00000000 0.00000000
vt 0.00000000 0.00000000
vt 0.00000000 0.00000000
vt 0.00000000 0.00000000
vt 0.00000000 0.00000000
vt 0.00000000 0.00000000
vt 0.00000000 0.00000000
vt 0.00000000 0.00000000
vt 0.00000000 0.00000000
vt 0.00000000 0.00000000
vt 0.00000000 0.00000000
vt 0.00000000 0.00000000
vt 0.00000000 0.00000000
vt 0.00000000 0.00000000
vt 0.00000000 0.00000000
vt 0.00000000 0.00000000
vt 0.00000000 0.00000000
vt 0.00000000 0.00000000
vt 0.00000000 0.00000000
vt 0.00000000 0.00000000
vt 0.00000000 0.00000000
vt 0.00000000 0.00000000
vt 0.00000000 0.00000000
vt 0.00000000 0.00000000
vt 0.00000000 0.00000000
vt 0.00000000 0.00000000
vt 0.00000000 0.00000000
vt 0.00000000 0.00000000
vt 0.00000000 0.00000000
vt 0.00000000 0.00000000
vt 0.00000000 0.00000000
vt 0.00000000 0.00000000
vt 0.00000000 0.00000000
vt 0.00000000 0.00000000
vt 0.00000000 0.00000000
vt 0.00000000 0.00000000
vt 0.00000000 0.00000000
vt 0.00000000 0.00000000
vt 0.00000000 0.00000000
vt 0.00000000 0.00000000
vt 0.00000000 0.00000000
vt 0.00000000 0.00000000
vt 0.00000000 0.00000000
vt 0.00000000 0.00000000
vt 0.00000000 0.00000000
vt 0.00000000 0.00000000
vt 0.00000000 0.00000000
vt 0.00000000 0.00000000
vt 0.00000000 0.00000000
vt 0.00000000 0.00000000
vt 0.00000000 0.00000000
vt 0.00000000 0.00000000
vt 0.00000000 0.00000000
vt 0.00000000 0.00000000
vt 0.00000000 0.00000000
vt 0.00000000 0.00000000
vt 0.00000000 0.00000000
vt 0.00000000 0.00000000
vt 0.00000000 0.00000000
vt 0.00000000 0.00000000
vt 0.00000000 0.00000000
vt 0.00000000 0.00000000
vt 0.00000000 0.00000000
vt 0.00000000 0.00000000
vt 0.00000000 0.00000000
vt 0.00000000 0.00000000
vt 0.00000000 0.00000000
vt 0.00000000 0.00000000
vt 0.00000000 0.00000000
vt 0.00000000 0.00000000
vt 0.00000000 0.00000000
vt 0.00000000 0.00000000
vt 0.00000000 0.00000000
vt 0.00000000 0.00000000
vt 0.00000000 0.00000000
vt 0.00000000 0.00000000
vt 0.00000000 0.00000000
vt 0.00000000 0.00000000
vt 0.00000000 0.00000000
vt 0.00000000 0.00000000
vt 0.00000000 0.00000000
vt 0.00000000 0.00000000
vt 0.00000000 0.00000000
vt 0.00000000 0.00000000
f 14/14 47/47 15/15
f 4/4 5/5 3/3
f 5/5 8/8 6/6
f 6/6 8/8 7/7
f 8/8 2/2 9/9
f 5/5 2/2 8/8
f 2/2 5/5 4/4
f 58/58 57/57 1/1
f 1/1 9/9 2/2
f 51/51 10/10 9/9
f 56/56 1/1 57/57
f 54/54 52/52 55/55
f 55/55 52/52 56/56
f 52/52 54/54 53/53
f 49/49 14/14 50/50
f 50/50 13/13 51/51
f 14/14 13/13 50/50
f 51/51 1/1 52/52
f 52/52 1/1 56/56
f 9/9 1/1 51/51
f 48/48 14/14 49/49
f 46/46 15/15 47/47
f 47/47 14/14 48/48
f 46/46 16/16 15/15
f 44/44 17/17 45/45
f 45/45 16/16 46/46
f 17/17 16/16 45/45
f 42/42 19/19 43/43
f 43/43 18/18 44/44
f 18/18 17/17 44/44
f 40/40 20/20 41/41
f 41/41 19/19 42/42
f 38/38 22/22 39/39
f 39/39 21/21 40/40
f 21/21 20/20 40/40
f 36/36 23/23 37/37
f 37/37 22/22 38/38
f 34/34 24/24 35/35
f 35/35 24/24 36/36
f 34/34 25/25 24/24
f 32/32 31/31 33/33
f 33/33 25/25 34/34
f 30/30 33/33 31/31
f 28/28 27/27 29/29
f 29/29 26/26 30/30
f 26/26 29/29 27/27
f 25/25 33/33 26/26
f 26/26 33/33 30/30
f 37/37 23/23 22/22
f 41/41 20/20 19/19
f 39/39 22/22 21/21
f 43/43 19/19 18/18
f 51/51 11/11 10/10
f 51/51 12/12 11/11
f 23/23 36/36 24/24
f 51/51 13/13 12/12
f 96/96 128/128 95/95
f 84/84 88/88 159/159
f 66/66 143/143 142/142
f 154/154 153/153 77/77
f 149/149 148/148 72/72
f 90/90 136/136 89/89
f 136/136 90/90 135/135
f 135/135 91/91 134/134
f 134/134 91/91 133/133
f 133/133 92/92 132/132
f 132/132 93/93 131/131
f 131/131 94/94 130/130
f 132/132 92/92 93/93
f 130/130 94/94 129/129
f 129/129 95/95 128/128
f 94/94 95/95 129/129
f 128/128 96/96 127/127
f 127/127 96/96 126/126
f 96/96 97/97 126/126
f 126/126 97/97 125/125
f 125/125 98/98 124/124
f 98/98 99/99 124/124
f 124/124 99/99 123/123
f 123/123 100/100 122/122
f 122/122 100/100 121/121
f 121/121 101/101 120/120
f 120/120 102/102 119/119
f 119/119 103/103 118/118
f 102/102 103/103 119/119
f 118/118 104/104 117/117
f 117/117 104/104 116/116
f 118/118 103/103 104/104
f 116/116 105/105 115/115
f 115/115 106/106 114/114
f 114/114 106/106 113/113
f 113/113 107/107 112/112
f 106/106 107/107 113/113
f 112/112 108/108 111/111
f 111/111 109/109 110/110
f 108/108 109/109 111/111
f 108/108 112/112 107/107
f 106/106 115/115 105/105
f 105/105 116/116 104/104
f 120/120 101/101 102/102
f 123/123 99/99 100/100
f 121/121 100/100 101/101
f 135/135 90/90 91/91
f 133/133 91/91 92/92
f 93/93 94/94 131/131
f 125/125 97/97 98/98
f 60/60 89/89 59/59
f 59/59 89/89 136/136
f 60/60 137/137 89/89
f 89/89 159/159 88/88
f 137/137 159/159 89/89
f 88/88 86/86 87/87
f 86/86 88/88 85/85
f 85/85 88/88 84/84
f 147/147 71/71 148/148
f 71/71 147/147 70/70
f 70/70 146/146 69/69
f 147/147 146/146 70/70
f 69/69 145/145 68/68
f 68/68 144/144 67/67
f 144/144 143/143 67/67
f 67/67 143/143 66/66
f 66/66 142/142 65/65
f 141/141 140/140 65/65
f 65/65 140/140 64/64
f 64/64 139/139 63/63
f 140/140 139/139 64/64
f 63/63 139/139 62/62
f 62/62 138/138 61/61
f 139/139 138/138 62/62
f 61/61 138/138 60/60
f 60/60 138/138 137/137
f 65/65 142/142 141/141
f 145/145 69/69 146/146
f 144/144 68/68 145/145
f 158/158 84/84 159/159
f 84/84 158/158 83/83
f 83/83 157/157 82/82
f 157/157 81/81 82/82
f 81/81 156/156 80/80
f 80/80 155/155 79/79
f 79/79 154/154 78/78
f 80/80 156/156 155/155
f 78/78 154/154 77/77
f 77/77 153/153 76/76
f 76/76 153/153 75/75
f 75/75 152/152 74/74
f 74/74 151/151 73/73
f 73/73 150/150 72/72
f 74/74 152/152 151/151
f 150/150 73/73 151/151
f 75/75 153/153 152/152
f 81/81 157/157 156/156
f 157/157 83/83 158/158
f 155/155 154/154 79/79
f 150/150 149/149 72/72
f 72/72 148/148 71/71
f 164/164 167/167 163/163
f 180/180 183/183 179/179
f 162/162 163/163 161/161
f 161/161 163/163 160/160
f 160/160 167/167 175/175
f 175/175 173/173 174/174
f 168/168 171/171 175/175
f 173/173 175/175 172/172
f 172/172 175/175 171/171
f 171/171 169/169 170/170
f 168/168 169/169 171/171
f 168/168 175/175 167/167
f 167/167 165/165 166/166
f 160/160 163/163 167/167
f 165/165 167/167 164/164
f 178/178 179/179 177/177
f 177/177 179/179 176/176
f 176/176 183/183 191/191
f 191/191 189/189 190/190
f 184/184 187/187 191/191
f 189/189 191/191 188/188
f 188/188 191/191 187/187
f 187/187 185/185 186/186
f 184/184 185/185 187/187
f 184/184 191/191 183/183
f 183/183 181/181 182/182
f 176/176 179/179 183/183
f 181/181 183/183 180/180
f 277/277 231/231 276/276
f 273/273 224/224 272/272
f 288/288 250/250 192/192
f 208/208 260/260 261/261
f 247/247 246/246 286/286
f 286/286 245/245 285/285
f 246/246 245/245 286/286
f 285/285 244/244 284/284
f 245/245 244/244 285/285
f 243/243 284/284 244/244
f 241/241 283/283 242/242
f 242/242 284/284 243/243
f 241/241 282/282 283/283
f 239/239 281/281 240/240
f 240/240 282/282 241/241
f 237/237 280/280 238/238
f 238/238 281/281 239/239
f 280/280 281/281 238/238
f 235/235 279/279 236/236
f 236/236 280/280 237/237
f 235/235 278/278 279/279
f 233/233 278/278 234/234
f 234/234 278/278 235/235
f 233/233 277/277 278/278
f 231/231 277/277 232/232
f 232/232 277/277 233/233
f 229/229 275/275 230/230
f 230/230 276/276 231/231
f 227/227 275/275 228/228
f 228/228 275/275 229/229
f 275/275 227/227 226/226
f 276/276 230/230 275/275
f 240/240 281/281 282/282
f 284/284 242/242 283/283
f 279/279 280/280 236/236
f 226/226 274/274 275/275
f 226/226 273/273 274/274
f 224/224 273/273 225/225
f 225/225 273/273 226/226
f 222/222 271/271 223/223
f 223/223 272/272 224/224
f 271/271 272/272 223/223
f 220/220 270/270 221/221
f 221/221 271/271 222/222
f 218/218 269/269 219/219
f 219/219 270/270 220/220
f 268/268 218/218 267/267
f 270/270 219/219 269/269
f 269/269 218/218 268/268
f 221/221 270/270 271/271
f 196/196 253/253 254/254
f 196/196 252/252 253/253
f 194/194 252/252 195/195
f 195/195 252/252 196/196
f 192/192 251/251 193/193
f 193/193 251/251 194/194
f 192/192 250/250 251/251
f 248/248 288/288 249/249
f 249/249 288/288 192/192
f 248/248 287/287 288/288
f 286/286 287/287 247/247
f 247/247 287/287 248/248
f 194/194 251/251 252/252
f 218/218 217/217 267/267
f 267/267 215/215 266/266
f 216/216 215/215 267/267
f 267/267 217/217 216/216
f 266/266 214/214 265/265
f 214/214 266/266 215/215
f 212/212 265/265 213/213
f 213/213 265/265 214/214
f 212/212 264/264 265/265
f 210/210 264/264 211/211
f 211/211 264/264 212/212
f 208/208 262/262 209/209
f 209/209 263/263 210/210
f 263/263 264/264 210/210
f 206/206 259/259 207/207
f 207/207 260/260 208/208
f 259/259 260/260 207/207
f 204/204 258/258 205/205
f 205/205 258/258 206/206
f 204/204 257/257 258/258
f 202/202 256/256 203/203
f 203/203 257/257 204/204
f 200/200 254/254 201/201
f 201/201 255/255 202/202
f 255/255 256/256 202/202
f 198/198 254/254 199/199
f 199/199 254/254 200/200
f 196/196 254/254 197/197
f 197/197 254/254 198/198
f 255/255 201/201 254/254
f 203/203 256/256 257/257
f 209/209 262/262 263/263
f 258/258 259/259 206/206
f 208/208 261/261 262/262
f 374/374 328/328 373/373
f 370/370 321/321 369/369
f 385/385 347/347 289/289
f 305/305 357/357 358/358
f 344/344 343/343 383/383
f 383/383 342/342 382/382
f 343/343 342/342 383/383
f 382/382 341/341 381/381
f 342/342 341/341 382/382
f 340/340 381/381 341/341
f 338/338 380/380 339/339
f 339/339 381/381 340/340
f 338/338 379/379 380/380
f 336/336 378/378 337/337
f 337/337 379/379 338/338
f 334/334 377/377 335/335
f 335/335 378/378 336/336
f 377/377 378/378 335/335
f 332/332 376/376 333/333
f 333/333 377/377 334/334
f 332/332 375/375 376/376
f 330/330 375/375 331/331
f 331/331 375/375 332/332
f 330/330 374/374 375/375
f 328/328 374/374 329/329
f 329/329 374/374 330/330
f 326/326 372/372 327/327
f 327/327 373/373 328/328
f 324/324 372/372 325/325
f 325/325 372/372 326/326
f 372/372 324/324 323/323
f 373/373 327/327 372/372
f 337/337 378/378 379/379
f 381/381 339/339 380/380
f 376/376 377/377 333/333
f 323/323 371/371 372/372
f 323/323 370/370 371/371
f 321/321 370/370 322/322
f 322/322 370/370 323/323
f 319/319 368/368 320/320
f 320/320 369/369 321/321
f 368/368 369/369 320/320
f 317/317 367/367 318/318
f 318/318 368/368 319/319
f 315/315 366/366 316/316
f 316/316 367/367 317/317
f 365/365 315/315 364/364
f 367/367 316/316 366/366
f 366/366 315/315 365/365
f 318/318 367/367 368/368
f 293/293 350/350 351/351
f 293/293 349/349 350/350
f 291/291 349/349 292/292
f 292/292 349/349 293/293
f 289/289 348/348 290/290
f 290/290 348/348 291/291
f 289/289 347/347 348/348
f 345/345 385/385 346/346
f 346/346 385/385 289/289
f 345/345 384/384 385/385
f 383/383 384/384 344/344
f 344/344 384/384 345/345
f 291/291 348/348 349/349
f 315/315 314/314 364/364
f 364/364 312/312 363/363
f 313/313 312/312 364/364
f 364/364 314/314 313/313
f 363/363 311/311 362/362
f 311/311 363/363 312/312
f 309/309 362/362 310/310
f 310/310 362/362 311/311
f 309/309 361/361 362/362
f 307/307 361/361 308/308
f 308/308 361/361 309/309
f 305/305 359/359 306/306
f 306/306 360/360 307/307
f 360/360 361/361 307/307
f 303/303 356/356 304/304
f 304/304 357/357 305/305
f 356/356 357/357 304/304
f 301/301 355/355 302/302
f 302/302 355/355 303/303
f 301/301 354/354 355/355
f 299/299 353/353 300/300
f 300/300 354/354 301/301
f 297/297 351/351 298/298
f 298/298 352/352 299/299
f 352/352 353/353 299/299
f 295/295 351/351 296/296
f 296/296 351/351 297/297
f 293/293 351/351 294/294
f 294/294 351/351 295/295
f 352/352 298/298 351/351
f 300/300 353/353 354/354
f 306/306 359/359 360/360
f 355/355 356/356 303/303
f 305/305 358/358 359/359
f 470/470 471/471 425/425
f 466/466 467/467 418/418
f 444/444 386/386 482/482
f 454/454 455/455 402/402
f 441/441 440/440 480/480
f 480/480 439/439 479/479
f 440/440 439/439 480/480
f 479/479 438/438 478/478
f 439/439 438/438 479/479
f 438/438 437/437 478/478
f 436/436 435/435 477/477
f 437/437 436/436 478/478
f 477/477 435/435 476/476
f 475/475 434/434 433/433
f 435/435 434/434 476/476
f 474/474 432/432 431/431
f 475/475 433/433 432/432
f 475/475 432/432 474/474
f 473/473 430/430 429/429
f 474/474 431/431 430/430
f 472/472 473/473 429/429
f 472/472 428/428 427/427
f 472/472 429/429 428/428
f 471/471 472/472 427/427
f 471/471 426/426 425/425
f 471/471 427/427 426/426
f 469/469 424/424 423/423
f 470/470 425/425 424/424
f 469/469 422/422 421/421
f 469/469 423/423 422/422
f 469/469 421/421 420/420
f 469/469 470/470 424/424
f 476/476 434/434 475/475
f 478/478 436/436 477/477
f 473/473 474/474 430/430
f 468/468 469/469 420/420
f 467/467 468/468 420/420
f 467/467 419/419 418/418
f 467/467 420/420 419/419
f 465/465 417/417 416/416
f 466/466 418/418 417/417
f 465/465 466/466 417/417
f 414/414 464/464 415/415
f 415/415 465/465 416/416
f 412/412 463/463 413/413
f 413/413 464/464 414/414
f 461/461 462/462 412/412
f 463/463 464/464 413/413
f 462/462 463/463 412/412
f 464/464 465/465 415/415
f 390/390 447/447 448/448
f 390/390 446/446 447/447
f 389/389 388/388 446/446
f 390/390 389/389 446/446
f 387/387 386/386 445/445
f 388/388 387/387 445/445
f 386/386 444/444 445/445
f 443/443 442/442 482/482
f 386/386 443/443 482/482
f 482/482 442/442 481/481
f 481/481 441/441 480/480
f 442/442 441/441 481/481
f 388/388 445/445 446/446
f 411/411 461/461 412/412
f 460/460 461/461 409/409
f 409/409 461/461 410/410
f 410/410 461/461 411/411
f 459/459 460/460 408/408
f 408/408 460/460 409/409
f 406/406 459/459 407/407
f 407/407 459/459 408/408
f 458/458 459/459 406/406
f 404/404 458/458 405/405
f 405/405 458/458 406/406
f 402/402 456/456 403/403
f 403/403 457/457 404/404
f 457/457 458/458 404/404
f 400/400 453/453 401/401
f 401/401 454/454 402/402
f 401/401 453/453 454/454
f 399/399 398/398 452/452
f 399/399 452/452 400/400
f 398/398 451/451 452/452
f 397/397 396/396 450/450
f 398/398 397/397 451/451
f 395/395 394/394 448/448
f 396/396 395/395 449/449
f 396/396 449/449 450/450
f 393/393 392/392 448/448
f 394/394 393/393 448/448
f 391/391 390/390 448/448
f 392/392 391/391 448/448
f 395/395 448/448 449/449
f 397/397 450/450 451/451
f 456/456 457/457 403/403
f 400/400 452/452 453/453
f 402/402 455/455 456/456
f 497/497 510/510 511/511
f 485/485 487/487 484/484
f 484/484 518/518 483/483
f 483/483 524/524 525/525
f 524/524 483/483 523/523
f 523/523 483/483 522/522
f 522/522 519/519 521/521
f 521/521 519/519 520/520
f 519/519 483/483 518/518
f 519/519 522/522 483/483
f 486/486 487/487 485/485
f 484/484 517/517 518/518
f 488/488 484/484 487/487
f 490/490 491/491 489/489
f 489/489 493/493 488/488
f 492/492 493/493 491/491
f 493/493 489/489 491/491
f 493/493 484/484 488/488
f 496/496 511/511 495/495
f 495/495 512/512 494/494
f 494/494 515/515 493/493
f 484/484 516/516 517/517
f 484/484 515/515 516/516
f 497/497 511/511 496/496
f 495/495 511/511 512/512
f 493/493 515/515 484/484
f 498/498 510/510 497/497
f 500/500 509/509 499/499
f 499/499 509/509 498/498
f 502/502 508/508 501/501
f 501/501 509/509 500/500
f 504/504 505/505 503/503
f 503/503 505/505 502/502
f 506/506 508/508 505/505
f 508/508 506/506 507/507
f 509/509 501/501 508/508
f 502/502 505/505 508/508
f 494/494 514/514 515/515
f 494/494 513/513 514/514
f 494/494 512/512 513/513
f 510/510 498/498 509/509
f 587/587 586/586 620/620
f 560/560 580/580 559/559
f 601/601 532/532 533/533
f 540/540 541/541 611/611
f 619/619 547/547 387/387
f 599/599 527/527 600/600
f 526/526 590/590 582/582
f 590/590 620/620 582/582
f 591/591 599/599 598/598
f 591/591 527/527 599/599
f 585/585 583/583 620/620
f 590/590 589/589 587/587
f 597/597 595/595 598/598
f 590/590 587/587 620/620
f 585/585 584/584 583/583
f 595/595 591/591 598/598
f 590/590 526/526 527/527
f 591/591 590/590 527/527
f 596/596 595/595 597/597
f 593/593 591/591 594/594
f 594/594 591/591 595/595
f 591/591 593/593 592/592
f 587/587 589/589 588/588
f 586/586 585/585 620/620
f 582/582 581/581 560/560
f 526/526 582/582 564/564
f 564/564 582/582 563/563
f 580/580 579/579 559/559
f 581/581 580/580 560/560
f 559/559 579/579 558/558
f 557/557 578/578 577/577
f 579/579 578/578 558/558
f 558/558 578/578 557/557
f 556/556 576/576 575/575
f 557/557 577/577 576/576
f 555/555 574/574 573/573
f 556/556 575/575 574/574
f 553/553 572/572 571/571
f 554/554 573/573 572/572
f 552/552 570/570 569/569
f 552/552 571/571 570/570
f 552/552 553/553 571/571
f 550/550 568/568 567/567
f 551/551 569/569 568/568
f 549/549 550/550 566/566
f 550/550 567/567 566/566
f 550/550 551/551 568/568
f 553/553 554/554 572/572
f 555/555 556/556 574/574
f 557/557 576/576 556/556
f 563/563 582/582 562/562
f 562/562 582/582 561/561
f 551/551 552/552 569/569
f 554/554 555/555 573/573
f 561/561 582/582 560/560
f 605/605 536/536 606/606
f 605/605 535/535 536/536
f 604/604 603/603 534/534
f 604/604 535/535 605/605
f 604/604 534/534 535/535
f 602/602 601/601 533/533
f 603/603 602/602 534/534
f 602/602 533/533 534/534
f 600/600 527/527 528/528
f 601/601 600/600 532/532
f 600/600 528/528 529/529
f 600/600 529/529 530/530
f 600/600 530/530 531/531
f 600/600 531/531 532/532
f 618/618 546/546 619/619
f 546/546 547/547 619/619
f 545/545 546/546 618/618
f 544/544 545/545 617/617
f 617/617 545/545 618/618
f 616/616 544/544 617/617
f 614/614 543/543 615/615
f 615/615 544/544 616/616
f 543/543 544/544 615/615
f 612/612 542/542 613/613
f 613/613 543/543 614/614
f 610/610 540/540 611/611
f 611/611 541/541 612/612
f 541/541 542/542 612/612
f 608/608 539/539 609/609
f 609/609 540/540 610/610
f 538/538 539/539 608/608
f 606/606 537/537 607/607
f 607/607 538/538 608/608
f 606/606 536/536 537/537
f 537/537 538/538 607/607
f 542/542 543/543 613/613
f 539/539 540/540 609/609
f 548/548 386/386 387/387
f 549/549 565/565 386/386
f 548/548 549/549 386/386
f 549/549 566/566 565/565
f 547/547 548/548 387/387
f 644/644 655/655 656/656
f 621/621 656/656 622/622
f 622/622 657/657 683/683
f 633/633 656/656 621/621
f 683/683 657/657 682/682
f 682/682 657/657 681/681
f 681/681 658/658 680/680
f 680/680 658/658 679/679
f 657/657 658/658 681/681
f 679/679 659/659 678/678
f 678/678 660/660 677/677
f 677/677 660/660 676/676
f 676/676 660/660 675/675
f 660/660 661/661 675/675
f 675/675 661/661 674/674
f 674/674 662/662 673/673
f 673/673 662/662 672/672
f 664/664 671/671 672/672
f 663/663 664/664 672/672
f 671/671 668/668 670/670
f 670/670 668/668 669/669
f 665/665 667/667 668/668
f 665/665 668/668 671/671
f 666/666 667/667 665/665
f 665/665 671/671 664/664
f 661/661 662/662 674/674
f 662/662 663/663 672/672
f 659/659 660/660 678/678
f 626/626 624/624 625/625
f 624/624 632/632 623/623
f 628/628 624/624 627/627
f 627/627 624/624 626/626
f 629/629 630/630 628/628
f 631/631 624/624 628/628
f 630/630 631/631 628/628
f 631/631 632/632 624/624
f 632/632 621/621 623/623
f 635/635 637/637 634/634
f 634/634 643/643 633/633
f 632/632 633/633 621/621
f 622/622 656/656 657/657
f 633/633 643/643 656/656
f 636/636 637/637 635/635
f 634/634 642/642 643/643
f 637/637 638/638 634/634
f 640/640 642/642 639/639
f 638/638 639/639 634/634
f 639/639 642/642 634/634
f 641/641 642/642 640/640
f 658/658 659/659 679/679
f 643/643 644/644 656/656
f 646/646 650/650 645/645
f 644/644 645/645 655/655
f 645/645 654/654 655/655
f 647/647 648/648 646/646
f 649/649 650/650 646/646
f 648/648 649/649 646/646
f 654/654 651/651 652/652
f 654/654 650/650 651/651
f 654/654 652/652 653/653
f 645/645 650/650 654/654
f 688/688 687/687 691/691
f 704/704 703/703 707/707
f 686/686 685/685 687/687
f 685/685 684/684 687/687
f 684/684 699/699 691/691
f 699/699 698/698 697/697
f 692/692 699/699 695/695
f 697/697 696/696 699/699
f 696/696 695/695 699/699
f 695/695 694/694 693/693
f 692/692 695/695 693/693
f 692/692 691/691 699/699
f 691/691 690/690 689/689
f 684/684 691/691 687/687
f 689/689 688/688 691/691
f 702/702 701/701 703/703
f 701/701 700/700 703/703
f 700/700 715/715 707/707
f 715/715 714/714 713/713
f 708/708 715/715 711/711
f 713/713 712/712 715/715
f 712/712 711/711 715/715
f 711/711 710/710 709/709
f 708/708 711/711 709/709
f 708/708 707/707 715/715
f 707/707 706/706 705/705
f 700/700 707/707 703/703
f 705/705 704/704 707/707
f 801/801 800/800 755/755
f 797/797 796/796 748/748
f 812/812 716/716 774/774
f 732/732 785/785 784/784
f 771/771 810/810 770/770
f 810/810 809/809 769/769
f 770/770 810/810 769/769
f 809/809 808/808 768/768
f 769/769 809/809 768/768
f 767/767 768/768 808/808
f 765/765 766/766 807/807
f 766/766 767/767 808/808
f 765/765 807/807 806/806
f 763/763 764/764 805/805
f 764/764 765/765 806/806
f 761/761 762/762 804/804
f 762/762 763/763 805/805
f 804/804 762/762 805/805
f 759/759 760/760 803/803
f 760/760 761/761 804/804
f 759/759 803/803 802/802
f 757/757 758/758 802/802
f 758/758 759/759 802/802
f 757/757 802/802 801/801
f 755/755 756/756 801/801
f 756/756 757/757 801/801
f 753/753 754/754 799/799
f 754/754 755/755 800/800
f 751/751 752/752 799/799
f 752/752 753/753 799/799
f 799/799 750/750 751/751
f 800/800 799/799 754/754
f 764/764 806/806 805/805
f 808/808 807/807 766/766
f 803/803 760/760 804/804
f 750/750 799/799 798/798
f 750/750 798/798 797/797
f 748/748 749/749 797/797
f 749/749 750/750 797/797
f 746/746 747/747 795/795
f 747/747 748/748 796/796
f 795/795 747/747 796/796
f 744/744 745/745 794/794
f 745/745 746/746 795/795
f 742/742 743/743 793/793
f 743/743 744/744 794/794
f 792/792 791/791 742/742
f 794/794 793/793 743/743
f 793/793 792/792 742/742
f 745/745 795/795 794/794
f 720/720 778/778 777/777
f 720/720 777/777 776/776
f 718/718 719/719 776/776
f 719/719 720/720 776/776
f 716/716 717/717 775/775
f 717/717 718/718 775/775
f 716/716 775/775 774/774
f 772/772 773/773 812/812
f 773/773 716/716 812/812
f 772/772 812/812 811/811
f 810/810 771/771 811/811
f 771/771 772/772 811/811
f 718/718 776/776 775/775
f 742/742 791/791 741/741
f 791/791 790/790 739/739
f 740/740 791/791 739/739
f 791/791 740/740 741/741
f 790/790 789/789 738/738
f 738/738 739/739 790/790
f 736/736 737/737 789/789
f 737/737 738/738 789/789
f 736/736 789/789 788/788
f 734/734 735/735 788/788
f 735/735 736/736 788/788
f 732/732 733/733 786/786
f 733/733 734/734 787/787
f 787/787 734/734 788/788
f 730/730 731/731 783/783
f 731/731 732/732 784/784
f 783/783 731/731 784/784
f 728/728 729/729 782/782
f 729/729 730/730 782/782
f 728/728 782/782 781/781
f 726/726 727/727 780/780
f 727/727 728/728 781/781
f 724/724 725/725 778/778
f 725/725 726/726 779/779
f 779/779 726/726 780/780
f 722/722 723/723 778/778
f 723/723 724/724 778/778
f 720/720 721/721 778/778
f 721/721 722/722 778/778
f 779/779 778/778 725/725
f 727/727 781/781 780/780
f 733/733 787/787 786/786
f 782/782 730/730 783/783
f 732/732 786/786 785/785
f 898/898 897/897 852/852
f 894/894 893/893 845/845
f 909/909 813/813 871/871
f 829/829 882/882 881/881
f 868/868 907/907 867/867
f 907/907 906/906 866/866
f 867/867 907/907 866/866
f 906/906 905/905 865/865
f 866/866 906/906 865/865
f 864/864 865/865 905/905
f 862/862 863/863 904/904
f 863/863 864/864 905/905
f 862/862 904/904 903/903
f 860/860 861/861 902/902
f 861/861 862/862 903/903
f 858/858 859/859 901/901
f 859/859 860/860 902/902
f 901/901 859/859 902/902
f 856/856 857/857 900/900
f 857/857 858/858 901/901
f 856/856 900/900 899/899
f 854/854 855/855 899/899
f 855/855 856/856 899/899
f 854/854 899/899 898/898
f 852/852 853/853 898/898
f 853/853 854/854 898/898
f 850/850 851/851 896/896
f 851/851 852/852 897/897
f 848/848 849/849 896/896
f 849/849 850/850 896/896
f 896/896 847/847 848/848
f 897/897 896/896 851/851
f 861/861 903/903 902/902
f 905/905 904/904 863/863
f 900/900 857/857 901/901
f 847/847 896/896 895/895
f 847/847 895/895 894/894
f 845/845 846/846 894/894
f 846/846 847/847 894/894
f 843/843 844/844 892/892
f 844/844 845/845 893/893
f 892/892 844/844 893/893
f 841/841 842/842 891/891
f 842/842 843/843 892/892
f 839/839 840/840 890/890
f 840/840 841/841 891/891
f 889/889 888/888 839/839
f 891/891 890/890 840/840
f 890/890 889/889 839/839
f 842/842 892/892 891/891
f 817/817 875/875 874/874
f 817/817 874/874 873/873
f 815/815 816/816 873/873
f 816/816 817/817 873/873
f 813/813 814/814 872/872
f 814/814 815/815 872/872
f 813/813 872/872 871/871
f 869/869 870/870 909/909
f 870/870 813/813 909/909
f 869/869 909/909 908/908
f 907/907 868/868 908/908
f 868/868 869/869 908/908
f 815/815 873/873 872/872
f 839/839 888/888 838/838
f 888/888 887/887 836/836
f 837/837 888/888 836/836
f 888/888 837/837 838/838
f 887/887 886/886 835/835
f 835/835 836/836 887/887
f 833/833 834/834 886/886
f 834/834 835/835 886/886
f 833/833 886/886 885/885
f 831/831 832/832 885/885
f 832/832 833/833 885/885
f 829/829 830/830 883/883
f 830/830 831/831 884/884
f 884/884 831/831 885/885
f 827/827 828/828 880/880
f 828/828 829/829 881/881
f 880/880 828/828 881/881
f 825/825 826/826 879/879
f 826/826 827/827 879/879
f 825/825 879/879 878/878
f 823/823 824/824 877/877
f 824/824 825/825 878/878
f 821/821 822/822 875/875
f 822/822 823/823 876/876
f 876/876 823/823 877/877
f 819/819 820/820 875/875
f 820/820 821/821 875/875
f 817/817 818/818 875/875
f 818/818 819/819 875/875
f 876/876 875/875 822/822
f 824/824 878/878 877/877
f 830/830 884/884 883/883
f 879/879 827/827 880/880
f 829/829 883/883 882/882
f 994/994 949/949 995/995
f 990/990 942/942 991/991
f 968/968 1006/1006 910/910
f 978/978 926/926 979/979
f 965/965 1004/1004 964/964
f 1004/1004 1003/1003 963/963
f 964/964 1004/1004 963/963
f 1003/1003 1002/1002 962/962
f 963/963 1003/1003 962/962
f 962/962 1002/1002 961/961
f 960/960 1001/1001 959/959
f 961/961 1002/1002 960/960
f 1001/1001 1000/1000 959/959
f 999/999 957/957 958/958
f 959/959 1000/1000 958/958
f 998/998 955/955 956/956
f 999/999 956/956 957/957
f 999/999 998/998 956/956
f 997/997 953/953 954/954
f 998/998 954/954 955/955
f 996/996 953/953 997/997
f 996/996 951/951 952/952
f 996/996 952/952 953/953
f 995/995 951/951 996/996
f 995/995 949/949 950/950
f 995/995 950/950 951/951
f 993/993 947/947 948/948
f 994/994 948/948 949/949
f 993/993 945/945 946/946
f 993/993 946/946 947/947
f 993/993 944/944 945/945
f 993/993 948/948 994/994
f 1000/1000 999/999 958/958
f 1002/1002 1001/1001 960/960
f 997/997 954/954 998/998
f 992/992 944/944 993/993
f 991/991 944/944 992/992
f 991/991 942/942 943/943
f 991/991 943/943 944/944
f 989/989 940/940 941/941
f 990/990 941/941 942/942
f 989/989 941/941 990/990
f 938/938 939/939 988/988
f 939/939 940/940 989/989
f 936/936 937/937 987/987
f 937/937 938/938 988/988
f 985/985 936/936 986/986
f 987/987 937/937 988/988
f 986/986 936/936 987/987
f 988/988 939/939 989/989
f 914/914 972/972 971/971
f 914/914 971/971 970/970
f 913/913 970/970 912/912
f 914/914 970/970 913/913
f 911/911 969/969 910/910
f 912/912 969/969 911/911
f 910/910 969/969 968/968
f 967/967 1006/1006 966/966
f 910/910 1006/1006 967/967
f 1006/1006 1005/1005 966/966
f 1005/1005 1004/1004 965/965
f 966/966 1005/1005 965/965
f 912/912 970/970 969/969
f 935/935 936/936 985/985
f 984/984 933/933 985/985
f 933/933 934/934 985/985
f 934/934 935/935 985/985
f 983/983 932/932 984/984
f 932/932 933/933 984/984
f 930/930 931/931 983/983
f 931/931 932/932 983/983
f 982/982 930/930 983/983
f 928/928 929/929 982/982
f 929/929 930/930 982/982
f 926/926 927/927 980/980
f 927/927 928/928 981/981
f 981/981 928/928 982/982
f 924/924 925/925 977/977
f 925/925 926/926 978/978
f 925/925 978/978 977/977
f 923/923 976/976 922/922
f 923/923 924/924 976/976
f 922/922 976/976 975/975
f 921/921 974/974 920/920
f 922/922 975/975 921/921
f 919/919 972/972 918/918
f 920/920 973/973 919/919
f 920/920 974/974 973/973
f 917/917 972/972 916/916
f 918/918 972/972 917/917
f 915/915 972/972 914/914
f 916/916 972/972 915/915
f 919/919 973/973 972/972
f 921/921 975/975 974/974
f 980/980 927/927 981/981
f 924/924 977/977 976/976
f 926/926 980/980 979/979
f 1067/1067 1068/1068 1101/1101
f 1041/1041 1040/1040 1061/1061
f 1082/1082 1014/1014 1013/1013
f 1021/1021 1092/1092 1022/1022
f 1100/1100 911/911 1028/1028
f 1080/1080 1081/1081 1008/1008
f 1007/1007 1063/1063 1071/1071
f 1063/1063 1101/1101 1071/1071
f 1079/1079 1080/1080 1072/1072
f 1080/1080 1008/1008 1072/1072
f 1101/1101 1064/1064 1066/1066
f 1071/1071 1068/1068 1070/1070
f 1078/1078 1079/1079 1076/1076
f 1068/1068 1071/1071 1101/1101
f 1064/1064 1065/1065 1066/1066
f 1079/1079 1072/1072 1076/1076
f 1008/1008 1007/1007 1071/1071
f 1072/1072 1008/1008 1071/1071
f 1076/1076 1077/1077 1078/1078
f 1074/1074 1075/1075 1072/1072
f 1075/1075 1076/1076 1072/1072
f 1072/1072 1073/1073 1074/1074
f 1068/1068 1069/1069 1070/1070
f 1066/1066 1067/1067 1101/1101
f 1063/1063 1041/1041 1062/1062
f 1063/1063 1007/1007 1045/1045
f 1063/1063 1045/1045 1044/1044
f 1061/1061 1040/1040 1060/1060
f 1062/1062 1041/1041 1061/1061
f 1040/1040 1039/1039 1060/1060
f 1038/1038 1058/1058 1059/1059
f 1060/1060 1039/1039 1059/1059
f 1039/1039 1038/1038 1059/1059
f 1037/1037 1056/1056 1057/1057
f 1038/1038 1057/1057 1058/1058
f 1036/1036 1054/1054 1055/1055
f 1037/1037 1055/1055 1056/1056
f 1034/1034 1052/1052 1053/1053
f 1035/1035 1053/1053 1054/1054
f 1033/1033 1050/1050 1051/1051
f 1033/1033 1051/1051 1052/1052
f 1033/1033 1052/1052 1034/1034
f 1031/1031 1048/1048 1049/1049
f 1032/1032 1049/1049 1050/1050
f 1030/1030 1047/1047 1031/1031
f 1031/1031 1047/1047 1048/1048
f 1031/1031 1049/1049 1032/1032
f 1034/1034 1053/1053 1035/1035
f 1036/1036 1055/1055 1037/1037
f 1038/1038 1037/1037 1057/1057
f 1063/1063 1044/1044 1043/1043
f 1063/1063 1043/1043 1042/1042
f 1032/1032 1050/1050 1033/1033
f 1035/1035 1054/1054 1036/1036
f 1042/1042 1041/1041 1063/1063
f 1086/1086 1087/1087 1017/1017
f 1086/1086 1017/1017 1016/1016
f 1085/1085 1015/1015 1084/1084
f 1085/1085 1086/1086 1016/1016
f 1085/1085 1016/1016 1015/1015
f 1083/1083 1014/1014 1082/1082
f 1084/1084 1015/1015 1083/1083
f 1083/1083 1015/1015 1014/1014
f 1008/1008 1081/1081 1009/1009
f 1082/1082 1013/1013 1081/1081
f 1009/1009 1081/1081 1010/1010
f 1010/1010 1081/1081 1011/1011
f 1011/1011 1081/1081 1012/1012
f 1081/1081 1013/1013 1012/1012
f 1099/1099 1100/1100 1027/1027
f 1027/1027 1100/1100 1028/1028
f 1026/1026 1099/1099 1027/1027
f 1025/1025 1098/1098 1026/1026
f 1098/1098 1099/1099 1026/1026
f 1097/1097 1098/1098 1025/1025
f 1095/1095 1096/1096 1024/1024
f 1096/1096 1097/1097 1025/1025
f 1024/1024 1096/1096 1025/1025
f 1093/1093 1094/1094 1023/1023
f 1094/1094 1095/1095 1024/1024
f 1091/1091 1092/1092 1021/1021
f 1092/1092 1093/1093 1022/1022
f 1022/1022 1093/1093 1023/1023
f 1089/1089 1090/1090 1020/1020
f 1090/1090 1091/1091 1021/1021
f 1019/1019 1089/1089 1020/1020
f 1087/1087 1088/1088 1018/1018
f 1088/1088 1089/1089 1019/1019
f 1087/1087 1018/1018 1017/1017
f 1018/1018 1088/1088 1019/1019
f 1023/1023 1094/1094 1024/1024
f 1020/1020 1090/1090 1021/1021
f 1029/1029 911/911 910/910
f 1030/1030 910/910 1046/1046
f 1029/1029 910/910 1030/1030
f 1030/1030 1046/1046 1047/1047
f 1028/1028 911/911 1029/1029
f 566/566 1046/1046 565/565
f 279/279 804/804 280/280
f 566/566 1048/1048 1047/1047
f 281/281 804/804 805/805
f 568/568 1048/1048 567/567
f 281/281 806/806 282/282
f 569/569 1049/1049 568/568
f 282/282 807/807 283/283
f 569/569 1051/1051 1050/1050
f 283/283 808/808 284/284
f 571/571 1051/1051 570/570
f 284/284 809/809 285/285
f 572/572 1052/1052 571/571
f 286/286 809/809 810/810
f 572/572 1054/1054 1053/1053
f 286/286 811/811 287/287
f 574/574 1054/1054 573/573
f 287/287 812/812 288/288
f 575/575 1055/1055 574/574
f 250/250 812/812 774/774
f 576/576 1056/1056 575/575
f 577/577 1057/1057 576/576
f 578/578 1058/1058 577/577
f 579/579 1059/1059 578/578
f 579/579 1061/1061 1060/1060
f 581/581 1061/1061 580/580
f 582/582 1062/1062 581/581
f 583/583 1101/1101 620/620
f 584/584 1064/1064 583/583
f 584/584 1066/1066 1065/1065
f 586/586 1066/1066 585/585
f 587/587 1067/1067 586/586
f 587/587 1069/1069 1068/1068
f 588/588 1070/1070 1069/1069
f 590/590 1070/1070 589/589
f 591/591 1071/1071 590/590
f 592/592 1072/1072 591/591
f 592/592 1074/1074 1073/1073
f 594/594 1074/1074 593/593
f 595/595 1075/1075 594/594
f 596/596 1076/1076 595/595
f 596/596 1078/1078 1077/1077
f 597/597 1079/1079 1078/1078
f 598/598 1080/1080 1079/1079
f 599/599 1081/1081 1080/1080
f 601/601 1081/1081 600/600
f 602/602 1082/1082 601/601
f 602/602 1084/1084 1083/1083
f 604/604 1084/1084 603/603
f 604/604 1086/1086 1085/1085
f 605/605 1087/1087 1086/1086
f 606/606 1088/1088 1087/1087
f 607/607 1089/1089 1088/1088
f 608/608 1090/1090 1089/1089
f 609/609 1091/1091 1090/1090
f 610/610 1092/1092 1091/1091
f 611/611 1093/1093 1092/1092
f 612/612 1094/1094 1093/1093
f 613/613 1095/1095 1094/1094
f 614/614 1096/1096 1095/1095
f 616/616 1096/1096 615/615
f 616/616 1098/1098 1097/1097
f 618/618 1098/1098 617/617
f 618/618 1100/1100 1099/1099
f 387/387 1100/1100 619/619
f 582/582 1101/1101 1063/1063
f 160/160 685/685 161/161
f 161/161 686/686 162/162
f 162/162 687/687 163/163
f 163/163 688/688 164/164
f 164/164 689/689 165/165
f 166/166 689/689 690/690
f 166/166 691/691 167/167
f 167/167 692/692 168/168
f 168/168 693/693 169/169
f 169/169 694/694 170/170
f 170/170 695/695 171/171
f 171/171 696/696 172/172
f 172/172 697/697 173/173
f 173/173 698/698 174/174
f 174/174 699/699 175/175
f 175/175 684/684 160/160
f 177/177 700/700 701/701
f 178/178 701/701 702/702
f 178/178 703/703 179/179
f 179/179 704/704 180/180
f 181/181 704/704 705/705
f 182/182 705/705 706/706
f 182/182 707/707 183/183
f 183/183 708/708 184/184
f 185/185 708/708 709/709
f 186/186 709/709 710/710
f 186/186 711/711 187/187
f 187/187 712/712 188/188
f 188/188 713/713 189/189
f 190/190 713/713 714/714
f 190/190 715/715 191/191
f 191/191 700/700 176/176
f 387/387 912/912 911/911
f 389/389 912/912 388/388
f 389/389 914/914 913/913
f 391/391 914/914 390/390
f 391/391 916/916 915/915
f 392/392 917/917 916/916
f 393/393 918/918 917/917
f 394/394 919/919 918/918
f 395/395 920/920 919/919
f 396/396 921/921 920/920
f 397/397 922/922 921/921
f 398/398 923/923 922/922
f 290/290 813/813 289/289
f 399/399 924/924 923/923
f 291/291 814/814 290/290
f 400/400 925/925 924/924
f 292/292 815/815 291/291
f 401/401 926/926 925/925
f 292/292 817/817 816/816
f 402/402 927/927 926/926
f 294/294 817/817 293/293
f 403/403 928/928 927/927
f 295/295 818/818 294/294
f 404/404 929/929 928/928
f 296/296 819/819 295/295
f 405/405 930/930 929/929
f 296/296 821/821 820/820
f 406/406 931/931 930/930
f 298/298 821/821 297/297
f 407/407 932/932 931/931
f 299/299 822/822 298/298
f 408/408 933/933 932/932
f 299/299 824/824 823/823
f 409/409 934/934 933/933
f 301/301 824/824 300/300
f 410/410 935/935 934/934
f 301/301 826/826 825/825
f 193/193 716/716 192/192
f 412/412 935/935 411/411
f 303/303 826/826 302/302
f 193/193 718/718 717/717
f 413/413 936/936 412/412
f 303/303 828/828 827/827
f 195/195 718/718 194/194
f 413/413 938/938 937/937
f 305/305 828/828 304/304
f 196/196 719/719 195/195
f 414/414 939/939 938/938
f 306/306 829/829 305/305
f 197/197 720/720 196/196
f 415/415 940/940 939/939
f 307/307 830/830 306/306
f 198/198 721/721 197/197
f 417/417 940/940 416/416
f 308/308 831/831 307/307
f 199/199 722/722 198/198
f 418/418 941/941 417/417
f 309/309 832/832 308/308
f 200/200 723/723 199/199
f 419/419 942/942 418/418
f 309/309 834/834 833/833
f 201/201 724/724 200/200
f 420/420 943/943 419/419
f 311/311 834/834 310/310
f 202/202 725/725 201/201
f 421/421 944/944 420/420
f 312/312 835/835 311/311
f 202/202 727/727 726/726
f 422/422 945/945 421/421
f 312/312 837/837 836/836
f 204/204 727/727 203/203
f 423/423 946/946 422/422
f 314/314 837/837 313/313
f 205/205 728/728 204/204
f 424/424 947/947 423/423
f 315/315 838/838 314/314
f 205/205 730/730 729/729
f 425/425 948/948 424/424
f 315/315 840/840 839/839
f 207/207 730/730 206/206
f 426/426 949/949 425/425
f 316/316 841/841 840/840
f 208/208 731/731 207/207
f 427/427 950/950 426/426
f 318/318 841/841 317/317
f 209/209 732/732 208/208
f 428/428 951/951 427/427
f 318/318 843/843 842/842
f 210/210 733/733 209/209
f 429/429 952/952 428/428
f 320/320 843/843 319/319
f 210/210 735/735 734/734
f 430/430 953/953 429/429
f 321/321 844/844 320/320
f 212/212 735/735 211/211
f 431/431 954/954 430/430
f 322/322 845/845 321/321
f 213/213 736/736 212/212
f 431/431 956/956 955/955
f 323/323 846/846 322/322
f 213/213 738/738 737/737
f 432/432 957/957 956/956
f 323/323 848/848 847/847
f 215/215 738/738 214/214
f 433/433 958/958 957/957
f 325/325 848/848 324/324
f 216/216 739/739 215/215
f 434/434 959/959 958/958
f 326/326 849/849 325/325
f 216/216 741/741 740/740
f 435/435 960/960 959/959
f 327/327 850/850 326/326
f 217/217 742/742 741/741
f 436/436 961/961 960/960
f 328/328 851/851 327/327
f 219/219 742/742 218/218
f 437/437 962/962 961/961
f 328/328 853/853 852/852
f 219/219 744/744 743/743
f 439/439 962/962 438/438
f 330/330 853/853 329/329
f 221/221 744/744 220/220
f 440/440 963/963 439/439
f 330/330 855/855 854/854
f 222/222 745/745 221/221
f 441/441 964/964 440/440
f 332/332 855/855 331/331
f 223/223 746/746 222/222
f 442/442 965/965 441/441
f 332/332 857/857 856/856
f 224/224 747/747 223/223
f 443/443 966/966 442/442
f 334/334 857/857 333/333
f 225/225 748/748 224/224
f 386/386 967/967 443/443
f 334/334 859/859 858/858
f 225/225 750/750 749/749
f 444/444 969/969 445/445
f 335/335 860/860 859/859
f 227/227 750/750 226/226
f 446/446 969/969 970/970
f 337/337 860/860 336/336
f 227/227 752/752 751/751
f 446/446 971/971 447/447
f 338/338 861/861 337/337
f 229/229 752/752 228/228
f 448/448 971/971 972/972
f 339/339 862/862 338/338
f 229/229 754/754 753/753
f 449/449 972/972 973/973
f 340/340 863/863 339/339
f 231/231 754/754 230/230
f 449/449 974/974 450/450
f 341/341 864/864 340/340
f 231/231 756/756 755/755
f 450/450 975/975 451/451
f 342/342 865/865 341/341
f 233/233 756/756 232/232
f 451/451 976/976 452/452
f 343/343 866/866 342/342
f 234/234 757/757 233/233
f 452/452 977/977 453/453
f 344/344 867/867 343/343
f 234/234 759/759 758/758
f 453/453 978/978 454/454
f 344/344 869/869 868/868
f 236/236 759/759 235/235
f 454/454 979/979 455/455
f 346/346 869/869 345/345
f 237/237 760/760 236/236
f 456/456 979/979 980/980
f 289/289 870/870 346/346
f 238/238 761/761 237/237
f 456/456 981/981 457/457
f 347/347 872/872 348/348
f 239/239 762/762 238/238
f 526/526 1008/1008 527/527
f 457/457 982/982 458/458
f 349/349 872/872 873/873
f 240/240 763/763 239/239
f 527/527 1009/1009 528/528
f 458/458 983/983 459/459
f 349/349 874/874 350/350
f 240/240 765/765 764/764
f 529/529 1009/1009 1010/1010
f 459/459 984/984 460/460
f 350/350 875/875 351/351
f 242/242 765/765 241/241
f 529/529 1011/1011 530/530
f 460/460 985/985 461/461
f 351/351 876/876 352/352
f 243/243 766/766 242/242
f 531/531 1011/1011 1012/1012
f 461/461 986/986 462/462
f 352/352 877/877 353/353
f 244/244 767/767 243/243
f 531/531 1013/1013 532/532
f 462/462 987/987 463/463
f 353/353 878/878 354/354
f 245/245 768/768 244/244
f 533/533 1013/1013 1014/1014
f 463/463 988/988 464/464
f 354/354 879/879 355/355
f 246/246 769/769 245/245
f 533/533 1015/1015 534/534
f 464/464 989/989 465/465
f 355/355 880/880 356/356
f 246/246 771/771 770/770
f 534/534 1016/1016 535/535
f 465/465 990/990 466/466
f 356/356 881/881 357/357
f 248/248 771/771 247/247
f 535/535 1017/1017 536/536
f 467/467 990/990 991/991
f 358/358 881/881 882/882
f 249/249 772/772 248/248
f 536/536 1018/1018 537/537
f 468/468 991/991 992/992
f 358/358 883/883 359/359
f 192/192 773/773 249/249
f 538/538 1018/1018 1019/1019
f 469/469 992/992 993/993
f 359/359 884/884 360/360
f 250/250 775/775 251/251
f 538/538 1020/1020 539/539
f 470/470 993/993 994/994
f 361/361 884/884 885/885
f 251/251 776/776 252/252
f 539/539 1021/1021 540/540
f 471/471 994/994 995/995
f 361/361 886/886 362/362
f 252/252 777/777 253/253
f 540/540 1022/1022 541/541
f 471/471 996/996 472/472
f 363/363 886/886 887/887
f 253/253 778/778 254/254
f 541/541 1023/1023 542/542
f 472/472 997/997 473/473
f 363/363 888/888 364/364
f 255/255 778/778 779/779
f 542/542 1024/1024 543/543
f 474/474 997/997 998/998
f 365/365 888/888 889/889
f 255/255 780/780 256/256
f 543/543 1025/1025 544/544
f 475/475 998/998 999/999
f 366/366 889/889 890/890
f 257/257 780/780 781/781
f 544/544 1026/1026 545/545
f 476/476 999/999 1000/1000
f 367/367 890/890 891/891
f 257/257 782/782 258/258
f 546/546 1026/1026 1027/1027
f 477/477 1000/1000 1001/1001
f 368/368 891/891 892/892
f 258/258 783/783 259/259
f 547/547 1027/1027 1028/1028
f 478/478 1001/1001 1002/1002
f 369/369 892/892 893/893
f 260/260 783/783 784/784
f 548/548 1028/1028 1029/1029
f 479/479 1002/1002 1003/1003
f 369/369 894/894 370/370
f 260/260 785/785 261/261
f 548/548 1030/1030 549/549
f 480/480 1003/1003 1004/1004
f 370/370 895/895 371/371
f 261/261 786/786 262/262
f 549/549 1031/1031 550/550
f 481/481 1004/1004 1005/1005
f 371/371 896/896 372/372
f 263/263 786/786 787/787
f 550/550 1032/1032 551/551
f 481/481 1006/1006 482/482
f 372/372 897/897 373/373
f 263/263 788/788 264/264
f 551/551 1033/1033 552/552
f 482/482 968/968 444/444
f 373/373 898/898 374/374
f 264/264 789/789 265/265
f 553/553 1033/1033 1034/1034
f 374/374 899/899 375/375
f 265/265 790/790 266/266
f 554/554 1034/1034 1035/1035
f 376/376 899/899 900/900
f 267/267 790/790 791/791
f 555/555 1035/1035 1036/1036
f 376/376 901/901 377/377
f 267/267 792/792 268/268
f 555/555 1037/1037 556/556
f 378/378 901/901 902/902
f 269/269 792/792 793/793
f 556/556 1038/1038 557/557
f 378/378 903/903 379/379
f 269/269 794/794 270/270
f 557/557 1039/1039 558/558
f 380/380 903/903 904/904
f 271/271 794/794 795/795
f 559/559 1039/1039 1040/1040
f 380/380 905/905 381/381
f 271/271 796/796 272/272
f 560/560 1040/1040 1041/1041
f 381/381 906/906 382/382
f 273/273 796/796 797/797
f 561/561 1041/1041 1042/1042
f 382/382 907/907 383/383
f 273/273 798/798 274/274
f 562/562 1042/1042 1043/1043
f 383/383 908/908 384/384
f 274/274 799/799 275/275
f 563/563 1043/1043 1044/1044
f 384/384 909/909 385/385
f 276/276 799/799 800/800
f 563/563 1045/1045 564/564
f 385/385 871/871 347/347
f 276/276 801/801 277/277
f 526/526 1045/1045 1007/1007
f 277/277 802/802 278/278
f 565/565 910/910 386/386
f 278/278 803/803 279/279
f 1115/1115 1116/1116 1148/1148
f 1105/1105 1104/1104 1106/1106
f 1106/1106 1107/1107 1109/1109
f 1107/1107 1108/1108 1109/1109
f 1109/1109 1110/1110 1103/1103
f 1106/1106 1109/1109 1103/1103
f 1103/1103 1105/1105 1106/1106
f 1159/1159 1102/1102 1158/1158
f 1102/1102 1103/1103 1110/1110
f 1152/1152 1110/1110 1111/1111
f 1157/1157 1158/1158 1102/1102
f 1155/1155 1156/1156 1153/1153
f 1156/1156 1157/1157 1153/1153
f 1153/1153 1154/1154 1155/1155
f 1150/1150 1151/1151 1115/1115
f 1151/1151 1152/1152 1114/1114
f 1115/1115 1151/1151 1114/1114
f 1152/1152 1153/1153 1102/1102
f 1153/1153 1157/1157 1102/1102
f 1110/1110 1152/1152 1102/1102
f 1149/1149 1150/1150 1115/1115
f 1147/1147 1148/1148 1116/1116
f 1148/1148 1149/1149 1115/1115
f 1147/1147 1116/1116 1117/1117
f 1145/1145 1146/1146 1118/1118
f 1146/1146 1147/1147 1117/1117
f 1118/1118 1146/1146 1117/1117
f 1143/1143 1144/1144 1120/1120
f 1144/1144 1145/1145 1119/1119
f 1119/1119 1145/1145 1118/1118
f 1141/1141 1142/1142 1121/1121
f 1142/1142 1143/1143 1120/1120
f 1139/1139 1140/1140 1123/1123
f 1140/1140 1141/1141 1122/1122
f 1122/1122 1141/1141 1121/1121
f 1137/1137 1138/1138 1124/1124
f 1138/1138 1139/1139 1123/1123
f 1135/1135 1136/1136 1125/1125
f 1136/1136 1137/1137 1125/1125
f 1135/1135 1125/1125 1126/1126
f 1133/1133 1134/1134 1132/1132
f 1134/1134 1135/1135 1126/1126
f 1131/1131 1132/1132 1134/1134
f 1129/1129 1130/1130 1128/1128
f 1130/1130 1131/1131 1127/1127
f 1127/1127 1128/1128 1130/1130
f 1126/1126 1127/1127 1134/1134
f 1127/1127 1131/1131 1134/1134
f 1138/1138 1123/1123 1124/1124
f 1142/1142 1120/1120 1121/1121
f 1140/1140 1122/1122 1123/1123
f 1144/1144 1119/1119 1120/1120
f 1152/1152 1111/1111 1112/1112
f 1152/1152 1112/1112 1113/1113
f 1124/1124 1125/1125 1137/1137
f 1152/1152 1113/1113 1114/1114
f 1197/1197 1196/1196 1229/1229
f 1185/1185 1260/1260 1189/1189
f 1167/1167 1243/1243 1244/1244
f 1255/1255 1178/1178 1254/1254
f 1250/1250 1173/1173 1249/1249
f 1191/1191 1190/1190 1237/1237
f 1237/1237 1236/1236 1191/1191
f 1236/1236 1235/1235 1192/1192
f 1235/1235 1234/1234 1192/1192
f 1234/1234 1233/1233 1193/1193
f 1233/1233 1232/1232 1194/1194
f 1232/1232 1231/1231 1195/1195
f 1233/1233 1194/1194 1193/1193
f 1231/1231 1230/1230 1195/1195
f 1230/1230 1229/1229 1196/1196
f 1195/1195 1230/1230 1196/1196
f 1229/1229 1228/1228 1197/1197
f 1228/1228 1227/1227 1197/1197
f 1197/1197 1227/1227 1198/1198
f 1227/1227 1226/1226 1198/1198
f 1226/1226 1225/1225 1199/1199
f 1199/1199 1225/1225 1200/1200
f 1225/1225 1224/1224 1200/1200
f 1224/1224 1223/1223 1201/1201
f 1223/1223 1222/1222 1201/1201
f 1222/1222 1221/1221 1202/1202
f 1221/1221 1220/1220 1203/1203
f 1220/1220 1219/1219 1204/1204
f 1203/1203 1220/1220 1204/1204
f 1219/1219 1218/1218 1205/1205
f 1218/1218 1217/1217 1205/1205
f 1219/1219 1205/1205 1204/1204
f 1217/1217 1216/1216 1206/1206
f 1216/1216 1215/1215 1207/1207
f 1215/1215 1214/1214 1207/1207
f 1214/1214 1213/1213 1208/1208
f 1207/1207 1214/1214 1208/1208
f 1213/1213 1212/1212 1209/1209
f 1212/1212 1211/1211 1210/1210
f 1209/1209 1212/1212 1210/1210
f 1209/1209 1208/1208 1213/1213
f 1207/1207 1206/1206 1216/1216
f 1206/1206 1205/1205 1217/1217
f 1221/1221 1203/1203 1202/1202
f 1224/1224 1201/1201 1200/1200
f 1222/1222 1202/1202 1201/1201
f 1236/1236 1192/1192 1191/1191
f 1234/1234 1193/1193 1192/1192
f 1194/1194 1232/1232 1195/1195
f 1226/1226 1199/1199 1198/1198
f 1161/1161 1160/1160 1190/1190
f 1160/1160 1237/1237 1190/1190
f 1161/1161 1190/1190 1238/1238
f 1190/1190 1189/1189 1260/1260
f 1238/1238 1190/1190 1260/1260
f 1189/1189 1188/1188 1187/1187
f 1187/1187 1186/1186 1189/1189
f 1186/1186 1185/1185 1189/1189
f 1248/1248 1249/1249 1172/1172
f 1172/1172 1171/1171 1248/1248
f 1171/1171 1170/1170 1247/1247
f 1248/1248 1171/1171 1247/1247
f 1170/1170 1169/1169 1246/1246
f 1169/1169 1168/1168 1245/1245
f 1245/1245 1168/1168 1244/1244
f 1168/1168 1167/1167 1244/1244
f 1167/1167 1166/1166 1243/1243
f 1242/1242 1166/1166 1241/1241
f 1166/1166 1165/1165 1241/1241
f 1165/1165 1164/1164 1240/1240
f 1241/1241 1165/1165 1240/1240
f 1164/1164 1163/1163 1240/1240
f 1163/1163 1162/1162 1239/1239
f 1240/1240 1163/1163 1239/1239
f 1162/1162 1161/1161 1239/1239
f 1161/1161 1238/1238 1239/1239
f 1166/1166 1242/1242 1243/1243
f 1246/1246 1247/1247 1170/1170
f 1245/1245 1246/1246 1169/1169
f 1259/1259 1260/1260 1185/1185
f 1185/1185 1184/1184 1259/1259
f 1184/1184 1183/1183 1258/1258
f 1258/1258 1183/1183 1182/1182
f 1182/1182 1181/1181 1257/1257
f 1181/1181 1180/1180 1256/1256
f 1180/1180 1179/1179 1255/1255
f 1181/1181 1256/1256 1257/1257
f 1179/1179 1178/1178 1255/1255
f 1178/1178 1177/1177 1254/1254
f 1177/1177 1176/1176 1254/1254
f 1176/1176 1175/1175 1253/1253
f 1175/1175 1174/1174 1252/1252
f 1174/1174 1173/1173 1251/1251
f 1175/1175 1252/1252 1253/1253
f 1251/1251 1252/1252 1174/1174
f 1176/1176 1253/1253 1254/1254
f 1182/1182 1257/1257 1258/1258
f 1258/1258 1259/1259 1184/1184
f 1256/1256 1180/1180 1255/1255
f 1251/1251 1173/1173 1250/1250
f 1173/1173 1172/1172 1249/1249
f 1275/1275 1289/1289 1288/1288
f 1263/1263 1262/1262 1265/1265
f 1262/1262 1261/1261 1296/1296
f 1261/1261 1303/1303 1302/1302
f 1302/1302 1301/1301 1261/1261
f 1301/1301 1300/1300 1261/1261
f 1300/1300 1299/1299 1297/1297
f 1299/1299 1298/1298 1297/1297
f 1297/1297 1296/1296 1261/1261
f 1297/1297 1261/1261 1300/1300
f 1264/1264 1263/1263 1265/1265
f 1262/1262 1296/1296 1295/1295
f 1266/1266 1265/1265 1262/1262
f 1268/1268 1267/1267 1269/1269
f 1267/1267 1266/1266 1271/1271
f 1270/1270 1269/1269 1271/1271
f 1271/1271 1269/1269 1267/1267
f 1271/1271 1266/1266 1262/1262
f 1274/1274 1273/1273 1289/1289
f 1273/1273 1272/1272 1290/1290
f 1272/1272 1271/1271 1293/1293
f 1262/1262 1295/1295 1294/1294
f 1262/1262 1294/1294 1293/1293
f 1275/1275 1274/1274 1289/1289
f 1273/1273 1290/1290 1289/1289
f 1271/1271 1262/1262 1293/1293
f 1276/1276 1275/1275 1288/1288
f 1278/1278 1277/1277 1287/1287
f 1277/1277 1276/1276 1287/1287
f 1280/1280 1279/1279 1286/1286
f 1279/1279 1278/1278 1287/1287
f 1282/1282 1281/1281 1283/1283
f 1281/1281 1280/1280 1283/1283
f 1284/1284 1283/1283 1286/1286
f 1286/1286 1285/1285 1284/1284
f 1287/1287 1286/1286 1279/1279
f 1280/1280 1286/1286 1283/1283
f 1272/1272 1293/1293 1292/1292
f 1272/1272 1292/1292 1291/1291
f 1272/1272 1291/1291 1290/1290
f 1288/1288 1287/1287 1276/1276
f 1327/1327 1339/1339 1338/1338
f 1304/1304 1305/1305 1339/1339
f 1305/1305 1366/1366 1340/1340
f 1316/1316 1304/1304 1339/1339
f 1366/1366 1365/1365 1340/1340
f 1365/1365 1364/1364 1340/1340
f 1364/1364 1363/1363 1341/1341
f 1363/1363 1362/1362 1341/1341
f 1340/1340 1364/1364 1341/1341
f 1362/1362 1361/1361 1342/1342
f 1361/1361 1360/1360 1343/1343
f 1360/1360 1359/1359 1343/1343
f 1359/1359 1358/1358 1343/1343
f 1343/1343 1358/1358 1344/1344
f 1358/1358 1357/1357 1344/1344
f 1357/1357 1356/1356 1345/1345
f 1356/1356 1355/1355 1345/1345
f 1347/1347 1355/1355 1354/1354
f 1346/1346 1355/1355 1347/1347
f 1354/1354 1353/1353 1351/1351
f 1353/1353 1352/1352 1351/1351
f 1348/1348 1351/1351 1350/1350
f 1348/1348 1354/1354 1351/1351
f 1349/1349 1348/1348 1350/1350
f 1348/1348 1347/1347 1354/1354
f 1344/1344 1357/1357 1345/1345
f 1345/1345 1355/1355 1346/1346
f 1342/1342 1361/1361 1343/1343
f 1309/1309 1308/1308 1307/1307
f 1307/1307 1306/1306 1315/1315
f 1311/1311 1310/1310 1307/1307
f 1310/1310 1309/1309 1307/1307
f 1312/1312 1311/1311 1313/1313
f 1314/1314 1311/1311 1307/1307
f 1313/1313 1311/1311 1314/1314
f 1314/1314 1307/1307 1315/1315
f 1315/1315 1306/1306 1304/1304
f 1318/1318 1317/1317 1320/1320
f 1317/1317 1316/1316 1326/1326
f 1315/1315 1304/1304 1316/1316
f 1339/1339 1305/1305 1340/1340
f 1326/1326 1316/1316 1339/1339
f 1319/1319 1318/1318 1320/1320
f 1317/1317 1326/1326 1325/1325
f 1320/1320 1317/1317 1321/1321
f 1323/1323 1322/1322 1325/1325
f 1321/1321 1317/1317 1322/1322
f 1322/1322 1317/1317 1325/1325
f 1324/1324 1323/1323 1325/1325
f 1341/1341 1362/1362 1342/1342
f 1326/1326 1339/1339 1327/1327
f 1329/1329 1328/1328 1333/1333
f 1327/1327 1338/1338 1328/1328
f 1328/1328 1338/1338 1337/1337
f 1330/1330 1329/1329 1331/1331
f 1332/1332 1329/1329 1333/1333
f 1331/1331 1329/1329 1332/1332
f 1337/1337 1335/1335 1334/1334
f 1337/1337 1334/1334 1333/1333
f 1337/1337 1336/1336 1335/1335
f 1328/1328 1337/1337 1333/1333
f 96/96 1198/1198 97/97
f 632/632 1316/1316 633/633
f 98/98 1198/1198 1199/1199
f 633/633 1317/1317 634/634
f 98/98 1200/1200 99/99
f 634/634 1318/1318 635/635
f 99/99 1201/1201 100/100
f 635/635 1319/1319 636/636
f 100/100 1202/1202 101/101
f 636/636 1320/1320 637/637
f 101/101 1203/1203 102/102
f 638/638 1320/1320 1321/1321
f 103/103 1203/1203 1204/1204
f 639/639 1321/1321 1322/1322
f 103/103 1205/1205 104/104
f 640/640 1322/1322 1323/1323
f 104/104 1206/1206 105/105
f 640/640 1324/1324 641/641
f 105/105 1207/1207 106/106
f 5/5 1104/1104 3/3
f 641/641 1325/1325 642/642
f 107/107 1207/1207 1208/1208
f 1/1 1103/1103 1102/1102
f 643/643 1325/1325 1326/1326
f 107/107 1209/1209 108/108
f 2/2 1105/1105 1103/1103
f 644/644 1326/1326 1327/1327
f 108/108 1210/1210 109/109
f 4/4 1104/1104 1105/1105
f 644/644 1328/1328 645/645
f 109/109 1211/1211 110/110
f 6/6 1106/1106 5/5
f 645/645 1329/1329 646/646
f 111/111 1211/1211 1212/1212
f 7/7 1107/1107 6/6
f 646/646 1330/1330 647/647
f 111/111 1213/1213 112/112
f 8/8 1108/1108 7/7
f 647/647 1331/1331 648/648
f 112/112 1214/1214 113/113
f 9/9 1109/1109 8/8
f 649/649 1331/1331 1332/1332
f 113/113 1215/1215 114/114
f 10/10 1110/1110 9/9
f 649/649 1333/1333 650/650
f 115/115 1215/1215 1216/1216
f 11/11 1111/1111 10/10
f 650/650 1334/1334 651/651
f 115/115 1217/1217 116/116
f 12/12 1112/1112 11/11
f 651/651 1335/1335 652/652
f 116/116 1218/1218 117/117
f 13/13 1113/1113 12/12
f 653/653 1335/1335 1336/1336
f 117/117 1219/1219 118/118
f 14/14 1114/1114 13/13
f 654/654 1336/1336 1337/1337
f 118/118 1220/1220 119/119
f 15/15 1115/1115 14/14
f 655/655 1337/1337 1338/1338
f 120/120 1220/1220 1221/1221
f 16/16 1116/1116 15/15
f 656/656 1338/1338 1339/1339
f 120/120 1222/1222 121/121
f 17/17 1117/1117 16/16
f 656/656 1340/1340 657/657
f 121/121 1223/1223 122/122
f 18/18 1118/1118 17/17
f 657/657 1341/1341 658/658
f 122/122 1224/1224 123/123
f 18/18 1120/1120 1119/1119
f 484/484 1261/1261 1262/1262
f 658/658 1342/1342 659/659
f 123/123 1225/1225 124/124
f 20/20 1120/1120 19/19
f 484/484 1263/1263 485/485
f 659/659 1343/1343 660/660
f 124/124 1226/1226 125/125
f 21/21 1121/1121 20/20
f 485/485 1264/1264 486/486
f 660/660 1344/1344 661/661
f 125/125 1227/1227 126/126
f 22/22 1122/1122 21/21
f 486/486 1265/1265 487/487
f 661/661 1345/1345 662/662
f 127/127 1227/1227 1228/1228
f 23/23 1123/1123 22/22
f 487/487 1266/1266 488/488
f 662/662 1346/1346 663/663
f 127/127 1229/1229 128/128
f 24/24 1124/1124 23/23
f 488/488 1267/1267 489/489
f 663/663 1347/1347 664/664
f 128/128 1230/1230 129/129
f 25/25 1125/1125 24/24
f 489/489 1268/1268 490/490
f 664/664 1348/1348 665/665
f 129/129 1231/1231 130/130
f 25/25 1127/1127 1126/1126
f 490/490 1269/1269 491/491
f 665/665 1349/1349 666/666
f 130/130 1232/1232 131/131
f 27/27 1127/1127 26/26
f 492/492 1269/1269 1270/1270
f 666/666 1350/1350 667/667
f 132/132 1232/1232 1233/1233
f 28/28 1128/1128 27/27
f 492/492 1271/1271 493/493
f 668/668 1350/1350 1351/1351
f 132/132 1234/1234 133/133
f 29/29 1129/1129 28/28
f 493/493 1272/1272 494/494
f 669/669 1351/1351 1352/1352
f 134/134 1234/1234 1235/1235
f 30/30 1130/1130 29/29
f 495/495 1272/1272 1273/1273
f 670/670 1352/1352 1353/1353
f 134/134 1236/1236 135/135
f 30/30 1132/1132 1131/1131
f 495/495 1274/1274 496/496
f 671/671 1353/1353 1354/1354
f 136/136 1236/1236 1237/1237
f 31/31 1133/1133 1132/1132
f 497/497 1274/1274 1275/1275
f 672/672 1354/1354 1355/1355
f 136/136 1160/1160 59/59
f 33/33 1133/1133 32/32
f 497/497 1276/1276 498/498
f 673/673 1355/1355 1356/1356
f 138/138 1238/1238 137/137
f 34/34 1134/1134 33/33
f 498/498 1277/1277 499/499
f 674/674 1356/1356 1357/1357
f 139/139 1239/1239 138/138
f 35/35 1135/1135 34/34
f 499/499 1278/1278 500/500
f 675/675 1357/1357 1358/1358
f 140/140 1240/1240 139/139
f 36/36 1136/1136 35/35
f 501/501 1278/1278 1279/1279
f 676/676 1358/1358 1359/1359
f 141/141 1241/1241 140/140
f 37/37 1137/1137 36/36
f 501/501 1280/1280 502/502
f 677/677 1359/1359 1360/1360
f 141/141 1243/1243 1242/1242
f 38/38 1138/1138 37/37
f 503/503 1280/1280 1281/1281
f 678/678 1360/1360 1361/1361
f 143/143 1243/1243 142/142
f 38/38 1140/1140 1139/1139
f 504/504 1281/1281 1282/1282
f 678/678 1362/1362 679/679
f 144/144 1244/1244 143/143
f 40/40 1140/1140 39/39
f 505/505 1282/1282 1283/1283
f 679/679 1363/1363 680/680
f 145/145 1245/1245 144/144
f 41/41 1141/1141 40/40
f 505/505 1284/1284 506/506
f 680/680 1364/1364 681/681
f 146/146 1246/1246 145/145
f 42/42 1142/1142 41/41
f 506/506 1285/1285 507/507
f 681/681 1365/1365 682/682
f 147/147 1247/1247 146/146
f 43/43 1143/1143 42/42
f 507/507 1286/1286 508/508
f 683/683 1365/1365 1366/1366
f 148/148 1248/1248 147/147
f 44/44 1144/1144 43/43
f 509/509 1286/1286 1287/1287
f 683/683 1305/1305 622/622
f 149/149 1249/1249 148/148
f 45/45 1145/1145 44/44
f 509/509 1288/1288 510/510
f 150/150 1250/1250 149/149
f 46/46 1146/1146 45/45
f 510/510 1289/1289 511/511
f 151/151 1251/1251 150/150
f 47/47 1147/1147 46/46
f 512/512 1289/1289 1290/1290
f 152/152 1252/1252 151/151
f 47/47 1149/1149 1148/1148
f 512/512 1291/1291 513/513
f 152/152 1254/1254 1253/1253
f 49/49 1149/1149 48/48
f 514/514 1291/1291 1292/1292
f 154/154 1254/1254 153/153
f 49/49 1151/1151 1150/1150
f 514/514 1293/1293 515/515
f 154/154 1256/1256 1255/1255
f 51/51 1151/1151 50/50
f 515/515 1294/1294 516/516
f 156/156 1256/1256 155/155
f 52/52 1152/1152 51/51
f 517/517 1294/1294 1295/1295
f 156/156 1258/1258 1257/1257
f 53/53 1153/1153 52/52
f 517/517 1296/1296 518/518
f 157/157 1259/1259 1258/1258
f 54/54 1154/1154 53/53
f 518/518 1297/1297 519/519
f 159/159 1259/1259 158/158
f 55/55 1155/1155 54/54
f 520/520 1297/1297 1298/1298
f 137/137 1260/1260 159/159
f 56/56 1156/1156 55/55
f 520/520 1299/1299 521/521
f 57/57 1157/1157 56/56
f 521/521 1300/1300 522/522
f 57/57 1159/1159 1158/1158
f 523/523 1300/1300 1301/1301
f 58/58 1102/1102 1159/1159
f 523/523 1302/1302 524/524
f 59/59 1161/1161 60/60
f 525/525 1302/1302 1303/1303
f 60/60 1162/1162 61/61
f 483/483 1303/1303 1261/1261
f 61/61 1163/1163 62/62
f 62/62 1164/1164 63/63
f 63/63 1165/1165 64/64
f 64/64 1166/1166 65/65
f 66/66 1166/1166 1167/1167
f 66/66 1168/1168 67/67
f 67/67 1169/1169 68/68
f 68/68 1170/1170 69/69
f 69/69 1171/1171 70/70
f 70/70 1172/1172 71/71
f 72/72 1172/1172 1173/1173
f 72/72 1174/1174 73/73
f 73/73 1175/1175 74/74
f 74/74 1176/1176 75/75
f 75/75 1177/1177 76/76
f 77/77 1177/1177 1178/1178
f 77/77 1179/1179 78/78
f 78/78 1180/1180 79/79
f 80/80 1180/1180 1181/1181
f 80/80 1182/1182 81/81
f 81/81 1183/1183 82/82
f 82/82 1184/1184 83/83
f 83/83 1185/1185 84/84
f 84/84 1186/1186 85/85
f 85/85 1187/1187 86/86
f 622/622 1304/1304 621/621
f 86/86 1188/1188 87/87
f 623/623 1304/1304 1306/1306
f 87/87 1189/1189 88/88
f 624/624 1306/1306 1307/1307
f 88/88 1190/1190 89/89
f 624/624 1308/1308 625/625
f 89/89 1191/1191 90/90
f 626/626 1308/1308 1309/1309
f 91/91 1191/1191 1192/1192
f 626/626 1310/1310 627/627
f 92/92 1192/1192 1193/1193
f 628/628 1310/1310 1311/1311
f 92/92 1194/1194 93/93
f 628/628 1312/1312 629/629
f 94/94 1194/1194 1195/1195
f 629/629 1313/1313 630/630
f 94/94 1196/1196 95/95
f 631/631 1313/1313 1314/1314
f 95/95 1197/1197 96/96
f 631/631 1315/1315 632/632
f 566/566 1047/1047 1046/1046
f 279/279 803/803 804/804
f 566/566 567/567 1048/1048
f 281/281 280/280 804/804
f 568/568 1049/1049 1048/1048
f 281/281 805/805 806/806
f 569/569 1050/1050 1049/1049
f 282/282 806/806 807/807
f 569/569 570/570 1051/1051
f 283/283 807/807 808/808
f 571/571 1052/1052 1051/1051
f 284/284 808/808 809/809
f 572/572 1053/1053 1052/1052
f 286/286 285/285 809/809
f 572/572 573/573 1054/1054
f 286/286 810/810 811/811
f 574/574 1055/1055 1054/1054
f 287/287 811/811 812/812
f 575/575 1056/1056 1055/1055
f 250/250 288/288 812/812
f 576/576 1057/1057 1056/1056
f 577/577 1058/1058 1057/1057
f 578/578 1059/1059 1058/1058
f 579/579 1060/1060 1059/1059
f 579/579 580/580 1061/1061
f 581/581 1062/1062 1061/1061
f 582/582 1063/1063 1062/1062
f 583/583 1064/1064 1101/1101
f 584/584 1065/1065 1064/1064
f 584/584 585/585 1066/1066
f 586/586 1067/1067 1066/1066
f 587/587 1068/1068 1067/1067
f 587/587 588/588 1069/1069
f 588/588 589/589 1070/1070
f 590/590 1071/1071 1070/1070
f 591/591 1072/1072 1071/1071
f 592/592 1073/1073 1072/1072
f 592/592 593/593 1074/1074
f 594/594 1075/1075 1074/1074
f 595/595 1076/1076 1075/1075
f 596/596 1077/1077 1076/1076
f 596/596 597/597 1078/1078
f 597/597 598/598 1079/1079
f 598/598 599/599 1080/1080
f 599/599 600/600 1081/1081
f 601/601 1082/1082 1081/1081
f 602/602 1083/1083 1082/1082
f 602/602 603/603 1084/1084
f 604/604 1085/1085 1084/1084
f 604/604 605/605 1086/1086
f 605/605 606/606 1087/1087
f 606/606 607/607 1088/1088
f 607/607 608/608 1089/1089
f 608/608 609/609 1090/1090
f 609/609 610/610 1091/1091
f 610/610 611/611 1092/1092
f 611/611 612/612 1093/1093
f 612/612 613/613 1094/1094
f 613/613 614/614 1095/1095
f 614/614 615/615 1096/1096
f 616/616 1097/1097 1096/1096
f 616/616 617/617 1098/1098
f 618/618 1099/1099 1098/1098
f 618/618 619/619 1100/1100
f 387/387 911/911 1100/1100
f 582/582 620/620 1101/1101
f 160/160 684/684 685/685
f 161/161 685/685 686/686
f 162/162 686/686 687/687
f 163/163 687/687 688/688
f 164/164 688/688 689/689
f 166/166 165/165 689/689
f 166/166 690/690 691/691
f 167/167 691/691 692/692
f 168/168 692/692 693/693
f 169/169 693/693 694/694
f 170/170 694/694 695/695
f 171/171 695/695 696/696
f 172/172 696/696 697/697
f 173/173 697/697 698/698
f 174/174 698/698 699/699
f 175/175 699/699 684/684
f 177/177 176/176 700/700
f 178/178 177/177 701/701
f 178/178 702/702 703/703
f 179/179 703/703 704/704
f 181/181 180/180 704/704
f 182/182 181/181 705/705
f 182/182 706/706 707/707
f 183/183 707/707 708/708
f 185/185 184/184 708/708
f 186/186 185/185 709/709
f 186/186 710/710 711/711
f 187/187 711/711 712/712
f 188/188 712/712 713/713
f 190/190 189/189 713/713
f 190/190 714/714 715/715
f 191/191 715/715 700/700
f 387/387 388/388 912/912
f 389/389 913/913 912/912
f 389/389 390/390 914/914
f 391/391 915/915 914/914
f 391/391 392/392 916/916
f 392/392 393/393 917/917
f 393/393 394/394 918/918
f 394/394 395/395 919/919
f 395/395 396/396 920/920
f 396/396 397/397 921/921
f 397/397 398/398 922/922
f 398/398 399/399 923/923
f 290/290 814/814 813/813
f 399/399 400/400 924/924
f 291/291 815/815 814/814
f 400/400 401/401 925/925
f 292/292 816/816 815/815
f 401/401 402/402 926/926
f 292/292 293/293 817/817
f 402/402 403/403 927/927
f 294/294 818/818 817/817
f 403/403 404/404 928/928
f 295/295 819/819 818/818
f 404/404 405/405 929/929
f 296/296 820/820 819/819
f 405/405 406/406 930/930
f 296/296 297/297 821/821
f 406/406 407/407 931/931
f 298/298 822/822 821/821
f 407/407 408/408 932/932
f 299/299 823/823 822/822
f 408/408 409/409 933/933
f 299/299 300/300 824/824
f 409/409 410/410 934/934
f 301/301 825/825 824/824
f 410/410 411/411 935/935
f 301/301 302/302 826/826
f 193/193 717/717 716/716
f 412/412 936/936 935/935
f 303/303 827/827 826/826
f 193/193 194/194 718/718
f 413/413 937/937 936/936
f 303/303 304/304 828/828
f 195/195 719/719 718/718
f 413/413 414/414 938/938
f 305/305 829/829 828/828
f 196/196 720/720 719/719
f 414/414 415/415 939/939
f 306/306 830/830 829/829
f 197/197 721/721 720/720
f 415/415 416/416 940/940
f 307/307 831/831 830/830
f 198/198 722/722 721/721
f 417/417 941/941 940/940
f 308/308 832/832 831/831
f 199/199 723/723 722/722
f 418/418 942/942 941/941
f 309/309 833/833 832/832
f 200/200 724/724 723/723
f 419/419 943/943 942/942
f 309/309 310/310 834/834
f 201/201 725/725 724/724
f 420/420 944/944 943/943
f 311/311 835/835 834/834
f 202/202 726/726 725/725
f 421/421 945/945 944/944
f 312/312 836/836 835/835
f 202/202 203/203 727/727
f 422/422 946/946 945/945
f 312/312 313/313 837/837
f 204/204 728/728 727/727
f 423/423 947/947 946/946
f 314/314 838/838 837/837
f 205/205 729/729 728/728
f 424/424 948/948 947/947
f 315/315 839/839 838/838
f 205/205 206/206 730/730
f 425/425 949/949 948/948
f 315/315 316/316 840/840
f 207/207 731/731 730/730
f 426/426 950/950 949/949
f 316/316 317/317 841/841
f 208/208 732/732 731/731
f 427/427 951/951 950/950
f 318/318 842/842 841/841
f 209/209 733/733 732/732
f 428/428 952/952 951/951
f 318/318 319/319 843/843
f 210/210 734/734 733/733
f 429/429 953/953 952/952
f 320/320 844/844 843/843
f 210/210 211/211 735/735
f 430/430 954/954 953/953
f 321/321 845/845 844/844
f 212/212 736/736 735/735
f 431/431 955/955 954/954
f 322/322 846/846 845/845
f 213/213 737/737 736/736
f 431/431 432/432 956/956
f 323/323 847/847 846/846
f 213/213 214/214 738/738
f 432/432 433/433 957/957
f 323/323 324/324 848/848
f 215/215 739/739 738/738
f 433/433 434/434 958/958
f 325/325 849/849 848/848
f 216/216 740/740 739/739
f 434/434 435/435 959/959
f 326/326 850/850 849/849
f 216/216 217/217 741/741
f 435/435 436/436 960/960
f 327/327 851/851 850/850
f 217/217 218/218 742/742
f 436/436 437/437 961/961
f 328/328 852/852 851/851
f 219/219 743/743 742/742
f 437/437 438/438 962/962
f 328/328 329/329 853/853
f 219/219 220/220 744/744
f 439/439 963/963 962/962
f 330/330 854/854 853/853
f 221/221 745/745 744/744
f 440/440 964/964 963/963
f 330/330 331/331 855/855
f 222/222 746/746 745/745
f 441/441 965/965 964/964
f 332/332 856/856 855/855
f 223/223 747/747 746/746
f 442/442 966/966 965/965
f 332/332 333/333 857/857
f 224/224 748/748 747/747
f 443/443 967/967 966/966
f 334/334 858/858 857/857
f 225/225 749/749 748/748
f 386/386 910/910 967/967
f 334/334 335/335 859/859
f 225/225 226/226 750/750
f 444/444 968/968 969/969
f 335/335 336/336 860/860
f 227/227 751/751 750/750
f 446/446 445/445 969/969
f 337/337 861/861 860/860
f 227/227 228/228 752/752
f 446/446 970/970 971/971
f 338/338 862/862 861/861
f 229/229 753/753 752/752
f 448/448 447/447 971/971
f 339/339 863/863 862/862
f 229/229 230/230 754/754
f 449/449 448/448 972/972
f 340/340 864/864 863/863
f 231/231 755/755 754/754
f 449/449 973/973 974/974
f 341/341 865/865 864/864
f 231/231 232/232 756/756
f 450/450 974/974 975/975
f 342/342 866/866 865/865
f 233/233 757/757 756/756
f 451/451 975/975 976/976
f 343/343 867/867 866/866
f 234/234 758/758 757/757
f 452/452 976/976 977/977
f 344/344 868/868 867/867
f 234/234 235/235 759/759
f 453/453 977/977 978/978
f 344/344 345/345 869/869
f 236/236 760/760 759/759
f 454/454 978/978 979/979
f 346/346 870/870 869/869
f 237/237 761/761 760/760
f 456/456 455/455 979/979
f 289/289 813/813 870/870
f 238/238 762/762 761/761
f 456/456 980/980 981/981
f 347/347 871/871 872/872
f 239/239 763/763 762/762
f 526/526 1007/1007 1008/1008
f 457/457 981/981 982/982
f 349/349 348/348 872/872
f 240/240 764/764 763/763
f 527/527 1008/1008 1009/1009
f 458/458 982/982 983/983
f 349/349 873/873 874/874
f 240/240 241/241 765/765
f 529/529 528/528 1009/1009
f 459/459 983/983 984/984
f 350/350 874/874 875/875
f 242/242 766/766 765/765
f 529/529 1010/1010 1011/1011
f 460/460 984/984 985/985
f 351/351 875/875 876/876
f 243/243 767/767 766/766
f 531/531 530/530 1011/1011
f 461/461 985/985 986/986
f 352/352 876/876 877/877
f 244/244 768/768 767/767
f 531/531 1012/1012 1013/1013
f 462/462 986/986 987/987
f 353/353 877/877 878/878
f 245/245 769/769 768/768
f 533/533 532/532 1013/1013
f 463/463 987/987 988/988
f 354/354 878/878 879/879
f 246/246 770/770 769/769
f 533/533 1014/1014 1015/1015
f 464/464 988/988 989/989
f 355/355 879/879 880/880
f 246/246 247/247 771/771
f 534/534 1015/1015 1016/1016
f 465/465 989/989 990/990
f 356/356 880/880 881/881
f 248/248 772/772 771/771
f 535/535 1016/1016 1017/1017
f 467/467 466/466 990/990
f 358/358 357/357 881/881
f 249/249 773/773 772/772
f 536/536 1017/1017 1018/1018
f 468/468 467/467 991/991
f 358/358 882/882 883/883
f 192/192 716/716 773/773
f 538/538 537/537 1018/1018
f 469/469 468/468 992/992
f 359/359 883/883 884/884
f 250/250 774/774 775/775
f 538/538 1019/1019 1020/1020
f 470/470 469/469 993/993
f 361/361 360/360 884/884
f 251/251 775/775 776/776
f 539/539 1020/1020 1021/1021
f 471/471 470/470 994/994
f 361/361 885/885 886/886
f 252/252 776/776 777/777
f 540/540 1021/1021 1022/1022
f 471/471 995/995 996/996
f 363/363 362/362 886/886
f 253/253 777/777 778/778
f 541/541 1022/1022 1023/1023
f 472/472 996/996 997/997
f 363/363 887/887 888/888
f 255/255 254/254 778/778
f 542/542 1023/1023 1024/1024
f 474/474 473/473 997/997
f 365/365 364/364 888/888
f 255/255 779/779 780/780
f 543/543 1024/1024 1025/1025
f 475/475 474/474 998/998
f 366/366 365/365 889/889
f 257/257 256/256 780/780
f 544/544 1025/1025 1026/1026
f 476/476 475/475 999/999
f 367/367 366/366 890/890
f 257/257 781/781 782/782
f 546/546 545/545 1026/1026
f 477/477 476/476 1000/1000
f 368/368 367/367 891/891
f 258/258 782/782 783/783
f 547/547 546/546 1027/1027
f 478/478 477/477 1001/1001
f 369/369 368/368 892/892
f 260/260 259/259 783/783
f 548/548 547/547 1028/1028
f 479/479 478/478 1002/1002
f 369/369 893/893 894/894
f 260/260 784/784 785/785
f 548/548 1029/1029 1030/1030
f 480/480 479/479 1003/1003
f 370/370 894/894 895/895
f 261/261 785/785 786/786
f 549/549 1030/1030 1031/1031
f 481/481 480/480 1004/1004
f 371/371 895/895 896/896
f 263/263 262/262 786/786
f 550/550 1031/1031 1032/1032
f 481/481 1005/1005 1006/1006
f 372/372 896/896 897/897
f 263/263 787/787 788/788
f 551/551 1032/1032 1033/1033
f 482/482 1006/1006 968/968
f 373/373 897/897 898/898
f 264/264 788/788 789/789
f 553/553 552/552 1033/1033
f 374/374 898/898 899/899
f 265/265 789/789 790/790
f 554/554 553/553 1034/1034
f 376/376 375/375 899/899
f 267/267 266/266 790/790
f 555/555 554/554 1035/1035
f 376/376 900/900 901/901
f 267/267 791/791 792/792
f 555/555 1036/1036 1037/1037
f 378/378 377/377 901/901
f 269/269 268/268 792/792
f 556/556 1037/1037 1038/1038
f 378/378 902/902 903/903
f 269/269 793/793 794/794
f 557/557 1038/1038 1039/1039
f 380/380 379/379 903/903
f 271/271 270/270 794/794
f 559/559 558/558 1039/1039
f 380/380 904/904 905/905
f 271/271 795/795 796/796
f 560/560 559/559 1040/1040
f 381/381 905/905 906/906
f 273/273 272/272 796/796
f 561/561 560/560 1041/1041
f 382/382 906/906 907/907
f 273/273 797/797 798/798
f 562/562 561/561 1042/1042
f 383/383 907/907 908/908
f 274/274 798/798 799/799
f 563/563 562/562 1043/1043
f 384/384 908/908 909/909
f 276/276 275/275 799/799
f 563/563 1044/1044 1045/1045
f 385/385 909/909 871/871
f 276/276 800/800 801/801
f 526/526 564/564 1045/1045
f 277/277 801/801 802/802
f 565/565 1046/1046 910/910
f 278/278 802/802 803/803
f 96/96 1197/1197 1198/1198
f 632/632 1315/1315 1316/1316
f 98/98 97/97 1198/1198
f 633/633 1316/1316 1317/1317
f 98/98 1199/1199 1200/1200
f 634/634 1317/1317 1318/1318
f 99/99 1200/1200 1201/1201
f 635/635 1318/1318 1319/1319
f 100/100 1201/1201 1202/1202
f 636/636 1319/1319 1320/1320
f 101/101 1202/1202 1203/1203
f 638/638 637/637 1320/1320
f 103/103 102/102 1203/1203
f 639/639 638/638 1321/1321
f 103/103 1204/1204 1205/1205
f 640/640 639/639 1322/1322
f 104/104 1205/1205 1206/1206
f 640/640 1323/1323 1324/1324
f 105/105 1206/1206 1207/1207
f 5/5 1106/1106 1104/1104
f 641/641 1324/1324 1325/1325
f 107/107 106/106 1207/1207
f 1/1 2/2 1103/1103
f 643/643 642/642 1325/1325
f 107/107 1208/1208 1209/1209
f 2/2 4/4 1105/1105
f 644/644 643/643 1326/1326
f 108/108 1209/1209 1210/1210
f 4/4 3/3 1104/1104
f 644/644 1327/1327 1328/1328
f 109/109 1210/1210 1211/1211
f 6/6 1107/1107 1106/1106
f 645/645 1328/1328 1329/1329
f 111/111 110/110 1211/1211
f 7/7 1108/1108 1107/1107
f 646/646 1329/1329 1330/1330
f 111/111 1212/1212 1213/1213
f 8/8 1109/1109 1108/1108
f 647/647 1330/1330 1331/1331
f 112/112 1213/1213 1214/1214
f 9/9 1110/1110 1109/1109
f 649/649 648/648 1331/1331
f 113/113 1214/1214 1215/1215
f 10/10 1111/1111 1110/1110
f 649/649 1332/1332 1333/1333
f 115/115 114/114 1215/1215
f 11/11 1112/1112 1111/1111
f 650/650 1333/1333 1334/1334
f 115/115 1216/1216 1217/1217
f 12/12 1113/1113 1112/1112
f 651/651 1334/1334 1335/1335
f 116/116 1217/1217 1218/1218
f 13/13 1114/1114 1113/1113
f 653/653 652/652 1335/1335
f 117/117 1218/1218 1219/1219
f 14/14 1115/1115 1114/1114
f 654/654 653/653 1336/1336
f 118/118 1219/1219 1220/1220
f 15/15 1116/1116 1115/1115
f 655/655 654/654 1337/1337
f 120/120 119/119 1220/1220
f 16/16 1117/1117 1116/1116
f 656/656 655/655 1338/1338
f 120/120 1221/1221 1222/1222
f 17/17 1118/1118 1117/1117
f 656/656 1339/1339 1340/1340
f 121/121 1222/1222 1223/1223
f 18/18 1119/1119 1118/1118
f 657/657 1340/1340 1341/1341
f 122/122 1223/1223 1224/1224
f 18/18 19/19 1120/1120
f 484/484 483/483 1261/1261
f 658/658 1341/1341 1342/1342
f 123/123 1224/1224 1225/1225
f 20/20 1121/1121 1120/1120
f 484/484 1262/1262 1263/1263
f 659/659 1342/1342 1343/1343
f 124/124 1225/1225 1226/1226
f 21/21 1122/1122 1121/1121
f 485/485 1263/1263 1264/1264
f 660/660 1343/1343 1344/1344
f 125/125 1226/1226 1227/1227
f 22/22 1123/1123 1122/1122
f 486/486 1264/1264 1265/1265
f 661/661 1344/1344 1345/1345
f 127/127 126/126 1227/1227
f 23/23 1124/1124 1123/1123
f 487/487 1265/1265 1266/1266
f 662/662 1345/1345 1346/1346
f 127/127 1228/1228 1229/1229
f 24/24 1125/1125 1124/1124
f 488/488 1266/1266 1267/1267
f 663/663 1346/1346 1347/1347
f 128/128 1229/1229 1230/1230
f 25/25 1126/1126 1125/1125
f 489/489 1267/1267 1268/1268
f 664/664 1347/1347 1348/1348
f 129/129 1230/1230 1231/1231
f 25/25 26/26 1127/1127
f 490/490 1268/1268 1269/1269
f 665/665 1348/1348 1349/1349
f 130/130 1231/1231 1232/1232
f 27/27 1128/1128 1127/1127
f 492/492 491/491 1269/1269
f 666/666 1349/1349 1350/1350
f 132/132 131/131 1232/1232
f 28/28 1129/1129 1128/1128
f 492/492 1270/1270 1271/1271
f 668/668 667/667 1350/1350
f 132/132 1233/1233 1234/1234
f 29/29 1130/1130 1129/1129
f 493/493 1271/1271 1272/1272
f 669/669 668/668 1351/1351
f 134/134 133/133 1234/1234
f 30/30 1131/1131 1130/1130
f 495/495 494/494 1272/1272
f 670/670 669/669 1352/1352
f 134/134 1235/1235 1236/1236
f 30/30 31/31 1132/1132
f 495/495 1273/1273 1274/1274
f 671/671 670/670 1353/1353
f 136/136 135/135 1236/1236
f 31/31 32/32 1133/1133
f 497/497 496/496 1274/1274
f 672/672 671/671 1354/1354
f 136/136 1237/1237 1160/1160
f 33/33 1134/1134 1133/1133
f 497/497 1275/1275 1276/1276
f 673/673 672/672 1355/1355
f 138/138 1239/1239 1238/1238
f 34/34 1135/1135 1134/1134
f 498/498 1276/1276 1277/1277
f 674/674 673/673 1356/1356
f 139/139 1240/1240 1239/1239
f 35/35 1136/1136 1135/1135
f 499/499 1277/1277 1278/1278
f 675/675 674/674 1357/1357
f 140/140 1241/1241 1240/1240
f 36/36 1137/1137 1136/1136
f 501/501 500/500 1278/1278
f 676/676 675/675 1358/1358
f 141/141 1242/1242 1241/1241
f 37/37 1138/1138 1137/1137
f 501/501 1279/1279 1280/1280
f 677/677 676/676 1359/1359
f 141/141 142/142 1243/1243
f 38/38 1139/1139 1138/1138
f 503/503 502/502 1280/1280
f 678/678 677/677 1360/1360
f 143/143 1244/1244 1243/1243
f 38/38 39/39 1140/1140
f 504/504 503/503 1281/1281
f 678/678 1361/1361 1362/1362
f 144/144 1245/1245 1244/1244
f 40/40 1141/1141 1140/1140
f 505/505 504/504 1282/1282
f 679/679 1362/1362 1363/1363
f 145/145 1246/1246 1245/1245
f 41/41 1142/1142 1141/1141
f 505/505 1283/1283 1284/1284
f 680/680 1363/1363 1364/1364
f 146/146 1247/1247 1246/1246
f 42/42 1143/1143 1142/1142
f 506/506 1284/1284 1285/1285
f 681/681 1364/1364 1365/1365
f 147/147 1248/1248 1247/1247
f 43/43 1144/1144 1143/1143
f 507/507 1285/1285 1286/1286
f 683/683 682/682 1365/1365
f 148/148 1249/1249 1248/1248
f 44/44 1145/1145 1144/1144
f 509/509 508/508 1286/1286
f 683/683 1366/1366 1305/1305
f 149/149 1250/1250 1249/1249
f 45/45 1146/1146 1145/1145
f 509/509 1287/1287 1288/1288
f 150/150 1251/1251 1250/1250
f 46/46 1147/1147 1146/1146
f 510/510 1288/1288 1289/1289
f 151/151 1252/1252 1251/1251
f 47/47 1148/1148 1147/1147
f 512/512 511/511 1289/1289
f 152/152 1253/1253 1252/1252
f 47/47 48/48 1149/1149
f 512/512 1290/1290 1291/1291
f 152/152 153/153 1254/1254
f 49/49 1150/1150 1149/1149
f 514/514 513/513 1291/1291
f 154/154 1255/1255 1254/1254
f 49/49 50/50 1151/1151
f 514/514 1292/1292 1293/1293
f 154/154 155/155 1256/1256
f 51/51 1152/1152 1151/1151
f 515/515 1293/1293 1294/1294
f 156/156 1257/1257 1256/1256
f 52/52 1153/1153 1152/1152
f 517/517 516/516 1294/1294
f 156/156 157/157 1258/1258
f 53/53 1154/1154 1153/1153
f 517/517 1295/1295 1296/1296
f 157/157 158/158 1259/1259
f 54/54 1155/1155 1154/1154
f 518/518 1296/1296 1297/1297
f 159/159 1260/1260 1259/1259
f 55/55 1156/1156 1155/1155
f 520/520 519/519 1297/1297
f 137/137 1238/1238 1260/1260
f 56/56 1157/1157 1156/1156
f 520/520 1298/1298 1299/1299
f 57/57 1158/1158 1157/1157
f 521/521 1299/1299 1300/1300
f 57/57 58/58 1159/1159
f 523/523 522/522 1300/1300
f 58/58 1/1 1102/1102
f 523/523 1301/1301 1302/1302
f 59/59 1160/1160 1161/1161
f 525/525 524/524 1302/1302
f 60/60 1161/1161 1162/1162
f 483/483 525/525 1303/1303
f 61/61 1162/1162 1163/1163
f 62/62 1163/1163 1164/1164
f 63/63 1164/1164 1165/1165
f 64/64 1165/1165 1166/1166
f 66/66 65/65 1166/1166
f 66/66 1167/1167 1168/1168
f 67/67 1168/1168 1169/1169
f 68/68 1169/1169 1170/1170
f 69/69 1170/1170 1171/1171
f 70/70 1171/1171 1172/1172
f 72/72 71/71 1172/1172
f 72/72 1173/1173 1174/1174
f 73/73 1174/1174 1175/1175
f 74/74 1175/1175 1176/1176
f 75/75 1176/1176 1177/1177
f 77/77 76/76 1177/1177
f 77/77 1178/1178 1179/1179
f 78/78 1179/1179 1180/1180
f 80/80 79/79 1180/1180
f 80/80 1181/1181 1182/1182
f 81/81 1182/1182 1183/1183
f 82/82 1183/1183 1184/1184
f 83/83 1184/1184 1185/1185
f 84/84 1185/1185 1186/1186
f 85/85 1186/1186 1187/1187
f 622/622 1305/1305 1304/1304
f 86/86 1187/1187 1188/1188
f 623/623 621/621 1304/1304
f 87/87 1188/1188 1189/1189
f 624/624 623/623 1306/1306
f 88/88 1189/1189 1190/1190
f 624/624 1307/1307 1308/1308
f 89/89 1190/1190 1191/1191
f 626/626 625/625 1308/1308
f 91/91 90/90 1191/1191
f 626/626 1309/1309 1310/1310
f 92/92 91/91 1192/1192
f 628/628 627/627 1310/1310
f 92/92 1193/1193 1194/1194
f 628/628 1311/1311 1312/1312
f 94/94 93/93 1194/1194
f 629/629 1312/1312 1313/1313
f 94/94 1195/1195 1196/1196
f 631/631 630/630 1313/1313
f 95/95 1196/1196 1197/1197
f 631/631 1314/1314 1315/1315

