# https://github.com/mikedh/trimesh

o link_head_0.obj
v -0.02840900 0.08191000 0.02768800
v -0.02840900 0.08186700 0.02819000
v -0.02840900 0.08163700 0.02968300
v -0.02840900 0.08152700 0.03017400
v -0.02840900 0.08140000 0.03066100
v -0.02840900 0.08125700 0.03114400
v -0.02840900 0.08092100 0.03209400
v -0.02840900 0.08073000 0.03255900
v -0.02840900 0.08052200 0.03301800
v -0.02840900 0.07954100 0.03477500
v -0.02840900 0.07925900 0.03519200
v -0.02840900 0.07896300 0.03560000
v -0.02840900 0.07865300 0.03599700
v -0.02840900 0.07833000 0.03638300
v -0.02840900 0.07799400 0.03675900
v -0.02840900 0.07531500 0.03903700
v -0.02840900 0.07489100 0.03930800
v -0.02840900 0.07310900 0.04024500
v -0.02840900 0.07024000 0.04117700
v -0.02840900 0.06974600 0.04127500
v -0.02840900 0.05234200 0.02793900
v -0.02840900 0.05230800 0.02743700
v -0.02840900 0.05229100 0.02643000
v -0.02840900 0.05230800 0.02592700
v -0.02840900 0.05234200 0.02542400
v -0.02840900 0.05239300 0.02492300
v -0.02840900 0.05246100 0.02442400
v -0.02840900 0.05254700 0.02392800
v -0.02840900 0.05264800 0.02343500
v -0.02840900 0.05340500 0.02103700
v -0.02840900 0.05360500 0.02057400
v -0.02840900 0.05751000 0.01538600
v -0.02840900 0.05790000 0.01506700
v -0.02840900 0.07925900 0.01817100
v -0.02840900 0.07954100 0.01858900
v -0.02840900 0.07980800 0.01901500
v -0.02840900 0.08006100 0.01945000
v -0.02840900 0.08125700 0.02222000
v -0.02840900 0.08140000 0.02270300
v -0.02840900 0.08152700 0.02319000
v -0.02840900 0.08163700 0.02368100
v -0.02840900 0.08186700 0.02517400
v -0.02840900 0.08191000 0.02567500
v -0.03205400 0.07829300 0.02706200
v -0.03205400 0.07829900 0.02668200
v -0.03205400 0.07829300 0.02630200
v -0.03205400 0.07827400 0.02592300
v -0.03205400 0.07824100 0.02554400
v -0.03205400 0.07819600 0.02516700
v -0.03205400 0.07813900 0.02479200
v -0.03205400 0.07806800 0.02441900
v -0.03205400 0.07788900 0.02368100
v -0.03205400 0.07778100 0.02331700
v -0.03205400 0.07766100 0.02295600
v -0.03205400 0.07752800 0.02260000
v -0.03205400 0.07722700 0.02190300
v -0.03205400 0.07705900 0.02156300
v -0.03205400 0.07687900 0.02122800
v -0.03205400 0.07668900 0.02090000
v -0.03205400 0.07581700 0.01965600
v -0.03205400 0.07478600 0.01854300
v -0.03205400 0.07450500 0.01828700
v -0.03205400 0.07421500 0.01804100
v -0.03205400 0.07391800 0.01780500
v -0.03205400 0.07330000 0.01736400
v -0.03205400 0.06569600 0.01558900
v -0.03205400 0.06532000 0.01564400
v -0.03205400 0.06348000 0.01610600
v -0.03205400 0.06312400 0.01623600
v -0.03205400 0.06242400 0.01653100
v -0.03205400 0.06208200 0.01669600
v -0.03205400 0.06174600 0.01687300
v -0.03205400 0.06141600 0.01706100
v -0.03205400 0.06109200 0.01726000
v -0.03205400 0.06016500 0.01792200
v -0.03205400 0.05987200 0.01816300
v -0.03205400 0.05958700 0.01841400
v -0.03205400 0.05931000 0.01867400
v -0.03205400 0.05904300 0.01894400
v -0.03205400 0.05878500 0.01922200
v -0.03205400 0.05853600 0.01951000
v -0.03205400 0.05726200 0.02139500
v -0.03205400 0.05708800 0.02173200
v -0.03205400 0.05692600 0.02207600
v -0.03205400 0.05629400 0.02386400
v -0.03205400 0.05620500 0.02423300
v -0.03205400 0.05612800 0.02460500
v -0.03205400 0.05606400 0.02497900
v -0.03205400 0.05601200 0.02535600
v -0.03205400 0.05597400 0.02573400
v -0.03205400 0.05593500 0.02649200
v -0.03205400 0.05601200 0.02800800
v -0.03205400 0.05612800 0.02875900
v -0.03205400 0.05620500 0.02913100
v -0.03205400 0.05651000 0.03022800
v -0.03205400 0.05663700 0.03058600
v -0.03205400 0.05677600 0.03094000
v -0.03205400 0.05878500 0.03414100
v -0.03205400 0.06607300 0.03781600
v -0.03205400 0.06645200 0.03784500
v -0.03205400 0.06759100 0.03785500
v -0.03205400 0.06797000 0.03783200
v -0.03205400 0.06872500 0.03774900
v -0.03205400 0.06910000 0.03768800
v -0.03205400 0.06947200 0.03761400
v -0.03205400 0.06984200 0.03752800
v -0.03205400 0.07020900 0.03742900
v -0.03205400 0.07057200 0.03731800
v -0.03205400 0.07093100 0.03719400
v -0.03205400 0.07128600 0.03705900
v -0.03205400 0.07163600 0.03691100
v -0.03205400 0.07198100 0.03675200
v -0.03205400 0.07330000 0.03600000
v -0.03205400 0.07391800 0.03555900
v -0.03205400 0.07421500 0.03532300
v -0.03205400 0.07450500 0.03507700
v -0.03205400 0.07478600 0.03482100
v -0.03205400 0.07505700 0.03455600
v -0.03205400 0.07532000 0.03428200
v -0.03205400 0.07557400 0.03399900
v -0.03205400 0.07581700 0.03370700
v -0.03205400 0.07605100 0.03340800
v -0.03205400 0.07648700 0.03278600
v -0.03205400 0.07668900 0.03246400
v -0.03205400 0.07722700 0.03146100
v -0.03205400 0.07738300 0.03111500
v -0.03205400 0.07766100 0.03040700
v -0.03205400 0.07778100 0.03004700
v -0.03205400 0.07788900 0.02968300
v -0.03205400 0.07798500 0.02931600
v -0.03205400 0.07806800 0.02894500
v -0.03205400 0.07813900 0.02857200
v -0.03205400 0.07819600 0.02819600
v -0.02847100 0.08190000 0.02781400
v -0.02847100 0.08161100 0.02980600
v -0.02847100 0.08136500 0.03078200
v -0.02847100 0.08087400 0.03221000
v -0.02847100 0.08067900 0.03267400
v -0.02847100 0.07947100 0.03488000
v -0.02847100 0.07918500 0.03529500
v -0.02847100 0.07888600 0.03570000
v -0.02847100 0.07857300 0.03609400
v -0.02847100 0.07824700 0.03647800
v -0.02847100 0.07520900 0.03910600
v -0.02847100 0.07345200 0.04008700
v -0.02847100 0.07299300 0.04029500
v -0.02847100 0.07011700 0.04120200
v -0.02847100 0.05233200 0.02781400
v -0.02847100 0.05229400 0.02630400
v -0.02847100 0.05235400 0.02529900
v -0.02847100 0.05248200 0.02430000
v -0.02847100 0.05257100 0.02380500
v -0.02847100 0.05345400 0.02092100
v -0.02847100 0.05760700 0.01530600
v -0.02847100 0.07933000 0.01827500
v -0.02847100 0.07987200 0.01912300
v -0.02847100 0.08129400 0.02234000
v -0.02847100 0.08155600 0.02331200
v -0.02847100 0.08187900 0.02529900
v -0.03200700 0.07681000 0.02000900
v -0.03200700 0.07657800 0.01968400
v -0.03198500 0.07679500 0.03358900
v -0.03198500 0.07702400 0.03325600
v -0.03198500 0.07691100 0.01994000
v -0.03198500 0.07667600 0.01961200
v -0.03195900 0.07689300 0.03365900
v -0.03195900 0.07712500 0.03332300
v -0.03192800 0.07536100 0.03558100
v -0.03192800 0.07565800 0.03529600
v -0.03192800 0.07744700 0.03304200
v -0.03192800 0.07765700 0.03268800
v -0.03192800 0.07897500 0.02923800
v -0.03192800 0.07905500 0.02883400
v -0.03192800 0.07883000 0.02352500
v -0.03192800 0.07871600 0.02313000
v -0.03189400 0.07617400 0.01843300
v -0.03192800 0.07580300 0.01821400
v -0.03189400 0.07158700 0.03808700
v -0.03189400 0.07197200 0.03792900
v -0.03189400 0.07544100 0.03566900
v -0.03189400 0.07754800 0.03310500
v -0.03189400 0.07776000 0.03274700
v -0.03189400 0.07909200 0.02926300
v -0.03189400 0.07935600 0.02720200
v -0.03189400 0.07936600 0.02678600
v -0.03189400 0.07894500 0.02349500
v -0.03189400 0.07588800 0.01813100
v -0.03185600 0.06339400 0.03847700
v -0.03189400 0.06382900 0.03848300
v -0.03189400 0.06423100 0.03858800
v -0.03189400 0.06463700 0.03867900
v -0.03185600 0.06711600 0.03905000
v -0.03185600 0.07083800 0.03847700
v -0.03185600 0.07123700 0.03834300
v -0.03185600 0.07163000 0.03819700
v -0.03185600 0.07201900 0.03803700
v -0.03185600 0.07947300 0.02720700
v -0.03185600 0.06379700 0.03859600
v -0.03185600 0.06420400 0.03870200
v -0.03185600 0.06669600 0.03904300
v -0.03181400 0.06964300 0.03890800
v -0.03181400 0.07005700 0.03881500
v -0.03181400 0.07107400 0.03852050
v -0.03181400 0.07727800 0.03393400
v -0.03181400 0.07751900 0.03358500
v -0.03181400 0.07774700 0.03322800
v -0.03181400 0.07796300 0.03286300
v -0.03181400 0.07899000 0.03054000
v -0.03181400 0.07911400 0.03013400
v -0.03181400 0.07806700 0.02068600
v -0.03181400 0.07785700 0.02031800
v -0.03176800 0.07486400 0.01674600
v -0.03181400 0.07445500 0.01658200
v -0.03181400 0.06417600 0.03881500
v -0.03181400 0.06459000 0.03890800
v -0.03181400 0.06669200 0.03915900
v -0.03176800 0.06754400 0.03927400
v -0.03176800 0.06797200 0.03925200
v -0.03176800 0.06966600 0.03902000
v -0.03176800 0.07737200 0.03400100
v -0.03176800 0.07761400 0.03364800
v -0.03176800 0.07784500 0.03328800
v -0.03176800 0.07806300 0.03292000
v -0.03176800 0.07826900 0.03254400
v -0.03176800 0.07909900 0.03057500
v -0.03176800 0.07922400 0.03016600
v -0.03176800 0.07951600 0.02891700
v -0.03176800 0.07958500 0.02849400
v -0.03171700 0.07969700 0.02851100
v -0.03176800 0.07963900 0.02807000
v -0.03176800 0.07816700 0.02063100
v -0.03176800 0.07749500 0.01953800
v -0.03176800 0.07724600 0.01919000
v -0.03176800 0.07452200 0.01648900
v -0.03176800 0.06173300 0.03807300
v -0.03176800 0.06291900 0.03856100
v -0.03176800 0.06332500 0.03869700
v -0.03176800 0.06414900 0.03892700
v -0.03166400 0.06711600 0.03950600
v -0.03171700 0.06754800 0.03938700
v -0.03171700 0.06797900 0.03936500
v -0.03166400 0.07645000 0.03547600
v -0.03171700 0.07665900 0.03508100
v -0.03171700 0.07794100 0.03334700
v -0.03171700 0.07816100 0.03297600
v -0.03171700 0.07836900 0.03259700
v -0.03171700 0.07962700 0.02893700
v -0.03171700 0.07975100 0.02808200
v -0.03171700 0.07949600 0.02379300
v -0.03171700 0.07939100 0.02337400
v -0.03171700 0.07758800 0.01947400
v -0.03171700 0.06129700 0.03798400
v -0.03171700 0.06168400 0.03817500
v -0.03171700 0.06288100 0.03866800
v -0.03171700 0.06329100 0.03880500
v -0.03166400 0.06755200 0.03949800
v -0.03166400 0.07298700 0.03808300
v -0.03166400 0.07337100 0.03787700
v -0.03166400 0.07674300 0.03515400
v -0.03166400 0.07825800 0.03303100
v -0.03166400 0.07846700 0.03264900
v -0.03166400 0.07884600 0.03186500
v -0.03166400 0.07901600 0.03146300
v -0.03160600 0.08003800 0.02723100
v -0.03166400 0.07994000 0.02679100
v -0.03166400 0.07955200 0.02355650
v -0.03166400 0.07875700 0.02130100
v -0.03166400 0.07856700 0.02090900
v -0.03160600 0.06711600 0.03961500
v -0.03160600 0.06755600 0.03960800
v -0.03160600 0.07264300 0.03837500
v -0.03160600 0.07303700 0.03818100
v -0.03160600 0.07342400 0.03797300
v -0.03160600 0.07590600 0.03617000
v -0.03160600 0.07622300 0.03586600
v -0.03160600 0.07789300 0.03383300
v -0.03160600 0.07813000 0.03346300
v -0.03160600 0.07835400 0.03308500
v -0.03160600 0.07856400 0.03270000
v -0.03160600 0.07894700 0.03190900
v -0.03160600 0.07911700 0.03150400
v -0.03160600 0.08004900 0.02679200
v -0.03160600 0.07885600 0.02125500
v -0.03160600 0.07866500 0.02085900
v -0.03160600 0.07637700 0.01765400
v -0.03160600 0.07606600 0.01734400
v -0.03154500 0.07496000 0.03710100
v -0.03154500 0.07597900 0.03624900
v -0.03154500 0.07798300 0.03389300
v -0.03154500 0.07822100 0.03351900
v -0.03154500 0.08014600 0.02723500
v -0.03154500 0.08015700 0.02679300
v -0.03154500 0.08015300 0.02635000
v -0.03148000 0.07904900 0.02116500
v -0.03154500 0.07876100 0.02081100
v -0.03154500 0.07645400 0.01757900
v -0.03154500 0.07614000 0.01726700
v -0.03148000 0.07149600 0.03907700
v -0.03148000 0.07191400 0.03892200
v -0.03148000 0.07466200 0.03744700
v -0.03148000 0.07502300 0.03718500
v -0.03148000 0.07853900 0.03319100
v -0.03148000 0.07875300 0.03279900
v -0.03148000 0.08026200 0.02679400
v -0.03148000 0.08025900 0.02634700
v -0.03148000 0.08009200 0.02457000
v -0.03148000 0.08001300 0.02413100
v -0.03148000 0.07885500 0.02076300
v -0.03141100 0.07776900 0.01880300
v -0.03148000 0.07741500 0.01851000
v -0.03141100 0.07153000 0.03917500
v -0.03141100 0.07195200 0.03901800
v -0.03141100 0.07862800 0.03324200
v -0.03141100 0.08019400 0.02455400
v -0.03141100 0.08011400 0.02411100
v -0.03141100 0.08001900 0.02367100
v -0.03141100 0.07991000 0.02323500
v -0.03134000 0.07988100 0.02277300
v -0.03141100 0.07964600 0.02237400
v -0.03141100 0.07949300 0.02195100
v -0.03141100 0.07851500 0.01992800
v -0.03141100 0.07749500 0.01844600
v -0.03141100 0.07628400 0.01711600
v -0.03141100 0.07595400 0.01681000
v -0.03134000 0.07322800 0.03855100
v -0.03134000 0.07362700 0.03833700
v -0.03134000 0.07618900 0.03647600
v -0.03134000 0.07651600 0.03616200
v -0.03134000 0.08044300 0.02588900
v -0.03134000 0.08040900 0.02543700
v -0.03134000 0.08021300 0.02409100
v -0.03134000 0.08011700 0.02364800
v -0.03134000 0.08000700 0.02320800
v -0.03134000 0.07974100 0.02234100
v -0.03134000 0.07958700 0.02191500
v -0.03134000 0.07882600 0.02027000
v -0.03134000 0.07860200 0.01987600
v -0.03134000 0.07635400 0.01704400
v -0.03134000 0.06575800 0.03996300
v -0.03134000 0.06621000 0.04000100
v -0.03126400 0.07327300 0.03863900
v -0.03126400 0.07367500 0.03842300
v -0.03126400 0.07591500 0.03685200
v -0.03126400 0.07625600 0.03654800
v -0.03126400 0.07658500 0.03623200
v -0.03126400 0.08054100 0.02588300
v -0.03126400 0.06574800 0.04006100
v -0.03126400 0.06620400 0.04009900
v -0.03126400 0.06666000 0.04012300
v -0.03118600 0.07206000 0.03929200
v -0.03118600 0.07248500 0.03911700
v -0.03118600 0.07372200 0.03850600
v -0.03118600 0.07412000 0.03827500
v -0.03118600 0.07597800 0.03692500
v -0.03118600 0.07910500 0.03298400
v -0.03118600 0.07931200 0.03257300
v -0.03118600 0.08040300 0.02405400
v -0.03118600 0.08030600 0.02360400
v -0.03118600 0.07743400 0.01790800
v -0.03118600 0.07713000 0.01756200
v -0.03118600 0.06619700 0.04019500
v -0.03118600 0.06665600 0.04021800
v -0.03110400 0.07209300 0.03937800
v -0.03110400 0.07252200 0.03920200
v -0.03110400 0.07294400 0.03901100
v -0.03110400 0.07376700 0.03858700
v -0.03110400 0.07416800 0.03835500
v -0.03110400 0.07794100 0.03497600
v -0.03110400 0.07821700 0.03460400
v -0.03110400 0.07896500 0.03343300
v -0.03110400 0.07918700 0.03302700
v -0.03110400 0.07939600 0.03261400
v -0.03110400 0.08022200 0.03045300
v -0.03110400 0.08034200 0.03000600
v -0.03110400 0.08049400 0.02403600
v -0.03110400 0.08039700 0.02358300
v -0.03110400 0.07985500 0.02181300
v -0.03110400 0.07968200 0.02138300
v -0.03110400 0.07750500 0.01784700
v -0.03101900 0.06758200 0.04040100
v -0.03101900 0.06804800 0.04037700
v -0.03101900 0.06989400 0.04012500
v -0.03101900 0.07034900 0.04002300
v -0.03101900 0.07255700 0.03928500
v -0.03101900 0.07298200 0.03909300
v -0.03101900 0.07340000 0.03888600
v -0.03101900 0.07574000 0.03736200
v -0.03101900 0.07609800 0.03706300
v -0.03101900 0.07801300 0.03503100
v -0.03101900 0.07829000 0.03465600
v -0.03101900 0.07904300 0.03347800
v -0.03101900 0.07926700 0.03306900
v -0.03101900 0.07947700 0.03265300
v -0.03101900 0.08030800 0.03047800
v -0.03101900 0.08043000 0.03002800
v -0.03093100 0.08078700 0.02866900
v -0.03101900 0.08076000 0.02819400
v -0.03093100 0.08091800 0.02726800
v -0.03101900 0.08084300 0.02679800
v -0.03101900 0.08078400 0.02540200
v -0.03101900 0.08073200 0.02493800
v -0.03101900 0.08066500 0.02447700
v -0.03101900 0.07993900 0.02178100
v -0.03101900 0.07976500 0.02134800
v -0.03101900 0.06618500 0.04037700
v -0.03101900 0.06665000 0.04040100
v -0.03093100 0.06758500 0.04048800
v -0.03093100 0.06991200 0.04021000
v -0.03093100 0.07037000 0.04010800
v -0.03093100 0.07301900 0.03917200
v -0.03093100 0.07344000 0.03896400
v -0.03093100 0.07579500 0.03743000
v -0.03093100 0.07615500 0.03712900
v -0.03093100 0.07650400 0.03681600
v -0.03093100 0.07934400 0.03311000
v -0.03093100 0.07955500 0.03269100
v -0.03093100 0.08010200 0.03139400
v -0.03093100 0.08084700 0.02820400
v -0.03093100 0.08093000 0.02679900
v -0.03093100 0.08090600 0.02586100
v -0.03093100 0.08087100 0.02539400
v -0.03093100 0.08081900 0.02492700
v -0.03093100 0.08075100 0.02446300
v -0.03093100 0.07945200 0.02046300
v -0.03093100 0.07923300 0.02004700
v -0.03093100 0.06617900 0.04046400
v -0.03084000 0.07129900 0.03993600
v -0.03084000 0.07174700 0.03978600
v -0.03084000 0.07262500 0.03944200
v -0.03084000 0.07305500 0.03924800
v -0.03084000 0.07621000 0.03719300
v -0.03084000 0.07656200 0.03687800
v -0.03084000 0.07842900 0.03475500
v -0.03084000 0.08001300 0.03186400
v -0.03084000 0.08018100 0.03142300
v -0.03084000 0.08087000 0.02868100
v -0.03084000 0.08093000 0.02821300
v -0.03084000 0.08101400 0.02680000
v -0.03084000 0.08101000 0.02632800
v -0.03084000 0.08099000 0.02585600
v -0.03084000 0.08095400 0.02538600
v -0.03084000 0.08090200 0.02491700
v -0.03084000 0.08009900 0.02172000
v -0.03084000 0.07992300 0.02128200
v -0.03084000 0.07952700 0.02042500
v -0.03084000 0.07930700 0.02000700
v -0.03074700 0.06711600 0.04066100
v -0.03074700 0.07132300 0.04001300
v -0.03074700 0.07177300 0.03986300
v -0.03074700 0.07221800 0.03969700
v -0.03074700 0.07265700 0.03951600
v -0.03074700 0.08008800 0.03189400
v -0.03074700 0.08025700 0.03145100
v -0.03074700 0.08109500 0.02680100
v -0.03074700 0.08109100 0.02632600
v -0.03074700 0.08107100 0.02585100
v -0.03074700 0.08017400 0.02169100
v -0.03074700 0.07776600 0.01762600
v -0.03074700 0.06664200 0.04065300
v -0.03065000 0.07179900 0.03993600
v -0.03065000 0.07224700 0.03976900
v -0.03065000 0.06663900 0.04073100
v -0.03055100 0.07182400 0.04000600
v -0.03055100 0.07293700 0.01380500
v -0.03045000 0.07252400 0.01354900
v -0.02991000 0.05375200 0.02104600
v -0.02968200 0.06711600 0.04128000
v -0.02968200 0.06761200 0.04127200
v -0.02968200 0.06958400 0.04107000
v -0.02968200 0.07290300 0.04008500
v -0.02968200 0.07335500 0.03988000
v -0.02968200 0.07379900 0.03966100
v -0.02968200 0.07508500 0.03891400
v -0.02968200 0.07628700 0.03804000
v -0.02968200 0.07774100 0.03669300
v -0.02968200 0.07980000 0.03390900
v -0.02968200 0.08003800 0.03347500
v -0.02968200 0.08026100 0.03303200
v -0.02968200 0.08046900 0.03258200
v -0.02968200 0.08066200 0.03212500
v -0.02968200 0.08100000 0.03119300
v -0.02968200 0.08114600 0.03071900
v -0.02968200 0.08138700 0.02975700
v -0.02968200 0.08148300 0.02927100
v -0.02956500 0.08160400 0.02878800
v -0.02968200 0.08162600 0.02829000
v -0.02968200 0.08168900 0.02581500
v -0.02968200 0.08165100 0.02532000
v -0.02968200 0.08092200 0.02193600
v -0.02968200 0.08015200 0.02011000
v -0.02968200 0.07992100 0.01967100
v -0.02968200 0.07967600 0.01924000
v -0.02968200 0.07941600 0.01881800
v -0.02968200 0.05978100 0.01406000
v -0.02968200 0.05775400 0.01548100
v -0.02968200 0.05509100 0.01840500
v -0.02968200 0.06087800 0.03988000
v -0.02956500 0.06415400 0.04101900
v -0.02968200 0.06464900 0.04107000
v -0.02956500 0.06860500 0.04124600
v -0.02956500 0.06909900 0.04118700
v -0.02944700 0.07153300 0.04067900
v -0.02956500 0.07199300 0.04048500
v -0.02956500 0.07291900 0.04012200
v -0.02956500 0.07337200 0.03991800
v -0.02944700 0.07512700 0.03898000
v -0.02956500 0.07551900 0.03867000
v -0.02956500 0.07592100 0.03837800
v -0.02956500 0.07631300 0.03807200
v -0.02956500 0.07669500 0.03775300
v -0.02956500 0.07777100 0.03672200
v -0.02956500 0.07810600 0.03635400
v -0.02956500 0.07903300 0.03518600
v -0.02956500 0.07931500 0.03477600
v -0.02956500 0.07983600 0.03393000
v -0.02956500 0.08007500 0.03349400
v -0.02956500 0.08087800 0.03167600
v -0.02956500 0.08104000 0.03120600
v -0.02956500 0.08118500 0.03073000
v -0.02956500 0.08142700 0.02976600
v -0.02956500 0.08152400 0.02927800
v -0.02956500 0.08166700 0.02829500
v -0.02956500 0.08018900 0.02009100
v -0.02956500 0.07995700 0.01965100
v -0.02956500 0.05344200 0.02145500
v -0.02956500 0.05327200 0.02192200
v -0.02956500 0.06464200 0.04111100
v -0.02944700 0.06860900 0.04128300
v -0.02944700 0.06910400 0.04122400
v -0.02944700 0.07200600 0.04052000
v -0.02932800 0.07294700 0.04018700
v -0.02944700 0.07338800 0.03995100
v -0.02944700 0.07554000 0.03870100
v -0.02932800 0.07596400 0.03843400
v -0.02944700 0.07594400 0.03840800
v -0.02944700 0.07633700 0.03810100
v -0.02944700 0.07671900 0.03778100
v -0.02944700 0.07709100 0.03744900
v -0.02944700 0.07745000 0.03710400
v -0.02944700 0.07779800 0.03674700
v -0.02944700 0.07906300 0.03520800
v -0.02944700 0.07934600 0.03479700
v -0.02944700 0.07986800 0.03394800
v -0.02944700 0.08010800 0.03351100
v -0.02944700 0.08091300 0.03168900
v -0.02944700 0.08107500 0.03121700
v -0.02944700 0.08122100 0.03074100
v -0.02944700 0.08160300 0.02432400
v -0.02944700 0.08151400 0.02383400
v -0.02944700 0.08128800 0.02286300
v -0.02944700 0.08115000 0.02238400
v -0.02944700 0.05889800 0.01452200
v -0.02944700 0.05849000 0.01480800
v -0.02944700 0.05809100 0.01510800
v -0.02944700 0.05770300 0.01542100
v -0.02944700 0.05379400 0.02052300
v -0.02944700 0.05359300 0.02097900
v -0.02944700 0.05340700 0.02144200
v -0.02944700 0.05282300 0.02334700
v -0.02944700 0.05271800 0.02383400
v -0.02932800 0.07248500 0.04037700
v -0.02932800 0.07340200 0.03998100
v -0.02932800 0.07514600 0.03900800
v -0.02932800 0.07555900 0.03872800
v -0.02932800 0.07635800 0.03812700
v -0.02932800 0.07674100 0.03780700
v -0.02932800 0.07711300 0.03747300
v -0.02932800 0.07747400 0.03712800
v -0.02920700 0.07818100 0.03642000
v -0.02932800 0.07848300 0.03602000
v -0.02932800 0.08125300 0.03075000
v -0.02932800 0.08138300 0.03026800
v -0.02932800 0.08173700 0.02830200
v -0.02932800 0.08178400 0.02780500
v -0.02932800 0.08163600 0.02431900
v -0.02932800 0.08154700 0.02382700
v -0.02920700 0.08134800 0.02284700
v -0.02932800 0.08132000 0.02285400
v -0.02932800 0.08118200 0.02237400
v -0.02932800 0.08085700 0.02143000
v -0.02932800 0.08067100 0.02096600
v -0.02932800 0.08025100 0.02005900
v -0.02932800 0.08001900 0.01961700
v -0.02920700 0.07866200 0.01752000
v -0.02932800 0.07832200 0.01715200
v -0.02932800 0.07692800 0.01572200
v -0.02932800 0.07655100 0.01539500
v -0.02932800 0.05887900 0.01449400
v -0.02932800 0.05807100 0.01508200
v -0.02932800 0.05446100 0.01918300
v -0.02932800 0.05421400 0.01961700
v -0.02932800 0.05398100 0.02005900
v -0.02932800 0.05376400 0.02050900
v -0.02932800 0.05356200 0.02096600
v -0.02932800 0.05279100 0.02333900
v -0.02920700 0.06561700 0.04134500
v -0.02932800 0.06611800 0.04135800
v -0.02920700 0.06711600 0.04142100
v -0.02920700 0.07249600 0.04040400
v -0.02920700 0.07295900 0.04021400
v -0.02920700 0.07473700 0.03929800
v -0.02920700 0.07516100 0.03903200
v -0.02920700 0.07557600 0.03875200
v -0.02920700 0.07598100 0.03845700
v -0.02920700 0.07676000 0.03782900
v -0.02920700 0.07713300 0.03749500
v -0.02914650 0.07819050 0.03642800
v -0.02920700 0.07850500 0.03603800
v -0.02920700 0.07939800 0.03483200
v -0.02920700 0.07966700 0.03441000
v -0.02920700 0.08038800 0.03309300
v -0.02920700 0.08059800 0.03263900
v -0.02920700 0.08128100 0.03075800
v -0.02920700 0.08141100 0.03027500
v -0.02920700 0.08152500 0.02978700
v -0.02920700 0.08176600 0.02830600
v -0.02920700 0.08181300 0.02780700
v -0.02920700 0.08184200 0.02730700
v -0.02920700 0.08185500 0.02680700
v -0.02920700 0.08121000 0.02236600
v -0.02920700 0.08105500 0.02189000
v -0.02920700 0.08088400 0.02141900
v -0.02920700 0.08069800 0.02095500
v -0.02920700 0.08027800 0.02004600
v -0.02908600 0.07927800 0.01831100
v -0.02920700 0.07896700 0.01791700
v -0.02920700 0.07834500 0.01713300
v -0.02920700 0.07694800 0.01570100
v -0.02920700 0.07656900 0.01537300
v -0.02920700 0.06244300 0.01270300
v -0.02920700 0.06197100 0.01287000
v -0.02920700 0.05443600 0.01916800
v -0.02920700 0.05418800 0.01960300
v -0.02920700 0.05395500 0.02004600
v -0.02908600 0.05315400 0.02188200
v -0.02920700 0.05302300 0.02236600
v -0.02920700 0.06611600 0.04138700
v -0.02920700 0.06661600 0.04141300
v -0.02908600 0.06711600 0.04144600
v -0.02908600 0.06761800 0.04143800
v -0.02902500 0.07010600 0.04115100
v -0.02908600 0.07059400 0.04103100
v -0.02908600 0.07107900 0.04090500
v -0.02908600 0.07155900 0.04076200
v -0.02908600 0.07296800 0.04023700
v -0.02908600 0.07342500 0.04003000
v -0.02908600 0.07387500 0.03980800
v -0.02908600 0.07431700 0.03957100
v -0.02908600 0.07475000 0.03931900
v -0.02908600 0.07579350 0.03862450
v -0.02902500 0.07678300 0.03785550
v -0.02908600 0.07715000 0.03751300
v -0.02908600 0.07751200 0.03716600
v -0.02908600 0.07786200 0.03680700
v -0.02908600 0.07852400 0.03605400
v -0.02908600 0.07883600 0.03566200
v -0.02908600 0.07941900 0.03484500
v -0.02908600 0.07968900 0.03442300
v -0.02908600 0.08041100 0.03310400
v -0.02908600 0.08062100 0.03264900
v -0.02908600 0.08143500 0.03028100
v -0.02908600 0.08154900 0.02979200
v -0.02896400 0.08157000 0.02979700
v -0.02908600 0.08164700 0.02930100
v -0.02908600 0.08186700 0.02730900
v -0.02908600 0.08107900 0.02188200
v -0.02908600 0.08090800 0.02141000
v -0.02902500 0.08073050 0.02094100
v -0.02908600 0.08051800 0.02048600
v -0.02908600 0.07898700 0.01790300
v -0.02908600 0.07803200 0.01674100
v -0.02908600 0.07768800 0.01637600
v -0.02908600 0.06243500 0.01267900
v -0.02908600 0.06196200 0.01284600
v -0.02908600 0.05495500 0.01831100
v -0.02908600 0.05467700 0.01872800
v -0.02908600 0.05299900 0.02235900
v -0.02896400 0.05297900 0.02235200
v -0.02908600 0.05286000 0.02284000
v -0.02908600 0.05263300 0.02381700
v -0.02908600 0.05254400 0.02431000
v -0.02908600 0.06462100 0.04123400
v -0.02908600 0.06511700 0.04131000
v -0.02908600 0.06661500 0.04143800
v -0.02896400 0.06711600 0.04146700
v -0.02896400 0.06761800 0.04145900
v -0.02896400 0.07059800 0.04105100
v -0.02896400 0.07108400 0.04092500
v -0.02896400 0.07156600 0.04078200
v -0.02896400 0.07297700 0.04025600
v -0.02896400 0.07343400 0.04004900
v -0.02896400 0.07388500 0.03982700
v -0.02896400 0.07432700 0.03959000
v -0.02896400 0.07476100 0.03933700
v -0.02896400 0.07640500 0.03818500
v -0.02896400 0.07679000 0.03786300
v -0.02896400 0.07716400 0.03752800
v -0.02896400 0.07752700 0.03718100
v -0.02896400 0.07787700 0.03682100
v -0.02896400 0.07854100 0.03606800
v -0.02896400 0.07885300 0.03567400
v -0.02896400 0.07915100 0.03527100
v -0.02896400 0.07943600 0.03485700
v -0.02896400 0.08043000 0.03311300
v -0.02896400 0.08064000 0.03265700
v -0.02896400 0.08145600 0.03028600
v -0.02896400 0.08166700 0.02930400
v -0.02896400 0.08181200 0.02831100
v -0.02896400 0.08185900 0.02781100
v -0.02896400 0.08187600 0.02580400
v -0.02896400 0.08183700 0.02530300
v -0.02896400 0.08092700 0.02140300
v -0.02896400 0.08074000 0.02093700
v -0.02884100 0.08075500 0.02093000
v -0.02896400 0.08053700 0.02047800
v -0.02896400 0.08008500 0.01958100
v -0.02896400 0.07983600 0.01914500
v -0.02896400 0.07957300 0.01871700
v -0.02896400 0.07929500 0.01829900
v -0.02896400 0.07804800 0.01672700
v -0.02896400 0.07770300 0.01636100
v -0.02896400 0.05618500 0.01672700
v -0.02896400 0.05585300 0.01710300
v -0.02896400 0.05522900 0.01789000
v -0.02896400 0.05493700 0.01829900
v -0.02896400 0.05466000 0.01871700
v -0.02896400 0.05439600 0.01914500
v -0.02896400 0.05414800 0.01958100
v -0.02896400 0.05284000 0.02283500
v -0.02896400 0.05261200 0.02381300
v -0.02896400 0.06461800 0.04125500
v -0.02896400 0.06511400 0.04133100
v -0.02884100 0.06761900 0.04147500
v -0.02884100 0.06812100 0.04145000
v -0.02884100 0.06862200 0.04140700
v -0.02884100 0.06912100 0.04134800
v -0.02884100 0.07519600 0.03908400
v -0.02884100 0.07561200 0.03880300
v -0.02884100 0.07641500 0.03819800
v -0.02884100 0.07680100 0.03787600
v -0.02884100 0.07717600 0.03754100
v -0.02884100 0.07855300 0.03607800
v -0.02884100 0.07886600 0.03568400
v -0.02884100 0.07916500 0.03528000
v -0.02884100 0.07945000 0.03486600
v -0.02871800 0.07946000 0.03487300
v -0.02884100 0.07972100 0.03444300
v -0.02884100 0.08044500 0.03312000
v -0.02884100 0.08065600 0.03266400
v -0.02884100 0.08147200 0.03029000
v -0.02884100 0.08158600 0.02980000
v -0.02884100 0.08182800 0.02831200
v -0.02884100 0.08187500 0.02781200
v -0.02884100 0.08189200 0.02580300
v -0.02884100 0.08185400 0.02530100
v -0.02884100 0.08127000 0.02234800
v -0.02884100 0.08111400 0.02186900
v -0.02884100 0.08094300 0.02139700
v -0.02884100 0.08055200 0.02047100
v -0.02871800 0.08034500 0.02001200
v -0.02884100 0.08010000 0.01957300
v -0.02871800 0.07986200 0.01913000
v -0.02884100 0.07985100 0.01913600
v -0.02884100 0.07958700 0.01870800
v -0.02884100 0.07806000 0.01671500
v -0.02884100 0.07771500 0.01634900
v -0.02877950 0.07582050 0.01470200
v -0.02884100 0.07540500 0.01441800
v -0.02884100 0.05617300 0.01671500
v -0.02884100 0.05552100 0.01748100
v -0.02884100 0.05521600 0.01788000
v -0.02884100 0.05507000 0.01808450
v -0.02884100 0.05492400 0.01828900
v -0.02884100 0.05464600 0.01870800
v -0.02884100 0.05438200 0.01913600
v -0.02884100 0.05413300 0.01957300
v -0.02884100 0.05347700 0.02093000
v -0.02884100 0.05329000 0.02139700
v -0.02884100 0.05311900 0.02186900
v -0.02884100 0.05296300 0.02234800
v -0.02884100 0.05237900 0.02530100
v -0.02884100 0.05234000 0.02580300
v -0.02877950 0.05239800 0.02831300
v -0.02884100 0.05246800 0.02881100
v -0.02871800 0.06761900 0.04148800
v -0.02871800 0.06862300 0.04142000
v -0.02871800 0.07060500 0.04108000
v -0.02871800 0.07109200 0.04095300
v -0.02871800 0.07520300 0.03909500
v -0.02871800 0.07561900 0.03881300
v -0.02871800 0.07680900 0.03788600
v -0.02871800 0.07718400 0.03755000
v -0.02859500 0.07719000 0.03755600
v -0.02871800 0.07754700 0.03720200
v -0.02871800 0.07823700 0.03647000
v -0.02871800 0.07856300 0.03608600
v -0.02871800 0.07973100 0.03444900
v -0.02871800 0.08045600 0.03312600
v -0.02871800 0.08148400 0.03029300
v -0.02859500 0.08149200 0.03029500
v -0.02871800 0.08159900 0.02980300
v -0.02871800 0.08188800 0.02781300
v -0.02871800 0.08191800 0.02731100
v -0.02871800 0.08192600 0.02630500
v -0.02871800 0.08190500 0.02580200
v -0.02871800 0.08112600 0.02186500
v -0.02871800 0.08076700 0.02092600
v -0.02871800 0.08056400 0.02046500
v -0.02871800 0.08011100 0.01956700
v -0.02871800 0.07959800 0.01870100
v -0.02871800 0.07541200 0.01440800
v -0.02859500 0.05761000 0.01530900
v -0.02871800 0.05723500 0.01564400
v -0.02871800 0.05551100 0.01747300
v -0.02871800 0.05346600 0.02092600
v -0.02871800 0.05327800 0.02139200
v -0.02871800 0.05310700 0.02186500
v -0.02871800 0.05295100 0.02234400
v -0.02871800 0.05268900 0.02331500
v -0.02871800 0.05258300 0.02380700
v -0.02871800 0.05236600 0.02530000
v -0.02859500 0.05232000 0.02580100
v -0.02871800 0.05232800 0.02580200
v -0.02871800 0.05230700 0.02630500
v -0.02871800 0.05245600 0.02881300
v -0.02859500 0.07060700 0.04108800
v -0.02859500 0.07755300 0.03720800
v -0.02859500 0.07824400 0.03647500
v -0.02859500 0.07857000 0.03609200
v -0.02859500 0.08160700 0.02980500
v -0.02859500 0.08189600 0.02781400
v -0.02859500 0.08192600 0.02731100
v -0.02859500 0.08193500 0.02630400
v -0.02859500 0.08191300 0.02580100
v -0.02859500 0.05722900 0.01563800
v -0.02859500 0.05268100 0.02331300
v -0.02859500 0.05257500 0.02380500
v -0.02859500 0.05229800 0.02630400
v -0.03477000 0.05594000 0.02630200
v -0.03477000 0.05593300 0.02668200
v -0.03477000 0.05599100 0.02781900
v -0.03477000 0.05603600 0.02819600
v -0.03477000 0.05609400 0.02857200
v -0.03477000 0.05616500 0.02894500
v -0.03477000 0.05657200 0.03040700
v -0.03477000 0.05670500 0.03076300
v -0.03477000 0.05684900 0.03111500
v -0.03477000 0.05700600 0.03146100
v -0.03477000 0.05717400 0.03180100
v -0.03477000 0.05865900 0.03399900
v -0.03477000 0.05891200 0.03428200
v -0.03477000 0.06476000 0.03761400
v -0.03477000 0.06588400 0.03779700
v -0.03477000 0.06626300 0.03783200
v -0.03477000 0.06664200 0.03785500
v -0.03477000 0.06778100 0.03784500
v -0.03477000 0.06891300 0.03772000
v -0.03477000 0.06928600 0.03765200
v -0.03477000 0.06965800 0.03757200
v -0.03477000 0.07002600 0.03748000
v -0.03477000 0.07039100 0.03737500
v -0.03477000 0.07075200 0.03725700
v -0.03477000 0.07110900 0.03712800
v -0.03477000 0.07146200 0.03698600
v -0.03477000 0.07180900 0.03683300
v -0.03477000 0.07215100 0.03666800
v -0.03477000 0.07314100 0.03610400
v -0.03477000 0.07345700 0.03589400
v -0.03477000 0.07376600 0.03567300
v -0.03477000 0.07406800 0.03544200
v -0.03477000 0.07436100 0.03520100
v -0.03477000 0.07464600 0.03495000
v -0.03477000 0.07492300 0.03469000
v -0.03477000 0.07519000 0.03442000
v -0.03477000 0.07544800 0.03414100
v -0.03477000 0.07569700 0.03385400
v -0.03477000 0.07593500 0.03355900
v -0.03477000 0.07616400 0.03325500
v -0.03477000 0.07638200 0.03294400
v -0.03477000 0.07658900 0.03262600
v -0.03477000 0.07678500 0.03230100
v -0.03477000 0.07714400 0.03163200
v -0.03477000 0.07730700 0.03128800
v -0.03477000 0.07745700 0.03094000
v -0.03477000 0.07759600 0.03058600
v -0.03477000 0.07772200 0.03022800
v -0.03477000 0.07783700 0.02986600
v -0.03477000 0.07793900 0.02950000
v -0.03477000 0.07802800 0.02913100
v -0.03477000 0.07810500 0.02875900
v -0.03477000 0.07816900 0.02838400
v -0.03477000 0.07822100 0.02800800
v -0.03477000 0.07825900 0.02763000
v -0.03477000 0.07829800 0.02687200
v -0.03477000 0.07828500 0.02611200
v -0.03477000 0.07825900 0.02573400
v -0.03477000 0.07822100 0.02535600
v -0.03477000 0.07816900 0.02497900
v -0.03477000 0.07810500 0.02460500
v -0.03477000 0.07802800 0.02423300
v -0.03477000 0.07793900 0.02386400
v -0.03477000 0.07783700 0.02349800
v -0.03477000 0.07772200 0.02313600
v -0.03477000 0.07759600 0.02277800
v -0.03477000 0.07745700 0.02242400
v -0.03477000 0.07730700 0.02207600
v -0.03477000 0.07714400 0.02173200
v -0.03477000 0.07697100 0.02139500
v -0.03477000 0.07678500 0.02106300
v -0.03477000 0.07658900 0.02073800
v -0.03477000 0.07638200 0.02042000
v -0.03477000 0.07616400 0.02010900
v -0.03477000 0.07593500 0.01980500
v -0.03477000 0.07569700 0.01951000
v -0.03477000 0.07544800 0.01922200
v -0.03477000 0.07492300 0.01867400
v -0.03477000 0.07464600 0.01841400
v -0.03477000 0.07436100 0.01816300
v -0.03477000 0.07406800 0.01792200
v -0.03477000 0.07345700 0.01747000
v -0.03477000 0.07314100 0.01726000
v -0.03477000 0.07180900 0.01653100
v -0.03477000 0.06588400 0.01556700
v -0.03477000 0.06550800 0.01561500
v -0.03477000 0.06330100 0.01617000
v -0.03477000 0.06259700 0.01645300
v -0.03477000 0.06225200 0.01661200
v -0.03477000 0.06191300 0.01678300
v -0.03477000 0.06158000 0.01696600
v -0.03477000 0.06125300 0.01715900
v -0.03477000 0.06031500 0.01780500
v -0.03477000 0.06001700 0.01804100
v -0.03477000 0.05972800 0.01828700
v -0.03477000 0.05944700 0.01854300
v -0.03477000 0.05917500 0.01880800
v -0.03477000 0.05891200 0.01908200
v -0.03477000 0.05865900 0.01936500
v -0.03477000 0.05818200 0.01995600
v -0.03477000 0.05795900 0.02026300
v -0.03477000 0.05774600 0.02057800
v -0.03477000 0.05754400 0.02090000
v -0.03477000 0.05735300 0.02122800
v -0.03477000 0.05717400 0.02156300
v -0.03477000 0.05700600 0.02190300
v -0.03477000 0.05684900 0.02224900
v -0.03477000 0.05657200 0.02295600
v -0.03477000 0.05645200 0.02331700
v -0.03477000 0.05634400 0.02368100
v -0.03477000 0.05624800 0.02404800
v -0.03477000 0.05616500 0.02441900
v -0.03477000 0.05609400 0.02479200
v -0.03477000 0.05603600 0.02516700
v -0.03477000 0.05599100 0.02554400
v -0.03477000 0.05595900 0.02592300
v -0.03522300 0.05638600 0.02668200
v -0.03522300 0.05639200 0.02704600
v -0.03522300 0.05639200 0.02631800
v -0.03522300 0.05641100 0.02595400
v -0.03522300 0.05641100 0.02741000
v -0.03522300 0.05644200 0.02559000
v -0.03522300 0.05644200 0.02777300
v -0.03522300 0.05648500 0.02522900
v -0.03522300 0.05648500 0.02813500
v -0.03522300 0.05654000 0.02486800
v -0.03522300 0.05660800 0.02451000
v -0.03522300 0.05668800 0.02415500
v -0.03522300 0.05678000 0.02380200
v -0.03522300 0.05688300 0.02345300
v -0.03522300 0.05699900 0.02310700
v -0.03522300 0.05712600 0.02276600
v -0.03522300 0.05726500 0.02242900
v -0.03522300 0.05741500 0.02209700
v -0.03522300 0.05757600 0.02177000
v -0.03522300 0.05822750 0.02067400
v -0.03522300 0.05812500 0.03253900
v -0.03522300 0.05833000 0.03284100
v -0.03522300 0.05854400 0.02022800
v -0.03522300 0.05854400 0.03313600
v -0.03522300 0.05876800 0.01994100
v -0.03522300 0.05876800 0.03342300
v -0.03522300 0.05900200 0.01966100
v -0.03522300 0.05900200 0.03370200
v -0.03522300 0.05924500 0.01939000
v -0.03522300 0.05924500 0.03397400
v -0.03522300 0.05949700 0.01912700
v -0.03522300 0.05949700 0.03423700
v -0.03522300 0.05975800 0.01887200
v -0.03522300 0.05975800 0.03449100
v -0.03522300 0.06002700 0.01862700
v -0.03522300 0.06002700 0.03473700
v -0.03522300 0.06030500 0.01839100
v -0.03522300 0.06030500 0.03497300
v -0.03522300 0.06059000 0.01816400
v -0.03522300 0.06059000 0.03519900
v -0.03522300 0.06088300 0.01794800
v -0.03522300 0.06088300 0.03541600
v -0.03522300 0.06118300 0.01774100
v -0.03522300 0.06133650 0.03572100
v -0.03522300 0.06180400 0.03600500
v -0.03522300 0.06212400 0.03618000
v -0.03522300 0.06244900 0.03634400
v -0.03522300 0.06278000 0.03649700
v -0.03522300 0.06311600 0.03663800
v -0.03522300 0.06345600 0.03676900
v -0.03522300 0.06380100 0.03688700
v -0.03522300 0.06414900 0.03699400
v -0.03522300 0.06450100 0.03708900
v -0.03522300 0.06485600 0.03717100
v -0.03522300 0.06521300 0.03724200
v -0.03522300 0.06557300 0.03730100
v -0.03522300 0.06593400 0.01601700
v -0.03522300 0.06593400 0.03734700
v -0.03522300 0.06629700 0.01598300
v -0.03522300 0.06629700 0.03738100
v -0.03522300 0.06666100 0.01596100
v -0.03522300 0.06666100 0.03740300
v -0.03522300 0.06702500 0.01595200
v -0.03522300 0.06702500 0.03741200
v -0.03522300 0.06739000 0.01595500
v -0.03522300 0.06739000 0.03740900
v -0.03522300 0.06775400 0.01597100
v -0.03522300 0.06775400 0.03739300
v -0.03522300 0.06811700 0.01599800
v -0.03522300 0.06811700 0.03736500
v -0.03522300 0.06847900 0.01603800
v -0.03522300 0.06847900 0.03732500
v -0.03522300 0.06884000 0.01609100
v -0.03522300 0.06884000 0.03727300
v -0.03522300 0.06919900 0.01615600
v -0.03522300 0.06955500 0.01623200
v -0.03522300 0.06990800 0.01632100
v -0.03522300 0.07025800 0.01642200
v -0.03522300 0.07060500 0.01653500
v -0.03522300 0.07094800 0.01665900
v -0.03522300 0.07128600 0.01679500
v -0.03522300 0.07161900 0.01694200
v -0.03522300 0.07194700 0.01710100
v -0.03522300 0.07304850 0.01774250
v -0.03522300 0.07289700 0.03572200
v -0.03522300 0.07320000 0.03552100
v -0.03522300 0.07349700 0.01805500
v -0.03522300 0.07349700 0.03530900
v -0.03522300 0.07378600 0.01827600
v -0.03522300 0.07378600 0.03508700
v -0.03522300 0.07406800 0.01850800
v -0.03522300 0.07406800 0.03485600
v -0.03522300 0.07434100 0.01874800
v -0.03522300 0.07434100 0.03461500
v -0.03522300 0.07460700 0.01899800
v -0.03522300 0.07460700 0.03436500
v -0.03522300 0.07486300 0.01925700
v -0.03522300 0.07486300 0.03410700
v -0.03522300 0.07511100 0.01952500
v -0.03522300 0.07511100 0.03383900
v -0.03522300 0.07534900 0.01980000
v -0.03522300 0.07534900 0.03356400
v -0.03522300 0.07557800 0.02008400
v -0.03522300 0.07557800 0.03328000
v -0.03522300 0.07579700 0.02037500
v -0.03522300 0.07579700 0.03298900
v -0.03522300 0.07600700 0.02067300
v -0.03522300 0.07620500 0.02097900
v -0.03522300 0.07610600 0.03253800
v -0.03522300 0.07657200 0.03175500
v -0.03522300 0.07673800 0.03143100
v -0.03522300 0.07689400 0.03110200
v -0.03522300 0.07703900 0.03076700
v -0.03522300 0.07717200 0.03042800
v -0.03522300 0.07729300 0.03008400
v -0.03522300 0.07740300 0.02973700
v -0.03522300 0.07750000 0.02938600
v -0.03522300 0.07758600 0.02903200
v -0.03522300 0.07766000 0.02867500
v -0.03522300 0.07772200 0.02831500
v -0.03522300 0.07777100 0.02540900
v -0.03522300 0.07777100 0.02795400
v -0.03522300 0.07780800 0.02577200
v -0.03522300 0.07780800 0.02759200
v -0.03522300 0.07783300 0.02613600
v -0.03522300 0.07783300 0.02722800
v -0.03522300 0.07784500 0.02650000
v -0.03522300 0.07784500 0.02686400
v -0.03522300 0.05637500 0.02659100
v -0.03522300 0.05637800 0.02695500
v -0.03522300 0.05639400 0.02732000
v -0.03522300 0.05642100 0.02768400
v -0.03522300 0.05646200 0.02804600
v -0.03522300 0.05651400 0.02840700
v -0.03522300 0.05655950 0.02863050
v -0.03522300 0.05806600 0.03246800
v -0.03522300 0.05826800 0.03277200
v -0.03522300 0.05848000 0.03306900
v -0.03522300 0.05870200 0.03335900
v -0.03522300 0.05893300 0.03364100
v -0.03522300 0.05917400 0.03391500
v -0.03522300 0.05942500 0.03418000
v -0.03522300 0.05968400 0.03443700
v -0.03522300 0.05995100 0.03468500
v -0.03522300 0.06022700 0.03492400
v -0.03522300 0.06051100 0.03515300
v -0.03522300 0.06080200 0.03537200
v -0.03522300 0.06110100 0.03558200
v -0.03522300 0.06140700 0.03578100
v -0.03522300 0.06171900 0.03596900
v -0.03522300 0.06203800 0.03614700
v -0.03522300 0.06236200 0.03631400
v -0.03522300 0.06269200 0.03647000
v -0.03522300 0.06302700 0.03661500
v -0.03522300 0.06336600 0.03674800
v -0.03522300 0.06371000 0.03686900
v -0.03522300 0.06405800 0.03697900
v -0.03522300 0.06441000 0.03707700
v -0.03522300 0.06476400 0.03716300
v -0.03522300 0.06512100 0.03723700
v -0.03522300 0.06548100 0.03729900
v -0.03522300 0.06584300 0.03734800
v -0.03522300 0.06620500 0.03738500
v -0.03522300 0.06656900 0.03741000
v -0.03522300 0.06693400 0.03742200
v -0.03522300 0.06729900 0.03742200
v -0.03522300 0.06766300 0.03741000
v -0.03522300 0.06802700 0.03738500
v -0.03522300 0.06839000 0.03734800
v -0.03522300 0.06875200 0.03729900
v -0.03522300 0.06911100 0.03723700
v -0.03522300 0.06933400 0.03718550
v -0.03522300 0.06946900 0.03716300
v -0.03522300 0.06982300 0.03707700
v -0.03522300 0.07017500 0.03697900
v -0.03522300 0.07052200 0.03686900
v -0.03522300 0.07086600 0.03674800
v -0.03522300 0.07120600 0.03661500
v -0.03522300 0.07154100 0.03647000
v -0.03522300 0.07187100 0.03631400
v -0.03522300 0.07219500 0.03614700
v -0.03522300 0.07251400 0.03596900
v -0.03522300 0.07282600 0.03578100
v -0.03522300 0.07313200 0.03558200
v -0.03522300 0.07343000 0.03537200
v -0.03522300 0.07372200 0.03515300
v -0.03522300 0.07400600 0.03492400
v -0.03522300 0.07428100 0.03468500
v -0.03522300 0.07454900 0.03443700
v -0.03522300 0.07480800 0.03418000
v -0.03522300 0.07505800 0.03391500
v -0.03522300 0.07529900 0.03364100
v -0.03522300 0.07553100 0.03335900
v -0.03522300 0.07575300 0.03306900
v -0.03522300 0.07596500 0.03277200
v -0.03522300 0.07616600 0.03246800
v -0.03522300 0.07635800 0.03215800
v -0.03522300 0.07670800 0.03151800
v -0.03522300 0.07686700 0.03118900
v -0.03522300 0.07701400 0.03085600
v -0.03522300 0.07715000 0.03051700
v -0.03522300 0.07727500 0.03017400
v -0.03522300 0.07738700 0.02982700
v -0.03522300 0.07748800 0.02947700
v -0.03522300 0.07757700 0.02912300
v -0.03522300 0.07765400 0.02876600
v -0.03522300 0.07771900 0.02840700
v -0.03522300 0.07777100 0.02804600
v -0.03522300 0.07781100 0.02768400
v -0.03522300 0.07783900 0.02732000
v -0.03522300 0.07785500 0.02695500
v -0.03522300 0.07785800 0.02659100
v -0.03522300 0.07784900 0.02622600
v -0.03522300 0.07782700 0.02586200
v -0.03522300 0.07779300 0.02549900
v -0.03522300 0.07774700 0.02513700
v -0.03522300 0.07770500 0.02491250
v -0.03522300 0.07626300 0.02105000
v -0.03522300 0.07606700 0.02074300
v -0.03522300 0.07586000 0.02044200
v -0.03522300 0.07564300 0.02014900
v -0.03522300 0.07541600 0.01986300
v -0.03522300 0.07518000 0.01958500
v -0.03522300 0.07493400 0.01931500
v -0.03522300 0.07468000 0.01905400
v -0.03522300 0.07441600 0.01880200
v -0.03522300 0.07414500 0.01855800
v -0.03522300 0.07386500 0.01832400
v -0.03522300 0.07357700 0.01810000
v -0.03522300 0.07328200 0.01788600
v -0.03522300 0.07298000 0.01768100
v -0.03522300 0.07267100 0.01748700
v -0.03522300 0.07170700 0.01697000
v -0.03522300 0.07137400 0.01682000
v -0.03522300 0.07103700 0.01668100
v -0.03522300 0.07069500 0.01655400
v -0.03522300 0.07034900 0.01643800
v -0.03522300 0.06999900 0.01633400
v -0.03522300 0.06964600 0.01624200
v -0.03522300 0.06929000 0.01616200
v -0.03522300 0.06893200 0.01609500
v -0.03522300 0.06857100 0.01603900
v -0.03522300 0.06820900 0.01599600
v -0.03522300 0.06784500 0.01596500
v -0.03522300 0.06748100 0.01594600
v -0.03522300 0.06711600 0.01594000
v -0.03522300 0.06675200 0.01594600
v -0.03522300 0.06638700 0.01596500
v -0.03522300 0.06602400 0.01599600
v -0.03522300 0.06566200 0.01603900
v -0.03522300 0.06543700 0.01607900
v -0.03522300 0.06125300 0.01768100
v -0.03522300 0.06095100 0.01788600
v -0.03522300 0.06065600 0.01810000
v -0.03522300 0.06036800 0.01832400
v -0.03522300 0.06008800 0.01855800
v -0.03522300 0.05981600 0.01880200
v -0.03522300 0.05955300 0.01905400
v -0.03522300 0.05929800 0.01931500
v -0.03522300 0.05905300 0.01958500
v -0.03522300 0.05881600 0.01986300
v -0.03522300 0.05859000 0.02014900
v -0.03522300 0.05837300 0.02044200
v -0.03522300 0.05816600 0.02074300
v -0.03522300 0.05796900 0.02105000
v -0.03522300 0.05744400 0.02200900
v -0.03522300 0.05729100 0.02234100
v -0.03522300 0.05714900 0.02267700
v -0.03522300 0.05701900 0.02301700
v -0.03522300 0.05690000 0.02336200
v -0.03522300 0.05679300 0.02371100
v -0.03522300 0.05669900 0.02406400
v -0.03522300 0.05661600 0.02441900
v -0.03522300 0.05654500 0.02477700
v -0.03522300 0.05648600 0.02513700
v -0.03522300 0.05644000 0.02549900
v -0.03522300 0.05640600 0.02586200
v -0.03522300 0.05638400 0.02622600
v -0.03477800 0.05593700 0.02696700
v -0.03477800 0.05593400 0.02658700
v -0.03477800 0.05600100 0.02545000
v -0.03477800 0.05611100 0.02469800
v -0.03477800 0.05618400 0.02432600
v -0.03477800 0.05627100 0.02395600
v -0.03477800 0.05636900 0.02358900
v -0.03477800 0.05648100 0.02322600
v -0.03477800 0.05674000 0.02251200
v -0.03477800 0.05688700 0.02216200
v -0.03477800 0.05704700 0.02181800
v -0.03477800 0.05721800 0.02147800
v -0.03477800 0.05740000 0.02114500
v -0.03477800 0.05779800 0.02049900
v -0.03477800 0.05801400 0.02018600
v -0.03477800 0.05823900 0.01988000
v -0.03477800 0.05872200 0.01929400
v -0.03477800 0.05897700 0.01901300
v -0.03477800 0.05924200 0.01874100
v -0.03477800 0.05951700 0.01847800
v -0.03477800 0.06133400 0.01711000
v -0.03477800 0.06166200 0.01691900
v -0.03477800 0.06199700 0.01673900
v -0.03477800 0.06233800 0.01657100
v -0.03477800 0.06522600 0.01566000
v -0.03477800 0.06560200 0.01560200
v -0.03477800 0.07154900 0.01641500
v -0.03477800 0.07189500 0.01657100
v -0.03477800 0.07353500 0.01752400
v -0.03477800 0.07384200 0.01774800
v -0.03477800 0.07525500 0.01901300
v -0.03477800 0.07551100 0.01929400
v -0.03477800 0.07599300 0.01988000
v -0.03477800 0.07621900 0.02018600
v -0.03477800 0.07701500 0.02147800
v -0.03477800 0.07718600 0.02181800
v -0.03477800 0.07734500 0.02216200
v -0.03477800 0.07749300 0.02251200
v -0.03477800 0.07762900 0.02286700
v -0.03477800 0.07775200 0.02322600
v -0.03477800 0.07786300 0.02358900
v -0.03477800 0.07796200 0.02395600
v -0.03477800 0.07804800 0.02432600
v -0.03477800 0.07812200 0.02469800
v -0.03477800 0.07818300 0.02507300
v -0.03477800 0.07823100 0.02545000
v -0.03477800 0.07826700 0.02582800
v -0.03477800 0.07828900 0.02620700
v -0.03477800 0.07828000 0.02734600
v -0.03477800 0.07825100 0.02772500
v -0.03477800 0.07820900 0.02810200
v -0.03477800 0.07815400 0.02847800
v -0.03477800 0.07808700 0.02885200
v -0.03477800 0.07800700 0.02922300
v -0.03477800 0.07791400 0.02959200
v -0.03477800 0.07780900 0.02995700
v -0.03477800 0.07769200 0.03031800
v -0.03477800 0.07756200 0.03067500
v -0.03477800 0.07742100 0.03102700
v -0.03477800 0.07726700 0.03137500
v -0.03477800 0.07673700 0.03238300
v -0.03477800 0.07653800 0.03270600
v -0.03477800 0.07632800 0.03302300
v -0.03477800 0.07610800 0.03333200
v -0.03477800 0.07563500 0.03392700
v -0.03477800 0.07538400 0.03421200
v -0.03477800 0.07512400 0.03448800
v -0.03477800 0.07485400 0.03475600
v -0.03477800 0.07457600 0.03501400
v -0.03477800 0.07428800 0.03526200
v -0.03477800 0.07399300 0.03550100
v -0.03477800 0.07369000 0.03572900
v -0.03477800 0.07273500 0.03635100
v -0.03477800 0.07240400 0.03653600
v -0.03477800 0.07206600 0.03671000
v -0.03477800 0.07172300 0.03687200
v -0.03477800 0.07137400 0.03702300
v -0.03477800 0.07102000 0.03716100
v -0.03477800 0.07066200 0.03728800
v -0.03477800 0.07030000 0.03740200
v -0.03477800 0.06956500 0.03759300
v -0.03477800 0.06881900 0.03773500
v -0.03477800 0.06844300 0.03778600
v -0.03477800 0.06806500 0.03782500
v -0.03477800 0.06692600 0.03786300
v -0.03477800 0.06654700 0.03785000
v -0.03477800 0.06504000 0.03767000
v -0.03477800 0.06466800 0.03759300
v -0.03477800 0.05713100 0.03171700
v -0.03477800 0.05681200 0.03102700
v -0.03477800 0.05667000 0.03067500
v -0.03477800 0.05614600 0.02885200
v -0.03477800 0.05607900 0.02847800
v -0.03477800 0.05602400 0.02810200
v -0.03477800 0.05598200 0.02772500
v -0.03477800 0.05595300 0.02734600
v -0.03522200 0.06638600 0.01594900
v -0.03522200 0.06602200 0.01598000
v -0.03522200 0.06565900 0.01602400
v -0.03522200 0.06529800 0.01607900
v -0.03522200 0.05795600 0.02104200
v -0.03522200 0.05777000 0.02135600
v -0.03522200 0.05759500 0.02167700
v -0.03522200 0.06839200 0.03736300
v -0.03522200 0.06875400 0.03731400
v -0.03522200 0.06911400 0.03725200
v -0.03522200 0.06947200 0.03717800
v -0.03522200 0.06982700 0.03709200
v -0.03522200 0.07017900 0.03699400
v -0.03522200 0.07052700 0.03688400
v -0.03522200 0.07087200 0.03676200
v -0.03522200 0.07121200 0.03662900
v -0.03522200 0.07154700 0.03648400
v -0.03522200 0.07187800 0.03632800
v -0.03522200 0.07220200 0.03616100
v -0.03522200 0.07252100 0.03598300
v -0.03522200 0.07283400 0.03579400
v -0.03522200 0.07565500 0.02013900
v -0.03522200 0.07542800 0.01985300
v -0.03522200 0.07519100 0.01957500
v -0.03522200 0.07494600 0.01930500
v -0.03522200 0.07469100 0.01904300
v -0.03522200 0.07442700 0.01879000
v -0.03522200 0.07415500 0.01854700
v -0.03522200 0.07387400 0.01831200
v -0.03522200 0.07358600 0.01808800
v -0.03522100 0.06638500 0.01593400
v -0.03522100 0.06602100 0.01596500
v -0.03522100 0.06565700 0.01600900
v -0.03522100 0.06529600 0.01606400
v -0.03522100 0.05814000 0.02072600
v -0.03522100 0.05794300 0.02103400
v -0.03522100 0.05775700 0.02134900
v -0.03522100 0.05758100 0.02166900
v -0.03522100 0.06170400 0.03599600
v -0.03522100 0.06202300 0.03617400
v -0.03522100 0.07730400 0.03018400
v -0.03522100 0.07741700 0.02983600
v -0.03522100 0.07751800 0.02948500
v -0.03522100 0.07647600 0.02134900
v -0.03522100 0.07629000 0.02103400
v -0.03522100 0.07609200 0.02072600
v -0.03522100 0.07588500 0.02042400
v -0.03522100 0.07566700 0.02013000
v -0.03522100 0.07544000 0.01984300
v -0.03522100 0.07520300 0.01956500
v -0.03522100 0.07495700 0.01929400
v -0.03522100 0.07470100 0.01903200
v -0.03522100 0.07443700 0.01877900
v -0.03522100 0.07416500 0.01853500
v -0.03522100 0.07373950 0.01818800
v -0.03522000 0.06169600 0.03600900
v -0.03521850 0.07611000 0.03265000
v -0.03522000 0.07639700 0.03218100
v -0.03522000 0.07731800 0.03018900
v -0.03522000 0.07748200 0.02966500
v -0.03522000 0.07698400 0.02232200
v -0.03522000 0.07683000 0.02198900
v -0.03522000 0.07648900 0.02134100
v -0.03522000 0.07630300 0.02102600
v -0.03522000 0.07610500 0.02071700
v -0.03522000 0.07589700 0.02041500
v -0.03521700 0.06511000 0.03729700
v -0.03521700 0.07621800 0.03250100
v -0.03521700 0.07641000 0.03218900
v -0.03521700 0.07791000 0.02622300
v -0.03521700 0.07788800 0.02585700
v -0.03521700 0.07714000 0.02265400
v -0.03521700 0.07699800 0.02231600
v -0.03521700 0.07684400 0.02198300
v -0.03521700 0.07331700 0.01783500
v -0.03521700 0.07301300 0.01763000
v -0.03521500 0.05729700 0.03122100
v -0.03521500 0.06474800 0.03723800
v -0.03521500 0.06510700 0.03731200
v -0.03521500 0.07756200 0.02949700
v -0.03521500 0.07765200 0.02914000
v -0.03521500 0.07792500 0.02622300
v -0.03521500 0.07790300 0.02585600
v -0.03521500 0.07332600 0.01782300
v -0.03521500 0.07302100 0.01761700
v -0.03521100 0.05713400 0.03089100
v -0.03521100 0.05728300 0.03122800
v -0.03521100 0.07624300 0.03251800
v -0.03521100 0.07757600 0.02950100
v -0.03521100 0.07766600 0.02914400
v -0.03520800 0.06044600 0.03523700
v -0.03520800 0.07158500 0.03656700
v -0.03520800 0.07191800 0.03641000
v -0.03520800 0.07303650 0.03577050
v -0.03520800 0.07334200 0.03556400
v -0.03520800 0.07605200 0.03283300
v -0.03520800 0.07625600 0.03252600
v -0.03520800 0.07644900 0.03221200
v -0.03520800 0.07787700 0.02806000
v -0.03520800 0.07791700 0.02769400
v -0.03520800 0.07772100 0.02439600
v -0.03520800 0.07763700 0.02403800
v -0.03520800 0.07703900 0.02229800
v -0.03520800 0.07688400 0.02196300
v -0.03520800 0.07615500 0.02068400
v -0.03520800 0.07272500 0.01739600
v -0.03520800 0.07240700 0.01721100
v -0.03520300 0.06384700 0.01632300
v -0.03520300 0.06349800 0.01643900
v -0.03520300 0.05673000 0.02986300
v -0.03520300 0.05960000 0.03452400
v -0.03520300 0.05987100 0.03477500
v -0.03520300 0.06015000 0.03501700
v -0.03520300 0.06043700 0.03524800
v -0.03520300 0.06437900 0.03719400
v -0.03520300 0.06473800 0.03728100
v -0.03520300 0.07056100 0.03698400
v -0.03520300 0.07090900 0.03686100
v -0.03520300 0.07159100 0.03658000
v -0.03520300 0.07192400 0.03642300
v -0.03520300 0.07257400 0.03607400
v -0.03520300 0.07289000 0.03588300
v -0.03520300 0.07319900 0.03568200
v -0.03520300 0.07350100 0.03547000
v -0.03520300 0.07408300 0.03501700
v -0.03520300 0.07626800 0.03253400
v -0.03520300 0.07646200 0.03221900
v -0.03520300 0.07664400 0.03189900
v -0.03520300 0.07769500 0.02915000
v -0.03520300 0.07777300 0.02879000
v -0.03520300 0.07789100 0.02806200
v -0.03520300 0.07793200 0.02769500
v -0.03520300 0.07773500 0.02439300
v -0.03520300 0.07765200 0.02403400
v -0.03520300 0.07705300 0.02229200
v -0.03520300 0.07689800 0.02195700
v -0.03520300 0.07636600 0.02098600
v -0.03520300 0.07616800 0.02067600
v -0.03520300 0.07365000 0.01800300
v -0.03520300 0.07335100 0.01778700
v -0.03520300 0.07273300 0.01738400
v -0.03520300 0.07241400 0.01719800
v -0.03519900 0.06384300 0.01630900
v -0.03519900 0.06349300 0.01642600
v -0.03519900 0.05661400 0.02951200
v -0.03519900 0.05671600 0.02986700
v -0.03519900 0.05959000 0.03453500
v -0.03519900 0.06014000 0.03502800
v -0.03519900 0.06042800 0.03526000
v -0.03519900 0.06102500 0.03569400
v -0.03519900 0.06133500 0.03589600
v -0.03519900 0.06437500 0.03720800
v -0.03519900 0.06473500 0.03729500
v -0.03519900 0.06509600 0.03737000
v -0.03519900 0.06546000 0.03743300
v -0.03519900 0.06619400 0.03752000
v -0.03519900 0.06656200 0.03754500
v -0.03519900 0.06767000 0.03754500
v -0.03519900 0.07056500 0.03699800
v -0.03519900 0.07091400 0.03687500
v -0.03519900 0.07108600 0.03680750
v -0.03519900 0.07258200 0.03608700
v -0.03519900 0.07289800 0.03589600
v -0.03519900 0.07320700 0.03569400
v -0.03519900 0.07380500 0.03526000
v -0.03519900 0.07409300 0.03502800
v -0.03519900 0.07628100 0.03254200
v -0.03519900 0.07647400 0.03222700
v -0.03519900 0.07770900 0.02915400
v -0.03519900 0.07778700 0.02879300
v -0.03519900 0.07799000 0.02695900
v -0.03519900 0.07799400 0.02659000
v -0.03519900 0.07788100 0.02511700
v -0.03519900 0.07782100 0.02475300
v -0.03519900 0.07775000 0.02439000
v -0.03519900 0.07766600 0.02403100
v -0.03519900 0.07691100 0.02195000
v -0.03519900 0.07674500 0.02162100
v -0.03519900 0.07637900 0.02097900
v -0.03519900 0.07618000 0.02066700
v -0.03519900 0.07423300 0.01845600
v -0.03519900 0.07395000 0.01821900
v -0.03519900 0.07365900 0.01799200
v -0.03519900 0.07336000 0.01777500
v -0.03519900 0.07305400 0.01756800
v -0.03519900 0.07274100 0.01737100
v -0.03519900 0.07242100 0.01718600
v -0.03519900 0.07209600 0.01701100
v -0.03519900 0.06895500 0.01596100
v -0.03519300 0.05756300 0.03191300
v -0.03519300 0.05985100 0.03479700
v -0.03519300 0.06101700 0.03570600
v -0.03519300 0.06473100 0.03731000
v -0.03519300 0.06509400 0.03738400
v -0.03519300 0.06545800 0.03744700
v -0.03519300 0.06619300 0.03753500
v -0.03519300 0.06656200 0.03756000
v -0.03519300 0.06730100 0.03757200
v -0.03519300 0.06767100 0.03756000
v -0.03519300 0.07091900 0.03688900
v -0.03519300 0.07126300 0.03675400
v -0.03519300 0.07160300 0.03660700
v -0.03519300 0.07290600 0.03590800
v -0.03519300 0.07321600 0.03570600
v -0.03519300 0.07351900 0.03549400
v -0.03519300 0.07381400 0.03527100
v -0.03519300 0.07438200 0.03479700
v -0.03519300 0.07465300 0.03454500
v -0.03519300 0.07629300 0.03254900
v -0.03519300 0.07648700 0.03223400
v -0.03519300 0.07684200 0.03158600
v -0.03519300 0.07741700 0.03022300
v -0.03519300 0.07753100 0.02987100
v -0.03519300 0.07800500 0.02695900
v -0.03519300 0.07800800 0.02658900
v -0.03519300 0.07799900 0.02622000
v -0.03519300 0.07794200 0.02548200
v -0.03519300 0.07789500 0.02511500
v -0.03519300 0.07768000 0.02402700
v -0.03519300 0.07758400 0.02367000
v -0.03519300 0.07747500 0.02331600
v -0.03519300 0.07692400 0.02194400
v -0.03519300 0.07639100 0.02097100
v -0.03519300 0.07553200 0.01976800
v -0.03519300 0.07529300 0.01948600
v -0.03519300 0.07504400 0.01921200
v -0.03519300 0.07424300 0.01844500
v -0.03519300 0.07395900 0.01820800
v -0.03519300 0.07306100 0.01755600
v -0.03519300 0.07274800 0.01735900
v -0.03519300 0.07242800 0.01717300
v -0.03519300 0.07210200 0.01699800
v -0.03519300 0.07004000 0.01619000
v -0.03519300 0.06932100 0.01601500
v -0.03519300 0.06895700 0.01594700
v -0.03519300 0.06822400 0.01584600
v -0.03519300 0.06785600 0.01581500
v -0.03518800 0.05737800 0.03159200
v -0.03518800 0.05755000 0.03192000
v -0.03518800 0.05957000 0.03455600
v -0.03518800 0.05984200 0.03480700
v -0.03518800 0.06582300 0.03751100
v -0.03518800 0.06619100 0.03754900
v -0.03518800 0.06656100 0.03757400
v -0.03518800 0.06767200 0.03757400
v -0.03518800 0.06804100 0.03754900
v -0.03518800 0.06841000 0.03751100
v -0.03518800 0.06877700 0.03746100
v -0.03518800 0.07057500 0.03702500
v -0.03518800 0.07092400 0.03690200
v -0.03518800 0.07126900 0.03676700
v -0.03518800 0.07160900 0.03662000
v -0.03518800 0.07194400 0.03646200
v -0.03518800 0.07227300 0.03629200
v -0.03518800 0.07291300 0.03592000
v -0.03518800 0.07322400 0.03571800
v -0.03518800 0.07352700 0.03550500
v -0.03518800 0.07382300 0.03528200
v -0.03518800 0.07411100 0.03505000
v -0.03518800 0.07439100 0.03480700
v -0.03518800 0.07518000 0.03402500
v -0.03518800 0.07566000 0.03346100
v -0.03518800 0.07588500 0.03316700
v -0.03518800 0.07610000 0.03286600
v -0.03518800 0.07649900 0.03224200
v -0.03518800 0.07668300 0.03192000
v -0.03518800 0.07685500 0.03159200
v -0.03518800 0.07701600 0.03125800
v -0.03518800 0.07743000 0.03022800
v -0.03518800 0.07754500 0.02987600
v -0.03518800 0.07764700 0.02952000
v -0.03518800 0.07773700 0.02916000
v -0.03518800 0.07788100 0.02843400
v -0.03518800 0.07793400 0.02806700
v -0.03518800 0.07801900 0.02696000
v -0.03518800 0.07802200 0.02658900
v -0.03518800 0.07801300 0.02621900
v -0.03518800 0.07799100 0.02584900
v -0.03518800 0.07795600 0.02548000
v -0.03518800 0.07790900 0.02511300
v -0.03518800 0.07769400 0.02402300
v -0.03518800 0.07759700 0.02366600
v -0.03518800 0.07748900 0.02331200
v -0.03518800 0.07736800 0.02296100
v -0.03518800 0.07723600 0.02261500
v -0.03518800 0.07709200 0.02227400
v -0.03518800 0.07677000 0.02160700
v -0.03518800 0.07659200 0.02128200
v -0.03518800 0.07554300 0.01975900
v -0.03518800 0.07530300 0.01947600
v -0.03518800 0.07505400 0.01920300
v -0.03518800 0.07479500 0.01893700
v -0.03518800 0.07452800 0.01868100
v -0.03518800 0.07425200 0.01843400
v -0.03518800 0.07396800 0.01819600
v -0.03518800 0.07367600 0.01796900
v -0.03518800 0.07337600 0.01775100
v -0.03518800 0.07306900 0.01754400
v -0.03518800 0.07275600 0.01734700
v -0.03518800 0.07243500 0.01716100
v -0.03518800 0.07143900 0.01666900
v -0.03518800 0.07109700 0.01652800
v -0.03518800 0.07039800 0.01628100
v -0.03518800 0.07004300 0.01617600
v -0.03518800 0.06822600 0.01583200
v -0.03518100 0.06545400 0.03747500
v -0.03518100 0.06582100 0.03752500
v -0.03518100 0.06619000 0.03756300
v -0.03518100 0.06767200 0.03758800
v -0.03518100 0.06841100 0.03752500
v -0.03518100 0.06859500 0.03750000
v -0.03518100 0.06950800 0.03733700
v -0.03518100 0.06986800 0.03725000
v -0.03518100 0.07022500 0.03715000
v -0.03518100 0.07127400 0.03678000
v -0.03518100 0.07161400 0.03663300
v -0.03518100 0.07195000 0.03647400
v -0.03518100 0.07260300 0.03612400
v -0.03518100 0.07292100 0.03593200
v -0.03518100 0.07323100 0.03572900
v -0.03518100 0.07383100 0.03529400
v -0.03518100 0.07412000 0.03506100
v -0.03518100 0.07493600 0.03430500
v -0.03518100 0.07519000 0.03403500
v -0.03518100 0.07567100 0.03347000
v -0.03518100 0.07589600 0.03317500
v -0.03518100 0.07611200 0.03287400
v -0.03518100 0.07631700 0.03256500
v -0.03518100 0.07651100 0.03224900
v -0.03518100 0.07686700 0.03159800
v -0.03518100 0.07702900 0.03126400
v -0.03518100 0.07744300 0.03023200
v -0.03518100 0.07755800 0.02988000
v -0.03518100 0.07766100 0.02952300
v -0.03518100 0.07775100 0.02916400
v -0.03518100 0.07782900 0.02880100
v -0.03518100 0.07789500 0.02843600
v -0.03518100 0.07801700 0.02733100
v -0.03518100 0.07803300 0.02696000
v -0.03518100 0.07803600 0.02658900
v -0.03518100 0.07802700 0.02621800
v -0.03518100 0.07800500 0.02584800
v -0.03518100 0.07761100 0.02366200
v -0.03518100 0.07750200 0.02330700
v -0.03518100 0.07738200 0.02295700
v -0.03518100 0.07724900 0.02261000
v -0.03518100 0.07710500 0.02226800
v -0.03518100 0.07694900 0.02193200
v -0.03518100 0.07678300 0.02160100
v -0.03518100 0.07578500 0.02004000
v -0.03518100 0.07555400 0.01975000
v -0.03518100 0.07531400 0.01946700
v -0.03518100 0.07480500 0.01892700
v -0.03518100 0.07453800 0.01867100
v -0.03518100 0.07397700 0.01818500
v -0.03518100 0.07368400 0.01795700
v -0.03518100 0.07338400 0.01773900
v -0.03518100 0.07307700 0.01753200
v -0.03518100 0.07144500 0.01665600
v -0.03517500 0.06194700 0.03631700
v -0.03517500 0.06227700 0.03648700
v -0.03517500 0.06364900 0.03705200
v -0.03517500 0.06400300 0.03716400
v -0.03517500 0.06472200 0.03735100
v -0.03517500 0.06508600 0.03742600
v -0.03517500 0.06767300 0.03760200
v -0.03517500 0.06804400 0.03757700
v -0.03517500 0.06841300 0.03753900
v -0.03517500 0.06878100 0.03748900
v -0.03517500 0.06914700 0.03742600
v -0.03517500 0.06951100 0.03735100
v -0.03517500 0.06987200 0.03726300
v -0.03517500 0.07022900 0.03716400
v -0.03517500 0.07162000 0.03664500
v -0.03517500 0.07195600 0.03648700
v -0.03517500 0.07261000 0.03613600
v -0.03517500 0.07292800 0.03594400
v -0.03517500 0.07412900 0.03507100
v -0.03517500 0.07441000 0.03482800
v -0.03517500 0.07544600 0.03376500
v -0.03517500 0.07568200 0.03347800
v -0.03517500 0.07688000 0.03160400
v -0.03517500 0.07704100 0.03127000
v -0.03517500 0.07745600 0.03023700
v -0.03517500 0.07757100 0.02988400
v -0.03517500 0.07776400 0.02916700
v -0.03517500 0.07784300 0.02880400
v -0.03517500 0.07800300 0.02770200
v -0.03517500 0.07803100 0.02733100
v -0.03517500 0.07804700 0.02696000
v -0.03517500 0.07805000 0.02658900
v -0.03517500 0.07804100 0.02621800
v -0.03517500 0.07751500 0.02330300
v -0.03517500 0.07739500 0.02295200
v -0.03517500 0.07726200 0.02260500
v -0.03517500 0.07711800 0.02226300
v -0.03517500 0.07696200 0.02192600
v -0.03517500 0.07679500 0.02159400
v -0.03517500 0.07661600 0.02126800
v -0.03517500 0.07642700 0.02094900
v -0.03517500 0.07622700 0.02063600
v -0.03517500 0.07601700 0.02033000
v -0.03517500 0.07579600 0.02003200
v -0.03517500 0.07507400 0.01918300
v -0.03517500 0.07481500 0.01891800
v -0.03517500 0.07398500 0.01817500
v -0.03517500 0.07369300 0.01794600
v -0.03517500 0.07339200 0.01772800
v -0.03517500 0.07308500 0.01752000
v -0.03517500 0.07277000 0.01732300
v -0.03517500 0.07244900 0.01713600
v -0.03517500 0.07178900 0.01679600
v -0.03517500 0.07145000 0.01664300
v -0.03517500 0.07110700 0.01650200
v -0.03517500 0.07075900 0.01637200
v -0.03517500 0.07040700 0.01625500
v -0.03516800 0.06194000 0.03632900
v -0.03516800 0.06227100 0.03649900
v -0.03516800 0.06364500 0.03706500
v -0.03516800 0.06471900 0.03736400
v -0.03516800 0.06508300 0.03743900
v -0.03516800 0.06545000 0.03750200
v -0.03516800 0.06767400 0.03761500
v -0.03516800 0.06804500 0.03759000
v -0.03516800 0.06841500 0.03755200
v -0.03516800 0.06914900 0.03743900
v -0.03516800 0.07162600 0.03665800
v -0.03516800 0.07196200 0.03649900
v -0.03516800 0.07261700 0.03614700
v -0.03516800 0.07293500 0.03595500
v -0.03516800 0.07324700 0.03575200
v -0.03516800 0.07355100 0.03553900
v -0.03516800 0.07413800 0.03508200
v -0.03516800 0.07441900 0.03483800
v -0.03516800 0.07495600 0.03432400
v -0.03516800 0.07521100 0.03405300
v -0.03516800 0.07545600 0.03377400
v -0.03516800 0.07569200 0.03348700
v -0.03516800 0.07680550 0.03177550
v -0.03516800 0.07720400 0.03093600
v -0.03516800 0.07734300 0.03059100
v -0.03516800 0.07746900 0.03024100
v -0.03516800 0.07758400 0.02988800
v -0.03516800 0.07768700 0.02953000
v -0.03516800 0.07777800 0.02917000
v -0.03516800 0.07785600 0.02880600
v -0.03516800 0.07792200 0.02844000
v -0.03516800 0.07801600 0.02770300
v -0.03516800 0.07806400 0.02658900
v -0.03516800 0.07805400 0.02621700
v -0.03516800 0.07752800 0.02329900
v -0.03516800 0.07740700 0.02294700
v -0.03516800 0.07713000 0.02225700
v -0.03516800 0.07697400 0.02192000
v -0.03516800 0.07680700 0.02158800
v -0.03516800 0.07662800 0.02126200
v -0.03516800 0.07643900 0.02094200
v -0.03516800 0.07623800 0.02062900
v -0.03516800 0.07602800 0.02032200
v -0.03516800 0.07580700 0.02002300
v -0.03516800 0.07508400 0.01917400
v -0.03516800 0.07482500 0.01890800
v -0.03516800 0.07340000 0.01771700
v -0.03516800 0.07309200 0.01750900
v -0.03516800 0.07277700 0.01731100
v -0.03516800 0.07245600 0.01712400
v -0.03516800 0.07212800 0.01694900
v -0.03516800 0.07179500 0.01678400
v -0.03516800 0.07145600 0.01663100
v -0.03516800 0.07076400 0.01636000
v -0.03516800 0.07058750 0.01630100
v -0.03516800 0.07041100 0.01624200
v -0.03516000 0.06329000 0.03695300
v -0.03516000 0.06471600 0.03737700
v -0.03516000 0.06508100 0.03745200
v -0.03516000 0.06544800 0.03751500
v -0.03516000 0.06618700 0.03760300
v -0.03516000 0.06655800 0.03762900
v -0.03516000 0.06693000 0.03764100
v -0.03516000 0.07196800 0.03651100
v -0.03516000 0.07229900 0.03634000
v -0.03516000 0.07262400 0.03615900
v -0.03516000 0.07294200 0.03596600
v -0.03516000 0.07325400 0.03576300
v -0.03516000 0.07355900 0.03555000
v -0.03516000 0.07470100 0.03459500
v -0.03516000 0.07496500 0.03433300
v -0.03516000 0.07522000 0.03406200
v -0.03516000 0.07614500 0.03289700
v -0.03516000 0.07635100 0.03258700
v -0.03516000 0.07654600 0.03227000
v -0.03516000 0.07673100 0.03194600
v -0.03516000 0.07690400 0.03161700
v -0.03516000 0.07721600 0.03094100
v -0.03516000 0.07735500 0.03059600
v -0.03516000 0.07759700 0.02989200
v -0.03516000 0.07786900 0.02880900
v -0.03516000 0.07793500 0.02844300
v -0.03516000 0.07798900 0.02807400
v -0.03516000 0.07803000 0.02770400
v -0.03516000 0.07805800 0.02733300
v -0.03516000 0.07807400 0.02696100
v -0.03516000 0.07754100 0.02329500
v -0.03516000 0.07742000 0.02294300
v -0.03516000 0.07728700 0.02259500
v -0.03516000 0.07625000 0.02062100
v -0.03516000 0.07428800 0.01839200
v -0.03516000 0.07400200 0.01815400
v -0.03516000 0.07076800 0.01634700
v -0.03516000 0.07041500 0.01622900
v -0.03515200 0.06293800 0.03683000
v -0.03515200 0.06328500 0.03696600
v -0.03515200 0.06471300 0.03739000
v -0.03515200 0.06507800 0.03746500
v -0.03515200 0.06618600 0.03761700
v -0.03515200 0.06655800 0.03764200
v -0.03515200 0.06693000 0.03765500
v -0.03515200 0.07094800 0.03696600
v -0.03515200 0.07129400 0.03683000
v -0.03515200 0.07197400 0.03652300
v -0.03515200 0.07263000 0.03617000
v -0.03515200 0.07294900 0.03597800
v -0.03515200 0.07326200 0.03577400
v -0.03515200 0.07356700 0.03556000
v -0.03515200 0.07443600 0.03485800
v -0.03515200 0.07471000 0.03460500
v -0.03515200 0.07523000 0.03407100
v -0.03515200 0.07547600 0.03379100
v -0.03515200 0.07571300 0.03350300
v -0.03515200 0.07594000 0.03320800
v -0.03515200 0.07615600 0.03290400
v -0.03515200 0.07636200 0.03259400
v -0.03515200 0.07655800 0.03227600
v -0.03515200 0.07707800 0.03128700
v -0.03515200 0.07722800 0.03094600
v -0.03515200 0.07736700 0.03060000
v -0.03515200 0.07771300 0.02953700
v -0.03515200 0.07780300 0.02917600
v -0.03515200 0.07800200 0.02807600
v -0.03515200 0.07804300 0.02770500
v -0.03515200 0.07807100 0.02733400
v -0.03515200 0.07808700 0.02696100
v -0.03515200 0.07809000 0.02658900
v -0.03515200 0.07808100 0.02621600
v -0.03515200 0.07755300 0.02329100
v -0.03515200 0.07743200 0.02293800
v -0.03515200 0.07729900 0.02259000
v -0.03515200 0.07646100 0.02092800
v -0.03515200 0.07626000 0.02061400
v -0.03515200 0.07457400 0.01863100
v -0.03515200 0.07429700 0.01838300
v -0.03515200 0.07401100 0.01814400
v -0.03515200 0.07077200 0.01633500
v -0.03515200 0.07041900 0.01621600
v -0.03515200 0.06897100 0.01586600
v -0.03514300 0.06988500 0.03731400
v -0.03514300 0.07024400 0.03721400
v -0.03514300 0.07060000 0.03710200
v -0.03514300 0.07095200 0.03697800
v -0.03514300 0.07129900 0.03684200
v -0.03514300 0.07164200 0.03669400
v -0.03514300 0.07197900 0.03653400
v -0.03514300 0.07295600 0.03598800
v -0.03514300 0.07326900 0.03578500
v -0.03514300 0.07357400 0.03557100
v -0.03514300 0.07471900 0.03461400
v -0.03514300 0.07498400 0.03435100
v -0.03514300 0.07524000 0.03408000
v -0.03514300 0.07548600 0.03380000
v -0.03514300 0.07572300 0.03351100
v -0.03514300 0.07595000 0.03321500
v -0.03514300 0.07616700 0.03291100
v -0.03514300 0.07637300 0.03260100
v -0.03514300 0.07656900 0.03228300
v -0.03514300 0.07675300 0.03195900
v -0.03514300 0.07684000 0.03179350
v -0.03514300 0.07708900 0.03129200
v -0.03514300 0.07737900 0.03060500
v -0.03514300 0.07750600 0.03025400
v -0.03514300 0.07772500 0.02954100
v -0.03514300 0.07781600 0.02917900
v -0.03514300 0.07796100 0.02844700
v -0.03514300 0.07801400 0.02807700
v -0.03514300 0.07805600 0.02770700
v -0.03514300 0.07808400 0.02733500
v -0.03514300 0.07810000 0.02696200
v -0.03514300 0.07810300 0.02658900
v -0.03514300 0.07809300 0.02621600
v -0.03514300 0.07792900 0.02473300
v -0.03514300 0.07756600 0.02328700
v -0.03514300 0.07744400 0.02293400
v -0.03514300 0.07731100 0.02258500
v -0.03514300 0.07458300 0.01862200
v -0.03514300 0.07430500 0.01837300
v -0.03514300 0.07401900 0.01813400
v -0.03514300 0.07077700 0.01632200
v -0.03514300 0.06970400 0.01600400
v -0.03514300 0.06934000 0.01592200
v -0.03514300 0.06897300 0.01585300
v -0.03513400 0.06434500 0.03732700
v -0.03513400 0.06470800 0.03741400
v -0.03513400 0.06507400 0.03749000
v -0.03513400 0.06804900 0.03764200
v -0.03513400 0.06842100 0.03760400
v -0.03513400 0.06952500 0.03741400
v -0.03513400 0.06988800 0.03732700
v -0.03513400 0.07024800 0.03722600
v -0.03513400 0.07164700 0.03670500
v -0.03513400 0.07198500 0.03654500
v -0.03513400 0.07296300 0.03599900
v -0.03513400 0.07327600 0.03579500
v -0.03513400 0.07417100 0.03512100
v -0.03513400 0.07445300 0.03487700
v -0.03513400 0.07472700 0.03462300
v -0.03513400 0.07549600 0.03380800
v -0.03513400 0.07573300 0.03351900
v -0.03513400 0.07596000 0.03322300
v -0.03513400 0.07638400 0.03260700
v -0.03513400 0.07657900 0.03228900
v -0.03513400 0.07676400 0.03196500
v -0.03513400 0.07693800 0.03163400
v -0.03513400 0.07739100 0.03060900
v -0.03513400 0.07751800 0.03025800
v -0.03513400 0.07763400 0.02990300
v -0.03513400 0.07797300 0.02844900
v -0.03513400 0.07802700 0.02807900
v -0.03513400 0.07806800 0.02770800
v -0.03513400 0.07809700 0.02733500
v -0.03513400 0.07800100 0.02510000
v -0.03513400 0.07794200 0.02473100
v -0.03513400 0.07745600 0.02293000
v -0.03513400 0.07732300 0.02258100
v -0.03513400 0.07638250 0.02075750
v -0.03513400 0.07607000 0.02029200
v -0.03513400 0.07584800 0.01999200
v -0.03513400 0.07561500 0.01969900
v -0.03513400 0.07537300 0.01941500
v -0.03513400 0.06970700 0.01599200
v -0.03513400 0.06934200 0.01591000
v -0.03513400 0.06823500 0.01573900
v -0.03512500 0.06434200 0.03733800
v -0.03512500 0.06470500 0.03742600
v -0.03512500 0.06544000 0.03756500
v -0.03512500 0.06805000 0.03765400
v -0.03512500 0.06842200 0.03761600
v -0.03512500 0.06916100 0.03750200
v -0.03512500 0.06952800 0.03742600
v -0.03512500 0.07096100 0.03700100
v -0.03512500 0.07130900 0.03686400
v -0.03512500 0.07165200 0.03671600
v -0.03512500 0.07417900 0.03513100
v -0.03512500 0.07446100 0.03488600
v -0.03512500 0.07473600 0.03463200
v -0.03512500 0.07550500 0.03381600
v -0.03512500 0.07574200 0.03352700
v -0.03512500 0.07597000 0.03323000
v -0.03512500 0.07618700 0.03292500
v -0.03512500 0.07639400 0.03261400
v -0.03512500 0.07649200 0.03245450
v -0.03512500 0.07677500 0.03197000
v -0.03512500 0.07694900 0.03163900
v -0.03512500 0.07726300 0.03096100
v -0.03512500 0.07740200 0.03061400
v -0.03512500 0.07753000 0.03026200
v -0.03512500 0.07764500 0.02990600
v -0.03512500 0.07784000 0.02918400
v -0.03512500 0.07798500 0.02845100
v -0.03512500 0.07803900 0.02808100
v -0.03512500 0.07810900 0.02733600
v -0.03512500 0.07812500 0.02696200
v -0.03512500 0.07812800 0.02658800
v -0.03512500 0.07806100 0.02546900
v -0.03512500 0.07801400 0.02509800
v -0.03512500 0.07779600 0.02399800
v -0.03512500 0.07769900 0.02363700
v -0.03512500 0.07758900 0.02327900
v -0.03512500 0.07718900 0.02223200
v -0.03512500 0.07703200 0.02189200
v -0.03512500 0.07686300 0.02155800
v -0.03512500 0.07649300 0.02090800
v -0.03512500 0.07629200 0.02059300
v -0.03512500 0.07608000 0.02028500
v -0.03512500 0.07585700 0.01998500
v -0.03512500 0.07562500 0.01969200
v -0.03512500 0.07538300 0.01940700
v -0.03512500 0.07460000 0.01860400
v -0.03512500 0.07432100 0.01835400
v -0.03512500 0.07403400 0.01811400
v -0.03512500 0.06860800 0.01577200
v -0.03512500 0.06823600 0.01572700
v -0.03511500 0.06506900 0.03751400
v -0.03511500 0.06543800 0.03757700
v -0.03511500 0.06730400 0.03770400
v -0.03511500 0.06767800 0.03769100
v -0.03511500 0.06805100 0.03766600
v -0.03511500 0.06916400 0.03751400
v -0.03511500 0.07096500 0.03701200
v -0.03511500 0.07131300 0.03687500
v -0.03511500 0.07165700 0.03672700
v -0.03511500 0.07249150 0.03630450
v -0.03511500 0.07389500 0.03537500
v -0.03511500 0.07446900 0.03489500
v -0.03511500 0.07474400 0.03464000
v -0.03511500 0.07501000 0.03437700
v -0.03511500 0.07597900 0.03323700
v -0.03511500 0.07619700 0.03293200
v -0.03511500 0.07640400 0.03262000
v -0.03511500 0.07660000 0.03230100
v -0.03511500 0.07678500 0.03197600
v -0.03511500 0.07696000 0.03164500
v -0.03511500 0.07712300 0.03130800
v -0.03511500 0.07727400 0.03096500
v -0.03511500 0.07754100 0.03026600
v -0.03511500 0.07765700 0.02991000
v -0.03511500 0.07776000 0.02955000
v -0.03511500 0.07785200 0.02918700
v -0.03511500 0.07793000 0.02882100
v -0.03511500 0.07799700 0.02845300
v -0.03511500 0.07809200 0.02771000
v -0.03511500 0.07812100 0.02733700
v -0.03511500 0.07813600 0.02696300
v -0.03511500 0.07814000 0.02658800
v -0.03511500 0.07810800 0.02584000
v -0.03511500 0.07807300 0.02546800
v -0.03511500 0.07802500 0.02509600
v -0.03511500 0.07780700 0.02399500
v -0.03511500 0.07771000 0.02363300
v -0.03511500 0.07760000 0.02327500
v -0.03511500 0.07747900 0.02292100
v -0.03511500 0.07734500 0.02257200
v -0.03511500 0.07720000 0.02222700
v -0.03511500 0.07704300 0.02188700
v -0.03511500 0.07669400 0.02122400
v -0.03511500 0.07650300 0.02090200
v -0.03511500 0.07630200 0.02058700
v -0.03511500 0.07608900 0.02027800
v -0.03511500 0.07586700 0.01997700
v -0.03511500 0.07563400 0.01968400
v -0.03511500 0.07539200 0.01939900
v -0.03511500 0.07513900 0.01912200
v -0.03511500 0.07487800 0.01885400
v -0.03511500 0.07460800 0.01859500
v -0.03511500 0.07432900 0.01834500
v -0.03511500 0.07404200 0.01810500
v -0.03510500 0.06397500 0.03726000
v -0.03510500 0.06433600 0.03736100
v -0.03510500 0.06470000 0.03744900
v -0.03510500 0.06506700 0.03752500
v -0.03510500 0.06692900 0.03771500
v -0.03510500 0.06730400 0.03771500
v -0.03510500 0.06767800 0.03770300
v -0.03510500 0.06805200 0.03767700
v -0.03510500 0.06842500 0.03763900
v -0.03510500 0.06879600 0.03758800
v -0.03510500 0.06916600 0.03752500
v -0.03510500 0.07131800 0.03688600
v -0.03510500 0.07166200 0.03673700
v -0.03510500 0.07233400 0.03640600
v -0.03510500 0.07266100 0.03622300
v -0.03510500 0.07329600 0.03582500
v -0.03510500 0.07360300 0.03561000
v -0.03510500 0.07390200 0.03538400
v -0.03510500 0.07447700 0.03490300
v -0.03510500 0.07475200 0.03464900
v -0.03510500 0.07501800 0.03438500
v -0.03510500 0.07598900 0.03324400
v -0.03510500 0.07620600 0.03293900
v -0.03510500 0.07661000 0.03230700
v -0.03510500 0.07679600 0.03198200
v -0.03510500 0.07697000 0.03165000
v -0.03510500 0.07713300 0.03131300
v -0.03510500 0.07742400 0.03062200
v -0.03510500 0.07755200 0.03027000
v -0.03510500 0.07766800 0.02991300
v -0.03510500 0.07777100 0.02955300
v -0.03510500 0.07786300 0.02919000
v -0.03510500 0.07794200 0.02882300
v -0.03510500 0.07800800 0.02845400
v -0.03510500 0.07810300 0.02771100
v -0.03510500 0.07813200 0.02733700
v -0.03510500 0.07811900 0.02583900
v -0.03510500 0.07790400 0.02435700
v -0.03510500 0.07781900 0.02399200
v -0.03510500 0.07749000 0.02291700
v -0.03510500 0.07735600 0.02256700
v -0.03510500 0.07721000 0.02222200
v -0.03510500 0.07705300 0.02188200
v -0.03510500 0.07651300 0.02089600
v -0.03510500 0.07631100 0.02058000
v -0.03510500 0.07609900 0.02027200
v -0.03510500 0.07564300 0.01967700
v -0.03510500 0.07540000 0.01939100
v -0.03510500 0.07514800 0.01911400
v -0.03510500 0.07488600 0.01884600
v -0.03509500 0.06397200 0.03727100
v -0.03509500 0.06433300 0.03737200
v -0.03509500 0.06469800 0.03746000
v -0.03509500 0.06506500 0.03753600
v -0.03509500 0.06543500 0.03760000
v -0.03509500 0.06655400 0.03771400
v -0.03509500 0.06692900 0.03772700
v -0.03509500 0.06730400 0.03772700
v -0.03509500 0.06767900 0.03771400
v -0.03509500 0.06805300 0.03768800
v -0.03509500 0.06842600 0.03765000
v -0.03509500 0.06879800 0.03760000
v -0.03509500 0.06916800 0.03753600
v -0.03509500 0.06953500 0.03746000
v -0.03509500 0.06990000 0.03737200
v -0.03509500 0.07097300 0.03703300
v -0.03509500 0.07132200 0.03689600
v -0.03509500 0.07166600 0.03674800
v -0.03509500 0.07200600 0.03658700
v -0.03509500 0.07233900 0.03641600
v -0.03509500 0.07266700 0.03623300
v -0.03509500 0.07298800 0.03603900
v -0.03509500 0.07330200 0.03583400
v -0.03509500 0.07390900 0.03539300
v -0.03509500 0.07420100 0.03515700
v -0.03509500 0.07448500 0.03491200
v -0.03509500 0.07502600 0.03439300
v -0.03509500 0.07528300 0.03412000
v -0.03509500 0.07553100 0.03383800
v -0.03509500 0.07576900 0.03354800
v -0.03509500 0.07599800 0.03325000
v -0.03509500 0.07621600 0.03294500
v -0.03509500 0.07642300 0.03263200
v -0.03509500 0.07662000 0.03231300
v -0.03509500 0.07680500 0.03198700
v -0.03509500 0.07698000 0.03165500
v -0.03509500 0.07714300 0.03131700
v -0.03509500 0.07729500 0.03097400
v -0.03509500 0.07743500 0.03062600
v -0.03509500 0.07756300 0.03027300
v -0.03509500 0.07767900 0.02991700
v -0.03509500 0.07778200 0.02955600
v -0.03509500 0.07795300 0.02882500
v -0.03509500 0.07801900 0.02845600
v -0.03509500 0.07807300 0.02808500
v -0.03509500 0.07811500 0.02771200
v -0.03509500 0.07814300 0.02733800
v -0.03509500 0.07815900 0.02696300
v -0.03509500 0.07815300 0.02621300
v -0.03509500 0.07813000 0.02583900
v -0.03509500 0.07804800 0.02509300
v -0.03509500 0.07798800 0.02472300
v -0.03509500 0.07791500 0.02435500
v -0.03509500 0.07773200 0.02362700
v -0.03509500 0.07762200 0.02326800
v -0.03509500 0.07750000 0.02291400
v -0.03509500 0.07736600 0.02256300
v -0.03509500 0.07652300 0.02089000
v -0.03509500 0.07632100 0.02057400
v -0.03509500 0.07610800 0.02026500
v -0.03509500 0.07588500 0.01996400
v -0.03509500 0.07565200 0.01967000
v -0.03509500 0.07489400 0.01883800
v -0.03509500 0.07376000 0.01785700
v -0.03509500 0.07345700 0.01763600
v -0.03509500 0.07250400 0.01703800
v -0.03509500 0.07217300 0.01686100
v -0.03508400 0.06506300 0.03754700
v -0.03508400 0.06805400 0.03769900
v -0.03508400 0.06842800 0.03766100
v -0.03508400 0.06880000 0.03761000
v -0.03508400 0.06953800 0.03747100
v -0.03508400 0.06990300 0.03738200
v -0.03508400 0.07097600 0.03704300
v -0.03508400 0.07079900 0.03710550
v -0.03508400 0.07132600 0.03690600
v -0.03508400 0.07167100 0.03675800
v -0.03508400 0.07201000 0.03659700
v -0.03508400 0.07267200 0.03624200
v -0.03508400 0.07299300 0.03604800
v -0.03508400 0.07330800 0.03584300
v -0.03508400 0.07391600 0.03540200
v -0.03508400 0.07420800 0.03516600
v -0.03508400 0.07449200 0.03492000
v -0.03508400 0.07503400 0.03440000
v -0.03508400 0.07529100 0.03412700
v -0.03508400 0.07554000 0.03384500
v -0.03508400 0.07577800 0.03355500
v -0.03508400 0.07643200 0.03263800
v -0.03508400 0.07662900 0.03231900
v -0.03508400 0.07681500 0.03199200
v -0.03508400 0.07699000 0.03166000
v -0.03508400 0.07715300 0.03132200
v -0.03508400 0.07730500 0.03097800
v -0.03508400 0.07744500 0.03063000
v -0.03508400 0.07768900 0.02992000
v -0.03508400 0.07779300 0.02955900
v -0.03508400 0.07788400 0.02919500
v -0.03508400 0.07796300 0.02882800
v -0.03508400 0.07803000 0.02845800
v -0.03508400 0.07808400 0.02808600
v -0.03508400 0.07812500 0.02771300
v -0.03508400 0.07815400 0.02733900
v -0.03508400 0.07817000 0.02696400
v -0.03508400 0.07817300 0.02658800
v -0.03508400 0.07816400 0.02621300
v -0.03508400 0.07814100 0.02583800
v -0.03508400 0.07810600 0.02546400
v -0.03508400 0.07805900 0.02509100
v -0.03508400 0.07799800 0.02472100
v -0.03508400 0.07774200 0.02362400
v -0.03508400 0.07763200 0.02326500
v -0.03508400 0.07751000 0.02291000
v -0.03508400 0.07737600 0.02255900
v -0.03508400 0.07723000 0.02221300
v -0.03508400 0.07672300 0.02120800
v -0.03508400 0.07653200 0.02088500
v -0.03508400 0.07633000 0.02056800
v -0.03508400 0.07611700 0.02025900
v -0.03508400 0.07589300 0.01995700
v -0.03508400 0.07516400 0.01909900
v -0.03508400 0.07490200 0.01883000
v -0.03508400 0.07406300 0.01807900
v -0.03508400 0.07376700 0.01784800
v -0.03508400 0.07250900 0.01702900
v -0.03508400 0.07184100 0.01668500
v -0.03507200 0.06107650 0.03595450
v -0.03507200 0.06255800 0.03676700
v -0.03507200 0.06290300 0.03691600
v -0.03507200 0.06730400 0.03774800
v -0.03507200 0.06768000 0.03773500
v -0.03507200 0.06880100 0.03762100
v -0.03507200 0.06917200 0.03755700
v -0.03507200 0.07062600 0.03717800
v -0.03507200 0.07098000 0.03705300
v -0.03507200 0.07167500 0.03676700
v -0.03507200 0.07201500 0.03660600
v -0.03507200 0.07234900 0.03643400
v -0.03507200 0.07267700 0.03625100
v -0.03507200 0.07299900 0.03605700
v -0.03507200 0.07331400 0.03585200
v -0.03507200 0.07362200 0.03563600
v -0.03507200 0.07392200 0.03541000
v -0.03507200 0.07421500 0.03517400
v -0.03507200 0.07449900 0.03492800
v -0.03507200 0.07529900 0.03413400
v -0.03507200 0.07554800 0.03385200
v -0.03507200 0.07623300 0.03295700
v -0.03507200 0.07644100 0.03264400
v -0.03507200 0.07699900 0.03166500
v -0.03507200 0.07716200 0.03132600
v -0.03507200 0.07731400 0.03098200
v -0.03507200 0.07745400 0.03063400
v -0.03507200 0.07758300 0.03028000
v -0.03507200 0.07769900 0.02992300
v -0.03507200 0.07780300 0.02956200
v -0.03507200 0.07789400 0.02919700
v -0.03507200 0.07797400 0.02883000
v -0.03507200 0.07804000 0.02846000
v -0.03507200 0.07809400 0.02808800
v -0.03507200 0.07816400 0.02733900
v -0.03507200 0.07818000 0.02696400
v -0.03507200 0.07818400 0.02658800
v -0.03507200 0.07817400 0.02621200
v -0.03507200 0.07811700 0.02546300
v -0.03507200 0.07752000 0.02290600
v -0.03507200 0.07738600 0.02255500
v -0.03507200 0.07724000 0.02220900
v -0.03507200 0.07691300 0.02153200
v -0.03507200 0.07673200 0.02120200
v -0.03507200 0.07654100 0.02087900
v -0.03507200 0.07633800 0.02056200
v -0.03507200 0.07590200 0.01995100
v -0.03507200 0.07566800 0.01965600
v -0.03507200 0.07517100 0.01909200
v -0.03507200 0.07490900 0.01882300
v -0.03507200 0.07435800 0.01831200
v -0.03507200 0.07251400 0.01702000
v -0.03507200 0.07218300 0.01684200
v -0.03507200 0.07184600 0.01667600
v -0.03507200 0.07044700 0.01612700
v -0.03507200 0.06861500 0.01571600
v -0.03507200 0.06824200 0.01567200
v -0.03506100 0.06091300 0.03586000
v -0.03506100 0.06122800 0.03606500
v -0.03506100 0.06255300 0.03677600
v -0.03506100 0.06505900 0.03756700
v -0.03506100 0.06543000 0.03763000
v -0.03506100 0.06730400 0.03775800
v -0.03506100 0.06768000 0.03774500
v -0.03506100 0.06880300 0.03763000
v -0.03506100 0.06954200 0.03749100
v -0.03506100 0.06990800 0.03740200
v -0.03506100 0.07062900 0.03718800
v -0.03506100 0.07098400 0.03706300
v -0.03506100 0.07167900 0.03677600
v -0.03506100 0.07201900 0.03661500
v -0.03506100 0.07235400 0.03644300
v -0.03506100 0.07268200 0.03626000
v -0.03506100 0.07300400 0.03606500
v -0.03506100 0.07332000 0.03586000
v -0.03506100 0.07362800 0.03564400
v -0.03506100 0.07392800 0.03541800
v -0.03506100 0.07422100 0.03518100
v -0.03506100 0.07530700 0.03414100
v -0.03506100 0.07555500 0.03385800
v -0.03506100 0.07624100 0.03296300
v -0.03506100 0.07644900 0.03264900
v -0.03506100 0.07683300 0.03200200
v -0.03506100 0.07700800 0.03166900
v -0.03506100 0.07732400 0.03098600
v -0.03506100 0.07746400 0.03063700
v -0.03506100 0.07759200 0.03028400
v -0.03506100 0.07770800 0.02992600
v -0.03506100 0.07790400 0.02919900
v -0.03506100 0.07798300 0.02883200
v -0.03506100 0.07805000 0.02846100
v -0.03506100 0.07810400 0.02808900
v -0.03506100 0.07814600 0.02771500
v -0.03506100 0.07817500 0.02734000
v -0.03506100 0.07819000 0.02696400
v -0.03506100 0.07819400 0.02658800
v -0.03506100 0.07816200 0.02583600
v -0.03506100 0.07812700 0.02546200
v -0.03506100 0.07801800 0.02471700
v -0.03506100 0.07786000 0.02398200
v -0.03506100 0.07776200 0.02361800
v -0.03506100 0.07765200 0.02325900
v -0.03506100 0.07753000 0.02290300
v -0.03506100 0.07709100 0.02186300
v -0.03506100 0.07692200 0.02152700
v -0.03506100 0.07674100 0.02119700
v -0.03506100 0.07654900 0.02087400
v -0.03506100 0.07634700 0.02055700
v -0.03506100 0.07613300 0.02024700
v -0.03506100 0.07591000 0.01994400
v -0.03506100 0.07567600 0.01965000
v -0.03506100 0.07517900 0.01908500
v -0.03506100 0.07491600 0.01881600
v -0.03506100 0.07464500 0.01855500
v -0.03506100 0.07436400 0.01830400
v -0.03506100 0.07284400 0.01720000
v -0.03506100 0.07251900 0.01701100
v -0.03506100 0.07080700 0.01623700
v -0.03506100 0.07045000 0.01611800
v -0.03506100 0.06861700 0.01570600
v -0.03504900 0.06204100 0.01682400
v -0.03504900 0.06170900 0.01700200
v -0.03504900 0.05713300 0.02185900
v -0.03504900 0.05697500 0.02220100
v -0.03504900 0.05682900 0.02254800
v -0.03504900 0.05609600 0.02546100
v -0.03504900 0.05606100 0.02583500
v -0.03504900 0.06396000 0.03731000
v -0.03504900 0.06432300 0.03741200
v -0.03504900 0.06505700 0.03757600
v -0.03504900 0.06542800 0.03764000
v -0.03504900 0.06805700 0.03772900
v -0.03504900 0.06843100 0.03769100
v -0.03504900 0.06954400 0.03750000
v -0.03504900 0.06991000 0.03741200
v -0.03504900 0.07063200 0.03719700
v -0.03504900 0.07098700 0.03707200
v -0.03504900 0.07168300 0.03678500
v -0.03504900 0.07202400 0.03662400
v -0.03504900 0.07393400 0.03542500
v -0.03504900 0.07422700 0.03518900
v -0.03504900 0.07478800 0.03468700
v -0.03504900 0.07505600 0.03442100
v -0.03504900 0.07531400 0.03414700
v -0.03504900 0.07645800 0.03265500
v -0.03504900 0.07665500 0.03233400
v -0.03504900 0.07733300 0.03099000
v -0.03504900 0.07747300 0.03064100
v -0.03504900 0.07791400 0.02920200
v -0.03504900 0.07795350 0.02901750
v -0.03504900 0.07806000 0.02846300
v -0.03504900 0.07811400 0.02809000
v -0.03504900 0.07815500 0.02771600
v -0.03504900 0.07819400 0.02621100
v -0.03504900 0.07817100 0.02583500
v -0.03504900 0.07813600 0.02546100
v -0.03504900 0.07808800 0.02508700
v -0.03504900 0.07802800 0.02471500
v -0.03504900 0.07786900 0.02397900
v -0.03504900 0.07777100 0.02361600
v -0.03504900 0.07710000 0.02185900
v -0.03504900 0.07693000 0.02152300
v -0.03504900 0.07655800 0.02086900
v -0.03504900 0.07348000 0.01760300
v -0.03504900 0.07252400 0.01700200
v -0.03504900 0.07219200 0.01682400
v -0.03503700 0.06203700 0.01681600
v -0.03503700 0.05729400 0.02151900
v -0.03503700 0.05712400 0.02185500
v -0.03503700 0.05696600 0.02219700
v -0.03503700 0.05682000 0.02254400
v -0.03503700 0.05608700 0.02546000
v -0.03503700 0.05602300 0.02696500
v -0.03503700 0.05603900 0.02734100
v -0.03503700 0.06395700 0.03731900
v -0.03503700 0.06432000 0.03742000
v -0.03503700 0.06468700 0.03750900
v -0.03503700 0.06505600 0.03758500
v -0.03503700 0.06542700 0.03764900
v -0.03503700 0.06617500 0.03773900
v -0.03503700 0.06655100 0.03776400
v -0.03503700 0.06692800 0.03777700
v -0.03503700 0.06768100 0.03776400
v -0.03503700 0.06805700 0.03773900
v -0.03503700 0.06917700 0.03758500
v -0.03503700 0.06954600 0.03750900
v -0.03503700 0.06991200 0.03742000
v -0.03503700 0.07099000 0.03708000
v -0.03503700 0.07134100 0.03694300
v -0.03503700 0.07168700 0.03679300
v -0.03503700 0.07202800 0.03663200
v -0.03503700 0.07301400 0.03608100
v -0.03503700 0.07333000 0.03587600
v -0.03503700 0.07363900 0.03565900
v -0.03503700 0.07394000 0.03543300
v -0.03503700 0.07451800 0.03494900
v -0.03503700 0.07479500 0.03469300
v -0.03503700 0.07506200 0.03442800
v -0.03503700 0.07532100 0.03415400
v -0.03503700 0.07557000 0.03387100
v -0.03503700 0.07646500 0.03266000
v -0.03503700 0.07666300 0.03233900
v -0.03503700 0.07702500 0.03167800
v -0.03503700 0.07718900 0.03133800
v -0.03503700 0.07748200 0.03064400
v -0.03503700 0.07783100 0.02956900
v -0.03503700 0.07792300 0.02920400
v -0.03503700 0.07800200 0.02883500
v -0.03503700 0.07816500 0.02771700
v -0.03503700 0.07819300 0.02734100
v -0.03503700 0.07820300 0.02621100
v -0.03503700 0.07818100 0.02583500
v -0.03503700 0.07814500 0.02546000
v -0.03503700 0.07809800 0.02508600
v -0.03503700 0.07741300 0.02254400
v -0.03503700 0.07710800 0.02185500
v -0.03503700 0.07693900 0.02151900
v -0.03503700 0.07656500 0.02086400
v -0.03503700 0.07636200 0.02054600
v -0.03503700 0.07614900 0.02023600
v -0.03503700 0.07408800 0.01804800
v -0.03503700 0.07379000 0.01781700
v -0.03503700 0.07348500 0.01759500
v -0.03503700 0.07285400 0.01718400
v -0.03503700 0.07252800 0.01699400
v -0.03502400 0.05807700 0.02023100
v -0.03502400 0.05786300 0.02054100
v -0.03502400 0.05612600 0.02508400
v -0.03502400 0.05607900 0.02545900
v -0.03502400 0.05601500 0.02696500
v -0.03502400 0.05603100 0.02734200
v -0.03502400 0.06468500 0.03751800
v -0.03502400 0.06505400 0.03759400
v -0.03502400 0.06542600 0.03765800
v -0.03502400 0.06579900 0.03770900
v -0.03502400 0.06617500 0.03774700
v -0.03502400 0.06655100 0.03777300
v -0.03502400 0.06692800 0.03778600
v -0.03502400 0.06768200 0.03777300
v -0.03502400 0.06805800 0.03774700
v -0.03502400 0.06880700 0.03765800
v -0.03502400 0.06917900 0.03759400
v -0.03502400 0.06991500 0.03742900
v -0.03502400 0.07063800 0.03721400
v -0.03502400 0.07099300 0.03708900
v -0.03502400 0.07134400 0.03695100
v -0.03502400 0.07269600 0.03628400
v -0.03502400 0.07301900 0.03608900
v -0.03502400 0.07333500 0.03588300
v -0.03502400 0.07423900 0.03520300
v -0.03502400 0.07452400 0.03495600
v -0.03502400 0.07506800 0.03443400
v -0.03502400 0.07532700 0.03415900
v -0.03502400 0.07557600 0.03387600
v -0.03502400 0.07581600 0.03358500
v -0.03502400 0.07647300 0.03266400
v -0.03502400 0.07703300 0.03168200
v -0.03502400 0.07719700 0.03134200
v -0.03502400 0.07734900 0.03099700
v -0.03502400 0.07749000 0.03064700
v -0.03502400 0.07773500 0.02993400
v -0.03502400 0.07783900 0.02957100
v -0.03502400 0.07793100 0.02920600
v -0.03502400 0.07801100 0.02883700
v -0.03502400 0.07817300 0.02771800
v -0.03502400 0.07820200 0.02734200
v -0.03502400 0.07821800 0.02696500
v -0.03502400 0.07822100 0.02658800
v -0.03502400 0.07821200 0.02621100
v -0.03502400 0.07818900 0.02583400
v -0.03502400 0.07815400 0.02545900
v -0.03502400 0.07810600 0.02508400
v -0.03502400 0.07797300 0.02434200
v -0.03502400 0.07788700 0.02397500
v -0.03502400 0.07755600 0.02289300
v -0.03502400 0.07742100 0.02254100
v -0.03502400 0.07727400 0.02219400
v -0.03502400 0.07711600 0.02185100
v -0.03502400 0.07694600 0.02151500
v -0.03502400 0.07657300 0.02085900
v -0.03502400 0.07637000 0.02054100
v -0.03502400 0.07593200 0.01992800
v -0.03502400 0.07569700 0.01963200
v -0.03502400 0.07438200 0.01828300
v -0.03502400 0.07409300 0.01804100
v -0.03502400 0.07317800 0.01737700
v -0.03502400 0.07285900 0.01717600
v -0.03502400 0.07009700 0.01598400
v -0.03501100 0.05877400 0.01933900
v -0.03501100 0.05852900 0.01962700
v -0.03501100 0.05807000 0.02022600
v -0.03501100 0.05746000 0.02118000
v -0.03501100 0.05727900 0.02151100
v -0.03501100 0.05617900 0.02471100
v -0.03501100 0.05611800 0.02508300
v -0.03501100 0.05603500 0.02583300
v -0.03501100 0.05601300 0.02621000
v -0.03501100 0.06617400 0.03775600
v -0.03501100 0.06655000 0.03778100
v -0.03501100 0.06692800 0.03779400
v -0.03501100 0.06955000 0.03752600
v -0.03501100 0.06991700 0.03743700
v -0.03501100 0.07028000 0.03733600
v -0.03501100 0.07099600 0.03709700
v -0.03501100 0.07134800 0.03695900
v -0.03501100 0.07169400 0.03680900
v -0.03501100 0.07203500 0.03664800
v -0.03501100 0.07270100 0.03629100
v -0.03501100 0.07302400 0.03609600
v -0.03501100 0.07334000 0.03589000
v -0.03501100 0.07424400 0.03520900
v -0.03501100 0.07453000 0.03496200
v -0.03501100 0.07507400 0.03444000
v -0.03501100 0.07533300 0.03416500
v -0.03501100 0.07558300 0.03388200
v -0.03501100 0.07582200 0.03359000
v -0.03501100 0.07605200 0.03329100
v -0.03501100 0.07627100 0.03298300
v -0.03501100 0.07648000 0.03266900
v -0.03501100 0.07667800 0.03234700
v -0.03501100 0.07686500 0.03201900
v -0.03501100 0.07720400 0.03134600
v -0.03501100 0.07735700 0.03100000
v -0.03501100 0.07762600 0.03029500
v -0.03501100 0.07774300 0.02993600
v -0.03501100 0.07784700 0.02957400
v -0.03501100 0.07793900 0.02920800
v -0.03501100 0.07801900 0.02883900
v -0.03501100 0.07818200 0.02771800
v -0.03501100 0.07821100 0.02734200
v -0.03501100 0.07822700 0.02696500
v -0.03501100 0.07823000 0.02658800
v -0.03501100 0.07822000 0.02621000
v -0.03501100 0.07819800 0.02583300
v -0.03501100 0.07798100 0.02434000
v -0.03501100 0.07768600 0.02324800
v -0.03501100 0.07756400 0.02289100
v -0.03501100 0.07742900 0.02253800
v -0.03501100 0.07712400 0.02184800
v -0.03501100 0.07695400 0.02151100
v -0.03501100 0.07637700 0.02053700
v -0.03501100 0.07616300 0.02022600
v -0.03501100 0.07593800 0.01992200
v -0.03501100 0.07570400 0.01962700
v -0.03501100 0.07046100 0.01608300
v -0.03501100 0.07009900 0.01597600
v -0.03499800 0.06136600 0.01716200
v -0.03499800 0.05876800 0.01933400
v -0.03499800 0.05745300 0.02117600
v -0.03499800 0.05727200 0.02150700
v -0.03499800 0.05617100 0.02470900
v -0.03499800 0.05602700 0.02583300
v -0.03499800 0.05600500 0.02621000
v -0.03499800 0.05613900 0.02846800
v -0.03499800 0.05620600 0.02884000
v -0.03499800 0.06542300 0.03767400
v -0.03499800 0.06579700 0.03772500
v -0.03499800 0.06617300 0.03776400
v -0.03499800 0.06655000 0.03778900
v -0.03499800 0.06955200 0.03753400
v -0.03499800 0.06991900 0.03744500
v -0.03499800 0.07169700 0.03681600
v -0.03499800 0.07237500 0.03648200
v -0.03499800 0.07270400 0.03629800
v -0.03499800 0.07302800 0.03610300
v -0.03499800 0.07334400 0.03589600
v -0.03499800 0.07365400 0.03568000
v -0.03499800 0.07424900 0.03521500
v -0.03499800 0.07453500 0.03496800
v -0.03499800 0.07481200 0.03471100
v -0.03499800 0.07508000 0.03444500
v -0.03499800 0.07558900 0.03388700
v -0.03499800 0.07582900 0.03359500
v -0.03499800 0.07605800 0.03329500
v -0.03499800 0.07627800 0.03298800
v -0.03499800 0.07648700 0.03267300
v -0.03499800 0.07668500 0.03235100
v -0.03499800 0.07687200 0.03202300
v -0.03499800 0.07721200 0.03134900
v -0.03499800 0.07763400 0.03029800
v -0.03499800 0.07775100 0.02993900
v -0.03499800 0.07785500 0.02957600
v -0.03499800 0.07794700 0.02920900
v -0.03499800 0.07802700 0.02884000
v -0.03499800 0.07814800 0.02809500
v -0.03499800 0.07819000 0.02771900
v -0.03499800 0.07821900 0.02734300
v -0.03499800 0.07823500 0.02696500
v -0.03499800 0.07823800 0.02658700
v -0.03499800 0.07822800 0.02621000
v -0.03499800 0.07769400 0.02324500
v -0.03499800 0.07757100 0.02288800
v -0.03499800 0.07713100 0.02184400
v -0.03499800 0.07696100 0.02150700
v -0.03499800 0.07638300 0.02053200
v -0.03499800 0.07616900 0.02022100
v -0.03499800 0.07350000 0.01757400
v -0.03499800 0.07318700 0.01736300
v -0.03499800 0.07254000 0.01697200
v -0.03499800 0.07117500 0.01632700
v -0.03499800 0.07082100 0.01619500
v -0.03498500 0.06168900 0.01696600
v -0.03498500 0.06136200 0.01715600
v -0.03498500 0.05828200 0.01991300
v -0.03498500 0.05805700 0.02021700
v -0.03498500 0.05744700 0.02117200
v -0.03498500 0.05613200 0.02847000
v -0.03498500 0.06287900 0.03697300
v -0.03498500 0.06323100 0.03711100
v -0.03498500 0.06467900 0.03754100
v -0.03498500 0.06542200 0.03768100
v -0.03498500 0.06655000 0.03779700
v -0.03498500 0.06692700 0.03781000
v -0.03498500 0.06992100 0.03745200
v -0.03498500 0.07100200 0.03711100
v -0.03498500 0.07135400 0.03697300
v -0.03498500 0.07334800 0.03590300
v -0.03498500 0.07365800 0.03568600
v -0.03498500 0.07396000 0.03545800
v -0.03498500 0.07454000 0.03497400
v -0.03498500 0.07481700 0.03471700
v -0.03498500 0.07508600 0.03445100
v -0.03498500 0.07559400 0.03389200
v -0.03498500 0.07583400 0.03360000
v -0.03498500 0.07606400 0.03330000
v -0.03498500 0.07628400 0.03299200
v -0.03498500 0.07687800 0.03202700
v -0.03498500 0.07705400 0.03169200
v -0.03498500 0.07751200 0.03065600
v -0.03498500 0.07764100 0.03030000
v -0.03498500 0.07786200 0.02957800
v -0.03498500 0.07795400 0.02921100
v -0.03498500 0.07803400 0.02884200
v -0.03498500 0.07815600 0.02809600
v -0.03498500 0.07819700 0.02772000
v -0.03498500 0.07822600 0.02734300
v -0.03498500 0.07823400 0.02715400
v -0.03498500 0.07824200 0.02696500
v -0.03498500 0.07781200 0.02360400
v -0.03498500 0.07770100 0.02324300
v -0.03498500 0.07757800 0.02288500
v -0.03498500 0.07744300 0.02253200
v -0.03498500 0.07729600 0.02218400
v -0.03498500 0.07713800 0.02184100
v -0.03498500 0.07678600 0.02117200
v -0.03498500 0.07659300 0.02084700
v -0.03498500 0.07639000 0.02052800
v -0.03498500 0.07617500 0.02021700
v -0.03498500 0.07595100 0.01991300
v -0.03498500 0.07350400 0.01756800
v -0.03498500 0.07319100 0.01735700
v -0.03498500 0.07287100 0.01715600
v -0.03498500 0.07254400 0.01696600
v -0.03498500 0.07117800 0.01632000
v -0.03498500 0.07082400 0.01618800
v -0.03497100 0.06041900 0.01778500
v -0.03497100 0.06012000 0.01801700
v -0.03497100 0.05827700 0.01990900
v -0.03497100 0.05805200 0.02021300
v -0.03497100 0.05783700 0.02052400
v -0.03497100 0.05735000 0.02133400
v -0.03497100 0.05641400 0.02360200
v -0.03497100 0.05631600 0.02396700
v -0.03497100 0.06287700 0.03698000
v -0.03497100 0.06322900 0.03711800
v -0.03497100 0.06431000 0.03745900
v -0.03497100 0.06467800 0.03754800
v -0.03497100 0.06654900 0.03780400
v -0.03497100 0.06692700 0.03781700
v -0.03497100 0.06881200 0.03768800
v -0.03497100 0.06955500 0.03754800
v -0.03497100 0.06992200 0.03745900
v -0.03497100 0.07100400 0.03711800
v -0.03497100 0.07135600 0.03698000
v -0.03497100 0.07170300 0.03683000
v -0.03497100 0.07238200 0.03649500
v -0.03497100 0.07271200 0.03631000
v -0.03497100 0.07366200 0.03569100
v -0.03497100 0.07425900 0.03522600
v -0.03497100 0.07454500 0.03497900
v -0.03497100 0.07482200 0.03472200
v -0.03497100 0.07560000 0.03389600
v -0.03497100 0.07584000 0.03360400
v -0.03497100 0.07607000 0.03330400
v -0.03497100 0.07629000 0.03299600
v -0.03497100 0.07669700 0.03235900
v -0.03497100 0.07697200 0.03186250
v -0.03497100 0.07688400 0.03203000
v -0.03497100 0.07751900 0.03065800
v -0.03497100 0.07764800 0.03030300
v -0.03497100 0.07776500 0.02994300
v -0.03497100 0.07786900 0.02957900
v -0.03497100 0.07823300 0.02734300
v -0.03497100 0.07824900 0.02696600
v -0.03497100 0.07807600 0.02470700
v -0.03497100 0.07800300 0.02433600
v -0.03497100 0.07758500 0.02288300
v -0.03497100 0.07745000 0.02253000
v -0.03497100 0.07730300 0.02218100
v -0.03497100 0.07697400 0.02150000
v -0.03497100 0.07679200 0.02116800
v -0.03497100 0.07659900 0.02084300
v -0.03497100 0.07639600 0.02052400
v -0.03497100 0.07618100 0.02021300
v -0.03497100 0.07595600 0.01990900
v -0.03497100 0.07522100 0.01904500
v -0.03497100 0.07495700 0.01877400
v -0.03497100 0.07187500 0.01661400
v -0.03497100 0.07153000 0.01645800
v -0.03495700 0.06041500 0.01778000
v -0.03495700 0.06011600 0.01801200
v -0.03495700 0.05875200 0.01932000
v -0.03495700 0.05850700 0.01960800
v -0.03495700 0.05827100 0.01990500
v -0.03495700 0.05804600 0.02020900
v -0.03495700 0.05743500 0.02116500
v -0.03495700 0.05725300 0.02149700
v -0.03495700 0.05640800 0.02360000
v -0.03495700 0.05631000 0.02396600
v -0.03495700 0.05606400 0.02809700
v -0.03495700 0.05611800 0.02847200
v -0.03495700 0.05618500 0.02884400
v -0.03495700 0.05626500 0.02921400
v -0.03495700 0.05635700 0.02958100
v -0.03495700 0.06358300 0.03725000
v -0.03495700 0.06617100 0.03778500
v -0.03495700 0.06881300 0.03769500
v -0.03495700 0.06918600 0.03763100
v -0.03495700 0.06955600 0.03755400
v -0.03495700 0.06992400 0.03746500
v -0.03495700 0.07028900 0.03736400
v -0.03495700 0.07065000 0.03725000
v -0.03495700 0.07100600 0.03712400
v -0.03495700 0.07135900 0.03698600
v -0.03495700 0.07170600 0.03683600
v -0.03495700 0.07255000 0.03640850
v -0.03495700 0.07396800 0.03546900
v -0.03495700 0.07426300 0.03523100
v -0.03495700 0.07454900 0.03498400
v -0.03495700 0.07509500 0.03446000
v -0.03495700 0.07535500 0.03418500
v -0.03495700 0.07560500 0.03390100
v -0.03495700 0.07584500 0.03360800
v -0.03495700 0.07607500 0.03330800
v -0.03495700 0.07629500 0.03300000
v -0.03495700 0.07650400 0.03268400
v -0.03495700 0.07670300 0.03236200
v -0.03495700 0.07706600 0.03169800
v -0.03495700 0.07752500 0.03066000
v -0.03495700 0.07777100 0.02994500
v -0.03495700 0.07787500 0.02958100
v -0.03495700 0.07816900 0.02809700
v -0.03495700 0.07821100 0.02772100
v -0.03495700 0.07824000 0.02734400
v -0.03495700 0.07825600 0.02696600
v -0.03495700 0.07808300 0.02470600
v -0.03495700 0.07800900 0.02433400
v -0.03495700 0.07792300 0.02396600
v -0.03495700 0.07782500 0.02360000
v -0.03495700 0.07771400 0.02323900
v -0.03495700 0.07759100 0.02288100
v -0.03495700 0.07745600 0.02252700
v -0.03495700 0.07730900 0.02217900
v -0.03495700 0.07698000 0.02149700
v -0.03495700 0.07679800 0.02116500
v -0.03495700 0.07522600 0.01904000
v -0.03495700 0.07496200 0.01876900
v -0.03495700 0.07468900 0.01850700
v -0.03495700 0.07187800 0.01660800
v -0.03495700 0.07153300 0.01645200
v -0.03494300 0.06103100 0.01734000
v -0.03494300 0.06071700 0.01755200
v -0.03494300 0.06041100 0.01777500
v -0.03494300 0.06011200 0.01800800
v -0.03494300 0.05874700 0.01931600
v -0.03494300 0.05850200 0.01960500
v -0.03494300 0.05826700 0.01990100
v -0.03494300 0.05804100 0.02020500
v -0.03494300 0.05677100 0.02252500
v -0.03494300 0.05663600 0.02287900
v -0.03494300 0.05651300 0.02323700
v -0.03494300 0.05640200 0.02359900
v -0.03494300 0.05630400 0.02396400
v -0.03494300 0.05621800 0.02433300
v -0.03494300 0.05601600 0.02772200
v -0.03494300 0.05605800 0.02809800
v -0.03494300 0.05611200 0.02847300
v -0.03494300 0.05617900 0.02884500
v -0.03494300 0.05625900 0.02921600
v -0.03494300 0.05670200 0.03066300
v -0.03494300 0.05684300 0.03101400
v -0.03494300 0.06218200 0.03667900
v -0.03494300 0.06287200 0.03699100
v -0.03494300 0.06322400 0.03712900
v -0.03494300 0.06358100 0.03725600
v -0.03494300 0.06541900 0.03770100
v -0.03494300 0.06579400 0.03775200
v -0.03494300 0.06617100 0.03779100
v -0.03494300 0.06806200 0.03779100
v -0.03494300 0.06843900 0.03775200
v -0.03494300 0.06918700 0.03763700
v -0.03494300 0.06955800 0.03756000
v -0.03494300 0.06992600 0.03747100
v -0.03494300 0.07029000 0.03736900
v -0.03494300 0.07065200 0.03725600
v -0.03494300 0.07100900 0.03712900
v -0.03494300 0.07136100 0.03699100
v -0.03494300 0.07271800 0.03632100
v -0.03494300 0.07304200 0.03612600
v -0.03494300 0.07336000 0.03591900
v -0.03494300 0.07397200 0.03547400
v -0.03494300 0.07426700 0.03523600
v -0.03494300 0.07483100 0.03473100
v -0.03494300 0.07510000 0.03446400
v -0.03494300 0.07535900 0.03418900
v -0.03494300 0.07560900 0.03390500
v -0.03494300 0.07585000 0.03361200
v -0.03494300 0.07608000 0.03331100
v -0.03494300 0.07630000 0.03300300
v -0.03494300 0.07650900 0.03268800
v -0.03494300 0.07670800 0.03236500
v -0.03494300 0.07689500 0.03203600
v -0.03494300 0.07707200 0.03170100
v -0.03494300 0.07723600 0.03136000
v -0.03494300 0.07738900 0.03101400
v -0.03494300 0.07753100 0.03066300
v -0.03494300 0.07766000 0.03030700
v -0.03494300 0.07777700 0.02994700
v -0.03494300 0.07817500 0.02809800
v -0.03494300 0.07821700 0.02772200
v -0.03494300 0.07823300 0.02583100
v -0.03494300 0.07808900 0.02470400
v -0.03494300 0.07801500 0.02433300
v -0.03494300 0.07792900 0.02396400
v -0.03494300 0.07772000 0.02323700
v -0.03494300 0.07746100 0.02252500
v -0.03494300 0.07596600 0.01990100
v -0.03494300 0.07523100 0.01903600
v -0.03494300 0.07496600 0.01876500
v -0.03494300 0.07469300 0.01850300
v -0.03494300 0.07382200 0.01777500
v -0.03494300 0.07351500 0.01755200
v -0.03494300 0.07153500 0.01644600
v -0.03494300 0.07118500 0.01630200
v -0.03492900 0.06102800 0.01733500
v -0.03492900 0.06071400 0.01754800
v -0.03492900 0.06040800 0.01777000
v -0.03492900 0.06010900 0.01800300
v -0.03492900 0.05899800 0.01903200
v -0.03492900 0.05874300 0.01931200
v -0.03492900 0.05826200 0.01989800
v -0.03492900 0.05803700 0.02020200
v -0.03492900 0.05691300 0.02217400
v -0.03492900 0.05676600 0.02252300
v -0.03492900 0.05663100 0.02287700
v -0.03492900 0.05650800 0.02323500
v -0.03492900 0.05639700 0.02359700
v -0.03492900 0.05629800 0.02396300
v -0.03492900 0.05621200 0.02433200
v -0.03492900 0.05613900 0.02470400
v -0.03492900 0.05607800 0.02507700
v -0.03492900 0.05598100 0.02734400
v -0.03492900 0.05601000 0.02772200
v -0.03492900 0.05605200 0.02809900
v -0.03492900 0.05610700 0.02847400
v -0.03492900 0.05625400 0.02921700
v -0.03492900 0.05634600 0.02958400
v -0.03492900 0.05669700 0.03066500
v -0.03492900 0.05683800 0.03101600
v -0.03492900 0.06184300 0.03651100
v -0.03492900 0.06217900 0.03668400
v -0.03492900 0.06287000 0.03699600
v -0.03492900 0.06504500 0.03764200
v -0.03492900 0.06541800 0.03770600
v -0.03492900 0.06579400 0.03775800
v -0.03492900 0.06617000 0.03779600
v -0.03492900 0.06768400 0.03782200
v -0.03492900 0.06806200 0.03779600
v -0.03492900 0.06843900 0.03775800
v -0.03492900 0.06881500 0.03770600
v -0.03492900 0.06918800 0.03764200
v -0.03492900 0.06955900 0.03756600
v -0.03492900 0.07029200 0.03737500
v -0.03492900 0.07065300 0.03726100
v -0.03492900 0.07171100 0.03684600
v -0.03492900 0.07205300 0.03668400
v -0.03492900 0.07272100 0.03632600
v -0.03492900 0.07304500 0.03613000
v -0.03492900 0.07336300 0.03592400
v -0.03492900 0.07483500 0.03473500
v -0.03492900 0.07510400 0.03446800
v -0.03492900 0.07585400 0.03361500
v -0.03492900 0.07608500 0.03331500
v -0.03492900 0.07630500 0.03300600
v -0.03492900 0.07671300 0.03236800
v -0.03492900 0.07690000 0.03203900
v -0.03492900 0.07707700 0.03170400
v -0.03492900 0.07724100 0.03136300
v -0.03492900 0.07739400 0.03101600
v -0.03492900 0.07753600 0.03066500
v -0.03492900 0.07766500 0.03030800
v -0.03492900 0.07822200 0.02772200
v -0.03492900 0.07825100 0.02734400
v -0.03492900 0.07826100 0.02620800
v -0.03492900 0.07823800 0.02583000
v -0.03492900 0.07793500 0.02396300
v -0.03492900 0.07783600 0.02359700
v -0.03492900 0.07760200 0.02287700
v -0.03492900 0.07746700 0.02252300
v -0.03492900 0.07731900 0.02217400
v -0.03492900 0.07716000 0.02183000
v -0.03492900 0.07619600 0.02020200
v -0.03492900 0.07597100 0.01989800
v -0.03492900 0.07549000 0.01931200
v -0.03492900 0.07523500 0.01903200
v -0.03492900 0.07497000 0.01876100
v -0.03492900 0.07469700 0.01849900
v -0.03492900 0.07382500 0.01777000
v -0.03492900 0.07351900 0.01754800
v -0.03492900 0.07222300 0.01676500
v -0.03492900 0.07153800 0.01644100
v -0.03492900 0.07118700 0.01629700
v -0.03491400 0.05899400 0.01902900
v -0.03491400 0.05781800 0.02051100
v -0.03491400 0.05761400 0.02083100
v -0.03491400 0.05742000 0.02115700
v -0.03491400 0.05723800 0.02148900
v -0.03491400 0.05613400 0.02470300
v -0.03491400 0.05602500 0.02545300
v -0.03491400 0.05598900 0.02583000
v -0.03491400 0.05597600 0.02734500
v -0.03491400 0.05600500 0.02772300
v -0.03491400 0.05604700 0.02809900
v -0.03491400 0.05610200 0.02847400
v -0.03491400 0.05624900 0.02921800
v -0.03491400 0.05634100 0.02958500
v -0.03491400 0.06541700 0.03771200
v -0.03491400 0.06579300 0.03776300
v -0.03491400 0.06617000 0.03780100
v -0.03491400 0.06768500 0.03782700
v -0.03491400 0.06806300 0.03780100
v -0.03491400 0.06844000 0.03776300
v -0.03491400 0.06881500 0.03771200
v -0.03491400 0.06918900 0.03764700
v -0.03491400 0.06956000 0.03757100
v -0.03491400 0.07101200 0.03713900
v -0.03491400 0.07171300 0.03685100
v -0.03491400 0.07205600 0.03668900
v -0.03491400 0.07239300 0.03651500
v -0.03491400 0.07288600 0.03623300
v -0.03491400 0.07272400 0.03633100
v -0.03491400 0.07304800 0.03613500
v -0.03491400 0.07336600 0.03592800
v -0.03491400 0.07367600 0.03571000
v -0.03491400 0.07397900 0.03548200
v -0.03491400 0.07561800 0.03391200
v -0.03491400 0.07585800 0.03361900
v -0.03491400 0.07608900 0.03331800
v -0.03491400 0.07630900 0.03300900
v -0.03491400 0.07651800 0.03269400
v -0.03491400 0.07671700 0.03237100
v -0.03491400 0.07690500 0.03204100
v -0.03491400 0.07708100 0.03170600
v -0.03491400 0.07754100 0.03066600
v -0.03491400 0.07767000 0.03031000
v -0.03491400 0.07818600 0.02809900
v -0.03491400 0.07822700 0.02772300
v -0.03491400 0.07825600 0.02734500
v -0.03491400 0.07827200 0.02696600
v -0.03491400 0.07827600 0.02658700
v -0.03491400 0.07826600 0.02620800
v -0.03491400 0.07824300 0.02583000
v -0.03491400 0.07820800 0.02545300
v -0.03491400 0.07812950 0.02489000
v -0.03491400 0.07793900 0.02396200
v -0.03491400 0.07784100 0.02359600
v -0.03491400 0.07760700 0.02287500
v -0.03491400 0.07747100 0.02252100
v -0.03491400 0.07732400 0.02217200
v -0.03491400 0.07716500 0.02182800
v -0.03491400 0.07573900 0.01959800
v -0.03491400 0.07549400 0.01930900
v -0.03491400 0.07255900 0.01693900
v -0.03491400 0.07222500 0.01676000
v -0.03491400 0.07154000 0.01643600
v -0.03491400 0.07118900 0.01629200
v -0.03489900 0.05981200 0.01823900
v -0.03489900 0.05952900 0.01849200
v -0.03489900 0.05781400 0.02050900
v -0.03489900 0.05761000 0.02082800
v -0.03489900 0.05732500 0.02132100
v -0.03489900 0.05628900 0.02396100
v -0.03489900 0.05620300 0.02433000
v -0.03489900 0.05606800 0.02507600
v -0.03489900 0.05602000 0.02545200
v -0.03489900 0.05595200 0.02658700
v -0.03489900 0.05624400 0.02921900
v -0.03489900 0.05633700 0.02958700
v -0.03489900 0.05644100 0.02995100
v -0.03489900 0.05655900 0.03031200
v -0.03489900 0.06430300 0.03748600
v -0.03489900 0.06467200 0.03757500
v -0.03489900 0.06919000 0.03765200
v -0.03489900 0.06956100 0.03757500
v -0.03489900 0.06993000 0.03748600
v -0.03489900 0.07029500 0.03738400
v -0.03489900 0.07065600 0.03727000
v -0.03489900 0.07101400 0.03714400
v -0.03489900 0.07119050 0.03707450
v -0.03489900 0.07239500 0.03652000
v -0.03489900 0.07272600 0.03633500
v -0.03489900 0.07305000 0.03613900
v -0.03489900 0.07336800 0.03593200
v -0.03489900 0.07367900 0.03571400
v -0.03489900 0.07398200 0.03548600
v -0.03489900 0.07427600 0.03524800
v -0.03489900 0.07456300 0.03500000
v -0.03489900 0.07484100 0.03474200
v -0.03489900 0.07511100 0.03447500
v -0.03489900 0.07537100 0.03419900
v -0.03489900 0.07562100 0.03391400
v -0.03489900 0.07586200 0.03362200
v -0.03489900 0.07609200 0.03332100
v -0.03489900 0.07631300 0.03301200
v -0.03489900 0.07672100 0.03237300
v -0.03489900 0.07690900 0.03204400
v -0.03489900 0.07708500 0.03170800
v -0.03489900 0.07740300 0.03102000
v -0.03489900 0.07754500 0.03066800
v -0.03489900 0.07789600 0.02958700
v -0.03489900 0.07798900 0.02921900
v -0.03489900 0.07813600 0.02847500
v -0.03489900 0.07819000 0.02810000
v -0.03489900 0.07823200 0.02772300
v -0.03489900 0.07827700 0.02696600
v -0.03489900 0.07828000 0.02658700
v -0.03489900 0.07824800 0.02583000
v -0.03489900 0.07821300 0.02545200
v -0.03489900 0.07816500 0.02507600
v -0.03489900 0.07810400 0.02470200
v -0.03489900 0.07803000 0.02433000
v -0.03489900 0.07794400 0.02396100
v -0.03489900 0.07784500 0.02359400
v -0.03489900 0.07699900 0.02148700
v -0.03489900 0.07681600 0.02115500
v -0.03489900 0.07662300 0.02082800
v -0.03489900 0.07597800 0.01989200
v -0.03489900 0.07574300 0.01959500
v -0.03488500 0.06485600 0.01574400
v -0.03488500 0.06448600 0.01582800
v -0.03488500 0.06039900 0.01775900
v -0.03488500 0.06010000 0.01799200
v -0.03488500 0.05980900 0.01823600
v -0.03488500 0.05802500 0.02019400
v -0.03488500 0.05781000 0.02050700
v -0.03488500 0.05760600 0.02082600
v -0.03488500 0.05741300 0.02115200
v -0.03488500 0.05661800 0.02287200
v -0.03488500 0.05649500 0.02323100
v -0.03488500 0.05638300 0.02359300
v -0.03488500 0.05628500 0.02396000
v -0.03488500 0.05624200 0.02414450
v -0.03488500 0.05601600 0.02545200
v -0.03488500 0.05594800 0.02658700
v -0.03488500 0.05595200 0.02696600
v -0.03488500 0.05624000 0.02922000
v -0.03488500 0.05643700 0.02995200
v -0.03488500 0.05655500 0.03031300
v -0.03488500 0.05791700 0.03301400
v -0.03488500 0.06430200 0.03749000
v -0.03488500 0.06467100 0.03757900
v -0.03488500 0.06844100 0.03777200
v -0.03488500 0.06881700 0.03772000
v -0.03488500 0.06919100 0.03765600
v -0.03488500 0.06956200 0.03757900
v -0.03488500 0.06993100 0.03749000
v -0.03488500 0.07029600 0.03738800
v -0.03488500 0.07101500 0.03714800
v -0.03488500 0.07136800 0.03700900
v -0.03488500 0.07171700 0.03685900
v -0.03488500 0.07206000 0.03669700
v -0.03488500 0.07239700 0.03652300
v -0.03488500 0.07305300 0.03614200
v -0.03488500 0.07337000 0.03593500
v -0.03488500 0.07368100 0.03571700
v -0.03488500 0.07398400 0.03548900
v -0.03488500 0.07427900 0.03525100
v -0.03488500 0.07456600 0.03500300
v -0.03488500 0.07484400 0.03474500
v -0.03488500 0.07511400 0.03447800
v -0.03488500 0.07537400 0.03420200
v -0.03488500 0.07562400 0.03391700
v -0.03488500 0.07586500 0.03362400
v -0.03488500 0.07609600 0.03332300
v -0.03488500 0.07631600 0.03301400
v -0.03488500 0.07652600 0.03269800
v -0.03488500 0.07672500 0.03237500
v -0.03488500 0.07691300 0.03204600
v -0.03488500 0.07708900 0.03171000
v -0.03488500 0.07725400 0.03136800
v -0.03488500 0.07740700 0.03102100
v -0.03488500 0.07754900 0.03067000
v -0.03488500 0.07790000 0.02958800
v -0.03488500 0.07799300 0.02922000
v -0.03488500 0.07807300 0.02884900
v -0.03488500 0.07814000 0.02847600
v -0.03488500 0.07828400 0.02658700
v -0.03488500 0.07827500 0.02620800
v -0.03488500 0.07810800 0.02470100
v -0.03488500 0.07803400 0.02432900
v -0.03488500 0.07794800 0.02396000
v -0.03488500 0.07747900 0.02251800
v -0.03488500 0.07717300 0.02182400
v -0.03488500 0.07700200 0.02148500
v -0.03488500 0.07682000 0.02115200
v -0.03488500 0.07662700 0.02082600
v -0.03488500 0.07598200 0.01988900
v -0.03488500 0.07524500 0.01902300
v -0.03488500 0.07498000 0.01875100
v -0.03488500 0.07470600 0.01848900
v -0.03488500 0.07442400 0.01823600
v -0.03488500 0.07413300 0.01799200
v -0.03488500 0.07352700 0.01753600
v -0.03487000 0.06485500 0.01574100
v -0.03487000 0.06101800 0.01732100
v -0.03487000 0.06039700 0.01775600
v -0.03487000 0.05802300 0.02019200
v -0.03487000 0.05780700 0.02050500
v -0.03487000 0.05760300 0.02082400
v -0.03487000 0.05741000 0.02115100
v -0.03487000 0.05675000 0.02251600
v -0.03487000 0.05661400 0.02287100
v -0.03487000 0.05649100 0.02323000
v -0.03487000 0.05638000 0.02359200
v -0.03487000 0.05628100 0.02395900
v -0.03487000 0.05606000 0.02507500
v -0.03487000 0.05601200 0.02545100
v -0.03487000 0.05770400 0.03270000
v -0.03487000 0.05791400 0.03301600
v -0.03487000 0.06654700 0.03783900
v -0.03487000 0.06692700 0.03785200
v -0.03487000 0.06730600 0.03785200
v -0.03487000 0.06768500 0.03783900
v -0.03487000 0.06844100 0.03777500
v -0.03487000 0.06881700 0.03772400
v -0.03487000 0.07065900 0.03727700
v -0.03487000 0.07101700 0.03715100
v -0.03487000 0.07137000 0.03701300
v -0.03487000 0.07206100 0.03670000
v -0.03487000 0.07305500 0.03614500
v -0.03487000 0.07337200 0.03593800
v -0.03487000 0.07398600 0.03549200
v -0.03487000 0.07428200 0.03525400
v -0.03487000 0.07609900 0.03332500
v -0.03487000 0.07631900 0.03301600
v -0.03487000 0.07652900 0.03270000
v -0.03487000 0.07672800 0.03237700
v -0.03487000 0.07799600 0.02922100
v -0.03487000 0.07807600 0.02885000
v -0.03487000 0.07814300 0.02847600
v -0.03487000 0.07826900 0.02734600
v -0.03487000 0.07828500 0.02696600
v -0.03487000 0.07828800 0.02658700
v -0.03487000 0.07827800 0.02620800
v -0.03487000 0.07825600 0.02582900
v -0.03487000 0.07822000 0.02545100
v -0.03487000 0.07817200 0.02507500
v -0.03487000 0.07811100 0.02470000
v -0.03487000 0.07803800 0.02432800
v -0.03487000 0.07795100 0.02395900
v -0.03487000 0.07785300 0.02359200
v -0.03487000 0.07774200 0.02323000
v -0.03487000 0.07761800 0.02287100
v -0.03487000 0.07748300 0.02251600
v -0.03487000 0.07717600 0.02182200
v -0.03487000 0.07621000 0.02019200
v -0.03487000 0.07598500 0.01988700
v -0.03487000 0.07524700 0.01902000
v -0.03487000 0.07498300 0.01874900
v -0.03487000 0.07470900 0.01848600
v -0.03487000 0.07442600 0.01823300
v -0.03487000 0.07413500 0.01799000
v -0.03487000 0.07383600 0.01775600
v -0.03487000 0.07352900 0.01753300
v -0.03485500 0.06375300 0.01602500
v -0.03485500 0.06339300 0.01614500
v -0.03485500 0.06133800 0.01711600
v -0.03485500 0.06101700 0.01731800
v -0.03485500 0.05780500 0.02050300
v -0.03485500 0.05760000 0.02082300
v -0.03485500 0.05689400 0.02216500
v -0.03485500 0.05674700 0.02251500
v -0.03485500 0.06579100 0.03777800
v -0.03485500 0.06616900 0.03781700
v -0.03485500 0.06654700 0.03784300
v -0.03485500 0.06730600 0.03785600
v -0.03485500 0.07029800 0.03739500
v -0.03485500 0.07066000 0.03728000
v -0.03485500 0.07398800 0.03549500
v -0.03485500 0.07428300 0.03525600
v -0.03485500 0.07484900 0.03475000
v -0.03485500 0.07511800 0.03448300
v -0.03485500 0.07610100 0.03332700
v -0.03485500 0.07653200 0.03270200
v -0.03485500 0.07673000 0.03237900
v -0.03485500 0.07790700 0.02959000
v -0.03485500 0.07799900 0.02922100
v -0.03485500 0.07807900 0.02885000
v -0.03485500 0.07814600 0.02847700
v -0.03485500 0.07820100 0.02810100
v -0.03485500 0.07827200 0.02734600
v -0.03485500 0.07828800 0.02696700
v -0.03485500 0.07829100 0.02658700
v -0.03485500 0.07828200 0.02620800
v -0.03485500 0.07825900 0.02582900
v -0.03485500 0.07822400 0.02545100
v -0.03485500 0.07774500 0.02322900
v -0.03485500 0.07762100 0.02287000
v -0.03485500 0.07748600 0.02251500
v -0.03485500 0.07733800 0.02216500
v -0.03485500 0.07717900 0.02182100
v -0.03485500 0.07621300 0.02019000
v -0.03485500 0.07471100 0.01848400
v -0.03485500 0.07383800 0.01775400
v -0.03485500 0.07353000 0.01753100
v -0.03483900 0.06375300 0.01602200
v -0.03483900 0.06133700 0.01711400
v -0.03483900 0.06101500 0.01731600
v -0.03483900 0.06070100 0.01752900
v -0.03483900 0.06039400 0.01775200
v -0.03483900 0.06009400 0.01798500
v -0.03483900 0.05824400 0.01988400
v -0.03483900 0.05801800 0.02018900
v -0.03483900 0.05780300 0.02050100
v -0.03483900 0.05759800 0.02082100
v -0.03483900 0.05740500 0.02114800
v -0.03483900 0.05722200 0.02148100
v -0.03483900 0.05660900 0.02286900
v -0.03483900 0.05648600 0.02322800
v -0.03483900 0.05637400 0.02359100
v -0.03483900 0.05627600 0.02395700
v -0.03483900 0.05623100 0.02922200
v -0.03483900 0.05713500 0.03171400
v -0.03483900 0.06504100 0.03766500
v -0.03483900 0.06579100 0.03778100
v -0.03483900 0.06616800 0.03781900
v -0.03483900 0.06993300 0.03749900
v -0.03483900 0.07029900 0.03739700
v -0.03483900 0.07066100 0.03728300
v -0.03483900 0.07172100 0.03686700
v -0.03483900 0.07206400 0.03670500
v -0.03483900 0.07240100 0.03653100
v -0.03483900 0.07273300 0.03634600
v -0.03483900 0.07337600 0.03594300
v -0.03483900 0.07368700 0.03572500
v -0.03483900 0.07399000 0.03549700
v -0.03483900 0.07428500 0.03525800
v -0.03483900 0.07485100 0.03475200
v -0.03483900 0.07512000 0.03448500
v -0.03483900 0.07538100 0.03420800
v -0.03483900 0.07563100 0.03392300
v -0.03483900 0.07587200 0.03363000
v -0.03483900 0.07653400 0.03270300
v -0.03483900 0.07673300 0.03238000
v -0.03483900 0.07692100 0.03205000
v -0.03483900 0.07709700 0.03171400
v -0.03483900 0.07726200 0.03137200
v -0.03483900 0.07748650 0.03084900
v -0.03483900 0.07780400 0.02995500
v -0.03483900 0.07790900 0.02959000
v -0.03483900 0.07800200 0.02922200
v -0.03483900 0.07814900 0.02847700
v -0.03483900 0.07820400 0.02810200
v -0.03483900 0.07826200 0.02582900
v -0.03483900 0.07822600 0.02545100
v -0.03483900 0.07817800 0.02507400
v -0.03483900 0.07811700 0.02469900
v -0.03483900 0.07804300 0.02432700
v -0.03483900 0.07795700 0.02395700
v -0.03483900 0.07785800 0.02359100
v -0.03483900 0.07762400 0.02286900
v -0.03483900 0.07734100 0.02216400
v -0.03483900 0.07701000 0.02148100
v -0.03483900 0.07682800 0.02114800
v -0.03483900 0.07598900 0.01988400
v -0.03483900 0.07575300 0.01958600
v -0.03483900 0.07550700 0.01929700
v -0.03483900 0.07498700 0.01874500
v -0.03483900 0.07471300 0.01848200
v -0.03483900 0.07443000 0.01822900
v -0.03483900 0.07413800 0.01798500
v -0.03482400 0.06166400 0.01692200
v -0.03482400 0.06133600 0.01711200
v -0.03482400 0.06101400 0.01731400
v -0.03482400 0.06070000 0.01752700
v -0.03482400 0.06039200 0.01775000
v -0.03482400 0.06009300 0.01798400
v -0.03482400 0.05898000 0.01901500
v -0.03482400 0.05872400 0.01929600
v -0.03482400 0.05847800 0.01958500
v -0.03482400 0.05824200 0.01988200
v -0.03482400 0.05801600 0.02018800
v -0.03482400 0.05759600 0.02082000
v -0.03482400 0.05780100 0.02050000
v -0.03482400 0.05740300 0.02114700
v -0.03482400 0.05722000 0.02148000
v -0.03482400 0.05674300 0.02251300
v -0.03482400 0.05660700 0.02286800
v -0.03482400 0.05648400 0.02322700
v -0.03482400 0.05637300 0.02359000
v -0.03482400 0.05595600 0.02734600
v -0.03482400 0.05598500 0.02772500
v -0.03482400 0.05614900 0.02885100
v -0.03482400 0.05622900 0.02922200
v -0.03482400 0.05696800 0.03137300
v -0.03482400 0.05713400 0.03171500
v -0.03482400 0.06466800 0.03759000
v -0.03482400 0.06504000 0.03766700
v -0.03482400 0.06579100 0.03778300
v -0.03482400 0.06616800 0.03782100
v -0.03482400 0.06806500 0.03782100
v -0.03482400 0.06844200 0.03778300
v -0.03482400 0.06974850 0.03754550
v -0.03482400 0.07011600 0.03745000
v -0.03482400 0.07137300 0.03702000
v -0.03482400 0.07172100 0.03686900
v -0.03482400 0.07240200 0.03653300
v -0.03482400 0.07273400 0.03634800
v -0.03482400 0.07305900 0.03615200
v -0.03482400 0.07337700 0.03594500
v -0.03482400 0.07368800 0.03572700
v -0.03482400 0.07399100 0.03549800
v -0.03482400 0.07428600 0.03526000
v -0.03482400 0.07512200 0.03448600
v -0.03482400 0.07538200 0.03421000
v -0.03482400 0.07563300 0.03392500
v -0.03482400 0.07587400 0.03363100
v -0.03482400 0.07610500 0.03333000
v -0.03482400 0.07632600 0.03302100
v -0.03482400 0.07653500 0.03270400
v -0.03482400 0.07673500 0.03238100
v -0.03482400 0.07692300 0.03205100
v -0.03482400 0.07709900 0.03171500
v -0.03482400 0.07726400 0.03137300
v -0.03482400 0.07741800 0.03102600
v -0.03482400 0.07755900 0.03067400
v -0.03482400 0.07780600 0.02995600
v -0.03482400 0.07791100 0.02959100
v -0.03482400 0.07800400 0.02922200
v -0.03482400 0.07808400 0.02885100
v -0.03482400 0.07824800 0.02772500
v -0.03482400 0.07827700 0.02734600
v -0.03482400 0.07829300 0.02696700
v -0.03482400 0.07829600 0.02658700
v -0.03482400 0.07826400 0.02582800
v -0.03482400 0.07822800 0.02545000
v -0.03482400 0.07818000 0.02507400
v -0.03482400 0.07811900 0.02469900
v -0.03482400 0.07804500 0.02432600
v -0.03482400 0.07795900 0.02395700
v -0.03482400 0.07786000 0.02359000
v -0.03482400 0.07774900 0.02322700
v -0.03482400 0.07762600 0.02286800
v -0.03482400 0.07749000 0.02251300
v -0.03482400 0.07734300 0.02216400
v -0.03482400 0.07718300 0.02181900
v -0.03482400 0.07701200 0.02148000
v -0.03482400 0.07663600 0.02082000
v -0.03482400 0.07643200 0.02050000
v -0.03482400 0.07599100 0.01988200
v -0.03482400 0.07575500 0.01958500
v -0.03482400 0.07550900 0.01929600
v -0.03482400 0.07538100 0.01915550
v -0.03482400 0.07525300 0.01901500
v -0.03482400 0.07498800 0.01874300
v -0.03482400 0.07443100 0.01822700
v -0.03480900 0.06199800 0.01674100
v -0.03480900 0.06166300 0.01692000
v -0.03480900 0.05897800 0.01901400
v -0.03480900 0.05872300 0.01929500
v -0.03480900 0.05674100 0.02251300
v -0.03480900 0.05660600 0.02286800
v -0.03480900 0.05618600 0.02432600
v -0.03480900 0.05611200 0.02469900
v -0.03480900 0.05605100 0.02507400
v -0.03480900 0.05595500 0.02734600
v -0.03480900 0.05598400 0.02772500
v -0.03480900 0.05608000 0.02847800
v -0.03480900 0.05614700 0.02885200
v -0.03480900 0.06579000 0.03778400
v -0.03480900 0.06654700 0.03784900
v -0.03480900 0.06806500 0.03782300
v -0.03480900 0.06956500 0.03759200
v -0.03480900 0.06993400 0.03750300
v -0.03480900 0.07030000 0.03740100
v -0.03480900 0.07048100 0.03734350
v -0.03480900 0.07137300 0.03702100
v -0.03480900 0.07240300 0.03653500
v -0.03480900 0.07273400 0.03634900
v -0.03480900 0.07337800 0.03594600
v -0.03480900 0.07368900 0.03572800
v -0.03480900 0.07399200 0.03550000
v -0.03480900 0.07428700 0.03526100
v -0.03480900 0.07512300 0.03448700
v -0.03480900 0.07538300 0.03421100
v -0.03480900 0.07563400 0.03392600
v -0.03480900 0.07599050 0.03348150
v -0.03480900 0.07587500 0.03363200
v -0.03480900 0.07653700 0.03270500
v -0.03480900 0.07673600 0.03238200
v -0.03480900 0.07692400 0.03205200
v -0.03480900 0.07710100 0.03171600
v -0.03480900 0.07756100 0.03067400
v -0.03480900 0.07769000 0.03031700
v -0.03480900 0.07780800 0.02995600
v -0.03480900 0.07800500 0.02922300
v -0.03480900 0.07808500 0.02885200
v -0.03480900 0.07815300 0.02847800
v -0.03480900 0.07824900 0.02772500
v -0.03480900 0.07827800 0.02734600
v -0.03480900 0.07829400 0.02696700
v -0.03480900 0.07829700 0.02658700
v -0.03480900 0.07828800 0.02620700
v -0.03480900 0.07826500 0.02582800
v -0.03480900 0.07823000 0.02545000
v -0.03480900 0.07818100 0.02507400
v -0.03480900 0.07812100 0.02469900
v -0.03480900 0.07749200 0.02251300
v -0.03480900 0.07734400 0.02216300
v -0.03480900 0.07718500 0.02181800
v -0.03480900 0.07663800 0.02081900
v -0.03480900 0.07643300 0.02049900
v -0.03480900 0.07621800 0.02018700
v -0.03480900 0.07551000 0.01929500
v -0.03480900 0.07525400 0.01901400
v -0.03479300 0.06522700 0.01566000
v -0.03479300 0.06199700 0.01674000
v -0.03479300 0.06166300 0.01691900
v -0.03479300 0.05897800 0.01901300
v -0.03479300 0.05872200 0.01929400
v -0.03479300 0.05721800 0.02147900
v -0.03479300 0.05704700 0.02181800
v -0.03479300 0.05648100 0.02322600
v -0.03479300 0.05637000 0.02358900
v -0.03479300 0.05627100 0.02395600
v -0.03479300 0.05618500 0.02432600
v -0.03479300 0.05611100 0.02469900
v -0.03479300 0.05605000 0.02507300
v -0.03479300 0.05595400 0.02734600
v -0.03479300 0.05598300 0.02772500
v -0.03479300 0.05607900 0.02847800
v -0.03479300 0.05614600 0.02885200
v -0.03479300 0.06654700 0.03785000
v -0.03479300 0.06692600 0.03786300
v -0.03479300 0.06806500 0.03782400
v -0.03479300 0.06844300 0.03778500
v -0.03479300 0.06881900 0.03773400
v -0.03479300 0.06919300 0.03767000
v -0.03479300 0.06956500 0.03759300
v -0.03479300 0.06993400 0.03750400
v -0.03479300 0.07030000 0.03740200
v -0.03479300 0.07066200 0.03728700
v -0.03479300 0.07206600 0.03670900
v -0.03479300 0.07240300 0.03653600
v -0.03479300 0.07273500 0.03635000
v -0.03479300 0.07306000 0.03615400
v -0.03479300 0.07337800 0.03594700
v -0.03479300 0.07428800 0.03526200
v -0.03479300 0.07457500 0.03501300
v -0.03479300 0.07512400 0.03448800
v -0.03479300 0.07538400 0.03421100
v -0.03479300 0.07563500 0.03392600
v -0.03479300 0.07653800 0.03270600
v -0.03479300 0.07673700 0.03238200
v -0.03479300 0.07756200 0.03067500
v -0.03479300 0.07769100 0.03031800
v -0.03479300 0.07791400 0.02959100
v -0.03479300 0.07800600 0.02922300
v -0.03479300 0.07808600 0.02885200
v -0.03479300 0.07815400 0.02847800
v -0.03479300 0.07827900 0.02734600
v -0.03479300 0.07829500 0.02696700
v -0.03479300 0.07829800 0.02658700
v -0.03479300 0.07828900 0.02620700
v -0.03479300 0.07826600 0.02582800
v -0.03479300 0.07823100 0.02545000
v -0.03479300 0.07818300 0.02507300
v -0.03479300 0.07749200 0.02251200
v -0.03479300 0.07643400 0.02049900
v -0.03479300 0.07621900 0.02018600
v -0.03479300 0.07353500 0.01752500
v -0.02972200 0.07986900 0.03375100
v -0.02972200 0.08010200 0.03331400
v -0.02972200 0.07767600 0.03673800
v -0.02972200 0.07750400 0.03691400
v -0.02972200 0.07640900 0.03791800
v -0.02972200 0.07627800 0.03802800
v -0.02972200 0.07350200 0.03979000
v -0.02972200 0.07507600 0.03890100
v -0.02972200 0.07480200 0.03907300
v -0.02972200 0.06761200 0.04125600
v -0.02972200 0.06728800 0.04126200
v -0.02972200 0.06715400 0.04126400
v -0.02972200 0.06958100 0.04105500
v -0.02972200 0.06926100 0.04110400
v -0.02972200 0.06711600 0.04126500
v -0.02972200 0.06104100 0.03993700
v -0.02972200 0.06088500 0.03986600
v -0.02972200 0.08116800 0.03057500
v -0.02972200 0.08103600 0.03102400
v -0.02972200 0.08052200 0.03241800
v -0.02972200 0.08045500 0.03257600
v -0.02972200 0.08070900 0.03195900
v -0.02972200 0.08064800 0.03211900
v -0.02972200 0.08090700 0.02194100
v -0.02972200 0.08100700 0.02224900
v -0.02972200 0.08163600 0.02532200
v -0.02972200 0.08161700 0.02515100
v -0.02972200 0.08165300 0.02555600
v -0.02972200 0.08166000 0.02564500
v -0.02972200 0.08167300 0.02581600
v -0.02972200 0.08168700 0.02613900
v -0.02972200 0.08117500 0.03054900
v -0.02972200 0.07966200 0.01924800
v -0.02972200 0.07929300 0.01866200
v -0.02972200 0.07930800 0.01868300
v -0.02972200 0.07957200 0.01910200
v -0.02972200 0.05500900 0.01855600
v -0.02972200 0.05510400 0.01841400
v -0.02972200 0.05801600 0.01529000
v -0.02972200 0.05776400 0.01549300
v -0.02972200 0.06007200 0.01391600
v -0.02972200 0.05978900 0.01407400
v -0.03053200 0.07294300 0.01379200
v -0.03054100 0.07298300 0.01381900
v -0.03084000 0.07923900 0.01988700
v -0.03082900 0.07931600 0.02000200
v -0.03073900 0.07777000 0.01762200
v -0.03074300 0.07778100 0.01763900
v -0.03083600 0.07868800 0.03438600
v -0.03083000 0.07843700 0.03476100
v -0.03042400 0.07234100 0.01345900
v -0.03045000 0.07213400 0.01339600
v -0.03052500 0.07183000 0.04002400
v -0.03050300 0.07207000 0.03995100
v -0.03034100 0.06687000 0.04095100
v -0.03034600 0.06691700 0.04094900
v -0.03032500 0.06672400 0.04095800
v -0.03034600 0.06665100 0.04094400
v -0.02990800 0.05375100 0.02104600
v -0.02984400 0.05367700 0.02115500
f 1 134 2
f 3 135 4
f 5 136 6
f 7 137 8
f 8 138 9
f 10 139 11
f 11 140 12
f 12 141 13
f 13 142 14
f 14 143 15
f 16 144 17
f 18 145 146
f 19 147 20
f 21 148 22
f 23 149 24
f 25 150 26
f 27 151 28
f 28 152 29
f 30 153 31
f 32 154 33
f 34 155 35
f 36 156 37
f 38 157 39
f 40 158 41
f 42 159 43
f 160 164 161
f 161 164 165
f 166 163 162
f 166 167 163
f 168 180 169
f 181 171 170
f 181 182 171
f 172 183 173
f 174 186 175
f 177 176 187
f 178 195 179
f 179 195 196
f 184 197 185
f 189 188 198
f 190 199 191
f 193 203 194
f 200 216 192
f 201 219 202
f 220 205 204
f 220 221 205
f 221 222 206
f 222 207 206
f 222 223 207
f 208 225 209
f 209 225 226
f 210 231 211
f 213 212 234
f 214 238 215
f 217 240 218
f 218 240 241
f 244 223 222
f 244 245 223
f 245 224 223
f 245 246 224
f 227 247 228
f 230 229 248
f 232 251 233
f 253 235 252
f 236 254 237
f 237 254 255
f 240 239 256
f 243 242 259
f 249 266 250
f 239 269 256
f 256 269 270
f 271 272 257
f 272 273 258
f 278 261 260
f 278 279 261
f 262 280 263
f 263 280 281
f 265 264 282
f 267 283 268
f 268 283 284
f 274 288 275
f 289 277 276
f 289 290 277
f 264 291 282
f 291 292 282
f 285 296 286
f 286 296 297
f 300 301 287
f 292 304 293
f 293 304 305
f 295 294 308
f 298 311 299
f 299 311 312
f 313 303 302
f 306 314 307
f 310 309 322
f 315 331 316
f 316 331 332
f 317 316 333
f 319 318 334
f 319 334 320
f 320 334 335
f 321 336 337
f 323 338 324
f 341 326 325
f 341 342 326
f 327 344 328
f 328 344 345
f 329 346 330
f 347 340 339
f 348 340 347
f 354 344 343
f 362 349 361
f 363 351 350
f 363 364 351
f 366 353 352
f 366 367 353
f 371 356 355
f 371 372 356
f 357 375 358
f 358 375 376
f 359 379 360
f 384 365 364
f 384 385 365
f 389 369 368
f 389 390 369
f 391 371 370
f 391 392 371
f 394 374 373
f 394 395 374
f 377 403 378
f 378 403 404
f 381 380 407
f 408 383 382
f 408 409 383
f 410 386 385
f 410 411 386
f 412 388 387
f 415 416 393
f 397 396 418
f 399 398 419
f 400 421 401
f 401 422 402
f 402 422 423
f 406 405 426
f 431 414 413
f 431 432 414
f 417 434 435
f 396 436 418
f 418 436 437
f 420 440 421
f 421 440 441
f 421 441 422
f 422 441 442
f 424 445 425
f 425 445 446
f 428 427 448
f 428 448 449
f 429 450 451
f 430 429 451
f 434 452 435
f 435 452 453
f 438 454 439
f 439 454 455
f 439 455 440
f 440 455 456
f 443 457 444
f 3585 3584 446
f 450 449 460
f 450 460 461
f 458 3587 3586
f 447 459 462
f 3583 3582 464
f 3596 3595 3597
f 467 3551 3554
f 472 3546 471
f 3544 3545 474
f 3560 479 3559
f 3562 480 3561
f 3570 487 3569
f 3565 488 3566
f 3564 489 3563
f 3572 492 3575
f 3580 494 3581
f 3578 495 3579
f 3576 3577 496
f 3555 3556 497
f 470 504 471
f 471 504 505
f 483 520 484
f 484 520 521
f 486 485 522
f 490 523 491
f 491 523 524
f 499 498 527
f 500 528 501
f 501 528 529
f 503 502 530
f 507 506 533
f 507 533 508
f 508 533 535
f 508 535 509
f 509 535 536
f 509 536 510
f 510 536 537
f 511 540 512
f 513 541 514
f 514 541 542
f 515 543 516
f 516 543 544
f 517 545 518
f 518 546 519
f 519 546 547
f 525 558 526
f 532 531 562
f 506 563 533
f 533 563 564
f 536 534 565
f 538 567 539
f 539 567 568
f 548 575 549
f 549 575 576
f 550 578 551
f 551 578 579
f 552 588 553
f 554 589 555
f 556 593 557
f 557 593 594
f 559 595 560
f 561 599 531
f 531 599 600
f 531 600 562
f 563 601 602
f 566 605 567
f 567 605 606
f 570 569 608
f 571 613 572
f 572 613 614
f 573 616 574
f 574 616 617
f 579 577 620
f 580 622 581
f 581 622 623
f 582 624 583
f 585 584 627
f 586 628 587
f 587 628 629
f 590 632 591
f 591 632 633
f 591 633 592
f 592 633 634
f 597 596 637
f 603 650 604
f 608 607 655
f 609 657 610
f 610 657 658
f 611 659 612
f 612 659 660
f 614 661 615
f 615 661 662
f 618 665 619
f 621 666 622
f 622 666 667
f 626 625 670
f 630 673 631
f 631 673 674
f 636 635 677
f 638 684 598
f 598 684 639
f 639 685 640
f 640 685 686
f 642 641 687
f 643 688 644
f 644 688 689
f 645 690 646
f 646 690 691
f 646 691 647
f 647 691 692
f 648 693 649
f 649 693 694
f 652 651 697
f 653 698 654
f 654 698 699
f 655 700 656
f 661 706 662
f 662 706 663
f 664 663 707
f 669 668 715
f 625 718 719
f 671 720 672
f 672 720 721
f 675 725 676
f 676 725 726
f 679 678 729
f 680 730 681
f 682 731 683
f 683 731 732
f 695 739 696
f 696 739 740
f 696 740 697
f 697 740 741
f 700 742 701
f 701 742 743
f 702 744 703
f 703 744 745
f 704 748 705
f 705 748 749
f 708 752 709
f 709 752 753
f 710 754 711
f 711 754 755
f 712 758 713
f 713 758 714
f 715 714 759
f 716 761 717
f 717 761 763
f 720 765 721
f 721 765 766
f 722 769 723
f 724 772 725
f 725 773 726
f 726 773 774
f 727 775 728
f 728 775 776
f 733 785 734
f 735 786 736
f 737 789 738
f 738 789 790
f 740 791 741
f 741 791 792
f 747 746 797
f 748 798 749
f 750 799 751
f 751 799 801
f 757 756 806
f 714 807 759
f 759 807 808
f 761 760 809
f 764 762 810
f 768 767 811
f 770 814 771
f 777 815 778
f 778 815 816
f 779 817 780
f 780 817 818
f 781 821 782
f 782 821 823
f 784 783 825
f 787 826 788
f 794 793 827
f 795 828 796
f 796 828 829
f 801 800 830
f 802 831 803
f 803 831 832
f 804 833 805
f 805 833 834
f 813 812 835
f 819 836 820
f 820 836 837
f 824 822 838
f 840 839 91
f 842 841 92
f 844 843 93
f 844 93 94
f 845 95 96
f 846 96 97
f 847 846 97
f 850 98 851
f 853 99 854
f 854 99 100
f 856 101 102
f 857 103 104
f 858 104 105
f 860 106 107
f 860 107 861
f 861 108 862
f 862 109 863
f 863 109 110
f 864 111 865
f 865 111 112
f 867 113 868
f 870 114 115
f 871 115 116
f 871 116 872
f 872 117 873
f 873 117 118
f 873 118 874
f 875 119 120
f 875 120 876
f 877 121 122
f 877 122 878
f 880 123 124
f 880 124 881
f 883 125 126
f 885 127 886
f 887 128 129
f 888 130 889
f 889 130 131
f 890 131 132
f 890 132 891
f 891 132 133
f 891 133 892
f 894 44 45
f 895 46 47
f 895 47 896
f 896 48 897
f 897 49 898
f 898 49 50
f 899 50 51
f 899 51 900
f 901 52 902
f 902 52 53
f 904 54 55
f 906 56 907
f 907 57 908
f 908 57 58
f 909 59 910
f 913 60 914
f 916 61 917
f 918 62 63
f 919 63 64
f 920 65 921
f 924 66 67
f 925 68 69
f 927 70 71
f 928 71 72
f 928 72 929
f 930 73 74
f 931 75 932
f 932 76 933
f 934 77 78
f 935 78 79
f 935 79 936
f 936 79 80
f 937 80 81
f 942 82 943
f 944 83 84
f 944 84 945
f 949 85 86
f 951 87 88
f 953 89 90
f 954 953 90
f 957 1083 955
f 955 1083 1084
f 955 1084 956
f 956 1084 1085
f 956 1085 959
f 959 1085 1086
f 959 1086 961
f 961 1086 1087
f 961 1087 963
f 963 1087 1088
f 963 1088 1089
f 975 1090 1091
f 975 1091 976
f 976 1091 1092
f 976 1092 978
f 978 1092 1093
f 978 1093 980
f 980 1093 1094
f 980 1094 982
f 982 1094 1095
f 982 1095 984
f 984 1095 1096
f 984 1096 986
f 986 1096 1097
f 986 1097 988
f 988 1097 1098
f 988 1098 990
f 990 1098 1099
f 990 1099 992
f 992 1099 1100
f 992 1100 994
f 994 1100 1101
f 994 1101 996
f 996 1101 1102
f 996 1102 998
f 998 1102 1103
f 998 1103 1104
f 999 1105 1000
f 1000 1105 1106
f 1000 1106 1001
f 1001 1106 1107
f 1001 1107 1002
f 1002 1107 1108
f 1002 1108 1003
f 1003 1108 1109
f 1003 1109 1004
f 1004 1109 1110
f 1004 1110 1005
f 1005 1110 1111
f 1005 1111 1006
f 1006 1111 1112
f 1006 1112 1007
f 1007 1112 1113
f 1007 1113 1008
f 1008 1113 1114
f 1008 1114 1009
f 1009 1114 1115
f 1009 1115 1010
f 1010 1115 1116
f 1010 1116 1012
f 1012 1116 1117
f 1012 1117 1014
f 1014 1117 1118
f 1014 1118 1016
f 1016 1118 1119
f 1016 1119 1018
f 1018 1119 1120
f 1018 1120 1020
f 1020 1120 1121
f 1020 1121 1022
f 1022 1121 1122
f 1022 1122 1024
f 1024 1122 1123
f 1024 1123 1026
f 1026 1123 1124
f 1026 1124 1028
f 1028 1124 1125
f 1028 1125 1126
f 1039 1137 1138
f 1039 1138 1040
f 1040 1138 1139
f 1040 1139 1042
f 1042 1139 1140
f 1042 1140 1044
f 1044 1140 1141
f 1044 1141 1046
f 1046 1141 1142
f 1046 1142 1048
f 1048 1142 1143
f 1048 1143 1050
f 1050 1143 1144
f 1050 1144 1052
f 1052 1144 1145
f 1052 1145 1054
f 1054 1145 1146
f 1054 1146 1056
f 1056 1146 1147
f 1056 1147 1058
f 1058 1147 1148
f 1058 1148 1060
f 1060 1148 1149
f 1060 1149 1063
f 1063 1149 1150
f 1063 1150 1151
f 1064 1152 1065
f 1065 1152 1153
f 1065 1153 1066
f 1066 1153 1154
f 1066 1154 1067
f 1067 1154 1155
f 1067 1155 1068
f 1068 1155 1156
f 1068 1156 1069
f 1069 1156 1157
f 1069 1157 1070
f 1070 1157 1158
f 1070 1158 1071
f 1071 1158 1159
f 1071 1159 1072
f 1072 1159 1160
f 1072 1160 1073
f 1073 1160 1161
f 1073 1161 1074
f 1074 1161 1162
f 1074 1162 1076
f 1076 1162 1163
f 1076 1163 1078
f 1078 1163 1164
f 1078 1164 1080
f 1080 1164 1165
f 1080 1165 1082
f 1082 1165 1166
f 1082 1166 1081
f 1081 1166 1167
f 1081 1167 1079
f 1079 1167 1168
f 1079 1168 1077
f 1077 1168 1169
f 1077 1169 1075
f 1075 1169 1170
f 1075 1170 1171
f 1062 1172 1173
f 1062 1173 1061
f 1061 1173 1174
f 1061 1174 1059
f 1059 1174 1175
f 1059 1175 1057
f 1057 1175 1176
f 1057 1176 1055
f 1055 1176 1177
f 1055 1177 1053
f 1053 1177 1178
f 1053 1178 1051
f 1051 1178 1179
f 1051 1179 1049
f 1049 1179 1180
f 1049 1180 1047
f 1047 1180 1181
f 1047 1181 1045
f 1045 1181 1182
f 1045 1182 1043
f 1043 1182 1183
f 1043 1183 1041
f 1041 1183 1184
f 1041 1184 1038
f 1038 1184 1185
f 1038 1185 1186
f 1037 1187 1036
f 1036 1187 1188
f 1036 1188 1035
f 1035 1188 1189
f 1035 1189 1034
f 1034 1189 1190
f 1034 1190 1033
f 1033 1190 1191
f 1033 1191 1032
f 1032 1191 1192
f 1032 1192 1031
f 1031 1192 1193
f 1031 1193 1030
f 1030 1193 1194
f 1030 1194 1029
f 1029 1194 1195
f 1029 1195 1027
f 1027 1195 1196
f 1027 1196 1025
f 1025 1196 1197
f 1025 1197 1023
f 1023 1197 1198
f 1023 1198 1021
f 1021 1198 1199
f 1021 1199 1019
f 1019 1199 1200
f 1019 1200 1017
f 1017 1200 1201
f 1017 1201 1015
f 1015 1201 1202
f 1015 1202 1013
f 1013 1202 1203
f 1013 1203 1011
f 1011 1203 1204
f 1011 1204 1205
f 997 1206 1207
f 997 1207 995
f 995 1207 1208
f 995 1208 993
f 993 1208 1209
f 993 1209 991
f 991 1209 1210
f 991 1210 989
f 989 1210 1211
f 989 1211 987
f 987 1211 1212
f 987 1212 985
f 985 1212 1213
f 985 1213 983
f 983 1213 1214
f 983 1214 981
f 981 1214 1215
f 981 1215 979
f 979 1215 1216
f 979 1216 977
f 977 1216 1217
f 977 1217 974
f 974 1217 1218
f 974 1218 1219
f 973 1220 972
f 972 1220 1221
f 972 1221 971
f 971 1221 1222
f 971 1222 970
f 970 1222 1223
f 970 1223 969
f 969 1223 1224
f 969 1224 968
f 968 1224 1225
f 968 1225 967
f 967 1225 1226
f 967 1226 966
f 966 1226 1227
f 966 1227 965
f 965 1227 1228
f 965 1228 964
f 964 1228 1229
f 964 1229 962
f 962 1229 1230
f 962 1230 960
f 960 1230 1231
f 960 1231 958
f 958 1231 1232
f 958 1232 957
f 957 1232 1083
f 840 1233 1234
f 840 1234 839
f 953 1235 952
f 950 1236 1237
f 949 1238 948
f 948 1239 947
f 947 1240 946
f 945 1241 1242
f 945 1242 944
f 942 1245 941
f 940 1246 939
f 938 1247 1248
f 937 1249 936
f 935 1251 934
f 934 1252 933
f 930 1253 929
f 929 1253 1254
f 928 1255 927
f 927 1256 926
f 924 1258 923
f 922 1259 1260
f 915 1263 1264
f 912 1265 1266
f 912 1266 911
f 908 1267 907
f 907 1267 1268
f 906 1268 1269
f 906 1269 905
f 905 1270 904
f 904 1270 1271
f 904 1271 903
f 903 1272 902
f 902 1272 1273
f 902 1273 901
f 900 1274 1275
f 900 1275 899
f 899 1275 1276
f 898 1277 897
f 896 1278 1279
f 896 1279 895
f 895 1279 1280
f 893 1281 1282
f 892 1283 891
f 890 1284 1285
f 890 1285 889
f 889 1285 1286
f 888 1287 887
f 887 1288 886
f 886 1289 885
f 884 1290 1291
f 883 1291 1292
f 883 1292 882
f 880 1293 1294
f 879 1294 1295
f 878 1296 877
f 876 1297 875
f 875 1297 1298
f 874 1298 1299
f 871 1301 1302
f 871 1302 870
f 870 1302 1303
f 869 1303 1304
f 869 1304 868
f 866 1307 865
f 865 1308 864
f 864 1309 863
f 862 1310 1311
f 861 1311 1312
f 859 1313 858
f 855 1317 1318
f 852 1319 1320
f 849 1321 848
f 846 1322 1323
f 846 1323 845
f 844 1324 843
f 843 1324 1325
f 842 1325 1326
f 842 1326 841
f 841 1326 1327
f 1123 1336 1124
f 1124 1336 1337
f 1124 1337 1125
f 1125 1337 1338
f 1125 1338 1127
f 1127 1338 1339
f 1127 1339 1128
f 1128 1339 1340
f 1128 1340 1129
f 1129 1340 1341
f 1129 1341 1130
f 1130 1341 1342
f 1131 1343 1132
f 1132 1343 1344
f 1132 1344 1133
f 1133 1344 1345
f 1133 1345 1134
f 1134 1345 1346
f 1134 1346 1135
f 1135 1346 1347
f 1135 1347 1136
f 1136 1347 1348
f 1136 1348 1137
f 1137 1348 1349
f 1329 1359 1330
f 1330 1359 1360
f 1330 1360 1331
f 1331 1360 1361
f 1331 1361 1332
f 1332 1361 1362
f 1333 1363 1364
f 1333 1364 1334
f 1334 1364 1365
f 1334 1365 1335
f 1335 1365 1366
f 1350 1375 1376
f 1350 1376 1351
f 1351 1376 1377
f 1351 1377 1352
f 1352 1377 1378
f 1352 1378 1353
f 1353 1378 1379
f 1354 1380 1355
f 1355 1380 1381
f 1355 1381 1356
f 1356 1381 1382
f 1356 1382 1357
f 1357 1382 1383
f 1357 1383 1358
f 1367 1384 1368
f 1369 1387 1370
f 1370 1387 1388
f 1370 1388 1371
f 1372 1391 1373
f 1373 1391 1392
f 1373 1392 1374
f 1374 1392 1393
f 1374 1393 1375
f 1375 1393 1394
f 1385 1396 1386
f 1386 1396 1397
f 1389 1400 1401
f 1389 1401 1390
f 1390 1401 1402
f 1395 1406 1407
f 1398 1410 1399
f 1399 1410 1411
f 1403 1412 1404
f 1404 1412 1413
f 1405 1414 1415
f 1408 1417 1409
f 1409 1417 1418
f 1416 1424 1425
f 1419 1441 1442
f 1420 1447 1421
f 1421 1447 1448
f 1422 1450 1451
f 1423 1451 1452
f 1426 1455 1456
f 1427 1459 1428
f 1428 1459 1460
f 1429 1461 1430
f 1430 1461 1462
f 1431 1463 1432
f 1432 1463 1464
f 1433 1465 1466
f 1434 1469 1435
f 1435 1469 1470
f 1436 1471 1437
f 1437 1471 1472
f 1438 1473 1474
f 1439 1475 1440
f 1441 1476 1442
f 1442 1476 1477
f 1443 1480 1444
f 1444 1480 1481
f 1445 1487 1446
f 1446 1487 1488
f 1449 1490 1450
f 1450 1490 1491
f 1453 1493 1494
f 1454 1495 1455
f 1455 1495 1496
f 1457 1497 1458
f 1458 1497 1498
f 1461 1503 1462
f 1462 1503 1504
f 1467 1511 1468
f 1468 1511 1512
f 1478 1520 1479
f 1481 1521 1482
f 1482 1522 1483
f 1483 1522 1523
f 1484 1524 1485
f 1486 1526 1527
f 1489 1528 1529
f 1491 1531 1492
f 1493 1533 1534
f 1495 1537 1496
f 1496 1537 1538
f 1499 1542 1500
f 1500 1542 1543
f 1501 1546 1502
f 1505 1550 1506
f 1507 1551 1508
f 1509 1555 1510
f 1510 1555 1556
f 1513 1557 1514
f 1514 1557 1558
f 1515 1559 1516
f 1516 1559 1560
f 1517 1562 1563
f 1518 1566 1567
f 1519 1568 1569
f 1525 1571 1572
f 1528 1577 1578
f 1529 1579 1530
f 1531 1583 1532
f 1533 1584 1585
f 1535 1588 1536
f 1539 1594 1595
f 1540 1597 1541
f 1541 1597 1598
f 1542 1603 1543
f 1543 1603 1604
f 1544 1604 1605
f 1545 1607 1546
f 1546 1607 1608
f 1547 1609 1548
f 1548 1609 1610
f 1548 1610 1549
f 1549 1610 1611
f 1552 1617 1553
f 1553 1617 1618
f 1554 1618 1619
f 1555 1622 1556
f 1556 1622 1623
f 1559 1627 1628
f 1561 1631 1632
f 1564 1633 1565
f 1570 1634 1635
f 1571 1636 1572
f 1573 1637 1574
f 1575 1638 1576
f 1580 1643 1644
f 1581 1645 1582
f 1583 1646 1647
f 1584 1647 1648
f 1586 1649 1587
f 1587 1649 1650
f 1589 1651 1652
f 1590 1653 1591
f 1591 1653 1654
f 1592 1654 1655
f 1593 1656 1657
f 1593 1657 1594
f 1596 1658 1659
f 1599 1662 1600
f 1600 1662 1663
f 1601 1665 1602
f 1603 1667 1604
f 1605 1669 1606
f 1606 1669 1670
f 1610 1671 1611
f 1612 1672 1673
f 1613 1674 1614
f 1614 1674 1675
f 1615 1677 1616
f 1617 1678 1679
f 1618 1679 1680
f 1620 1681 1621
f 1621 1681 1682
f 1621 1682 1622
f 1624 1683 1684
f 1624 1684 1625
f 1625 1685 1626
f 1626 1685 1686
f 1629 1687 1630
f 1639 1696 1697
f 1640 1698 1699
f 1641 1700 1642
f 1642 1700 1701
f 1653 1708 1709
f 1659 1710 1711
f 1660 1712 1661
f 1661 1712 1713
f 1663 1714 1664
f 1666 1717 1667
f 1667 1717 1718
f 1668 1719 1669
f 1669 1719 1720
f 1673 1722 1674
f 1674 1722 1723
f 1676 1724 1725
f 1683 1734 1684
f 1684 1734 1735
f 1688 1745 1689
f 1689 1745 1746
f 1690 1747 1691
f 1692 1748 1693
f 1694 1751 1695
f 1695 1751 1752
f 1695 1752 1696
f 1696 1752 1753
f 1698 1754 1699
f 1702 1755 1703
f 1703 1755 1756
f 1704 1757 1705
f 1705 1757 1758
f 1706 1761 1707
f 1707 1761 1762
f 1709 1765 1766
f 1712 1770 1713
f 1713 1770 1771
f 1715 1773 1774
f 1716 1776 1717
f 1720 1777 1778
f 1721 1779 1722
f 1722 1779 1780
f 1725 1781 1782
f 1725 1782 1726
f 1726 1782 1783
f 1727 1783 1784
f 1728 1785 1729
f 1729 1785 1786
f 1729 1786 1730
f 1731 1787 1788
f 1732 1789 1733
f 1733 1789 1790
f 1736 1791 1737
f 1738 1792 1793
f 1739 1793 1794
f 1740 1795 1796
f 1741 1797 1742
f 1743 1798 1744
f 1744 1798 1800
f 1749 1803 1750
f 1750 1803 1804
f 1758 1811 1759
f 1759 1811 1812
f 1760 1812 1813
f 1763 1815 1764
f 1764 1815 1816
f 1767 1820 1821
f 1768 1822 1769
f 1771 1824 1772
f 1774 1825 1775
f 1775 1825 1826
f 1799 1837 1838
f 1801 1839 1840
f 1802 1841 1803
f 1803 1841 1842
f 1805 1843 1806
f 1806 1843 1844
f 1807 1844 1845
f 1808 1848 1809
f 1810 1849 1811
f 1811 1849 1850
f 1814 1853 1854
f 1817 1859 1818
f 1818 1859 1860
f 1819 1861 1820
f 1822 1863 1823
f 1823 1863 1864
f 1827 1867 1828
f 1828 1867 1868
f 1828 1868 1829
f 1829 1868 1869
f 1829 1869 1830
f 1830 1869 1870
f 1831 1873 1832
f 1832 1874 1833
f 1833 1874 1875
f 1834 1876 1877
f 1835 1879 1836
f 1846 1887 1847
f 1847 1887 1888
f 1850 1891 1851
f 1851 1891 1892
f 1852 1892 1893
f 1855 1895 1896
f 1856 1897 1857
f 1857 1897 1898
f 1857 1898 1858
f 1858 1898 1899
f 1859 1900 1860
f 1860 1900 1901
f 1862 1905 1863
f 1865 1908 1866
f 1866 1908 1909
f 1867 1910 1911
f 1867 1911 1868
f 1868 1911 1912
f 1870 1914 1871
f 1871 1914 1915
f 1872 1915 1916
f 1873 1918 1874
f 1874 1918 1919
f 1878 1921 1879
f 1879 1921 1922
f 1880 1922 1923
f 1881 1924 1882
f 1883 1926 1927
f 1884 1933 1934
f 1885 1935 1886
f 1889 1936 1890
f 1890 1936 1937
f 1892 1938 1939
f 1894 1941 1942
f 1897 1943 1898
f 1898 1943 1944
f 1898 1944 1899
f 1899 1944 1945
f 1901 1946 1902
f 1902 1947 1903
f 1904 1948 1949
f 1906 1950 1907
f 1907 1950 1951
f 1911 1954 1912
f 1912 1954 1955
f 1912 1955 1913
f 1913 1955 1956
f 1917 1957 1958
f 1919 1959 1920
f 1920 1959 1960
f 1925 1966 1926
f 1926 1966 1967
f 1928 1969 1929
f 1929 1969 1970
f 1929 1970 1930
f 1931 1972 1932
f 1932 1972 1973
f 1933 1974 1975
f 1940 1979 1941
f 1941 1979 1980
f 1941 1980 1942
f 1942 1980 1981
f 1943 1982 1944
f 1944 1982 1983
f 1946 1985 1986
f 1948 1988 1949
f 1949 1988 1989
f 1950 1990 1991
f 1951 1992 1952
f 1952 1992 1993
f 1953 1995 1954
f 1954 1995 1996
f 1961 2008 2009
f 1962 2010 1963
f 1963 2010 2011
f 1964 2011 2012
f 1964 2012 1965
f 1965 2012 2013
f 1968 2017 2018
f 1971 2019 2020
f 1976 2025 1977
f 1977 2025 2026
f 1977 2026 1978
f 1984 2033 1985
f 1985 2033 2034
f 1987 2035 2036
f 1992 2041 1993
f 1994 2043 2044
f 1997 2047 2048
f 1997 2048 1998
f 1998 2048 2049
f 1999 2049 2050
f 2000 2052 2001
f 2001 2052 2053
f 2002 2054 2003
f 2004 2055 2056
f 2005 2059 2006
f 2006 2059 2060
f 2006 2060 2007
f 2008 2061 2062
f 2011 2065 2012
f 2012 2065 2066
f 2013 2066 2067
f 2014 2070 2015
f 2016 2071 2072
f 2021 2078 2022
f 2022 2078 2079
f 2022 2079 2023
f 2024 2082 2083
f 2026 2084 2027
f 2027 2084 2085
f 2028 2086 2087
f 2029 2089 2090
f 2030 2091 2031
f 2031 2091 2092
f 2031 2092 2032
f 2032 2092 2093
f 2033 2094 2034
f 2034 2094 2095
f 2037 2097 2038
f 2038 2097 2098
f 2039 2099 2040
f 2042 2102 2043
f 2043 2102 2103
f 2044 2104 2045
f 2045 2104 2105
f 2046 2105 2106
f 2051 2109 2052
f 2054 2110 2111
f 2057 2112 2058
f 2058 2112 2113
f 2060 2114 2115
f 2063 2116 2117
f 2063 2117 2064
f 2064 2117 2118
f 2066 2119 2067
f 2067 2119 2120
f 2067 2120 2068
f 2068 2120 2121
f 2069 2121 2122
f 2073 2123 2074
f 2074 2123 2124
f 2075 2125 2076
f 2076 2125 2126
f 2077 2128 2129
f 2079 2130 2131
f 2080 2132 2081
f 2081 2132 2133
f 2082 2133 2134
f 2087 2142 2143
f 2088 2144 2145
f 2091 2148 2092
f 2094 2153 2095
f 2095 2153 2154
f 2096 2156 2097
f 2100 2161 2101
f 2101 2161 2162
f 2106 2165 2166
f 2107 2168 2108
f 2109 2171 2172
f 2116 2180 2117
f 2117 2180 2181
f 2118 2181 2182
f 2126 2190 2127
f 2133 2191 2192
f 2134 2193 2135
f 2136 2194 2137
f 2137 2194 2195
f 2138 2196 2139
f 2139 2196 2198
f 2140 2199 2141
f 2141 2199 2200
f 2144 2202 2145
f 2145 2202 2203
f 2146 2204 2147
f 2147 2205 2148
f 2149 2207 2150
f 2150 2207 2208
f 2150 2208 2151
f 2151 2208 2209
f 2152 2210 2153
f 2155 2211 2156
f 2156 2211 2212
f 2157 2213 2158
f 2158 2213 2214
f 2159 2214 2215
f 2159 2215 2160
f 2160 2215 2216
f 2163 2218 2164
f 2164 2218 2219
f 2165 2221 2166
f 2167 2223 2168
f 2168 2223 2224
f 2169 2224 2225
f 2170 2225 2226
f 2172 2228 2229
f 2173 2230 2231
f 2173 2231 2174
f 2174 2231 2232
f 2174 2232 2175
f 2176 2233 2177
f 2177 2233 2234
f 2178 2235 2179
f 2179 2235 2236
f 2183 2242 2184
f 2185 2243 2244
f 2186 2245 2246
f 2186 2246 2187
f 2188 2247 2189
f 2197 2256 2257
f 2201 2261 2202
f 2202 2261 2262
f 2206 2266 2267
f 2216 2274 2217
f 2217 2274 2275
f 2219 2277 2278
f 2219 2278 2220
f 2222 2281 2223
f 2223 2281 2282
f 2225 2283 2226
f 2226 2283 2284
f 2227 2285 2228
f 2228 2285 2286
f 2237 2289 2290
f 2238 2292 2239
f 2239 2292 2293
f 2240 2294 2241
f 2248 2301 2302
f 2249 2306 2307
f 2250 2308 2251
f 2252 2311 2253
f 2253 2311 2312
f 2254 2313 2255
f 2256 2316 2257
f 2257 2316 2317
f 2258 2318 2259
f 2259 2318 2319
f 2260 2320 2261
f 2261 2320 2321
f 2261 2321 2262
f 2263 2322 2323
f 2263 2323 2264
f 2264 2323 2324
f 2264 2324 2265
f 2265 2324 2325
f 2266 2325 2326
f 2268 2327 2269
f 2270 2329 2271
f 2271 2329 2330
f 2272 2331 2332
f 2272 2332 2273
f 2274 2333 2275
f 2275 2334 2276
f 2276 2334 2335
f 2276 2335 2277
f 2277 2335 2336
f 2277 2336 2278
f 2279 2337 2280
f 2280 2337 2338
f 2280 2338 2281
f 2281 2339 2282
f 2282 2339 2340
f 2283 2342 2284
f 2284 2343 2285
f 2285 2343 2344
f 2287 2345 2346
f 2288 2350 2351
f 2291 2353 2292
f 2292 2354 2293
f 2295 2357 2358
f 2296 2358 2359
f 2297 2360 2298
f 2298 2360 2361
f 2299 2362 2363
f 2300 2364 2365
f 2303 2366 2367
f 2304 2368 2305
f 2309 2378 2310
f 2310 2378 2379
f 2314 2382 2315
f 2316 2384 2317
f 2317 2384 2385
f 2325 2388 2326
f 2326 2388 2389
f 2327 2392 2328
f 2333 2395 2334
f 2334 2395 2396
f 2339 2399 2340
f 2340 2399 2400
f 2341 2400 2401
f 2345 2403 2346
f 2346 2403 2404
f 2347 2405 2406
f 2348 2407 2349
f 2349 2407 2408
f 2352 2409 2353
f 2353 2409 2410
f 2355 2411 2356
f 2369 2415 2370
f 2371 2416 2417
f 2372 2418 2373
f 2373 2418 2419
f 2374 2420 2375
f 2376 2423 2377
f 2377 2423 2424
f 2380 2431 2432
f 2380 2432 2381
f 2382 2434 2383
f 2383 2434 2435
f 2386 2438 2387
f 2387 2438 2439
f 2388 2442 2443
f 2390 2444 2445
f 2390 2445 2391
f 2391 2445 2446
f 2393 2449 2394
f 2394 2449 2450
f 2397 2454 2455
f 2398 2455 2456
f 2402 2459 2403
f 2403 2459 2460
f 2412 2470 2471
f 2413 2473 2414
f 2420 2476 2477
f 2421 2478 2422
f 2422 2478 2479
f 2425 2480 2426
f 2427 2481 2482
f 2428 2483 2484
f 2429 2485 2430
f 2430 2485 2486
f 2431 2487 2432
f 2432 2487 2488
f 2433 2489 2490
f 2436 2492 2493
f 2436 2493 2437
f 2440 2496 2441
f 2441 2496 2497
f 2447 2501 2448
f 2448 2501 2502
f 2449 2504 2450
f 2451 2505 2452
f 2452 2505 2506
f 2453 2507 2508
f 2457 2513 2458
f 2458 2513 2514
f 2461 2519 2462
f 2462 2519 2520
f 2463 2523 2524
f 2464 2525 2526
f 2464 2526 2465
f 2465 2526 2527
f 2466 2528 2467
f 2467 2528 2529
f 2467 2529 2468
f 2469 2532 2533
f 2472 2534 2535
f 2474 2539 2475
f 2476 2542 2543
f 2476 2543 2477
f 2491 2550 2551
f 2494 2552 2553
f 2495 2556 2496
f 2496 2556 2557
f 2498 2559 2499
f 2500 2561 2501
f 2501 2561 2562
f 2502 2563 2503
f 2509 2573 2510
f 2510 2573 2574
f 2511 2575 2512
f 2512 2575 2576
f 2514 2578 2515
f 2515 2578 2579
f 2515 2579 2516
f 2517 2581 2518
f 2518 2581 2582
f 2521 2583 2522
f 2524 2586 2525
f 2526 2587 2527
f 2530 2591 2531
f 2531 2591 2592
f 2536 2593 2594
f 2537 2596 2538
f 2540 2597 2541
f 2542 2599 2543
f 2544 2600 2545
f 2545 2600 2601
f 2546 2606 2547
f 2547 2606 2607
f 2547 2607 2548
f 2549 2608 2550
f 2550 2608 2609
f 2554 2610 2555
f 2556 2611 2612
f 2557 2612 2613
f 2557 2613 2558
f 2558 2613 2614
f 2560 2616 2617
f 2563 2620 2564
f 2565 2622 2566
f 2566 2623 2567
f 2567 2623 2624
f 2568 2625 2569
f 2569 2625 2626
f 2570 2627 2571
f 2572 2628 2573
f 2573 2628 2629
f 2574 2630 2575
f 2577 2634 2635
f 2580 2637 2581
f 2581 2638 2582
f 2584 2639 2585
f 2585 2639 2640
f 2587 2641 2588
f 2588 2641 2642
f 2589 2643 2590
f 2590 2643 2644
f 2595 2650 2651
f 2597 2654 2598
f 2602 2655 2603
f 2604 2659 2605
f 2615 2665 2666
f 2618 2669 2619
f 2619 2669 2670
f 2620 2671 2621
f 2621 2671 2672
f 2631 2680 2632
f 2632 2680 2681
f 2633 2682 2634
f 2634 2682 2683
f 2635 2685 2636
f 2639 2687 2688
f 2644 2695 2696
f 2645 2698 2646
f 2646 2698 2699
f 2647 2700 2701
f 2648 2702 2649
f 2649 2702 2703
f 2652 2706 2653
f 2653 2706 2707
f 2656 2712 2657
f 2657 2712 2713
f 2658 2714 2715
f 2660 2716 2661
f 2661 2716 2717
f 2662 2719 2720
f 2663 2721 2664
f 2664 2721 2722
f 2666 2726 2667
f 2668 2727 2728
f 2671 2730 2672
f 2672 2730 2731
f 2673 2732 2674
f 2674 2732 2733
f 2675 2735 2676
f 2677 2737 2678
f 2678 2737 2738
f 2679 2739 2740
f 2684 2741 2686
f 2686 2741 2742
f 2689 2745 2690
f 2690 2745 2746
f 2691 2747 2692
f 2693 2749 2694
f 2694 2749 2750
f 2694 2750 2695
f 2695 2750 2751
f 2697 2752 2753
f 2704 2758 2705
f 2705 2758 2759
f 2707 2763 2708
f 2709 2764 2765
f 2710 2766 2711
f 2718 2775 2776
f 2722 2782 2723
f 2723 2782 2783
f 2724 2784 2725
f 2728 2787 2729
f 2734 2795 2736
f 2742 2802 2803
f 2743 2804 2744
f 2746 2810 2747
f 2747 2810 2811
f 2748 2812 2749
f 2749 2812 2813
f 2754 2814 2755
f 2755 2814 2815
f 2756 2817 2757
f 2757 2817 2818
f 2760 2823 2761
f 2761 2824 2762
f 2762 2824 2825
f 2766 2830 2767
f 2768 2835 2769
f 2770 2836 2771
f 2771 2837 2772
f 2773 2842 2843
f 2774 2845 2846
f 2777 2850 2778
f 2778 2850 2851
f 2778 2851 2779
f 2779 2851 2852
f 2780 2853 2781
f 2781 2854 2782
f 2782 2854 2855
f 2785 2859 2786
f 2786 2859 2860
f 2788 2861 2862
f 2788 2862 2789
f 2789 2862 2863
f 2789 2863 2790
f 2791 2864 2865
f 2792 2866 2793
f 2793 2866 2867
f 2794 2867 2868
f 2794 2868 2795
f 2795 2868 2869
f 2796 2870 2871
f 2797 2873 2874
f 2798 2876 2799
f 2800 2877 2801
f 2801 2877 2878
f 2801 2878 2802
f 2804 2880 2805
f 2805 2880 2881
f 2806 2882 2807
f 2808 2883 2809
f 2810 2884 2811
f 2815 2886 2887
f 2815 2887 2816
f 2816 2887 2888
f 2819 2893 2820
f 2821 2894 2895
f 2822 2895 2896
f 2826 2899 2900
f 2827 2901 2902
f 2828 2903 2829
f 2829 2903 2904
f 2830 2905 2831
f 2831 2905 2906
f 2831 2906 2832
f 2832 2906 2907
f 2833 2910 2911
f 2834 2912 2835
f 2838 2916 2839
f 2839 2916 2917
f 2840 2918 2919
f 2841 2920 2842
f 2844 2921 2922
f 2845 2923 2846
f 2846 2923 2924
f 2847 2926 2848
f 2849 2929 2850
f 2852 2931 2853
f 2853 2932 2854
f 2856 2935 2857
f 2857 2936 2858
f 2861 2938 2862
f 2862 2938 2939
f 2865 2940 2866
f 2866 2940 2941
f 2867 2942 2868
f 2869 2943 2870
f 2871 2945 2872
f 2872 2945 2946
f 2873 2946 2947
f 2875 2949 2876
f 2879 2952 2953
f 2884 2956 2957
f 2885 2960 2961
f 2887 2963 2964
f 2887 2964 2888
f 2888 2964 2965
f 2889 2966 2890
f 2890 2966 2967
f 2891 2969 2892
f 2897 2971 2898
f 2908 2976 2909
f 2910 2979 2911
f 2911 2979 2980
f 2913 2981 2982
f 2914 2983 2915
f 2915 2983 2984
f 2923 2985 2986
f 2924 2986 2987
f 2925 2988 2926
f 2926 2988 2989
f 2927 2990 2928
f 2928 2990 2991
f 2929 2991 2992
f 2929 2992 2930
f 2930 2992 2993
f 2933 2995 2934
f 2934 2995 2996
f 2935 2998 2936
f 2936 3000 2937
f 2937 3000 3001
f 2941 3006 2942
f 2942 3006 3007
f 2943 3009 2944
f 2944 3009 3010
f 2945 3010 3011
f 2948 3012 2949
f 2949 3012 3013
f 2950 3015 2951
f 2951 3015 3016
f 2952 3019 2953
f 2953 3019 3020
f 2954 3023 2955
f 2956 3025 2957
f 2957 3025 3026
f 2958 3027 2959
f 2959 3027 3028
f 2962 3029 3030
f 2968 3031 3032
f 2970 3033 3034
f 2972 3037 2973
f 2973 3037 3038
f 2974 3039 2975
f 2977 3042 3043
f 2977 3043 2978
f 2994 3055 3056
f 2997 3058 2999
f 2999 3059 3000
f 3000 3059 3060
f 3000 3060 3001
f 3001 3060 3061
f 3001 3061 3002
f 3002 3061 3062
f 3002 3062 3003
f 3003 3062 3063
f 3004 3069 3005
f 3005 3069 3070
f 3007 3072 3008
f 3012 3076 3077
f 3014 3081 3015
f 3015 3081 3082
f 3017 3083 3018
f 3018 3083 3084
f 3021 3085 3086
f 3022 3087 3088
f 3023 3090 3024
f 3024 3090 3091
f 3035 3101 3036
f 3040 3110 3041
f 3044 3112 3113
f 3045 3114 3046
f 3047 3115 3048
f 3048 3115 3116
f 3049 3118 3050
f 3050 3118 3119
f 3051 3122 3052
f 3052 3122 3123
f 3053 3124 3054
f 3054 3124 3125
f 3057 3126 3127
f 3063 3134 3064
f 3065 3136 3066
f 3066 3136 3137
f 3067 3138 3068
f 3068 3138 3139
f 3068 3139 3069
f 3069 3139 3140
f 3070 3141 3071
f 3071 3141 3142
f 3072 3142 3143
f 3073 3144 3145
f 3074 3146 3075
f 3075 3146 3147
f 3076 3148 3149
f 3076 3149 3077
f 3077 3149 3150
f 3078 3151 3079
f 3079 3151 3152
f 3080 3154 3081
f 3088 3157 3089
f 3089 3157 3158
f 3092 3162 3093
f 3093 3162 3163
f 3093 3163 3094
f 3094 3163 3164
f 3095 3165 3096
f 3097 3172 3098
f 3099 3174 3100
f 3102 3175 3103
f 3104 3177 3105
f 3105 3177 3178
f 3106 3180 3107
f 3107 3180 3181
f 3108 3182 3109
f 3109 3182 3183
f 3111 3184 3185
f 3117 3186 3187
f 3120 3192 3121
f 3121 3192 3193
f 3126 3194 3195
f 3126 3195 3127
f 3127 3195 3196
f 3127 3196 3128
f 3129 3197 3130
f 3131 3198 3132
f 3132 3198 3199
f 3132 3199 3133
f 3134 3200 3135
f 3135 3200 3201
f 3152 3206 3153
f 3153 3206 3207
f 3155 3211 3156
f 3156 3211 3212
f 3157 3215 3216
f 3157 3216 3158
f 3159 3217 3218
f 3160 3221 3222
f 3161 3223 3162
f 3165 3224 3225
f 3166 3226 3167
f 3167 3226 3227
f 3167 3227 3168
f 3169 3228 3229
f 3170 3229 3230
f 3171 3231 3232
f 3173 3235 3236
f 3176 3237 3177
f 3177 3237 3238
f 3179 3239 3240
f 3188 3243 3189
f 3190 3244 3191
f 3202 3251 3203
f 3204 3252 3205
f 3205 3252 3253
f 3207 3256 3208
f 3208 3256 3257
f 3209 3259 3210
f 3210 3260 3211
f 3211 3260 3261
f 3211 3261 3212
f 3212 3262 3213
f 3213 3262 3263
f 3213 3263 3214
f 3214 3263 3264
f 3219 3265 3220
f 3221 3266 3222
f 3222 3266 3267
f 3223 3268 3269
f 3224 3270 3225
f 3232 3272 3273
f 3233 3274 3234
f 3241 3293 3242
f 3242 3293 3294
f 3245 3295 3296
f 3245 3296 3246
f 3246 3296 3297
f 3247 3304 3248
f 3248 3304 3305
f 3249 3306 3250
f 3250 3306 3307
f 3254 3317 3318
f 3255 3318 3319
f 3257 3320 3258
f 3258 3320 3321
f 3271 3336 3337
f 3275 3340 3341
f 3276 3342 3277
f 3278 3343 3344
f 3279 3344 3345
f 3280 3348 3349
f 3281 3350 3282
f 3282 3350 3352
f 3282 3351 3283
f 3284 3353 3285
f 3285 3353 3354
f 3286 3356 3287
f 3287 3356 3357
f 3288 3358 3289
f 3290 3361 3362
f 3291 3363 3364
f 3292 3365 3366
f 3298 3374 3299
f 3300 3375 3301
f 3302 3377 3378
f 3303 3378 3379
f 3303 3379 3304
f 3304 3379 3380
f 3308 3382 3383
f 3308 3383 3309
f 3309 3384 3310
f 3311 3387 3388
f 3311 3388 3312
f 3312 3388 3389
f 3312 3389 3313
f 3314 3391 3315
f 3315 3391 3392
f 3316 3393 3394
f 3317 3395 3318
f 3318 3395 3396
f 3322 3403 3323
f 3323 3403 3404
f 3324 3405 3325
f 3326 3407 3327
f 3327 3407 3408
f 3327 3408 3328
f 3328 3408 3409
f 3329 3410 3411
f 3330 3412 3413
f 3331 3414 3415
f 3331 3415 3332
f 3333 3418 3334
f 3334 3419 3335
f 3335 3419 3420
f 3336 3422 3423
f 3338 3424 3339
f 3346 3427 3347
f 3347 3427 3428
f 3355 3429 3356
f 3356 3429 3430
f 3359 3434 3360
f 3360 3434 3435
f 3367 3438 3368
f 3369 3440 3370
f 3371 3441 3442
f 3372 3442 3443
f 3373 3445 3374
f 3375 3446 3376
f 3380 3450 3381
f 3381 3450 3451
f 3382 3452 3383
f 3383 3452 3453
f 3384 3454 3385
f 3385 3454 3456
f 3385 3455 3386
f 3390 3459 3391
f 3391 3459 3460
f 3397 3464 3398
f 3398 3464 3465
f 3399 3467 3400
f 3400 3467 3468
f 3401 3469 3402
f 3402 3469 3470
f 3405 3474 3406
f 3406 3474 3475
f 3414 3478 3415
f 3416 3479 3417
f 3421 3482 3483
f 3425 3485 3426
f 3426 3485 3486
f 3431 3494 3432
f 3432 3494 3495
f 3432 3495 3433
f 3436 3499 3437
f 3437 3499 3500
f 3439 3501 3502
f 3441 3507 3442
f 3442 3507 3508
f 3444 3509 3510
f 3446 3512 3447
f 3447 3512 3513
f 3448 3515 3449
f 3457 3521 3458
f 3458 3521 3522
f 3461 3523 3462
f 3462 3523 3524
f 3462 3524 3463
f 3464 3526 3465
f 3465 3526 3527
f 3465 3527 3466
f 3466 3527 3528
f 3468 3529 3469
f 3469 3529 3530
f 3469 3530 3470
f 3470 3530 3531
f 3470 3531 3471
f 3471 3531 3532
f 3471 3532 3472
f 3472 3532 3533
f 3472 3533 3473
f 3473 3533 3534
f 3473 3534 3474
f 3474 3534 3535
f 3476 3536 3477
f 3480 3537 3481
f 3481 3537 3538
f 3484 1258 1257
f 3487 1251 1250
f 3487 1250 3488
f 3489 1245 1244
f 3490 1244 1243
f 3491 1240 3492
f 3492 1240 1239
f 3493 1238 3494
f 3495 1237 1236
f 3495 1236 3496
f 3497 1233 1328
f 3498 1328 1327
f 3503 1316 3504
f 3504 1315 3505
f 3505 1315 1314
f 3505 1314 3506
f 3510 1312 1311
f 3511 1307 3512
f 3512 1307 1306
f 3512 1306 3513
f 3513 1305 3514
f 3516 1302 3517
f 3518 1300 1299
f 3519 1299 1298
f 3519 1298 3520
f 3525 1287 3526
f 3526 1287 1286
f 3533 1280 1279
f 3539 1262 1261
f 433 3589 3588
f 463 3592 3593
f 3591 465 3590
f 3596 3594 3595
f 466 3598 3599
f 468 3549 3550
f 469 3552 3553
f 473 3547 3548
f 3542 3543 475
f 3540 476 477
f 3541 477 478
f 3558 481 482
f 482 3571 3557
f 3568 487 3567
f 3575 492 493
f 3574 493 3573

