# https://github.com/mikedh/trimesh
mtllib material.mtl

o link_head_1.obj
usemtl material_0
v -0.01922600 0.06983300 0.03994400
v -0.02840900 0.06996800 0.03991500
v -0.02719400 0.06983300 0.03994400
v -0.02840900 0.06951700 0.04000500
v -0.02719400 0.06938500 0.04002800
v -0.02840900 0.06906400 0.04007900
v -0.02719400 0.06893400 0.04009700
v -0.02840900 0.06860800 0.04013700
v -0.02719400 0.06848200 0.04015000
v -0.02840900 0.06815000 0.04018000
v -0.02719400 0.06802700 0.04018900
v -0.02840900 0.06769100 0.04020700
v -0.02719400 0.06757200 0.04021200
v -0.02840900 0.06723100 0.04021900
v -0.02719400 0.06711600 0.04021900
v -0.02840900 0.06677200 0.04021500
v -0.02719400 0.06666100 0.04021200
v -0.02840900 0.06631200 0.04019500
v -0.02719400 0.06620500 0.04018900
v -0.02840900 0.06585400 0.04016000
v -0.02719400 0.06575100 0.04015000
v -0.02840900 0.06539700 0.04011000
v -0.02719400 0.06529800 0.04009700
v -0.02840900 0.06494200 0.04004400
v -0.02719400 0.06484800 0.04002800
v -0.02840900 0.06448900 0.03996200
v -0.02719400 0.06440000 0.03994400
v -0.02840900 0.06404000 0.03986500
v -0.01922600 0.06440000 0.03994400
v -0.01711300 0.06404000 0.03986500
v -0.01711300 0.06448900 0.03996200
v -0.01922600 0.06938500 0.04002800
v -0.01711300 0.06951700 0.04000500
v -0.01711300 0.06996800 0.03991500
v -0.01711300 0.07041600 0.03981100
v -0.02840900 0.07041600 0.03981100
v -0.01711300 0.07086000 0.03969100
v -0.02840900 0.07086000 0.03969100
v -0.01711300 0.07130000 0.03955700
v -0.02840900 0.07130000 0.03955700
v -0.01711300 0.07173400 0.03940700
v -0.02840900 0.07173400 0.03940700
v -0.01711300 0.07216400 0.03924300
v -0.02840900 0.07216400 0.03924300
v -0.01711300 0.07258700 0.03906400
v -0.02840900 0.07258700 0.03906400
v -0.01711300 0.07300500 0.03887200
v -0.02840900 0.07300500 0.03887200
v -0.01711300 0.07341500 0.03866500
v -0.02840900 0.07341500 0.03866500
v -0.01711300 0.07381900 0.03844400
v -0.02840900 0.07381900 0.03844400
v -0.01711300 0.07421400 0.03820900
v -0.02840900 0.07421400 0.03820900
v -0.01711300 0.07460100 0.03796200
v -0.02840900 0.07460100 0.03796200
v -0.01711300 0.07498000 0.03770100
v -0.02840900 0.07498000 0.03770100
v -0.01711300 0.07535000 0.03742800
v -0.02840900 0.07535000 0.03742800
v -0.01711300 0.07571000 0.03714200
v -0.02840900 0.07571000 0.03714200
v -0.01711300 0.07606000 0.03684400
v -0.02840900 0.07606000 0.03684400
v -0.01711300 0.07640000 0.03653400
v -0.02840900 0.07640000 0.03653400
v -0.01711300 0.07672900 0.03621400
v -0.02840900 0.07672900 0.03621400
v -0.01711300 0.07704700 0.03588200
v -0.02840900 0.07704700 0.03588200
v -0.01711300 0.07735400 0.03553900
v -0.02840900 0.07735400 0.03553900
v -0.01711300 0.07764900 0.03518600
v -0.02840900 0.07764900 0.03518600
v -0.01711300 0.07793200 0.03482400
v -0.02840900 0.07793200 0.03482400
v -0.01711300 0.07820200 0.03445200
v -0.02840900 0.07820200 0.03445200
v -0.01711300 0.07845900 0.03407100
v -0.02840900 0.07845900 0.03407100
v -0.01711300 0.07870400 0.03368200
v -0.02840900 0.07870400 0.03368200
v -0.01711300 0.07893500 0.03328400
v -0.02840900 0.07893500 0.03328400
v -0.01711300 0.07915200 0.03287900
v -0.02840900 0.07915200 0.03287900
v -0.01711300 0.07935600 0.03246700
v -0.02840900 0.07935600 0.03246700
v -0.01711300 0.07954500 0.03204800
v -0.02840900 0.07954500 0.03204800
v -0.01711300 0.07972000 0.03162300
v -0.02840900 0.07972000 0.03162300
v -0.01711300 0.07988000 0.03119200
v -0.02840900 0.07988000 0.03119200
v -0.01711300 0.08002600 0.03075600
v -0.02840900 0.08002600 0.03075600
v -0.01711300 0.08015700 0.03031500
v -0.02840900 0.08015700 0.03031500
v -0.01711300 0.08027300 0.02987000
v -0.02840900 0.08027300 0.02987000
v -0.01711300 0.08037400 0.02942200
v -0.02840900 0.08037400 0.02942200
v -0.01711300 0.08045900 0.02897000
v -0.02840900 0.08045900 0.02897000
v -0.01711300 0.08052900 0.02851500
v -0.02840900 0.08052900 0.02851500
v -0.01711300 0.08058400 0.02805900
v -0.02840900 0.08058400 0.02805900
v -0.01711300 0.08062300 0.02760100
v -0.02840900 0.08062300 0.02760100
v -0.01711300 0.08064600 0.02714200
v -0.02840900 0.08064600 0.02714200
v -0.01711300 0.08065400 0.02668200
v -0.02840900 0.08065400 0.02668200
v -0.01711300 0.08064600 0.02622200
v -0.02840900 0.08064600 0.02622200
v -0.01711300 0.08062300 0.02576300
v -0.02840900 0.08062300 0.02576300
v -0.01711300 0.08058400 0.02530500
v -0.02840900 0.08058400 0.02530500
v -0.01711300 0.08052900 0.02484800
v -0.02840900 0.08052900 0.02484800
v -0.01711300 0.08045900 0.02439400
v -0.02840900 0.08045900 0.02439400
v -0.01711300 0.08037400 0.02394200
v -0.02840900 0.08037400 0.02394200
v -0.01711300 0.08027300 0.02349400
v -0.02840900 0.08027300 0.02349400
v -0.01711300 0.08015700 0.02304900
v -0.02840900 0.08015700 0.02304900
v -0.01711300 0.08002600 0.02260800
v -0.02840900 0.08002600 0.02260800
v -0.01711300 0.07988000 0.02217200
v -0.02840900 0.07988000 0.02217200
v -0.01711300 0.07972000 0.02174100
v -0.02840900 0.07972000 0.02174100
v -0.01711300 0.07954500 0.02131600
v -0.02840900 0.07954500 0.02131600
v -0.01711300 0.07935600 0.02089700
v -0.02840900 0.07935600 0.02089700
v -0.01711300 0.07915200 0.02048500
v -0.02840900 0.07915200 0.02048500
v -0.01711300 0.07893500 0.02008000
v -0.02840900 0.07893500 0.02008000
v -0.01711300 0.07870400 0.01968200
v -0.02840900 0.07870400 0.01968200
v -0.01711300 0.07845900 0.01929300
v -0.02840900 0.07845900 0.01929300
v -0.01711300 0.07820200 0.01891200
v -0.02840900 0.07820200 0.01891200
v -0.01711300 0.07793200 0.01854000
v -0.02840900 0.07793200 0.01854000
v -0.01711300 0.07764900 0.01817700
v -0.02840900 0.07764900 0.01817700
v -0.01711300 0.07735400 0.01782500
v -0.02840900 0.07735400 0.01782500
v -0.01711300 0.07704700 0.01748200
v -0.02840900 0.07704700 0.01748200
v -0.01711300 0.07672900 0.01715000
v -0.02840900 0.07672900 0.01715000
v -0.01711300 0.07640000 0.01682900
v -0.02840900 0.07640000 0.01682900
v -0.01711300 0.07606000 0.01652000
v -0.02840900 0.07606000 0.01652000
v -0.01711300 0.07571000 0.01622200
v -0.02840900 0.07571000 0.01622200
v -0.01711300 0.07535000 0.01593600
v -0.02840900 0.07535000 0.01593600
v -0.01711300 0.07498000 0.01566300
v -0.02840900 0.07498000 0.01566300
v -0.01711300 0.07460100 0.01540200
v -0.02840900 0.07460100 0.01540200
v -0.01711300 0.07421400 0.01515400
v -0.02840900 0.07421400 0.01515400
v -0.01711300 0.07381900 0.01492000
v -0.02840900 0.07381900 0.01492000
v -0.01711300 0.07341500 0.01469900
v -0.02840900 0.07341500 0.01469900
v -0.01711300 0.07300500 0.01449200
v -0.02840900 0.07300500 0.01449200
v -0.01711300 0.07258700 0.01429900
v -0.02840900 0.07258700 0.01429900
v -0.01711300 0.07216400 0.01412100
v -0.02840900 0.07216400 0.01412100
v -0.01711300 0.07173400 0.01395700
v -0.02840900 0.07173400 0.01395700
v -0.01711300 0.07130000 0.01380700
v -0.02840900 0.07130000 0.01380700
v -0.01711300 0.07086000 0.01367200
v -0.02840900 0.07086000 0.01367200
v -0.01711300 0.07041600 0.01355300
v -0.02840900 0.07041600 0.01355300
v -0.01711300 0.06996800 0.01344800
v -0.02840900 0.06996800 0.01344800
v -0.01922600 0.06983300 0.01342000
v -0.02719400 0.06983300 0.01342000
v -0.01711300 0.06906400 0.04007900
v -0.01922600 0.06893400 0.04009700
v -0.01711300 0.06860800 0.04013700
v -0.01922600 0.06848200 0.04015000
v -0.01711300 0.06815000 0.04018000
v -0.01922600 0.06802700 0.04018900
v -0.01711300 0.06769100 0.04020700
v -0.01922600 0.06757200 0.04021200
v -0.01711300 0.06723100 0.04021900
v -0.01922600 0.06711600 0.04021900
v -0.01711300 0.06677200 0.04021500
v -0.01922600 0.06666100 0.04021200
v -0.01711300 0.06631200 0.04019500
v -0.01922600 0.06620500 0.04018900
v -0.01711300 0.06585400 0.04016000
v -0.01922600 0.06575100 0.04015000
v -0.01711300 0.06539700 0.04011000
v -0.01922600 0.06529800 0.04009700
v -0.01711300 0.06494200 0.04004400
v -0.01922600 0.06484800 0.04002800
v -0.02840900 0.06359400 0.03975300
v -0.01711300 0.06359400 0.03975300
v -0.02840900 0.06315200 0.03962600
v -0.01711300 0.06315200 0.03962600
v -0.02840900 0.06271500 0.03948400
v -0.01711300 0.06271500 0.03948400
v -0.02840900 0.06228300 0.03932700
v -0.01711300 0.06228300 0.03932700
v -0.02840900 0.06185600 0.03915600
v -0.01711300 0.06185600 0.03915600
v -0.02840900 0.06143600 0.03897000
v -0.01711300 0.06143600 0.03897000
v -0.02840900 0.06102200 0.03877000
v -0.01711300 0.06102200 0.03877000
v -0.02840900 0.06061500 0.03855600
v -0.01711300 0.06061500 0.03855600
v -0.02840900 0.06021500 0.03832800
v -0.01711300 0.06021500 0.03832800
v -0.02840900 0.05982400 0.03808700
v -0.01711300 0.05982400 0.03808700
v -0.02840900 0.05944100 0.03783300
v -0.01711300 0.05944100 0.03783300
v -0.02840900 0.05906700 0.03756600
v -0.01711300 0.05906700 0.03756600
v -0.02840900 0.05870200 0.03728600
v -0.01711300 0.05870200 0.03728600
v -0.02840900 0.05834600 0.03699400
v -0.01711300 0.05834600 0.03699400
v -0.02840900 0.05800100 0.03669100
v -0.01711300 0.05800100 0.03669100
v -0.02840900 0.05766700 0.03637500
v -0.01711300 0.05766700 0.03637500
v -0.02840900 0.05734300 0.03604900
v -0.01711300 0.05734300 0.03604900
v -0.02840900 0.05703000 0.03571200
v -0.01711300 0.05703000 0.03571200
v -0.02840900 0.05673000 0.03536400
v -0.01711300 0.05673000 0.03536400
v -0.02840900 0.05644100 0.03500600
v -0.01711300 0.05644100 0.03500600
v -0.02840900 0.05616400 0.03463900
v -0.01711300 0.05616400 0.03463900
v -0.02840900 0.05590100 0.03426200
v -0.01711300 0.05590100 0.03426200
v -0.02840900 0.05565000 0.03387700
v -0.01711300 0.05565000 0.03387700
v -0.02840900 0.05541200 0.03348400
v -0.01711300 0.05541200 0.03348400
v -0.02840900 0.05518800 0.03308200
v -0.01711300 0.05518800 0.03308200
v -0.02840900 0.05497700 0.03267400
v -0.01711300 0.05497700 0.03267400
v -0.02840900 0.05478100 0.03225800
v -0.01711300 0.05478100 0.03225800
v -0.02840900 0.05459800 0.03183600
v -0.01711300 0.05459800 0.03183600
v -0.02840900 0.05443100 0.03140800
v -0.01711300 0.05443100 0.03140800
v -0.02840900 0.05427800 0.03097400
v -0.01711300 0.05427800 0.03097400
v -0.02840900 0.05413900 0.03053600
v -0.01711300 0.05413900 0.03053600
v -0.02840900 0.05401600 0.03009300
v -0.01711300 0.05401600 0.03009300
v -0.02840900 0.05390800 0.02964600
v -0.01711300 0.05390800 0.02964600
v -0.02840900 0.05381400 0.02919600
v -0.01711300 0.05381400 0.02919600
v -0.02840900 0.05373700 0.02874300
v -0.01711300 0.05373700 0.02874300
v -0.02840900 0.05367500 0.02828700
v -0.01711300 0.05367500 0.02828700
v -0.02840900 0.05362800 0.02783000
v -0.01711300 0.05362800 0.02783000
v -0.02840900 0.05359700 0.02737100
v -0.01711300 0.05359700 0.02737100
v -0.02840900 0.05358100 0.02691200
v -0.01711300 0.05358100 0.02691200
v -0.02840900 0.05358100 0.02645200
v -0.01711300 0.05358100 0.02645200
v -0.02840900 0.05359700 0.02599300
v -0.01711300 0.05359700 0.02599300
v -0.02840900 0.05362800 0.02553400
v -0.01711300 0.05362800 0.02553400
v -0.02840900 0.05367500 0.02507700
v -0.01711300 0.05367500 0.02507700
v -0.02840900 0.05373700 0.02462100
v -0.01711300 0.05373700 0.02462100
v -0.02840900 0.05381400 0.02416800
v -0.01711300 0.05381400 0.02416800
v -0.02840900 0.05390800 0.02371800
v -0.01711300 0.05390800 0.02371800
v -0.02840900 0.05401600 0.02327100
v -0.01711300 0.05401600 0.02327100
v -0.02840900 0.05413900 0.02282800
v -0.01711300 0.05413900 0.02282800
v -0.02840900 0.05427800 0.02238900
v -0.01711300 0.05427800 0.02238900
v -0.02840900 0.05443100 0.02195600
v -0.01711300 0.05443100 0.02195600
v -0.02840900 0.05459800 0.02152800
v -0.01711300 0.05459800 0.02152800
v -0.02840900 0.05478100 0.02110600
v -0.01711300 0.05478100 0.02110600
v -0.02840900 0.05497700 0.02069000
v -0.01711300 0.05497700 0.02069000
v -0.02840900 0.05518800 0.02028100
v -0.01711300 0.05518800 0.02028100
v -0.02840900 0.05541200 0.01988000
v -0.01711300 0.05541200 0.01988000
v -0.02840900 0.05565000 0.01948700
v -0.01711300 0.05565000 0.01948700
v -0.02840900 0.05590100 0.01910100
v -0.01711300 0.05590100 0.01910100
v -0.02840900 0.05616400 0.01872500
v -0.01711300 0.05616400 0.01872500
v -0.02840900 0.05644100 0.01835800
v -0.01711300 0.05644100 0.01835800
v -0.02840900 0.05673000 0.01800000
v -0.01711300 0.05673000 0.01800000
v -0.02840900 0.05703000 0.01765200
v -0.01711300 0.05703000 0.01765200
v -0.02840900 0.05734300 0.01731500
v -0.01711300 0.05734300 0.01731500
v -0.02840900 0.05766700 0.01698800
v -0.01711300 0.05766700 0.01698800
v -0.02840900 0.05800100 0.01667300
v -0.01711300 0.05800100 0.01667300
v -0.02840900 0.05834600 0.01636900
v -0.01711300 0.05834600 0.01636900
v -0.02840900 0.05870200 0.01607700
v -0.01711300 0.05870200 0.01607700
v -0.02840900 0.05906700 0.01579800
v -0.01711300 0.05906700 0.01579800
v -0.02840900 0.05944100 0.01553100
v -0.01711300 0.05944100 0.01553100
v -0.02840900 0.05982400 0.01527700
v -0.01711300 0.05982400 0.01527700
v -0.02840900 0.06021500 0.01503600
v -0.01711300 0.06021500 0.01503600
v -0.02840900 0.06061500 0.01480800
v -0.01711300 0.06061500 0.01480800
v -0.02840900 0.06102200 0.01459400
v -0.01711300 0.06102200 0.01459400
v -0.02840900 0.06143600 0.01439400
v -0.01711300 0.06143600 0.01439400
v -0.02840900 0.06185600 0.01420800
v -0.01711300 0.06185600 0.01420800
v -0.02840900 0.06228300 0.01403700
v -0.01711300 0.06228300 0.01403700
v -0.02840900 0.06271500 0.01388000
v -0.01711300 0.06271500 0.01388000
v -0.02840900 0.06315200 0.01373800
v -0.01711300 0.06315200 0.01373800
v -0.02840900 0.06359400 0.01361100
v -0.01711300 0.06359400 0.01361100
v -0.02840900 0.06404000 0.01349900
v -0.01711300 0.06404000 0.01349900
v -0.01922600 0.06440000 0.01342000
v -0.01711300 0.06448900 0.01340200
v -0.01922600 0.06484800 0.01333600
v -0.01711300 0.06494200 0.01332000
v -0.01922600 0.06529800 0.01326700
v -0.01711300 0.06539700 0.01325400
v -0.01922600 0.06575100 0.01321400
v -0.01711300 0.06585400 0.01320300
v -0.01922600 0.06620500 0.01317500
v -0.01711300 0.06631200 0.01316800
v -0.01922600 0.06666100 0.01315200
v -0.01711300 0.06677200 0.01314900
v -0.01922600 0.06711600 0.01314400
v -0.01711300 0.06723100 0.01314500
v -0.01922600 0.06757200 0.01315200
v -0.01711300 0.06769100 0.01315700
v -0.01922600 0.06802700 0.01317500
v -0.01711300 0.06815000 0.01318400
v -0.01922600 0.06848200 0.01321400
v -0.01711300 0.06860800 0.01322700
v -0.01922600 0.06893400 0.01326700
v -0.01711300 0.06906400 0.01328500
v -0.01922600 0.06938500 0.01333600
v -0.01711300 0.06951700 0.01335900
v -0.02719400 0.06440000 0.01342000
v -0.02840900 0.06448900 0.01340200
v -0.02719400 0.06484800 0.01333600
v -0.02840900 0.06494200 0.01332000
v -0.02719400 0.06529800 0.01326700
v -0.02840900 0.06539700 0.01325400
v -0.02719400 0.06575100 0.01321400
v -0.02840900 0.06585400 0.01320300
v -0.02719400 0.06620500 0.01317500
v -0.02840900 0.06631200 0.01316800
v -0.02719400 0.06666100 0.01315200
v -0.02840900 0.06677200 0.01314900
v -0.02719400 0.06711600 0.01314400
v -0.02840900 0.06723100 0.01314500
v -0.02719400 0.06757200 0.01315200
v -0.02840900 0.06769100 0.01315700
v -0.02719400 0.06802700 0.01317500
v -0.02840900 0.06815000 0.01318400
v -0.02719400 0.06848200 0.01321400
v -0.02840900 0.06860800 0.01322700
v -0.02719400 0.06893400 0.01326700
v -0.02840900 0.06906400 0.01328500
v -0.02719400 0.06938500 0.01333600
v -0.02840900 0.06951700 0.01335900
v -0.02005600 0.07842900 0.02629800
v -0.02005600 0.07843500 0.02668200
v -0.02005600 0.07459400 0.01818500
v -0.02005600 0.07842900 0.02706600
v -0.02005600 0.07840900 0.02745000
v -0.02005600 0.07837700 0.02783300
v -0.02005600 0.07833100 0.02821500
v -0.02005600 0.07827200 0.02859500
v -0.02005600 0.07820100 0.02897300
v -0.02005600 0.07811700 0.02934800
v -0.02005600 0.07802000 0.02972000
v -0.02005600 0.07791100 0.03008800
v -0.02005600 0.07778900 0.03045300
v -0.02005600 0.07765500 0.03081300
v -0.02005600 0.07750800 0.03116800
v -0.02005600 0.07735000 0.03151900
v -0.02005600 0.07718000 0.03186300
v -0.02005600 0.07699800 0.03220200
v -0.02005600 0.07680500 0.03253400
v -0.02005600 0.07660000 0.03286000
v -0.02005600 0.07638500 0.03317900
v -0.02005600 0.07615900 0.03349000
v -0.02005600 0.07592300 0.03379300
v -0.02005600 0.07567600 0.03408800
v -0.02005600 0.07542000 0.03437400
v -0.02005600 0.07515400 0.03465200
v -0.02005600 0.07487900 0.03492000
v -0.02005600 0.07459400 0.03517900
v -0.02005600 0.07430200 0.01793600
v -0.02005600 0.07430200 0.03542800
v -0.02005600 0.07408900 0.02093200
v -0.02005600 0.07408900 0.03243200
v -0.02005600 0.07400100 0.03566700
v -0.02005600 0.06014400 0.03243200
v -0.02005600 0.07369100 0.03589500
v -0.02005600 0.07337500 0.03611300
v -0.02005600 0.07305100 0.03632000
v -0.02005600 0.07272000 0.03651600
v -0.02005600 0.07238300 0.03670100
v -0.02005600 0.07204000 0.03687400
v -0.02005600 0.07169100 0.03703500
v -0.02005600 0.07133700 0.03718500
v -0.02005600 0.07097800 0.03732200
v -0.02005600 0.07061400 0.03744700
v -0.02005600 0.07024700 0.03755900
v -0.02005600 0.06987500 0.03765900
v -0.02005600 0.06950100 0.03774700
v -0.02005600 0.06912400 0.03782100
v -0.02005600 0.06874500 0.03788300
v -0.02005600 0.06836300 0.03793200
v -0.02005600 0.06798000 0.03796800
v -0.02005600 0.06759700 0.03799100
v -0.02005600 0.06721200 0.03800000
v -0.02005600 0.06682800 0.03799700
v -0.02005600 0.06644400 0.03798100
v -0.02005600 0.06606100 0.03795100
v -0.02005600 0.06567900 0.03790900
v -0.02005600 0.06529800 0.03785400
v -0.02005600 0.06492000 0.03778600
v -0.02005600 0.06454400 0.03770500
v -0.02005600 0.06417100 0.03761100
v -0.02005600 0.06380200 0.03750500
v -0.02005600 0.06343600 0.03738600
v -0.02005600 0.06307500 0.03725500
v -0.02005600 0.06271800 0.03711100
v -0.02005600 0.06236700 0.03695600
v -0.02005600 0.06202100 0.03678900
v -0.02005600 0.06168000 0.03661000
v -0.02005600 0.06134600 0.03642000
v -0.02005600 0.06101900 0.03621800
v -0.02005600 0.06069900 0.03600600
v -0.02005600 0.06038600 0.03578200
v -0.02005600 0.06008100 0.03554800
v -0.02005600 0.05978400 0.03530400
v -0.02005600 0.05949500 0.03505000
v -0.02005600 0.05921500 0.03478700
v -0.02005600 0.05894500 0.03451400
v -0.02005600 0.05868300 0.03423200
v -0.02005600 0.05843200 0.03394100
v -0.02005600 0.05819000 0.03364200
v -0.02005600 0.05795900 0.03333500
v -0.02005600 0.05773900 0.03302000
v -0.02005600 0.05752900 0.03269800
v -0.02005600 0.05733000 0.03236900
v -0.02005600 0.05714200 0.03203300
v -0.02005600 0.05696700 0.03169200
v -0.02005600 0.05680200 0.03134400
v -0.02005600 0.05665000 0.03099100
v -0.02005600 0.05651000 0.03063300
v -0.02005600 0.05638200 0.03027100
v -0.02005600 0.05626600 0.02990400
v -0.02005600 0.05616300 0.02953400
v -0.02005600 0.05607200 0.02916000
v -0.02005600 0.05599400 0.02878400
v -0.02005600 0.05592900 0.02840500
v -0.02005600 0.05587700 0.02802400
v -0.02005600 0.05583800 0.02764200
v -0.02005600 0.05581200 0.02725800
v -0.02005600 0.05579900 0.02687400
v -0.02005600 0.05579900 0.02649000
v -0.02005600 0.06014400 0.02093200
v -0.02005600 0.05581200 0.02610600
v -0.02005600 0.05583800 0.02572200
v -0.02005600 0.05587700 0.02534000
v -0.02005600 0.05592900 0.02495900
v -0.02005600 0.05599400 0.02458000
v -0.02005600 0.05607200 0.02420300
v -0.02005600 0.05616300 0.02383000
v -0.02005600 0.05626600 0.02345900
v -0.02005600 0.05638200 0.02309300
v -0.02005600 0.05651000 0.02273000
v -0.02005600 0.05665000 0.02237300
v -0.02005600 0.05680200 0.02202000
v -0.02005600 0.05696700 0.02167200
v -0.02005600 0.05714200 0.02133000
v -0.02005600 0.05733000 0.02099500
v -0.02005600 0.05752900 0.02066600
v -0.02005600 0.05773900 0.02034400
v -0.02005600 0.05795900 0.02002900
v -0.02005600 0.05819000 0.01972200
v -0.02005600 0.05843200 0.01942300
v -0.02005600 0.05868300 0.01913200
v -0.02005600 0.05894500 0.01885000
v -0.02005600 0.05921500 0.01857700
v -0.02005600 0.05949500 0.01831300
v -0.02005600 0.05978400 0.01805900
v -0.02005600 0.06008100 0.01781500
v -0.02005600 0.06038600 0.01758200
v -0.02005600 0.06069900 0.01735800
v -0.02005600 0.06101900 0.01714600
v -0.02005600 0.06134600 0.01694400
v -0.02005600 0.06168000 0.01675400
v -0.02005600 0.06202100 0.01657500
v -0.02005600 0.06236700 0.01640800
v -0.02005600 0.06271800 0.01625200
v -0.02005600 0.06307500 0.01610900
v -0.02005600 0.06343600 0.01597800
v -0.02005600 0.06380200 0.01585900
v -0.02005600 0.06417100 0.01575300
v -0.02005600 0.06454400 0.01565900
v -0.02005600 0.06492000 0.01557800
v -0.02005600 0.06529800 0.01551000
v -0.02005600 0.06567900 0.01545500
v -0.02005600 0.06606100 0.01541200
v -0.02005600 0.06644400 0.01538300
v -0.02005600 0.06682800 0.01536700
v -0.02005600 0.06721200 0.01536300
v -0.02005600 0.06759700 0.01537300
v -0.02005600 0.06798000 0.01539600
v -0.02005600 0.06836300 0.01543200
v -0.02005600 0.06874500 0.01548100
v -0.02005600 0.06912400 0.01554200
v -0.02005600 0.06950100 0.01561700
v -0.02005600 0.06987500 0.01570400
v -0.02005600 0.07024700 0.01580400
v -0.02005600 0.07061400 0.01591700
v -0.02005600 0.07097800 0.01604200
v -0.02005600 0.07133700 0.01617900
v -0.02005600 0.07169100 0.01632900
v -0.02005600 0.07204000 0.01649000
v -0.02005600 0.07238300 0.01666300
v -0.02005600 0.07272000 0.01684800
v -0.02005600 0.07305100 0.01704400
v -0.02005600 0.07337500 0.01725100
v -0.02005600 0.07369100 0.01746900
v -0.02005600 0.07400100 0.01769700
v -0.02005600 0.07487900 0.01844400
v -0.02005600 0.07515400 0.01871200
v -0.02005600 0.07542000 0.01899000
v -0.02005600 0.07567600 0.01927600
v -0.02005600 0.07592300 0.01957100
v -0.02005600 0.07615900 0.01987400
v -0.02005600 0.07638500 0.02018500
v -0.02005600 0.07660000 0.02050400
v -0.02005600 0.07680500 0.02082900
v -0.02005600 0.07699800 0.02116200
v -0.02005600 0.07718000 0.02150000
v -0.02005600 0.07735000 0.02184500
v -0.02005600 0.07750800 0.02219500
v -0.02005600 0.07765500 0.02255100
v -0.02005600 0.07778900 0.02291100
v -0.02005600 0.07791100 0.02327600
v -0.02005600 0.07802000 0.02364400
v -0.02005600 0.07811700 0.02401600
v -0.02005600 0.07820100 0.02439100
v -0.02005600 0.07827200 0.02476900
v -0.02005600 0.07833100 0.02514900
v -0.02005600 0.07837700 0.02553100
v -0.02005600 0.07840900 0.02591400
v -0.01711300 0.07842900 0.02706600
v -0.01711300 0.07843500 0.02668200
v -0.01711300 0.07842900 0.02629800
v -0.01711300 0.07840900 0.02591400
v -0.01711300 0.07837700 0.02553100
v -0.01711300 0.07833100 0.02514900
v -0.01711300 0.07827200 0.02476900
v -0.01711300 0.07820100 0.02439100
v -0.01711300 0.07811700 0.02401600
v -0.01711300 0.07802000 0.02364400
v -0.01711300 0.07791100 0.02327600
v -0.01711300 0.07778900 0.02291100
v -0.01711300 0.07765500 0.02255100
v -0.01711300 0.07750800 0.02219500
v -0.01711300 0.07735000 0.02184500
v -0.01711300 0.07718000 0.02150000
v -0.01711300 0.07699800 0.02116200
v -0.01711300 0.07680500 0.02082900
v -0.01711300 0.07660000 0.02050400
v -0.01711300 0.07638500 0.02018500
v -0.01711300 0.07615900 0.01987400
v -0.01711300 0.07592300 0.01957100
v -0.01711300 0.07567600 0.01927600
v -0.01711300 0.07542000 0.01899000
v -0.01711300 0.07515400 0.01871200
v -0.01711300 0.07487900 0.01844400
v -0.01711300 0.07459400 0.01818500
v -0.01711300 0.07430200 0.01793600
v -0.01711300 0.07400100 0.01769700
v -0.01711300 0.07369100 0.01746900
v -0.01711300 0.07337500 0.01725100
v -0.01711300 0.07305100 0.01704400
v -0.01711300 0.07272000 0.01684800
v -0.01711300 0.07238300 0.01666300
v -0.01711300 0.07204000 0.01649000
v -0.01711300 0.07169100 0.01632900
v -0.01711300 0.07133700 0.01617900
v -0.01711300 0.07097800 0.01604200
v -0.01711300 0.07061400 0.01591700
v -0.01711300 0.07024700 0.01580400
v -0.01711300 0.06987500 0.01570400
v -0.01711300 0.06950100 0.01561700
v -0.01711300 0.06912400 0.01554200
v -0.01711300 0.06874500 0.01548100
v -0.01711300 0.06836300 0.01543200
v -0.01711300 0.06798000 0.01539600
v -0.01711300 0.06759700 0.01537300
v -0.01711300 0.06721200 0.01536300
v -0.01711300 0.06682800 0.01536700
v -0.01711300 0.06644400 0.01538300
v -0.01711300 0.06606100 0.01541200
v -0.01711300 0.06567900 0.01545500
v -0.01711300 0.06529800 0.01551000
v -0.01711300 0.06492000 0.01557800
v -0.01711300 0.06454400 0.01565900
v -0.01711300 0.06417100 0.01575300
v -0.01711300 0.06380200 0.01585900
v -0.01711300 0.06343600 0.01597800
v -0.01711300 0.06307500 0.01610900
v -0.01711300 0.06271800 0.01625200
v -0.01711300 0.06236700 0.01640800
v -0.01711300 0.06202100 0.01657500
v -0.01711300 0.06168000 0.01675400
v -0.01711300 0.06134600 0.01694400
v -0.01711300 0.06101900 0.01714600
v -0.01711300 0.06069900 0.01735800
v -0.01711300 0.06038600 0.01758200
v -0.01711300 0.06008100 0.01781500
v -0.01711300 0.05978400 0.01805900
v -0.01711300 0.05949500 0.01831300
v -0.01711300 0.05921500 0.01857700
v -0.01711300 0.05894500 0.01885000
v -0.01711300 0.05868300 0.01913200
v -0.01711300 0.05843200 0.01942300
v -0.01711300 0.05819000 0.01972200
v -0.01711300 0.05795900 0.02002900
v -0.01711300 0.05773900 0.02034400
v -0.01711300 0.05752900 0.02066600
v -0.01711300 0.05733000 0.02099500
v -0.01711300 0.05714200 0.02133000
v -0.01711300 0.05696700 0.02167200
v -0.01711300 0.05680200 0.02202000
v -0.01711300 0.05665000 0.02237300
v -0.01711300 0.05651000 0.02273000
v -0.01711300 0.05638200 0.02309300
v -0.01711300 0.05626600 0.02345900
v -0.01711300 0.05616300 0.02383000
v -0.01711300 0.05607200 0.02420300
v -0.01711300 0.05599400 0.02458000
v -0.01711300 0.05592900 0.02495900
v -0.01711300 0.05587700 0.02534000
v -0.01711300 0.05583800 0.02572200
v -0.01711300 0.05581200 0.02610600
v -0.01711300 0.05579900 0.02649000
v -0.01711300 0.05579900 0.02687400
v -0.01711300 0.05581200 0.02725800
v -0.01711300 0.05583800 0.02764200
v -0.01711300 0.05587700 0.02802400
v -0.01711300 0.05592900 0.02840500
v -0.01711300 0.05599400 0.02878400
v -0.01711300 0.05607200 0.02916000
v -0.01711300 0.05616300 0.02953400
v -0.01711300 0.05626600 0.02990400
v -0.01711300 0.05638200 0.03027100
v -0.01711300 0.05651000 0.03063300
v -0.01711300 0.05665000 0.03099100
v -0.01711300 0.05680200 0.03134400
v -0.01711300 0.05696700 0.03169200
v -0.01711300 0.05714200 0.03203300
v -0.01711300 0.05733000 0.03236900
v -0.01711300 0.05752900 0.03269800
v -0.01711300 0.05773900 0.03302000
v -0.01711300 0.05795900 0.03333500
v -0.01711300 0.05819000 0.03364200
v -0.01711300 0.05843200 0.03394100
v -0.01711300 0.05868300 0.03423200
v -0.01711300 0.05894500 0.03451400
v -0.01711300 0.05921500 0.03478700
v -0.01711300 0.05949500 0.03505000
v -0.01711300 0.05978400 0.03530400
v -0.01711300 0.06008100 0.03554800
v -0.01711300 0.06038600 0.03578200
v -0.01711300 0.06069900 0.03600600
v -0.01711300 0.06101900 0.03621800
v -0.01711300 0.06134600 0.03642000
v -0.01711300 0.06168000 0.03661000
v -0.01711300 0.06202100 0.03678900
v -0.01711300 0.06236700 0.03695600
v -0.01711300 0.06271800 0.03711100
v -0.01711300 0.06307500 0.03725500
v -0.01711300 0.06343600 0.03738600
v -0.01711300 0.06380200 0.03750500
v -0.01711300 0.06417100 0.03761100
v -0.01711300 0.06454400 0.03770500
v -0.01711300 0.06492000 0.03778600
v -0.01711300 0.06529800 0.03785400
v -0.01711300 0.06567900 0.03790900
v -0.01711300 0.06606100 0.03795100
v -0.01711300 0.06644400 0.03798100
v -0.01711300 0.06682800 0.03799700
v -0.01711300 0.06721200 0.03800000
v -0.01711300 0.06759700 0.03799100
v -0.01711300 0.06798000 0.03796800
v -0.01711300 0.06836300 0.03793200
v -0.01711300 0.06874500 0.03788300
v -0.01711300 0.06912400 0.03782100
v -0.01711300 0.06950100 0.03774700
v -0.01711300 0.06987500 0.03765900
v -0.01711300 0.07024700 0.03755900
v -0.01711300 0.07061400 0.03744700
v -0.01711300 0.07097800 0.03732200
v -0.01711300 0.07133700 0.03718500
v -0.01711300 0.07169100 0.03703500
v -0.01711300 0.07204000 0.03687400
v -0.01711300 0.07238300 0.03670100
v -0.01711300 0.07272000 0.03651600
v -0.01711300 0.07305100 0.03632000
v -0.01711300 0.07337500 0.03611300
v -0.01711300 0.07369100 0.03589500
v -0.01711300 0.07400100 0.03566700
v -0.01711300 0.07430200 0.03542800
v -0.01711300 0.07459400 0.03517900
v -0.01711300 0.07487900 0.03492000
v -0.01711300 0.07515400 0.03465200
v -0.01711300 0.07542000 0.03437400
v -0.01711300 0.07567600 0.03408800
v -0.01711300 0.07592300 0.03379300
v -0.01711300 0.07615900 0.03349000
v -0.01711300 0.07638500 0.03317900
v -0.01711300 0.07660000 0.03286000
v -0.01711300 0.07680500 0.03253400
v -0.01711300 0.07699800 0.03220200
v -0.01711300 0.07718000 0.03186300
v -0.01711300 0.07735000 0.03151900
v -0.01711300 0.07750800 0.03116800
v -0.01711300 0.07765500 0.03081300
v -0.01711300 0.07778900 0.03045300
v -0.01711300 0.07791100 0.03008800
v -0.01711300 0.07802000 0.02972000
v -0.01711300 0.07811700 0.02934800
v -0.01711300 0.07820100 0.02897300
v -0.01711300 0.07827200 0.02859500
v -0.01711300 0.07833100 0.02821500
v -0.01711300 0.07837700 0.02783300
v -0.01711300 0.07840900 0.02745000
v -0.01149900 0.06883700 0.02183700
v -0.01294700 0.06985900 0.02183700
v -0.01720400 0.06883700 0.02183700
v -0.01295800 0.06986400 0.02183700
v -0.01296900 0.06986900 0.02183700
v -0.01086500 0.06947100 0.02183700
v -0.01245400 0.07014000 0.02183700
v -0.01245600 0.07012800 0.02183700
v -0.01245800 0.07011600 0.02183700
v -0.01086500 0.07092000 0.02183700
v -0.01245000 0.07020100 0.02183700
v -0.01245000 0.07018900 0.02183700
v -0.01245000 0.07017700 0.02183700
v -0.01149900 0.07155300 0.02183700
v -0.01245400 0.07025000 0.02183700
v -0.01245200 0.07023800 0.02183700
v -0.01245100 0.07022600 0.02183700
v -0.01720400 0.07155300 0.02183700
v -0.01294700 0.07053100 0.02183700
v -0.01293500 0.07053600 0.02183700
v -0.01292400 0.07054000 0.02183700
v -0.01317400 0.07019500 0.02183700
v -0.01317400 0.07020700 0.02183700
v -0.01317300 0.07022000 0.02183700
v -0.01317200 0.07023200 0.02183700
v -0.01317100 0.07024400 0.02183700
v -0.01316900 0.07025600 0.02183700
v -0.01316600 0.07026800 0.02183700
v -0.01316400 0.07028000 0.02183700
v -0.01316100 0.07029200 0.02183700
v -0.01315700 0.07030400 0.02183700
v -0.01315300 0.07031600 0.02183700
v -0.01314900 0.07032700 0.02183700
v -0.01314400 0.07033900 0.02183700
v -0.01313900 0.07035000 0.02183700
v -0.01313400 0.07036100 0.02183700
v -0.01312800 0.07037200 0.02183700
v -0.01312200 0.07038200 0.02183700
v -0.01311500 0.07039300 0.02183700
v -0.01310800 0.07040300 0.02183700
v -0.01310100 0.07041300 0.02183700
v -0.01309400 0.07042300 0.02183700
v -0.01308600 0.07043200 0.02183700
v -0.01307700 0.07044100 0.02183700
v -0.01306900 0.07045000 0.02183700
v -0.01306000 0.07045900 0.02183700
v -0.01305100 0.07046700 0.02183700
v -0.01304200 0.07047500 0.02183700
v -0.01303200 0.07048300 0.02183700
v -0.01302200 0.07049000 0.02183700
v -0.01301200 0.07049700 0.02183700
v -0.01300200 0.07050400 0.02183700
v -0.01299100 0.07051000 0.02183700
v -0.01298000 0.07051600 0.02183700
v -0.01296900 0.07052100 0.02183700
v -0.01295800 0.07052600 0.02183700
v -0.01291200 0.07054300 0.02183700
v -0.01290000 0.07054600 0.02183700
v -0.01288800 0.07054900 0.02183700
v -0.01287600 0.07055200 0.02183700
v -0.01286400 0.07055400 0.02183700
v -0.01285200 0.07055500 0.02183700
v -0.01283900 0.07055600 0.02183700
v -0.01282700 0.07055700 0.02183700
v -0.01281500 0.07055700 0.02183700
v -0.01280300 0.07055700 0.02183700
v -0.01279000 0.07055700 0.02183700
v -0.01277800 0.07055600 0.02183700
v -0.01276600 0.07055400 0.02183700
v -0.01275400 0.07055300 0.02183700
v -0.01274200 0.07055000 0.02183700
v -0.01272900 0.07054800 0.02183700
v -0.01271800 0.07054500 0.02183700
v -0.01270600 0.07054100 0.02183700
v -0.01269400 0.07053800 0.02183700
v -0.01268200 0.07053300 0.02183700
v -0.01267100 0.07052900 0.02183700
v -0.01266000 0.07052400 0.02183700
v -0.01264900 0.07051900 0.02183700
v -0.01263800 0.07051300 0.02183700
v -0.01262700 0.07050700 0.02183700
v -0.01261700 0.07050000 0.02183700
v -0.01260600 0.07049300 0.02183700
v -0.01259600 0.07048600 0.02183700
v -0.01258700 0.07047900 0.02183700
v -0.01257700 0.07047100 0.02183700
v -0.01256800 0.07046300 0.02183700
v -0.01255900 0.07045400 0.02183700
v -0.01255000 0.07044600 0.02183700
v -0.01254200 0.07043700 0.02183700
v -0.01253400 0.07042700 0.02183700
v -0.01252600 0.07041800 0.02183700
v -0.01251900 0.07040800 0.02183700
v -0.01251200 0.07039800 0.02183700
v -0.01250500 0.07038800 0.02183700
v -0.01249900 0.07037700 0.02183700
v -0.01249300 0.07036600 0.02183700
v -0.01248700 0.07035500 0.02183700
v -0.01248200 0.07034400 0.02183700
v -0.01247700 0.07033300 0.02183700
v -0.01247200 0.07032200 0.02183700
v -0.01246800 0.07031000 0.02183700
v -0.01246500 0.07029800 0.02183700
v -0.01246100 0.07028600 0.02183700
v -0.01245800 0.07027400 0.02183700
v -0.01245600 0.07026200 0.02183700
v -0.01245000 0.07021400 0.02183700
v -0.01245100 0.07016400 0.02183700
v -0.01245200 0.07015200 0.02183700
v -0.01246100 0.07010400 0.02183700
v -0.01246500 0.07009200 0.02183700
v -0.01246800 0.07008000 0.02183700
v -0.01247200 0.07006900 0.02183700
v -0.01247700 0.07005700 0.02183700
v -0.01248200 0.07004600 0.02183700
v -0.01248700 0.07003500 0.02183700
v -0.01249300 0.07002400 0.02183700
v -0.01249900 0.07001300 0.02183700
v -0.01250500 0.07000300 0.02183700
v -0.01251200 0.06999200 0.02183700
v -0.01251900 0.06998200 0.02183700
v -0.01252600 0.06997200 0.02183700
v -0.01253400 0.06996300 0.02183700
v -0.01254200 0.06995400 0.02183700
v -0.01255000 0.06994500 0.02183700
v -0.01255900 0.06993600 0.02183700
v -0.01256800 0.06992700 0.02183700
v -0.01257700 0.06991900 0.02183700
v -0.01258700 0.06991100 0.02183700
v -0.01259600 0.06990400 0.02183700
v -0.01260600 0.06989700 0.02183700
v -0.01261700 0.06989000 0.02183700
v -0.01262700 0.06988400 0.02183700
v -0.01263800 0.06987700 0.02183700
v -0.01264900 0.06987200 0.02183700
v -0.01266000 0.06986600 0.02183700
v -0.01267100 0.06986100 0.02183700
v -0.01268200 0.06985700 0.02183700
v -0.01269400 0.06985300 0.02183700
v -0.01270600 0.06984900 0.02183700
v -0.01271800 0.06984500 0.02183700
v -0.01272900 0.06984200 0.02183700
v -0.01274200 0.06984000 0.02183700
v -0.01275400 0.06983800 0.02183700
v -0.01276600 0.06983600 0.02183700
v -0.01277800 0.06983400 0.02183700
v -0.01279000 0.06983400 0.02183700
v -0.01280300 0.06983300 0.02183700
v -0.01281500 0.06983300 0.02183700
v -0.01282700 0.06983300 0.02183700
v -0.01283900 0.06983400 0.02183700
v -0.01285200 0.06983500 0.02183700
v -0.01286400 0.06983700 0.02183700
v -0.01287600 0.06983900 0.02183700
v -0.01288800 0.06984100 0.02183700
v -0.01290000 0.06984400 0.02183700
v -0.01291200 0.06984700 0.02183700
v -0.01292400 0.06985100 0.02183700
v -0.01293500 0.06985500 0.02183700
v -0.01298000 0.06987500 0.02183700
v -0.01299100 0.06988000 0.02183700
v -0.01300200 0.06988700 0.02183700
v -0.01301200 0.06989300 0.02183700
v -0.01302200 0.06990000 0.02183700
v -0.01303200 0.06990800 0.02183700
v -0.01304200 0.06991500 0.02183700
v -0.01305100 0.06992300 0.02183700
v -0.01306000 0.06993100 0.02183700
v -0.01306900 0.06994000 0.02183700
v -0.01307700 0.06994900 0.02183700
v -0.01308600 0.06995800 0.02183700
v -0.01309400 0.06996800 0.02183700
v -0.01310100 0.06997700 0.02183700
v -0.01310800 0.06998700 0.02183700
v -0.01311500 0.06999700 0.02183700
v -0.01312200 0.07000800 0.02183700
v -0.01312800 0.07001800 0.02183700
v -0.01313400 0.07002900 0.02183700
v -0.01313900 0.07004000 0.02183700
v -0.01314400 0.07005200 0.02183700
v -0.01314900 0.07006300 0.02183700
v -0.01315300 0.07007400 0.02183700
v -0.01315700 0.07008600 0.02183700
v -0.01316100 0.07009800 0.02183700
v -0.01316400 0.07011000 0.02183700
v -0.01316600 0.07012200 0.02183700
v -0.01316900 0.07013400 0.02183700
v -0.01317100 0.07014600 0.02183700
v -0.01317200 0.07015800 0.02183700
v -0.01317300 0.07017100 0.02183700
v -0.01317400 0.07018300 0.02183700
v -0.01149900 0.06883700 0.02138500
v -0.01720400 0.06883700 0.02138500
v -0.01086500 0.06947100 0.02138500
v -0.01245000 0.07020100 0.02138500
v -0.01086500 0.07092000 0.02138500
v -0.01245000 0.07021400 0.02138500
v -0.01245100 0.07022600 0.02138500
v -0.01255000 0.06994500 0.02138500
v -0.01254200 0.06995400 0.02138500
v -0.01253400 0.06996300 0.02138500
v -0.01293500 0.06985500 0.02138500
v -0.01292400 0.06985100 0.02138500
v -0.01291200 0.06984700 0.02138500
v -0.01720400 0.07155300 0.02138500
v -0.01317400 0.07019500 0.02138500
v -0.01317400 0.07018300 0.02138500
v -0.01317300 0.07017100 0.02138500
v -0.01149900 0.07155300 0.02138500
v -0.01293500 0.07053600 0.02138500
v -0.01294700 0.07053100 0.02138500
v -0.01295800 0.07052600 0.02138500
v -0.01255000 0.07044600 0.02138500
v -0.01255900 0.07045400 0.02138500
v -0.01256800 0.07046300 0.02138500
v -0.01317200 0.07015800 0.02138500
v -0.01317100 0.07014600 0.02138500
v -0.01316900 0.07013400 0.02138500
v -0.01316600 0.07012200 0.02138500
v -0.01316400 0.07011000 0.02138500
v -0.01316100 0.07009800 0.02138500
v -0.01315700 0.07008600 0.02138500
v -0.01315300 0.07007400 0.02138500
v -0.01314900 0.07006300 0.02138500
v -0.01314400 0.07005200 0.02138500
v -0.01313900 0.07004000 0.02138500
v -0.01313400 0.07002900 0.02138500
v -0.01312800 0.07001800 0.02138500
v -0.01312200 0.07000800 0.02138500
v -0.01311500 0.06999700 0.02138500
v -0.01310800 0.06998700 0.02138500
v -0.01310100 0.06997700 0.02138500
v -0.01309400 0.06996800 0.02138500
v -0.01308600 0.06995800 0.02138500
v -0.01307700 0.06994900 0.02138500
v -0.01306900 0.06994000 0.02138500
v -0.01306000 0.06993100 0.02138500
v -0.01305100 0.06992300 0.02138500
v -0.01304200 0.06991500 0.02138500
v -0.01303200 0.06990800 0.02138500
v -0.01302200 0.06990000 0.02138500
v -0.01301200 0.06989300 0.02138500
v -0.01300200 0.06988700 0.02138500
v -0.01299100 0.06988000 0.02138500
v -0.01298000 0.06987500 0.02138500
v -0.01296900 0.06986900 0.02138500
v -0.01295800 0.06986400 0.02138500
v -0.01294700 0.06985900 0.02138500
v -0.01290000 0.06984400 0.02138500
v -0.01288800 0.06984100 0.02138500
v -0.01287600 0.06983900 0.02138500
v -0.01286400 0.06983700 0.02138500
v -0.01285200 0.06983500 0.02138500
v -0.01283900 0.06983400 0.02138500
v -0.01282700 0.06983300 0.02138500
v -0.01281500 0.06983300 0.02138500
v -0.01280300 0.06983300 0.02138500
v -0.01279000 0.06983400 0.02138500
v -0.01277800 0.06983400 0.02138500
v -0.01276600 0.06983600 0.02138500
v -0.01275400 0.06983800 0.02138500
v -0.01274200 0.06984000 0.02138500
v -0.01272900 0.06984200 0.02138500
v -0.01271800 0.06984500 0.02138500
v -0.01270600 0.06984900 0.02138500
v -0.01269400 0.06985300 0.02138500
v -0.01268200 0.06985700 0.02138500
v -0.01267100 0.06986100 0.02138500
v -0.01266000 0.06986600 0.02138500
v -0.01264900 0.06987200 0.02138500
v -0.01263800 0.06987700 0.02138500
v -0.01262700 0.06988400 0.02138500
v -0.01261700 0.06989000 0.02138500
v -0.01260600 0.06989700 0.02138500
v -0.01259600 0.06990400 0.02138500
v -0.01258700 0.06991100 0.02138500
v -0.01257700 0.06991900 0.02138500
v -0.01256800 0.06992700 0.02138500
v -0.01255900 0.06993600 0.02138500
v -0.01252600 0.06997200 0.02138500
v -0.01251900 0.06998200 0.02138500
v -0.01251200 0.06999200 0.02138500
v -0.01250500 0.07000300 0.02138500
v -0.01249900 0.07001300 0.02138500
v -0.01249300 0.07002400 0.02138500
v -0.01248700 0.07003500 0.02138500
v -0.01248200 0.07004600 0.02138500
v -0.01247700 0.07005700 0.02138500
v -0.01247200 0.07006900 0.02138500
v -0.01246800 0.07008000 0.02138500
v -0.01246500 0.07009200 0.02138500
v -0.01246100 0.07010400 0.02138500
v -0.01245800 0.07011600 0.02138500
v -0.01245600 0.07012800 0.02138500
v -0.01245400 0.07014000 0.02138500
v -0.01245200 0.07015200 0.02138500
v -0.01245100 0.07016400 0.02138500
v -0.01245000 0.07017700 0.02138500
v -0.01245000 0.07018900 0.02138500
v -0.01245200 0.07023800 0.02138500
v -0.01245400 0.07025000 0.02138500
v -0.01245600 0.07026200 0.02138500
v -0.01245800 0.07027400 0.02138500
v -0.01246100 0.07028600 0.02138500
v -0.01246500 0.07029800 0.02138500
v -0.01246800 0.07031000 0.02138500
v -0.01247200 0.07032200 0.02138500
v -0.01247700 0.07033300 0.02138500
v -0.01248200 0.07034400 0.02138500
v -0.01248700 0.07035500 0.02138500
v -0.01249300 0.07036600 0.02138500
v -0.01249900 0.07037700 0.02138500
v -0.01250500 0.07038800 0.02138500
v -0.01251200 0.07039800 0.02138500
v -0.01251900 0.07040800 0.02138500
v -0.01252600 0.07041800 0.02138500
v -0.01253400 0.07042700 0.02138500
v -0.01254200 0.07043700 0.02138500
v -0.01257700 0.07047100 0.02138500
v -0.01258700 0.07047900 0.02138500
v -0.01259600 0.07048600 0.02138500
v -0.01260600 0.07049300 0.02138500
v -0.01261700 0.07050000 0.02138500
v -0.01262700 0.07050700 0.02138500
v -0.01263800 0.07051300 0.02138500
v -0.01264900 0.07051900 0.02138500
v -0.01266000 0.07052400 0.02138500
v -0.01267100 0.07052900 0.02138500
v -0.01268200 0.07053300 0.02138500
v -0.01269400 0.07053800 0.02138500
v -0.01270600 0.07054100 0.02138500
v -0.01271800 0.07054500 0.02138500
v -0.01272900 0.07054800 0.02138500
v -0.01274200 0.07055000 0.02138500
v -0.01275400 0.07055300 0.02138500
v -0.01276600 0.07055400 0.02138500
v -0.01277800 0.07055600 0.02138500
v -0.01279000 0.07055700 0.02138500
v -0.01280300 0.07055700 0.02138500
v -0.01281500 0.07055700 0.02138500
v -0.01282700 0.07055700 0.02138500
v -0.01283900 0.07055600 0.02138500
v -0.01285200 0.07055500 0.02138500
v -0.01286400 0.07055400 0.02138500
v -0.01287600 0.07055200 0.02138500
v -0.01288800 0.07054900 0.02138500
v -0.01290000 0.07054600 0.02138500
v -0.01291200 0.07054300 0.02138500
v -0.01292400 0.07054000 0.02138500
v -0.01296900 0.07052100 0.02138500
v -0.01298000 0.07051600 0.02138500
v -0.01299100 0.07051000 0.02138500
v -0.01300200 0.07050400 0.02138500
v -0.01301200 0.07049700 0.02138500
v -0.01302200 0.07049000 0.02138500
v -0.01303200 0.07048300 0.02138500
v -0.01304200 0.07047500 0.02138500
v -0.01305100 0.07046700 0.02138500
v -0.01306000 0.07045900 0.02138500
v -0.01306900 0.07045000 0.02138500
v -0.01307700 0.07044100 0.02138500
v -0.01308600 0.07043200 0.02138500
v -0.01309400 0.07042300 0.02138500
v -0.01310100 0.07041300 0.02138500
v -0.01310800 0.07040300 0.02138500
v -0.01311500 0.07039300 0.02138500
v -0.01312200 0.07038200 0.02138500
v -0.01312800 0.07037200 0.02138500
v -0.01313400 0.07036100 0.02138500
v -0.01313900 0.07035000 0.02138500
v -0.01314400 0.07033900 0.02138500
v -0.01314900 0.07032700 0.02138500
v -0.01315300 0.07031600 0.02138500
v -0.01315700 0.07030400 0.02138500
v -0.01316100 0.07029200 0.02138500
v -0.01316400 0.07028000 0.02138500
v -0.01316600 0.07026800 0.02138500
v -0.01316900 0.07025600 0.02138500
v -0.01317100 0.07024400 0.02138500
v -0.01317200 0.07023200 0.02138500
v -0.01317300 0.07022000 0.02138500
v -0.01317400 0.07020700 0.02138500
v -0.01149900 0.06267900 0.02183700
v -0.01294700 0.06370200 0.02183700
v -0.01720400 0.06267900 0.02183700
v -0.01295800 0.06370600 0.02183700
v -0.01296900 0.06371100 0.02183700
v -0.01086500 0.06331300 0.02183700
v -0.01245400 0.06398200 0.02183700
v -0.01245600 0.06397000 0.02183700
v -0.01245800 0.06395800 0.02183700
v -0.01086500 0.06476200 0.02183700
v -0.01245000 0.06404400 0.02183700
v -0.01245000 0.06403100 0.02183700
v -0.01245000 0.06401900 0.02183700
v -0.01149900 0.06539600 0.02183700
v -0.01245400 0.06409300 0.02183700
v -0.01245200 0.06408100 0.02183700
v -0.01245100 0.06406800 0.02183700
v -0.01720400 0.06539600 0.02183700
v -0.01294700 0.06437400 0.02183700
v -0.01293500 0.06437800 0.02183700
v -0.01292400 0.06438200 0.02183700
v -0.01317400 0.06403800 0.02183700
v -0.01317400 0.06405000 0.02183700
v -0.01317300 0.06406200 0.02183700
v -0.01317200 0.06407400 0.02183700
v -0.01317100 0.06408700 0.02183700
v -0.01316900 0.06409900 0.02183700
v -0.01316600 0.06411100 0.02183700
v -0.01316400 0.06412300 0.02183700
v -0.01316100 0.06413500 0.02183700
v -0.01315700 0.06414700 0.02183700
v -0.01315300 0.06415800 0.02183700
v -0.01314900 0.06417000 0.02183700
v -0.01314400 0.06418100 0.02183700
v -0.01313900 0.06419200 0.02183700
v -0.01313400 0.06420300 0.02183700
v -0.01312800 0.06421400 0.02183700
v -0.01312200 0.06422500 0.02183700
v -0.01311500 0.06423500 0.02183700
v -0.01310800 0.06424600 0.02183700
v -0.01310100 0.06425500 0.02183700
v -0.01309400 0.06426500 0.02183700
v -0.01308600 0.06427500 0.02183700
v -0.01307700 0.06428400 0.02183700
v -0.01306900 0.06429300 0.02183700
v -0.01306000 0.06430100 0.02183700
v -0.01305100 0.06431000 0.02183700
v -0.01304200 0.06431800 0.02183700
v -0.01303200 0.06432500 0.02183700
v -0.01302200 0.06433200 0.02183700
v -0.01301200 0.06433900 0.02183700
v -0.01300200 0.06434600 0.02183700
v -0.01299100 0.06435200 0.02183700
v -0.01298000 0.06435800 0.02183700
v -0.01296900 0.06436400 0.02183700
v -0.01295800 0.06436900 0.02183700
v -0.01291200 0.06438600 0.02183700
v -0.01290000 0.06438900 0.02183700
v -0.01288800 0.06439200 0.02183700
v -0.01287600 0.06439400 0.02183700
v -0.01286400 0.06439600 0.02183700
v -0.01285200 0.06439800 0.02183700
v -0.01283900 0.06439900 0.02183700
v -0.01282700 0.06440000 0.02183700
v -0.01281500 0.06440000 0.02183700
v -0.01280300 0.06440000 0.02183700
v -0.01279000 0.06439900 0.02183700
v -0.01277800 0.06439800 0.02183700
v -0.01276600 0.06439700 0.02183700
v -0.01275400 0.06439500 0.02183700
v -0.01274200 0.06439300 0.02183700
v -0.01272900 0.06439000 0.02183700
v -0.01271800 0.06438700 0.02183700
v -0.01270600 0.06438400 0.02183700
v -0.01269400 0.06438000 0.02183700
v -0.01268200 0.06437600 0.02183700
v -0.01267100 0.06437100 0.02183700
v -0.01266000 0.06436600 0.02183700
v -0.01264900 0.06436100 0.02183700
v -0.01263800 0.06435500 0.02183700
v -0.01262700 0.06434900 0.02183700
v -0.01261700 0.06434300 0.02183700
v -0.01260600 0.06433600 0.02183700
v -0.01259600 0.06432900 0.02183700
v -0.01258700 0.06432100 0.02183700
v -0.01257700 0.06431400 0.02183700
v -0.01256800 0.06430500 0.02183700
v -0.01255900 0.06429700 0.02183700
v -0.01255000 0.06428800 0.02183700
v -0.01254200 0.06427900 0.02183700
v -0.01253400 0.06427000 0.02183700
v -0.01252600 0.06426000 0.02183700
v -0.01251900 0.06425100 0.02183700
v -0.01251200 0.06424000 0.02183700
v -0.01250500 0.06423000 0.02183700
v -0.01249900 0.06422000 0.02183700
v -0.01249300 0.06420900 0.02183700
v -0.01248700 0.06419800 0.02183700
v -0.01248200 0.06418700 0.02183700
v -0.01247700 0.06417600 0.02183700
v -0.01247200 0.06416400 0.02183700
v -0.01246800 0.06415200 0.02183700
v -0.01246500 0.06414100 0.02183700
v -0.01246100 0.06412900 0.02183700
v -0.01245800 0.06411700 0.02183700
v -0.01245600 0.06410500 0.02183700
v -0.01245000 0.06405600 0.02183700
v -0.01245100 0.06400700 0.02183700
v -0.01245200 0.06399500 0.02183700
v -0.01246100 0.06394600 0.02183700
v -0.01246500 0.06393400 0.02183700
v -0.01246800 0.06392300 0.02183700
v -0.01247200 0.06391100 0.02183700
v -0.01247700 0.06390000 0.02183700
v -0.01248200 0.06388800 0.02183700
v -0.01248700 0.06387700 0.02183700
v -0.01249300 0.06386600 0.02183700
v -0.01249900 0.06385600 0.02183700
v -0.01250500 0.06384500 0.02183700
v -0.01251200 0.06383500 0.02183700
v -0.01251900 0.06382500 0.02183700
v -0.01252600 0.06381500 0.02183700
v -0.01253400 0.06380500 0.02183700
v -0.01254200 0.06379600 0.02183700
v -0.01255000 0.06378700 0.02183700
v -0.01255900 0.06377800 0.02183700
v -0.01256800 0.06377000 0.02183700
v -0.01257700 0.06376200 0.02183700
v -0.01258700 0.06375400 0.02183700
v -0.01259600 0.06374600 0.02183700
v -0.01260600 0.06373900 0.02183700
v -0.01261700 0.06373200 0.02183700
v -0.01262700 0.06372600 0.02183700
v -0.01263800 0.06372000 0.02183700
v -0.01264900 0.06371400 0.02183700
v -0.01266000 0.06370900 0.02183700
v -0.01267100 0.06370400 0.02183700
v -0.01268200 0.06369900 0.02183700
v -0.01269400 0.06369500 0.02183700
v -0.01270600 0.06369100 0.02183700
v -0.01271800 0.06368800 0.02183700
v -0.01272900 0.06368500 0.02183700
v -0.01274200 0.06368200 0.02183700
v -0.01275400 0.06368000 0.02183700
v -0.01276600 0.06367800 0.02183700
v -0.01277800 0.06367700 0.02183700
v -0.01279000 0.06367600 0.02183700
v -0.01280300 0.06367600 0.02183700
v -0.01281500 0.06367500 0.02183700
v -0.01282700 0.06367600 0.02183700
v -0.01283900 0.06367600 0.02183700
v -0.01285200 0.06367800 0.02183700
v -0.01286400 0.06367900 0.02183700
v -0.01287600 0.06368100 0.02183700
v -0.01288800 0.06368400 0.02183700
v -0.01290000 0.06368600 0.02183700
v -0.01291200 0.06369000 0.02183700
v -0.01292400 0.06369300 0.02183700
v -0.01293500 0.06369700 0.02183700
v -0.01298000 0.06371700 0.02183700
v -0.01299100 0.06372300 0.02183700
v -0.01300200 0.06372900 0.02183700
v -0.01301200 0.06373600 0.02183700
v -0.01302200 0.06374300 0.02183700
v -0.01303200 0.06375000 0.02183700
v -0.01304200 0.06375800 0.02183700
v -0.01305100 0.06376600 0.02183700
v -0.01306000 0.06377400 0.02183700
v -0.01306900 0.06378300 0.02183700
v -0.01307700 0.06379200 0.02183700
v -0.01308600 0.06380100 0.02183700
v -0.01309400 0.06381000 0.02183700
v -0.01310100 0.06382000 0.02183700
v -0.01310800 0.06383000 0.02183700
v -0.01311500 0.06384000 0.02183700
v -0.01312200 0.06385000 0.02183700
v -0.01312800 0.06386100 0.02183700
v -0.01313400 0.06387200 0.02183700
v -0.01313900 0.06388300 0.02183700
v -0.01314400 0.06389400 0.02183700
v -0.01314900 0.06390500 0.02183700
v -0.01315300 0.06391700 0.02183700
v -0.01315700 0.06392900 0.02183700
v -0.01316100 0.06394000 0.02183700
v -0.01316400 0.06395200 0.02183700
v -0.01316600 0.06396400 0.02183700
v -0.01316900 0.06397600 0.02183700
v -0.01317100 0.06398900 0.02183700
v -0.01317200 0.06400100 0.02183700
v -0.01317300 0.06401300 0.02183700
v -0.01317400 0.06402500 0.02183700
v -0.01149900 0.06267900 0.02138500
v -0.01720400 0.06267900 0.02138500
v -0.01086500 0.06331300 0.02138500
v -0.01245000 0.06404400 0.02138500
v -0.01086500 0.06476200 0.02138500
v -0.01245000 0.06405600 0.02138500
v -0.01245100 0.06406800 0.02138500
v -0.01255000 0.06378700 0.02138500
v -0.01254200 0.06379600 0.02138500
v -0.01253400 0.06380500 0.02138500
v -0.01293500 0.06369700 0.02138500
v -0.01292400 0.06369300 0.02138500
v -0.01291200 0.06369000 0.02138500
v -0.01720400 0.06539600 0.02138500
v -0.01317400 0.06403800 0.02138500
v -0.01317400 0.06402500 0.02138500
v -0.01317300 0.06401300 0.02138500
v -0.01149900 0.06539600 0.02138500
v -0.01293500 0.06437800 0.02138500
v -0.01294700 0.06437400 0.02138500
v -0.01295800 0.06436900 0.02138500
v -0.01255000 0.06428800 0.02138500
v -0.01255900 0.06429700 0.02138500
v -0.01256800 0.06430500 0.02138500
v -0.01317200 0.06400100 0.02138500
v -0.01317100 0.06398900 0.02138500
v -0.01316900 0.06397600 0.02138500
v -0.01316600 0.06396400 0.02138500
v -0.01316400 0.06395200 0.02138500
v -0.01316100 0.06394000 0.02138500
v -0.01315700 0.06392900 0.02138500
v -0.01315300 0.06391700 0.02138500
v -0.01314900 0.06390500 0.02138500
v -0.01314400 0.06389400 0.02138500
v -0.01313900 0.06388300 0.02138500
v -0.01313400 0.06387200 0.02138500
v -0.01312800 0.06386100 0.02138500
v -0.01312200 0.06385000 0.02138500
v -0.01311500 0.06384000 0.02138500
v -0.01310800 0.06383000 0.02138500
v -0.01310100 0.06382000 0.02138500
v -0.01309400 0.06381000 0.02138500
v -0.01308600 0.06380100 0.02138500
v -0.01307700 0.06379200 0.02138500
v -0.01306900 0.06378300 0.02138500
v -0.01306000 0.06377400 0.02138500
v -0.01305100 0.06376600 0.02138500
v -0.01304200 0.06375800 0.02138500
v -0.01303200 0.06375000 0.02138500
v -0.01302200 0.06374300 0.02138500
v -0.01301200 0.06373600 0.02138500
v -0.01300200 0.06372900 0.02138500
v -0.01299100 0.06372300 0.02138500
v -0.01298000 0.06371700 0.02138500
v -0.01296900 0.06371100 0.02138500
v -0.01295800 0.06370600 0.02138500
v -0.01294700 0.06370200 0.02138500
v -0.01290000 0.06368600 0.02138500
v -0.01288800 0.06368400 0.02138500
v -0.01287600 0.06368100 0.02138500
v -0.01286400 0.06367900 0.02138500
v -0.01285200 0.06367800 0.02138500
v -0.01283900 0.06367600 0.02138500
v -0.01282700 0.06367600 0.02138500
v -0.01281500 0.06367500 0.02138500
v -0.01280300 0.06367600 0.02138500
v -0.01279000 0.06367600 0.02138500
v -0.01277800 0.06367700 0.02138500
v -0.01276600 0.06367800 0.02138500
v -0.01275400 0.06368000 0.02138500
v -0.01274200 0.06368200 0.02138500
v -0.01272900 0.06368500 0.02138500
v -0.01271800 0.06368800 0.02138500
v -0.01270600 0.06369100 0.02138500
v -0.01269400 0.06369500 0.02138500
v -0.01268200 0.06369900 0.02138500
v -0.01267100 0.06370400 0.02138500
v -0.01266000 0.06370900 0.02138500
v -0.01264900 0.06371400 0.02138500
v -0.01263800 0.06372000 0.02138500
v -0.01262700 0.06372600 0.02138500
v -0.01261700 0.06373200 0.02138500
v -0.01260600 0.06373900 0.02138500
v -0.01259600 0.06374600 0.02138500
v -0.01258700 0.06375400 0.02138500
v -0.01257700 0.06376200 0.02138500
v -0.01256800 0.06377000 0.02138500
v -0.01255900 0.06377800 0.02138500
v -0.01252600 0.06381500 0.02138500
v -0.01251900 0.06382500 0.02138500
v -0.01251200 0.06383500 0.02138500
v -0.01250500 0.06384500 0.02138500
v -0.01249900 0.06385600 0.02138500
v -0.01249300 0.06386600 0.02138500
v -0.01248700 0.06387700 0.02138500
v -0.01248200 0.06388800 0.02138500
v -0.01247700 0.06390000 0.02138500
v -0.01247200 0.06391100 0.02138500
v -0.01246800 0.06392300 0.02138500
v -0.01246500 0.06393400 0.02138500
v -0.01246100 0.06394600 0.02138500
v -0.01245800 0.06395800 0.02138500
v -0.01245600 0.06397000 0.02138500
v -0.01245400 0.06398200 0.02138500
v -0.01245200 0.06399500 0.02138500
v -0.01245100 0.06400700 0.02138500
v -0.01245000 0.06401900 0.02138500
v -0.01245000 0.06403100 0.02138500
v -0.01245200 0.06408100 0.02138500
v -0.01245400 0.06409300 0.02138500
v -0.01245600 0.06410500 0.02138500
v -0.01245800 0.06411700 0.02138500
v -0.01246100 0.06412900 0.02138500
v -0.01246500 0.06414100 0.02138500
v -0.01246800 0.06415200 0.02138500
v -0.01247200 0.06416400 0.02138500
v -0.01247700 0.06417600 0.02138500
v -0.01248200 0.06418700 0.02138500
v -0.01248700 0.06419800 0.02138500
v -0.01249300 0.06420900 0.02138500
v -0.01249900 0.06422000 0.02138500
v -0.01250500 0.06423000 0.02138500
v -0.01251200 0.06424000 0.02138500
v -0.01251900 0.06425100 0.02138500
v -0.01252600 0.06426000 0.02138500
v -0.01253400 0.06427000 0.02138500
v -0.01254200 0.06427900 0.02138500
v -0.01257700 0.06431400 0.02138500
v -0.01258700 0.06432100 0.02138500
v -0.01259600 0.06432900 0.02138500
v -0.01260600 0.06433600 0.02138500
v -0.01261700 0.06434300 0.02138500
v -0.01262700 0.06434900 0.02138500
v -0.01263800 0.06435500 0.02138500
v -0.01264900 0.06436100 0.02138500
v -0.01266000 0.06436600 0.02138500
v -0.01267100 0.06437100 0.02138500
v -0.01268200 0.06437600 0.02138500
v -0.01269400 0.06438000 0.02138500
v -0.01270600 0.06438400 0.02138500
v -0.01271800 0.06438700 0.02138500
v -0.01272900 0.06439000 0.02138500
v -0.01274200 0.06439300 0.02138500
v -0.01275400 0.06439500 0.02138500
v -0.01276600 0.06439700 0.02138500
v -0.01277800 0.06439800 0.02138500
v -0.01279000 0.06439900 0.02138500
v -0.01280300 0.06440000 0.02138500
v -0.01281500 0.06440000 0.02138500
v -0.01282700 0.06440000 0.02138500
v -0.01283900 0.06439900 0.02138500
v -0.01285200 0.06439800 0.02138500
v -0.01286400 0.06439600 0.02138500
v -0.01287600 0.06439400 0.02138500
v -0.01288800 0.06439200 0.02138500
v -0.01290000 0.06438900 0.02138500
v -0.01291200 0.06438600 0.02138500
v -0.01292400 0.06438200 0.02138500
v -0.01296900 0.06436400 0.02138500
v -0.01298000 0.06435800 0.02138500
v -0.01299100 0.06435200 0.02138500
v -0.01300200 0.06434600 0.02138500
v -0.01301200 0.06433900 0.02138500
v -0.01302200 0.06433200 0.02138500
v -0.01303200 0.06432500 0.02138500
v -0.01304200 0.06431800 0.02138500
v -0.01305100 0.06431000 0.02138500
v -0.01306000 0.06430100 0.02138500
v -0.01306900 0.06429300 0.02138500
v -0.01307700 0.06428400 0.02138500
v -0.01308600 0.06427500 0.02138500
v -0.01309400 0.06426500 0.02138500
v -0.01310100 0.06425500 0.02138500
v -0.01310800 0.06424600 0.02138500
v -0.01311500 0.06423500 0.02138500
v -0.01312200 0.06422500 0.02138500
v -0.01312800 0.06421400 0.02138500
v -0.01313400 0.06420300 0.02138500
v -0.01313900 0.06419200 0.02138500
v -0.01314400 0.06418100 0.02138500
v -0.01314900 0.06417000 0.02138500
v -0.01315300 0.06415800 0.02138500
v -0.01315700 0.06414700 0.02138500
v -0.01316100 0.06413500 0.02138500
v -0.01316400 0.06412300 0.02138500
v -0.01316600 0.06411100 0.02138500
v -0.01316900 0.06409900 0.02138500
v -0.01317100 0.06408700 0.02138500
v -0.01317200 0.06407400 0.02138500
v -0.01317300 0.06406200 0.02138500
v -0.01317400 0.06405000 0.02138500
v -0.01922600 0.06440000 0.04021900
v -0.02719400 0.06440000 0.04021900
v -0.01922600 0.06983300 0.04021900
v -0.02719400 0.06983300 0.04021900
v -0.02569300 0.06440000 0.04248300
v -0.02569300 0.06983300 0.04248300
v -0.01922600 0.06440000 0.01314400
v -0.02719400 0.06440000 0.01314400
v -0.01922600 0.06983300 0.01314400
v -0.02569300 0.06440000 0.01088100
v -0.02569300 0.06983300 0.01088100
v -0.02719400 0.06983300 0.01314400
v -0.01720400 0.07408900 0.02093200
v -0.01720400 0.06014400 0.02093200
v -0.01720400 0.07408900 0.03243200
v -0.01720400 0.06014400 0.03243200
vt 0.00000000 0.00000000
vt 0.00000000 0.00000000
vt 0.00000000 0.00000000
vt 0.00000000 0.00000000
vt 0.00000000 0.00000000
vt 0.00000000 0.00000000
vt 0.00000000 0.00000000
vt 0.00000000 0.00000000
vt 0.00000000 0.00000000
vt 0.00000000 0.00000000
vt 0.00000000 0.00000000
vt 0.00000000 0.00000000
vt 0.00000000 0.00000000
vt 0.00000000 0.00000000
vt 0.00000000 0.00000000
vt 0.00000000 0.00000000
vt 0.00000000 0.00000000
vt 0.00000000 0.00000000
vt 0.00000000 0.00000000
vt 0.00000000 0.00000000
vt 0.00000000 0.00000000
vt 0.00000000 0.00000000
vt 0.00000000 0.00000000
vt 0.00000000 0.00000000
vt 0.00000000 0.00000000
vt 0.00000000 0.00000000
vt 0.00000000 0.00000000
vt 0.00000000 0.00000000
vt 0.00000000 0.00000000
vt 0.00000000 0.00000000
vt 0.00000000 0.00000000
vt 0.00000000 0.00000000
vt 0.00000000 0.00000000
vt 0.00000000 0.00000000
vt 0.00000000 0.00000000
vt 0.00000000 0.00000000
vt 0.00000000 0.00000000
vt 0.00000000 0.00000000
vt 0.00000000 0.00000000
vt 0.00000000 0.00000000
vt 0.00000000 0.00000000
vt 0.00000000 0.00000000
vt 0.00000000 0.00000000
vt 0.00000000 0.00000000
vt 0.00000000 0.00000000
vt 0.00000000 0.00000000
vt 0.00000000 0.00000000
vt 0.00000000 0.00000000
vt 0.00000000 0.00000000
vt 0.00000000 0.00000000
vt 0.00000000 0.00000000
vt 0.00000000 0.00000000
vt 0.00000000 0.00000000
vt 0.00000000 0.00000000
vt 0.00000000 0.00000000
vt 0.00000000 0.00000000
vt 0.00000000 0.00000000
vt 0.00000000 0.00000000
vt 0.00000000 0.00000000
vt 0.00000000 0.00000000
vt 0.00000000 0.00000000
vt 0.00000000 0.00000000
vt 0.00000000 0.00000000
vt 0.00000000 0.00000000
vt 0.00000000 0.00000000
vt 0.00000000 0.00000000
vt 0.00000000 0.00000000
vt 0.00000000 0.00000000
vt 0.00000000 0.00000000
vt 0.00000000 0.00000000
vt 0.00000000 0.00000000
vt 0.00000000 0.00000000
vt 0.00000000 0.00000000
vt 0.00000000 0.00000000
vt 0.00000000 0.00000000
vt 0.00000000 0.00000000
vt 0.00000000 0.00000000
vt 0.00000000 0.00000000
vt 0.00000000 0.00000000
vt 0.00000000 0.00000000
vt 0.00000000 0.00000000
vt 0.00000000 0.00000000
vt 0.00000000 0.00000000
vt 0.00000000 0.00000000
vt 0.00000000 0.00000000
vt 0.00000000 0.00000000
vt 0.00000000 0.00000000
vt 0.00000000 0.00000000
vt 0.00000000 0.00000000
vt 0.00000000 0.00000000
vt 0.00000000 0.00000000
vt 0.00000000 0.00000000
vt 0.00000000 0.00000000
vt 0.00000000 0.00000000
vt 0.00000000 0.00000000
vt 0.00000000 0.00000000
vt 0.00000000 0.00000000
vt 0.00000000 0.00000000
vt 0.00000000 0.00000000
vt 0.00000000 0.00000000
vt 0.00000000 0.00000000
vt 0.00000000 0.00000000
vt 0.00000000 0.00000000
vt 0.00000000 0.00000000
vt 0.00000000 0.00000000
vt 0.00000000 0.00000000
vt 0.00000000 0.00000000
vt 0.00000000 0.00000000
vt 0.00000000 0.00000000
vt 0.00000000 0.00000000
vt 0.00000000 0.00000000
vt 0.00000000 0.00000000
vt 0.00000000 0.00000000
vt 0.00000000 0.00000000
vt 0.00000000 0.00000000
vt 0.00000000 0.00000000
vt 0.00000000 0.00000000
vt 0.00000000 0.00000000
vt 0.00000000 0.00000000
vt 0.00000000 0.00000000
vt 0.00000000 0.00000000
vt 0.00000000 0.00000000
vt 0.00000000 0.00000000
vt 0.00000000 0.00000000
vt 0.00000000 0.00000000
vt 0.00000000 0.00000000
vt 0.00000000 0.00000000
vt 0.00000000 0.00000000
vt 0.00000000 0.00000000
vt 0.00000000 0.00000000
vt 0.00000000 0.00000000
vt 0.00000000 0.00000000
vt 0.00000000 0.00000000
vt 0.00000000 0.00000000
vt 0.00000000 0.00000000
vt 0.00000000 0.00000000
vt 0.00000000 0.00000000
vt 0.00000000 0.00000000
vt 0.00000000 0.00000000
vt 0.00000000 0.00000000
vt 0.00000000 0.00000000
vt 0.00000000 0.00000000
vt 0.00000000 0.00000000
vt 0.00000000 0.00000000
vt 0.00000000 0.00000000
vt 0.00000000 0.00000000
vt 0.00000000 0.00000000
vt 0.00000000 0.00000000
vt 0.00000000 0.00000000
vt 0.00000000 0.00000000
vt 0.00000000 0.00000000
vt 0.00000000 0.00000000
vt 0.00000000 0.00000000
vt 0.00000000 0.00000000
vt 0.00000000 0.00000000
vt 0.00000000 0.00000000
vt 0.00000000 0.00000000
vt 0.00000000 0.00000000
vt 0.00000000 0.00000000
vt 0.00000000 0.00000000
vt 0.00000000 0.00000000
vt 0.00000000 0.00000000
vt 0.00000000 0.00000000
vt 0.00000000 0.00000000
vt 0.00000000 0.00000000
vt 0.00000000 0.00000000
vt 0.00000000 0.00000000
vt 0.00000000 0.00000000
vt 0.00000000 0.00000000
vt 0.00000000 0.00000000
vt 0.00000000 0.00000000
vt 0.00000000 0.00000000
vt 0.00000000 0.00000000
vt 0.00000000 0.00000000
vt 0.00000000 0.00000000
vt 0.00000000 0.00000000
vt 0.00000000 0.00000000
vt 0.00000000 0.00000000
vt 0.00000000 0.00000000
vt 0.00000000 0.00000000
vt 0.00000000 0.00000000
vt 0.00000000 0.00000000
vt 0.00000000 0.00000000
vt 0.00000000 0.00000000
vt 0.00000000 0.00000000
vt 0.00000000 0.00000000
vt 0.00000000 0.00000000
vt 0.00000000 0.00000000
vt 0.00000000 0.00000000
vt 0.00000000 0.00000000
vt 0.00000000 0.00000000
vt 0.00000000 0.00000000
vt 0.00000000 0.00000000
vt 0.00000000 0.00000000
vt 0.00000000 0.00000000
vt 0.00000000 0.00000000
vt 0.00000000 0.00000000
vt 0.00000000 0.00000000
vt 0.00000000 0.00000000
vt 0.00000000 0.00000000
vt 0.00000000 0.00000000
vt 0.00000000 0.00000000
vt 0.00000000 0.00000000
vt 0.00000000 0.00000000
vt 0.00000000 0.00000000
vt 0.00000000 0.00000000
vt 0.00000000 0.00000000
vt 0.00000000 0.00000000
vt 0.00000000 0.00000000
vt 0.00000000 0.00000000
vt 0.00000000 0.00000000
vt 0.00000000 0.00000000
vt 0.00000000 0.00000000
vt 0.00000000 0.00000000
vt 0.00000000 0.00000000
vt 0.00000000 0.00000000
vt 0.00000000 0.00000000
vt 0.00000000 0.00000000
vt 0.00000000 0.00000000
vt 0.00000000 0.00000000
vt 0.00000000 0.00000000
vt 0.00000000 0.00000000
vt 0.00000000 0.00000000
vt 0.00000000 0.00000000
vt 0.00000000 0.00000000
vt 0.00000000 0.00000000
vt 0.00000000 0.00000000
vt 0.00000000 0.00000000
vt 0.00000000 0.00000000
vt 0.00000000 0.00000000
vt 0.00000000 0.00000000
vt 0.00000000 0.00000000
vt 0.00000000 0.00000000
vt 0.00000000 0.00000000
vt 0.00000000 0.00000000
vt 0.00000000 0.00000000
vt 0.00000000 0.00000000
vt 0.00000000 0.00000000
vt 0.00000000 0.00000000
vt 0.00000000 0.00000000
vt 0.00000000 0.00000000
vt 0.00000000 0.00000000
vt 0.00000000 0.00000000
vt 0.00000000 0.00000000
vt 0.00000000 0.00000000
vt 0.00000000 0.00000000
vt 0.00000000 0.00000000
vt 0.00000000 0.00000000
vt 0.00000000 0.00000000
vt 0.00000000 0.00000000
vt 0.00000000 0.00000000
vt 0.00000000 0.00000000
vt 0.00000000 0.00000000
vt 0.00000000 0.00000000
vt 0.00000000 0.00000000
vt 0.00000000 0.00000000
vt 0.00000000 0.00000000
vt 0.00000000 0.00000000
vt 0.00000000 0.00000000
vt 0.00000000 0.00000000
vt 0.00000000 0.00000000
vt 0.00000000 0.00000000
vt 0.00000000 0.00000000
vt 0.00000000 0.00000000
vt 0.00000000 0.00000000
vt 0.00000000 0.00000000
vt 0.00000000 0.00000000
vt 0.00000000 0.00000000
vt 0.00000000 0.00000000
vt 0.00000000 0.00000000
vt 0.00000000 0.00000000
vt 0.00000000 0.00000000
vt 0.00000000 0.00000000
vt 0.00000000 0.00000000
vt 0.00000000 0.00000000
vt 0.00000000 0.00000000
vt 0.00000000 0.00000000
vt 0.00000000 0.00000000
vt 0.00000000 0.00000000
vt 0.00000000 0.00000000
vt 0.00000000 0.00000000
vt 0.00000000 0.00000000
vt 0.00000000 0.00000000
vt 0.00000000 0.00000000
vt 0.00000000 0.00000000
vt 0.00000000 0.00000000
vt 0.00000000 0.00000000
vt 0.00000000 0.00000000
vt 0.00000000 0.00000000
vt 0.00000000 0.00000000
vt 0.00000000 0.00000000
vt 0.00000000 0.00000000
vt 0.00000000 0.00000000
vt 0.00000000 0.00000000
vt 0.00000000 0.00000000
vt 0.00000000 0.00000000
vt 0.00000000 0.00000000
vt 0.00000000 0.00000000
vt 0.00000000 0.00000000
vt 0.00000000 0.00000000
vt 0.00000000 0.00000000
vt 0.00000000 0.00000000
vt 0.00000000 0.00000000
vt 0.00000000 0.00000000
vt 0.00000000 0.00000000
vt 0.00000000 0.00000000
vt 0.00000000 0.00000000
vt 0.00000000 0.00000000
vt 0.00000000 0.00000000
vt 0.00000000 0.00000000
vt 0.00000000 0.00000000
vt 0.00000000 0.00000000
vt 0.00000000 0.00000000
vt 0.00000000 0.00000000
vt 0.00000000 0.00000000
vt 0.00000000 0.00000000
vt 0.00000000 0.00000000
vt 0.00000000 0.00000000
vt 0.00000000 0.00000000
vt 0.00000000 0.00000000
vt 0.00000000 0.00000000
vt 0.00000000 0.00000000
vt 0.00000000 0.00000000
vt 0.00000000 0.00000000
vt 0.00000000 0.00000000
vt 0.00000000 0.00000000
vt 0.00000000 0.00000000
vt 0.00000000 0.00000000
vt 0.00000000 0.00000000
vt 0.00000000 0.00000000
vt 0.00000000 0.00000000
vt 0.00000000 0.00000000
vt 0.00000000 0.00000000
vt 0.00000000 0.00000000
vt 0.00000000 0.00000000
vt 0.00000000 0.00000000
vt 0.00000000 0.00000000
vt 0.00000000 0.00000000
vt 0.00000000 0.00000000
vt 0.00000000 0.00000000
vt 0.00000000 0.00000000
vt 0.00000000 0.00000000
vt 0.00000000 0.00000000
vt 0.00000000 0.00000000
vt 0.00000000 0.00000000
vt 0.00000000 0.00000000
vt 0.00000000 0.00000000
vt 0.00000000 0.00000000
vt 0.00000000 0.00000000
vt 0.00000000 0.00000000
vt 0.00000000 0.00000000
vt 0.00000000 0.00000000
vt 0.00000000 0.00000000
vt 0.00000000 0.00000000
vt 0.00000000 0.00000000
vt 0.00000000 0.00000000
vt 0.00000000 0.00000000
vt 0.00000000 0.00000000
vt 0.00000000 0.00000000
vt 0.00000000 0.00000000
vt 0.00000000 0.00000000
vt 0.00000000 0.00000000
vt 0.00000000 0.00000000
vt 0.00000000 0.00000000
vt 0.00000000 0.00000000
vt 0.00000000 0.00000000
vt 0.00000000 0.00000000
vt 0.00000000 0.00000000
vt 0.00000000 0.00000000
vt 0.00000000 0.00000000
vt 0.00000000 0.00000000
vt 0.00000000 0.00000000
vt 0.00000000 0.00000000
vt 0.00000000 0.00000000
vt 0.00000000 0.00000000
vt 0.00000000 0.00000000
vt 0.00000000 0.00000000
vt 0.00000000 0.00000000
vt 0.00000000 0.00000000
vt 0.00000000 0.00000000
vt 0.00000000 0.00000000
vt 0.00000000 0.00000000
vt 0.00000000 0.00000000
vt 0.00000000 0.00000000
vt 0.00000000 0.00000000
vt 0.00000000 0.00000000
vt 0.00000000 0.00000000
vt 0.00000000 0.00000000
vt 0.00000000 0.00000000
vt 0.00000000 0.00000000
vt 0.00000000 0.00000000
vt 0.00000000 0.00000000
vt 0.00000000 0.00000000
vt 0.00000000 0.00000000
vt 0.00000000 0.00000000
vt 0.00000000 0.00000000
vt 0.00000000 0.00000000
vt 0.00000000 0.00000000
vt 0.00000000 0.00000000
vt 0.00000000 0.00000000
vt 0.00000000 0.00000000
vt 0.00000000 0.00000000
vt 0.00000000 0.00000000
vt 0.00000000 0.00000000
vt 0.00000000 0.00000000
vt 0.00000000 0.00000000
vt 0.00000000 0.00000000
vt 0.00000000 0.00000000
vt 0.00000000 0.00000000
vt 0.00000000 0.00000000
vt 0.00000000 0.00000000
vt 0.00000000 0.00000000
vt 0.00000000 0.00000000
vt 0.00000000 0.00000000
vt 0.00000000 0.00000000
vt 0.00000000 0.00000000
vt 0.00000000 0.00000000
vt 0.00000000 0.00000000
vt 0.00000000 0.00000000
vt 0.00000000 0.00000000
vt 0.00000000 0.00000000
vt 0.00000000 0.00000000
vt 0.00000000 0.00000000
vt 0.00000000 0.00000000
vt 0.00000000 0.00000000
vt 0.00000000 0.00000000
vt 0.00000000 0.00000000
vt 0.00000000 0.00000000
vt 0.00000000 0.00000000
vt 0.00000000 0.00000000
vt 0.00000000 0.00000000
vt 0.00000000 0.00000000
vt 0.00000000 0.00000000
vt 0.00000000 0.00000000
vt 0.00000000 0.00000000
vt 0.00000000 0.00000000
vt 0.00000000 0.00000000
vt 0.00000000 0.00000000
vt 0.00000000 0.00000000
vt 0.00000000 0.00000000
vt 0.00000000 0.00000000
vt 0.00000000 0.00000000
vt 0.00000000 0.00000000
vt 0.00000000 0.00000000
vt 0.00000000 0.00000000
vt 0.00000000 0.00000000
vt 0.00000000 0.00000000
vt 0.00000000 0.00000000
vt 0.00000000 0.00000000
vt 0.00000000 0.00000000
vt 0.00000000 0.00000000
vt 0.00000000 0.00000000
vt 0.00000000 0.00000000
vt 0.00000000 0.00000000
vt 0.00000000 0.00000000
vt 0.00000000 0.00000000
vt 0.00000000 0.00000000
vt 0.00000000 0.00000000
vt 0.00000000 0.00000000
vt 0.00000000 0.00000000
vt 0.00000000 0.00000000
vt 0.00000000 0.00000000
vt 0.00000000 0.00000000
vt 0.00000000 0.00000000
vt 0.00000000 0.00000000
vt 0.00000000 0.00000000
vt 0.00000000 0.00000000
vt 0.00000000 0.00000000
vt 0.00000000 0.00000000
vt 0.00000000 0.00000000
vt 0.00000000 0.00000000
vt 0.00000000 0.00000000
vt 0.00000000 0.00000000
vt 0.00000000 0.00000000
vt 0.00000000 0.00000000
vt 0.00000000 0.00000000
vt 0.00000000 0.00000000
vt 0.00000000 0.00000000
vt 0.00000000 0.00000000
vt 0.00000000 0.00000000
vt 0.00000000 0.00000000
vt 0.00000000 0.00000000
vt 0.00000000 0.00000000
vt 0.00000000 0.00000000
vt 0.00000000 0.00000000
vt 0.00000000 0.00000000
vt 0.00000000 0.00000000
vt 0.00000000 0.00000000
vt 0.00000000 0.00000000
vt 0.00000000 0.00000000
vt 0.00000000 0.00000000
vt 0.00000000 0.00000000
vt 0.00000000 0.00000000
vt 0.00000000 0.00000000
vt 0.00000000 0.00000000
vt 0.00000000 0.00000000
vt 0.00000000 0.00000000
vt 0.00000000 0.00000000
vt 0.00000000 0.00000000
vt 0.00000000 0.00000000
vt 0.00000000 0.00000000
vt 0.00000000 0.00000000
vt 0.00000000 0.00000000
vt 0.00000000 0.00000000
vt 0.00000000 0.00000000
vt 0.00000000 0.00000000
vt 0.00000000 0.00000000
vt 0.00000000 0.00000000
vt 0.00000000 0.00000000
vt 0.00000000 0.00000000
vt 0.00000000 0.00000000
vt 0.00000000 0.00000000
vt 0.00000000 0.00000000
vt 0.00000000 0.00000000
vt 0.00000000 0.00000000
vt 0.00000000 0.00000000
vt 0.00000000 0.00000000
vt 0.00000000 0.00000000
vt 0.00000000 0.00000000
vt 0.00000000 0.00000000
vt 0.00000000 0.00000000
vt 0.00000000 0.00000000
vt 0.00000000 0.00000000
vt 0.00000000 0.00000000
vt 0.00000000 0.00000000
vt 0.00000000 0.00000000
vt 0.00000000 0.00000000
vt 0.00000000 0.00000000
vt 0.00000000 0.00000000
vt 0.00000000 0.00000000
vt 0.00000000 0.00000000
vt 0.00000000 0.00000000
vt 0.00000000 0.00000000
vt 0.00000000 0.00000000
vt 0.00000000 0.00000000
vt 0.00000000 0.00000000
vt 0.00000000 0.00000000
vt 0.00000000 0.00000000
vt 0.00000000 0.00000000
vt 0.00000000 0.00000000
vt 0.00000000 0.00000000
vt 0.00000000 0.00000000
vt 0.00000000 0.00000000
vt 0.00000000 0.00000000
vt 0.00000000 0.00000000
vt 0.00000000 0.00000000
vt 0.00000000 0.00000000
vt 0.00000000 0.00000000
vt 0.00000000 0.00000000
vt 0.00000000 0.00000000
vt 0.00000000 0.00000000
vt 0.00000000 0.00000000
vt 0.00000000 0.00000000
vt 0.00000000 0.00000000
vt 0.00000000 0.00000000
vt 0.00000000 0.00000000
vt 0.00000000 0.00000000
vt 0.00000000 0.00000000
vt 0.00000000 0.00000000
vt 0.00000000 0.00000000
vt 0.00000000 0.00000000
vt 0.00000000 0.00000000
vt 0.00000000 0.00000000
vt 0.00000000 0.00000000
vt 0.00000000 0.00000000
vt 0.00000000 0.00000000
vt 0.00000000 0.00000000
vt 0.00000000 0.00000000
vt 0.00000000 0.00000000
vt 0.00000000 0.00000000
vt 0.00000000 0.00000000
vt 0.00000000 0.00000000
vt 0.00000000 0.00000000
vt 0.00000000 0.00000000
vt 0.00000000 0.00000000
vt 0.00000000 0.00000000
vt 0.00000000 0.00000000
vt 0.00000000 0.00000000
vt 0.00000000 0.00000000
vt 0.00000000 0.00000000
vt 0.00000000 0.00000000
vt 0.00000000 0.00000000
vt 0.00000000 0.00000000
vt 0.00000000 0.00000000
vt 0.00000000 0.00000000
vt 0.00000000 0.00000000
vt 0.00000000 0.00000000
vt 0.00000000 0.00000000
vt 0.00000000 0.00000000
vt 0.00000000 0.00000000
vt 0.00000000 0.00000000
vt 0.00000000 0.00000000
vt 0.00000000 0.00000000
vt 0.00000000 0.00000000
vt 0.00000000 0.00000000
vt 0.00000000 0.00000000
vt 0.00000000 0.00000000
vt 0.00000000 0.00000000
vt 0.00000000 0.00000000
vt 0.00000000 0.00000000
vt 0.00000000 0.00000000
vt 0.00000000 0.00000000
vt 0.00000000 0.00000000
vt 0.00000000 0.00000000
vt 0.00000000 0.00000000
vt 0.00000000 0.00000000
vt 0.00000000 0.00000000
vt 0.00000000 0.00000000
vt 0.00000000 0.00000000
vt 0.00000000 0.00000000
vt 0.00000000 0.00000000
vt 0.00000000 0.00000000
vt 0.00000000 0.00000000
vt 0.00000000 0.00000000
vt 0.00000000 0.00000000
vt 0.00000000 0.00000000
vt 0.00000000 0.00000000
vt 0.00000000 0.00000000
vt 0.00000000 0.00000000
vt 0.00000000 0.00000000
vt 0.00000000 0.00000000
vt 0.00000000 0.00000000
vt 0.00000000 0.00000000
vt 0.00000000 0.00000000
vt 0.00000000 0.00000000
vt 0.00000000 0.00000000
vt 0.00000000 0.00000000
vt 0.00000000 0.00000000
vt 0.00000000 0.00000000
vt 0.00000000 0.00000000
vt 0.00000000 0.00000000
vt 0.00000000 0.00000000
vt 0.00000000 0.00000000
vt 0.00000000 0.00000000
vt 0.00000000 0.00000000
vt 0.00000000 0.00000000
vt 0.00000000 0.00000000
vt 0.00000000 0.00000000
vt 0.00000000 0.00000000
vt 0.00000000 0.00000000
vt 0.00000000 0.00000000
vt 0.00000000 0.00000000
vt 0.00000000 0.00000000
vt 0.00000000 0.00000000
vt 0.00000000 0.00000000
vt 0.00000000 0.00000000
vt 0.00000000 0.00000000
vt 0.00000000 0.00000000
vt 0.00000000 0.00000000
vt 0.00000000 0.00000000
vt 0.00000000 0.00000000
vt 0.00000000 0.00000000
vt 0.00000000 0.00000000
vt 0.00000000 0.00000000
vt 0.00000000 0.00000000
vt 0.00000000 0.00000000
vt 0.00000000 0.00000000
vt 0.00000000 0.00000000
vt 0.00000000 0.00000000
vt 0.00000000 0.00000000
vt 0.00000000 0.00000000
vt 0.00000000 0.00000000
vt 0.00000000 0.00000000
vt 0.00000000 0.00000000
vt 0.00000000 0.00000000
vt 0.00000000 0.00000000
vt 0.00000000 0.00000000
vt 0.00000000 0.00000000
vt 0.00000000 0.00000000
vt 0.00000000 0.00000000
vt 0.00000000 0.00000000
vt 0.00000000 0.00000000
vt 0.00000000 0.00000000
vt 0.00000000 0.00000000
vt 0.00000000 0.00000000
vt 0.00000000 0.00000000
vt 0.00000000 0.00000000
vt 0.00000000 0.00000000
vt 0.00000000 0.00000000
vt 0.00000000 0.00000000
vt 0.00000000 0.00000000
vt 0.00000000 0.00000000
vt 0.00000000 0.00000000
vt 0.00000000 0.00000000
vt 0.00000000 0.00000000
vt 0.00000000 0.00000000
vt 0.00000000 0.00000000
vt 0.00000000 0.00000000
vt 0.00000000 0.00000000
vt 0.00000000 0.00000000
vt 0.00000000 0.00000000
vt 0.00000000 0.00000000
vt 0.00000000 0.00000000
vt 0.00000000 0.00000000
vt 0.00000000 0.00000000
vt 0.00000000 0.00000000
vt 0.00000000 0.00000000
vt 0.00000000 0.00000000
vt 0.00000000 0.00000000
vt 0.00000000 0.00000000
vt 0.00000000 0.00000000
vt 0.00000000 0.00000000
vt 0.00000000 0.00000000
vt 0.00000000 0.00000000
vt 0.00000000 0.00000000
vt 0.00000000 0.00000000
vt 0.00000000 0.00000000
vt 0.00000000 0.00000000
vt 0.00000000 0.00000000
vt 0.00000000 0.00000000
vt 0.00000000 0.00000000
vt 0.00000000 0.00000000
vt 0.00000000 0.00000000
vt 0.00000000 0.00000000
vt 0.00000000 0.00000000
vt 0.00000000 0.00000000
vt 0.00000000 0.00000000
vt 0.00000000 0.00000000
vt 0.00000000 0.00000000
vt 0.00000000 0.00000000
vt 0.00000000 0.00000000
vt 0.00000000 0.00000000
vt 0.00000000 0.00000000
vt 0.00000000 0.00000000
vt 0.00000000 0.00000000
vt 0.00000000 0.00000000
vt 0.00000000 0.00000000
vt 0.00000000 0.00000000
vt 0.00000000 0.00000000
vt 0.00000000 0.00000000
vt 0.00000000 0.00000000
vt 0.00000000 0.00000000
vt 0.00000000 0.00000000
vt 0.00000000 0.00000000
vt 0.00000000 0.00000000
vt 0.00000000 0.00000000
vt 0.00000000 0.00000000
vt 0.00000000 0.00000000
vt 0.00000000 0.00000000
vt 0.00000000 0.00000000
vt 0.00000000 0.00000000
vt 0.00000000 0.00000000
vt 0.00000000 0.00000000
vt 0.00000000 0.00000000
vt 0.00000000 0.00000000
vt 0.00000000 0.00000000
vt 0.00000000 0.00000000
vt 0.00000000 0.00000000
vt 0.00000000 0.00000000
vt 0.00000000 0.00000000
vt 0.00000000 0.00000000
vt 0.00000000 0.00000000
vt 0.00000000 0.00000000
vt 0.00000000 0.00000000
vt 0.00000000 0.00000000
vt 0.00000000 0.00000000
vt 0.00000000 0.00000000
vt 0.00000000 0.00000000
vt 0.00000000 0.00000000
vt 0.00000000 0.00000000
vt 0.00000000 0.00000000
vt 0.00000000 0.00000000
vt 0.00000000 0.00000000
vt 0.00000000 0.00000000
vt 0.00000000 0.00000000
vt 0.00000000 0.00000000
vt 0.00000000 0.00000000
vt 0.00000000 0.00000000
vt 0.00000000 0.00000000
vt 0.00000000 0.00000000
vt 0.00000000 0.00000000
vt 0.00000000 0.00000000
vt 0.00000000 0.00000000
vt 0.00000000 0.00000000
vt 0.00000000 0.00000000
vt 0.00000000 0.00000000
vt 0.00000000 0.00000000
vt 0.00000000 0.00000000
vt 0.00000000 0.00000000
vt 0.00000000 0.00000000
vt 0.00000000 0.00000000
vt 0.00000000 0.00000000
vt 0.00000000 0.00000000
vt 0.00000000 0.00000000
vt 0.00000000 0.00000000
vt 0.00000000 0.00000000
vt 0.00000000 0.00000000
vt 0.00000000 0.00000000
vt 0.00000000 0.00000000
vt 0.00000000 0.00000000
vt 0.00000000 0.00000000
vt 0.00000000 0.00000000
vt 0.00000000 0.00000000
vt 0.00000000 0.00000000
vt 0.00000000 0.00000000
vt 0.00000000 0.00000000
vt 0.00000000 0.00000000
vt 0.00000000 0.00000000
vt 0.00000000 0.00000000
vt 0.00000000 0.00000000
vt 0.00000000 0.00000000
vt 0.00000000 0.00000000
vt 0.00000000 0.00000000
vt 0.00000000 0.00000000
vt 0.00000000 0.00000000
vt 0.00000000 0.00000000
vt 0.00000000 0.00000000
vt 0.00000000 0.00000000
vt 0.00000000 0.00000000
vt 0.00000000 0.00000000
vt 0.00000000 0.00000000
vt 0.00000000 0.00000000
vt 0.00000000 0.00000000
vt 0.00000000 0.00000000
vt 0.00000000 0.00000000
vt 0.00000000 0.00000000
vt 0.00000000 0.00000000
vt 0.00000000 0.00000000
vt 0.00000000 0.00000000
vt 0.00000000 0.00000000
vt 0.00000000 0.00000000
vt 0.00000000 0.00000000
vt 0.00000000 0.00000000
vt 0.00000000 0.00000000
vt 0.00000000 0.00000000
vt 0.00000000 0.00000000
vt 0.00000000 0.00000000
vt 0.00000000 0.00000000
vt 0.00000000 0.00000000
vt 0.00000000 0.00000000
vt 0.00000000 0.00000000
vt 0.00000000 0.00000000
vt 0.00000000 0.00000000
vt 0.00000000 0.00000000
vt 0.00000000 0.00000000
vt 0.00000000 0.00000000
vt 0.00000000 0.00000000
vt 0.00000000 0.00000000
vt 0.00000000 0.00000000
vt 0.00000000 0.00000000
vt 0.00000000 0.00000000
vt 0.00000000 0.00000000
vt 0.00000000 0.00000000
vt 0.00000000 0.00000000
vt 0.00000000 0.00000000
vt 0.00000000 0.00000000
vt 0.00000000 0.00000000
vt 0.00000000 0.00000000
vt 0.00000000 0.00000000
vt 0.00000000 0.00000000
vt 0.00000000 0.00000000
vt 0.00000000 0.00000000
vt 0.00000000 0.00000000
vt 0.00000000 0.00000000
vt 0.00000000 0.00000000
vt 0.00000000 0.00000000
vt 0.00000000 0.00000000
vt 0.00000000 0.00000000
vt 0.00000000 0.00000000
vt 0.00000000 0.00000000
vt 0.00000000 0.00000000
vt 0.00000000 0.00000000
vt 0.00000000 0.00000000
vt 0.00000000 0.00000000
vt 0.00000000 0.00000000
vt 0.00000000 0.00000000
vt 0.00000000 0.00000000
vt 0.00000000 0.00000000
vt 0.00000000 0.00000000
vt 0.00000000 0.00000000
vt 0.00000000 0.00000000
vt 0.00000000 0.00000000
vt 0.00000000 0.00000000
vt 0.00000000 0.00000000
vt 0.00000000 0.00000000
vt 0.00000000 0.00000000
vt 0.00000000 0.00000000
vt 0.00000000 0.00000000
vt 0.00000000 0.00000000
vt 0.00000000 0.00000000
vt 0.00000000 0.00000000
vt 0.00000000 0.00000000
vt 0.00000000 0.00000000
vt 0.00000000 0.00000000
vt 0.00000000 0.00000000
vt 0.00000000 0.00000000
vt 0.00000000 0.00000000
vt 0.00000000 0.00000000
vt 0.00000000 0.00000000
vt 0.00000000 0.00000000
vt 0.00000000 0.00000000
vt 0.00000000 0.00000000
vt 0.00000000 0.00000000
vt 0.00000000 0.00000000
vt 0.00000000 0.00000000
vt 0.00000000 0.00000000
vt 0.00000000 0.00000000
vt 0.00000000 0.00000000
vt 0.00000000 0.00000000
vt 0.00000000 0.00000000
vt 0.00000000 0.00000000
vt 0.00000000 0.00000000
vt 0.00000000 0.00000000
vt 0.00000000 0.00000000
vt 0.00000000 0.00000000
vt 0.00000000 0.00000000
vt 0.00000000 0.00000000
vt 0.00000000 0.00000000
vt 0.00000000 0.00000000
vt 0.00000000 0.00000000
vt 0.00000000 0.00000000
vt 0.00000000 0.00000000
vt 0.00000000 0.00000000
vt 0.00000000 0.00000000
vt 0.00000000 0.00000000
vt 0.00000000 0.00000000
vt 0.00000000 0.00000000
vt 0.00000000 0.00000000
vt 0.00000000 0.00000000
vt 0.00000000 0.00000000
vt 0.00000000 0.00000000
vt 0.00000000 0.00000000
vt 0.00000000 0.00000000
vt 0.00000000 0.00000000
vt 0.00000000 0.00000000
vt 0.00000000 0.00000000
vt 0.00000000 0.00000000
vt 0.00000000 0.00000000
vt 0.00000000 0.00000000
vt 0.00000000 0.00000000
vt 0.00000000 0.00000000
vt 0.00000000 0.00000000
vt 0.00000000 0.00000000
vt 0.00000000 0.00000000
vt 0.00000000 0.00000000
vt 0.00000000 0.00000000
vt 0.00000000 0.00000000
vt 0.00000000 0.00000000
vt 0.00000000 0.00000000
vt 0.00000000 0.00000000
vt 0.00000000 0.00000000
vt 0.00000000 0.00000000
vt 0.00000000 0.00000000
vt 0.00000000 0.00000000
vt 0.00000000 0.00000000
vt 0.00000000 0.00000000
vt 0.00000000 0.00000000
vt 0.00000000 0.00000000
vt 0.00000000 0.00000000
vt 0.00000000 0.00000000
vt 0.00000000 0.00000000
vt 0.00000000 0.00000000
vt 0.00000000 0.00000000
vt 0.00000000 0.00000000
vt 0.00000000 0.00000000
vt 0.00000000 0.00000000
vt 0.00000000 0.00000000
vt 0.00000000 0.00000000
vt 0.00000000 0.00000000
vt 0.00000000 0.00000000
vt 0.00000000 0.00000000
vt 0.00000000 0.00000000
vt 0.00000000 0.00000000
vt 0.00000000 0.00000000
vt 0.00000000 0.00000000
vt 0.00000000 0.00000000
vt 0.00000000 0.00000000
vt 0.00000000 0.00000000
vt 0.00000000 0.00000000
vt 0.00000000 0.00000000
vt 0.00000000 0.00000000
vt 0.00000000 0.00000000
vt 0.00000000 0.00000000
vt 0.00000000 0.00000000
vt 0.00000000 0.00000000
vt 0.00000000 0.00000000
vt 0.00000000 0.00000000
vt 0.00000000 0.00000000
vt 0.00000000 0.00000000
vt 0.00000000 0.00000000
vt 0.00000000 0.00000000
vt 0.00000000 0.00000000
vt 0.00000000 0.00000000
vt 0.00000000 0.00000000
vt 0.00000000 0.00000000
vt 0.00000000 0.00000000
vt 0.00000000 0.00000000
vt 0.00000000 0.00000000
vt 0.00000000 0.00000000
vt 0.00000000 0.00000000
vt 0.00000000 0.00000000
vt 0.00000000 0.00000000
vt 0.00000000 0.00000000
vt 0.00000000 0.00000000
vt 0.00000000 0.00000000
vt 0.00000000 0.00000000
vt 0.00000000 0.00000000
vt 0.00000000 0.00000000
vt 0.00000000 0.00000000
vt 0.00000000 0.00000000
vt 0.00000000 0.00000000
vt 0.00000000 0.00000000
vt 0.00000000 0.00000000
vt 0.00000000 0.00000000
vt 0.00000000 0.00000000
vt 0.00000000 0.00000000
vt 0.00000000 0.00000000
vt 0.00000000 0.00000000
vt 0.00000000 0.00000000
vt 0.00000000 0.00000000
vt 0.00000000 0.00000000
vt 0.00000000 0.00000000
vt 0.00000000 0.00000000
vt 0.00000000 0.00000000
vt 0.00000000 0.00000000
vt 0.00000000 0.00000000
vt 0.00000000 0.00000000
vt 0.00000000 0.00000000
vt 0.00000000 0.00000000
vt 0.00000000 0.00000000
vt 0.00000000 0.00000000
vt 0.00000000 0.00000000
vt 0.00000000 0.00000000
vt 0.00000000 0.00000000
vt 0.00000000 0.00000000
vt 0.00000000 0.00000000
vt 0.00000000 0.00000000
vt 0.00000000 0.00000000
vt 0.00000000 0.00000000
vt 0.00000000 0.00000000
vt 0.00000000 0.00000000
vt 0.00000000 0.00000000
vt 0.00000000 0.00000000
vt 0.00000000 0.00000000
vt 0.00000000 0.00000000
vt 0.00000000 0.00000000
vt 0.00000000 0.00000000
vt 0.00000000 0.00000000
vt 0.00000000 0.00000000
vt 0.00000000 0.00000000
vt 0.00000000 0.00000000
vt 0.00000000 0.00000000
vt 0.00000000 0.00000000
vt 0.00000000 0.00000000
vt 0.00000000 0.00000000
vt 0.00000000 0.00000000
vt 0.00000000 0.00000000
vt 0.00000000 0.00000000
vt 0.00000000 0.00000000
vt 0.00000000 0.00000000
vt 0.00000000 0.00000000
vt 0.00000000 0.00000000
vt 0.00000000 0.00000000
vt 0.00000000 0.00000000
vt 0.00000000 0.00000000
vt 0.00000000 0.00000000
vt 0.00000000 0.00000000
vt 0.00000000 0.00000000
vt 0.00000000 0.00000000
vt 0.00000000 0.00000000
vt 0.00000000 0.00000000
vt 0.00000000 0.00000000
vt 0.00000000 0.00000000
vt 0.00000000 0.00000000
vt 0.00000000 0.00000000
vt 0.00000000 0.00000000
vt 0.00000000 0.00000000
vt 0.00000000 0.00000000
vt 0.00000000 0.00000000
vt 0.00000000 0.00000000
vt 0.00000000 0.00000000
vt 0.00000000 0.00000000
vt 0.00000000 0.00000000
vt 0.00000000 0.00000000
vt 0.00000000 0.00000000
vt 0.00000000 0.00000000
vt 0.00000000 0.00000000
vt 0.00000000 0.00000000
vt 0.00000000 0.00000000
vt 0.00000000 0.00000000
vt 0.00000000 0.00000000
vt 0.00000000 0.00000000
vt 0.00000000 0.00000000
vt 0.00000000 0.00000000
vt 0.00000000 0.00000000
vt 0.00000000 0.00000000
vt 0.00000000 0.00000000
vt 0.00000000 0.00000000
vt 0.00000000 0.00000000
vt 0.00000000 0.00000000
vt 0.00000000 0.00000000
vt 0.00000000 0.00000000
vt 0.00000000 0.00000000
vt 0.00000000 0.00000000
vt 0.00000000 0.00000000
vt 0.00000000 0.00000000
vt 0.00000000 0.00000000
vt 0.00000000 0.00000000
vt 0.00000000 0.00000000
vt 0.00000000 0.00000000
vt 0.00000000 0.00000000
vt 0.00000000 0.00000000
vt 0.00000000 0.00000000
vt 0.00000000 0.00000000
vt 0.00000000 0.00000000
vt 0.00000000 0.00000000
vt 0.00000000 0.00000000
vt 0.00000000 0.00000000
vt 0.00000000 0.00000000
vt 0.00000000 0.00000000
vt 0.00000000 0.00000000
vt 0.00000000 0.00000000
vt 0.00000000 0.00000000
vt 0.00000000 0.00000000
vt 0.00000000 0.00000000
vt 0.00000000 0.00000000
vt 0.00000000 0.00000000
vt 0.00000000 0.00000000
vt 0.00000000 0.00000000
vt 0.00000000 0.00000000
vt 0.00000000 0.00000000
vt 0.00000000 0.00000000
vt 0.00000000 0.00000000
vt 0.00000000 0.00000000
vt 0.00000000 0.00000000
vt 0.00000000 0.00000000
vt 0.00000000 0.00000000
vt 0.00000000 0.00000000
vt 0.00000000 0.00000000
vt 0.00000000 0.00000000
vt 0.00000000 0.00000000
vt 0.00000000 0.00000000
vt 0.00000000 0.00000000
vt 0.00000000 0.00000000
vt 0.00000000 0.00000000
vt 0.00000000 0.00000000
vt 0.00000000 0.00000000
vt 0.00000000 0.00000000
vt 0.00000000 0.00000000
vt 0.00000000 0.00000000
vt 0.00000000 0.00000000
vt 0.00000000 0.00000000
vt 0.00000000 0.00000000
vt 0.00000000 0.00000000
vt 0.00000000 0.00000000
vt 0.00000000 0.00000000
vt 0.00000000 0.00000000
vt 0.00000000 0.00000000
vt 0.00000000 0.00000000
vt 0.00000000 0.00000000
vt 0.00000000 0.00000000
vt 0.00000000 0.00000000
vt 0.00000000 0.00000000
vt 0.00000000 0.00000000
vt 0.00000000 0.00000000
vt 0.00000000 0.00000000
vt 0.00000000 0.00000000
vt 0.00000000 0.00000000
vt 0.00000000 0.00000000
vt 0.00000000 0.00000000
vt 0.00000000 0.00000000
vt 0.00000000 0.00000000
vt 0.00000000 0.00000000
vt 0.00000000 0.00000000
vt 0.00000000 0.00000000
vt 0.00000000 0.00000000
vt 0.00000000 0.00000000
vt 0.00000000 0.00000000
vt 0.00000000 0.00000000
vt 0.00000000 0.00000000
vt 0.00000000 0.00000000
vt 0.00000000 0.00000000
vt 0.00000000 0.00000000
vt 0.00000000 0.00000000
vt 0.00000000 0.00000000
vt 0.00000000 0.00000000
vt 0.00000000 0.00000000
vt 0.00000000 0.00000000
vt 0.00000000 0.00000000
vt 0.00000000 0.00000000
vt 0.00000000 0.00000000
vt 0.00000000 0.00000000
vt 0.00000000 0.00000000
vt 0.00000000 0.00000000
vt 0.00000000 0.00000000
vt 0.00000000 0.00000000
vt 0.00000000 0.00000000
vt 0.00000000 0.00000000
vt 0.00000000 0.00000000
vt 0.00000000 0.00000000
vt 0.00000000 0.00000000
vt 0.00000000 0.00000000
vt 0.00000000 0.00000000
vt 0.00000000 0.00000000
vt 0.00000000 0.00000000
vt 0.00000000 0.00000000
vt 0.00000000 0.00000000
vt 0.00000000 0.00000000
vt 0.00000000 0.00000000
vt 0.00000000 0.00000000
vt 0.00000000 0.00000000
vt 0.00000000 0.00000000
vt 0.00000000 0.00000000
vt 0.00000000 0.00000000
vt 0.00000000 0.00000000
vt 0.00000000 0.00000000
vt 0.00000000 0.00000000
vt 0.00000000 0.00000000
vt 0.00000000 0.00000000
vt 0.00000000 0.00000000
vt 0.00000000 0.00000000
vt 0.00000000 0.00000000
vt 0.00000000 0.00000000
vt 0.00000000 0.00000000
vt 0.00000000 0.00000000
vt 0.00000000 0.00000000
vt 0.00000000 0.00000000
vt 0.00000000 0.00000000
vt 0.00000000 0.00000000
vt 0.00000000 0.00000000
vt 0.00000000 0.00000000
vt 0.00000000 0.00000000
vt 0.00000000 0.00000000
vt 0.00000000 0.00000000
vt 0.00000000 0.00000000
vt 0.00000000 0.00000000
vt 0.00000000 0.00000000
vt 0.00000000 0.00000000
vt 0.00000000 0.00000000
vt 0.00000000 0.00000000
vt 0.00000000 0.00000000
vt 0.00000000 0.00000000
vt 0.00000000 0.00000000
vt 0.00000000 0.00000000
vt 0.00000000 0.00000000
vt 0.00000000 0.00000000
vt 0.00000000 0.00000000
vt 0.00000000 0.00000000
vt 0.00000000 0.00000000
vt 0.00000000 0.00000000
vt 0.00000000 0.00000000
vt 0.00000000 0.00000000
vt 0.00000000 0.00000000
vt 0.00000000 0.00000000
vt 0.00000000 0.00000000
vt 0.00000000 0.00000000
vt 0.00000000 0.00000000
vt 0.00000000 0.00000000
vt 0.00000000 0.00000000
vt 0.00000000 0.00000000
vt 0.00000000 0.00000000
vt 0.00000000 0.00000000
vt 0.00000000 0.00000000
vt 0.00000000 0.00000000
vt 0.00000000 0.00000000
vt 0.00000000 0.00000000
vt 0.00000000 0.00000000
vt 0.00000000 0.00000000
vt 0.00000000 0.00000000
vt 0.00000000 0.00000000
vt 0.00000000 0.00000000
vt 0.00000000 0.00000000
vt 0.00000000 0.00000000
vt 0.00000000 0.00000000
vt 0.00000000 0.00000000
vt 0.00000000 0.00000000
vt 0.00000000 0.00000000
vt 0.00000000 0.00000000
vt 0.00000000 0.00000000
vt 0.00000000 0.00000000
vt 0.00000000 0.00000000
vt 0.00000000 0.00000000
vt 0.00000000 0.00000000
vt 0.00000000 0.00000000
vt 0.00000000 0.00000000
vt 0.00000000 0.00000000
vt 0.00000000 0.00000000
vt 0.00000000 0.00000000
vt 0.00000000 0.00000000
vt 0.00000000 0.00000000
vt 0.00000000 0.00000000
vt 0.00000000 0.00000000
vt 0.00000000 0.00000000
vt 0.00000000 0.00000000
vt 0.00000000 0.00000000
vt 0.00000000 0.00000000
vt 0.00000000 0.00000000
vt 0.00000000 0.00000000
vt 0.00000000 0.00000000
vt 0.00000000 0.00000000
vt 0.00000000 0.00000000
vt 0.00000000 0.00000000
vt 0.00000000 0.00000000
vt 0.00000000 0.00000000
vt 0.00000000 0.00000000
vt 0.00000000 0.00000000
vt 0.00000000 0.00000000
vt 0.00000000 0.00000000
vt 0.00000000 0.00000000
vt 0.00000000 0.00000000
vt 0.00000000 0.00000000
vt 0.00000000 0.00000000
vt 0.00000000 0.00000000
vt 0.00000000 0.00000000
vt 0.00000000 0.00000000
vt 0.00000000 0.00000000
vt 0.00000000 0.00000000
vt 0.00000000 0.00000000
vt 0.00000000 0.00000000
vt 0.00000000 0.00000000
vt 0.00000000 0.00000000
vt 0.00000000 0.00000000
vt 0.00000000 0.00000000
vt 0.00000000 0.00000000
vt 0.00000000 0.00000000
vt 0.00000000 0.00000000
vt 0.00000000 0.00000000
vt 0.00000000 0.00000000
vt 0.00000000 0.00000000
vt 0.00000000 0.00000000
vt 0.00000000 0.00000000
vt 0.00000000 0.00000000
vt 0.00000000 0.00000000
vt 0.00000000 0.00000000
vt 0.00000000 0.00000000
vt 0.00000000 0.00000000
vt 0.00000000 0.00000000
vt 0.00000000 0.00000000
vt 0.00000000 0.00000000
vt 0.00000000 0.00000000
vt 0.00000000 0.00000000
vt 0.00000000 0.00000000
vt 0.00000000 0.00000000
vt 0.00000000 0.00000000
vt 0.00000000 0.00000000
vt 0.00000000 0.00000000
vt 0.00000000 0.00000000
vt 0.00000000 0.00000000
vt 0.00000000 0.00000000
vt 0.00000000 0.00000000
vt 0.00000000 0.00000000
vt 0.00000000 0.00000000
vt 0.00000000 0.00000000
vt 0.00000000 0.00000000
vt 0.00000000 0.00000000
vt 0.00000000 0.00000000
vt 0.00000000 0.00000000
vt 0.00000000 0.00000000
vt 0.00000000 0.00000000
vt 0.00000000 0.00000000
vt 0.00000000 0.00000000
vt 0.00000000 0.00000000
vt 0.00000000 0.00000000
vt 0.00000000 0.00000000
vt 0.00000000 0.00000000
vt 0.00000000 0.00000000
vt 0.00000000 0.00000000
vt 0.00000000 0.00000000
vt 0.00000000 0.00000000
vt 0.00000000 0.00000000
vt 0.00000000 0.00000000
vt 0.00000000 0.00000000
vt 0.00000000 0.00000000
vt 0.00000000 0.00000000
vt 0.00000000 0.00000000
vt 0.00000000 0.00000000
vt 0.00000000 0.00000000
vt 0.00000000 0.00000000
vt 0.00000000 0.00000000
vt 0.00000000 0.00000000
vt 0.00000000 0.00000000
vt 0.00000000 0.00000000
vt 0.00000000 0.00000000
vt 0.00000000 0.00000000
vt 0.00000000 0.00000000
vt 0.00000000 0.00000000
vt 0.00000000 0.00000000
vt 0.00000000 0.00000000
vt 0.00000000 0.00000000
vt 0.00000000 0.00000000
vt 0.00000000 0.00000000
vt 0.00000000 0.00000000
vt 0.00000000 0.00000000
vt 0.00000000 0.00000000
vt 0.00000000 0.00000000
vt 0.00000000 0.00000000
vt 0.00000000 0.00000000
vt 0.00000000 0.00000000
vt 0.00000000 0.00000000
vt 0.00000000 0.00000000
vt 0.00000000 0.00000000
vt 0.00000000 0.00000000
vt 0.00000000 0.00000000
vt 0.00000000 0.00000000
vt 0.00000000 0.00000000
vt 0.00000000 0.00000000
vt 0.00000000 0.00000000
vt 0.00000000 0.00000000
vt 0.00000000 0.00000000
vt 0.00000000 0.00000000
vt 0.00000000 0.00000000
vt 0.00000000 0.00000000
vt 0.00000000 0.00000000
vt 0.00000000 0.00000000
vt 0.00000000 0.00000000
vt 0.00000000 0.00000000
vt 0.00000000 0.00000000
vt 0.00000000 0.00000000
vt 0.00000000 0.00000000
vt 0.00000000 0.00000000
vt 0.00000000 0.00000000
vt 0.00000000 0.00000000
vt 0.00000000 0.00000000
vt 0.00000000 0.00000000
vt 0.00000000 0.00000000
vt 0.00000000 0.00000000
vt 0.00000000 0.00000000
vt 0.00000000 0.00000000
vt 0.00000000 0.00000000
vt 0.00000000 0.00000000
vt 0.00000000 0.00000000
vt 0.00000000 0.00000000
vt 0.00000000 0.00000000
vt 0.00000000 0.00000000
vt 0.00000000 0.00000000
vt 0.00000000 0.00000000
vt 0.00000000 0.00000000
vt 0.00000000 0.00000000
vt 0.00000000 0.00000000
vt 0.00000000 0.00000000
vt 0.00000000 0.00000000
vt 0.00000000 0.00000000
vt 0.00000000 0.00000000
vt 0.00000000 0.00000000
vt 0.00000000 0.00000000
vt 0.00000000 0.00000000
vt 0.00000000 0.00000000
vt 0.00000000 0.00000000
vt 0.00000000 0.00000000
vt 0.00000000 0.00000000
vt 0.00000000 0.00000000
vt 0.00000000 0.00000000
vt 0.00000000 0.00000000
vt 0.00000000 0.00000000
vt 0.00000000 0.00000000
vt 0.00000000 0.00000000
vt 0.00000000 0.00000000
vt 0.00000000 0.00000000
vt 0.00000000 0.00000000
vt 0.00000000 0.00000000
vt 0.00000000 0.00000000
vt 0.00000000 0.00000000
vt 0.00000000 0.00000000
vt 0.00000000 0.00000000
vt 0.00000000 0.00000000
vt 0.00000000 0.00000000
vt 0.00000000 0.00000000
vt 0.00000000 0.00000000
vt 0.00000000 0.00000000
vt 0.00000000 0.00000000
vt 0.00000000 0.00000000
vt 0.00000000 0.00000000
vt 0.00000000 0.00000000
vt 0.00000000 0.00000000
vt 0.00000000 0.00000000
vt 0.00000000 0.00000000
vt 0.00000000 0.00000000
vt 0.00000000 0.00000000
vt 0.00000000 0.00000000
vt 0.00000000 0.00000000
vt 0.00000000 0.00000000
vt 0.00000000 0.00000000
vt 0.00000000 0.00000000
vt 0.00000000 0.00000000
vt 0.00000000 0.00000000
vt 0.00000000 0.00000000
vt 0.00000000 0.00000000
vt 0.00000000 0.00000000
vt 0.00000000 0.00000000
vt 0.00000000 0.00000000
vt 0.00000000 0.00000000
vt 0.00000000 0.00000000
vt 0.00000000 0.00000000
vt 0.00000000 0.00000000
vt 0.00000000 0.00000000
vt 0.00000000 0.00000000
vt 0.00000000 0.00000000
vt 0.00000000 0.00000000
vt 0.00000000 0.00000000
vt 0.00000000 0.00000000
vt 0.00000000 0.00000000
vt 0.00000000 0.00000000
vt 0.00000000 0.00000000
vt 0.00000000 0.00000000
vt 0.00000000 0.00000000
vt 0.00000000 0.00000000
vt 0.00000000 0.00000000
vt 0.00000000 0.00000000
vt 0.00000000 0.00000000
vt 0.00000000 0.00000000
vt 0.00000000 0.00000000
vt 0.00000000 0.00000000
vt 0.00000000 0.00000000
vt 0.00000000 0.00000000
vt 0.00000000 0.00000000
vt 0.00000000 0.00000000
vt 0.00000000 0.00000000
vt 0.00000000 0.00000000
vt 0.00000000 0.00000000
vt 0.00000000 0.00000000
vt 0.00000000 0.00000000
vt 0.00000000 0.00000000
vt 0.00000000 0.00000000
vt 0.00000000 0.00000000
vt 0.00000000 0.00000000
vt 0.00000000 0.00000000
vt 0.00000000 0.00000000
vt 0.00000000 0.00000000
vt 0.00000000 0.00000000
vt 0.00000000 0.00000000
vt 0.00000000 0.00000000
vt 0.00000000 0.00000000
vt 0.00000000 0.00000000
vt 0.00000000 0.00000000
vt 0.00000000 0.00000000
vt 0.00000000 0.00000000
vt 0.00000000 0.00000000
vt 0.00000000 0.00000000
vt 0.00000000 0.00000000
vt 0.00000000 0.00000000
vt 0.00000000 0.00000000
vt 0.00000000 0.00000000
vt 0.00000000 0.00000000
vt 0.00000000 0.00000000
vt 0.00000000 0.00000000
vt 0.00000000 0.00000000
vt 0.00000000 0.00000000
vt 0.00000000 0.00000000
vt 0.00000000 0.00000000
vt 0.00000000 0.00000000
vt 0.00000000 0.00000000
vt 0.00000000 0.00000000
vt 0.00000000 0.00000000
vt 0.00000000 0.00000000
vt 0.00000000 0.00000000
vt 0.00000000 0.00000000
vt 0.00000000 0.00000000
vt 0.00000000 0.00000000
vt 0.00000000 0.00000000
vt 0.00000000 0.00000000
vt 0.00000000 0.00000000
vt 0.00000000 0.00000000
vt 0.00000000 0.00000000
vt 0.00000000 0.00000000
vt 0.00000000 0.00000000
vt 0.00000000 0.00000000
vt 0.00000000 0.00000000
vt 0.00000000 0.00000000
vt 0.00000000 0.00000000
vt 0.00000000 0.00000000
vt 0.00000000 0.00000000
vt 0.00000000 0.00000000
vt 0.00000000 0.00000000
vt 0.00000000 0.00000000
vt 0.00000000 0.00000000
vt 0.00000000 0.00000000
vt 0.00000000 0.00000000
vt 0.00000000 0.00000000
vt 0.00000000 0.00000000
vt 0.00000000 0.00000000
vt 0.00000000 0.00000000
vt 0.00000000 0.00000000
vt 0.00000000 0.00000000
vt 0.00000000 0.00000000
vt 0.00000000 0.00000000
vt 0.00000000 0.00000000
f 1/1 2/2 3/3
f 3/3 2/2 4/4
f 3/3 4/4 5/5
f 5/5 4/4 6/6
f 5/5 6/6 7/7
f 7/7 6/6 8/8
f 7/7 8/8 9/9
f 9/9 8/8 10/10
f 9/9 10/10 11/11
f 11/11 10/10 12/12
f 11/11 12/12 13/13
f 13/13 12/12 14/14
f 13/13 14/14 15/15
f 15/15 14/14 16/16
f 15/15 16/16 17/17
f 17/17 16/16 18/18
f 17/17 18/18 19/19
f 19/19 18/18 20/20
f 19/19 20/20 21/21
f 21/21 20/20 22/22
f 21/21 22/22 23/23
f 23/23 22/22 24/24
f 23/23 24/24 25/25
f 25/25 24/24 26/26
f 25/25 26/26 27/27
f 27/27 26/26 28/28
f 27/27 28/28 29/29
f 29/29 28/28 30/30
f 29/29 30/30 31/31
f 32/32 33/33 1/1
f 1/1 33/33 34/34
f 1/1 34/34 2/2
f 2/2 34/34 35/35
f 2/2 35/35 36/36
f 36/36 35/35 37/37
f 36/36 37/37 38/38
f 38/38 37/37 39/39
f 38/38 39/39 40/40
f 40/40 39/39 41/41
f 40/40 41/41 42/42
f 42/42 41/41 43/43
f 42/42 43/43 44/44
f 44/44 43/43 45/45
f 44/44 45/45 46/46
f 46/46 45/45 47/47
f 46/46 47/47 48/48
f 48/48 47/47 49/49
f 48/48 49/49 50/50
f 50/50 49/49 51/51
f 50/50 51/51 52/52
f 52/52 51/51 53/53
f 52/52 53/53 54/54
f 54/54 53/53 55/55
f 54/54 55/55 56/56
f 56/56 55/55 57/57
f 56/56 57/57 58/58
f 58/58 57/57 59/59
f 58/58 59/59 60/60
f 60/60 59/59 61/61
f 60/60 61/61 62/62
f 62/62 61/61 63/63
f 62/62 63/63 64/64
f 64/64 63/63 65/65
f 64/64 65/65 66/66
f 66/66 65/65 67/67
f 66/66 67/67 68/68
f 68/68 67/67 69/69
f 68/68 69/69 70/70
f 70/70 69/69 71/71
f 70/70 71/71 72/72
f 72/72 71/71 73/73
f 72/72 73/73 74/74
f 74/74 73/73 75/75
f 74/74 75/75 76/76
f 76/76 75/75 77/77
f 76/76 77/77 78/78
f 78/78 77/77 79/79
f 78/78 79/79 80/80
f 80/80 79/79 81/81
f 80/80 81/81 82/82
f 82/82 81/81 83/83
f 82/82 83/83 84/84
f 84/84 83/83 85/85
f 84/84 85/85 86/86
f 86/86 85/85 87/87
f 86/86 87/87 88/88
f 88/88 87/87 89/89
f 88/88 89/89 90/90
f 90/90 89/89 91/91
f 90/90 91/91 92/92
f 92/92 91/91 93/93
f 92/92 93/93 94/94
f 94/94 93/93 95/95
f 94/94 95/95 96/96
f 96/96 95/95 97/97
f 96/96 97/97 98/98
f 98/98 97/97 99/99
f 98/98 99/99 100/100
f 100/100 99/99 101/101
f 100/100 101/101 102/102
f 102/102 101/101 103/103
f 102/102 103/103 104/104
f 104/104 103/103 105/105
f 104/104 105/105 106/106
f 106/106 105/105 107/107
f 106/106 107/107 108/108
f 108/108 107/107 109/109
f 108/108 109/109 110/110
f 110/110 109/109 111/111
f 110/110 111/111 112/112
f 112/112 111/111 113/113
f 112/112 113/113 114/114
f 114/114 113/113 115/115
f 114/114 115/115 116/116
f 116/116 115/115 117/117
f 116/116 117/117 118/118
f 118/118 117/117 119/119
f 118/118 119/119 120/120
f 120/120 119/119 121/121
f 120/120 121/121 122/122
f 122/122 121/121 123/123
f 122/122 123/123 124/124
f 124/124 123/123 125/125
f 124/124 125/125 126/126
f 126/126 125/125 127/127
f 126/126 127/127 128/128
f 128/128 127/127 129/129
f 128/128 129/129 130/130
f 130/130 129/129 131/131
f 130/130 131/131 132/132
f 132/132 131/131 133/133
f 132/132 133/133 134/134
f 134/134 133/133 135/135
f 134/134 135/135 136/136
f 136/136 135/135 137/137
f 136/136 137/137 138/138
f 138/138 137/137 139/139
f 138/138 139/139 140/140
f 140/140 139/139 141/141
f 140/140 141/141 142/142
f 142/142 141/141 143/143
f 142/142 143/143 144/144
f 144/144 143/143 145/145
f 144/144 145/145 146/146
f 146/146 145/145 147/147
f 146/146 147/147 148/148
f 148/148 147/147 149/149
f 148/148 149/149 150/150
f 150/150 149/149 151/151
f 150/150 151/151 152/152
f 152/152 151/151 153/153
f 152/152 153/153 154/154
f 154/154 153/153 155/155
f 154/154 155/155 156/156
f 156/156 155/155 157/157
f 156/156 157/157 158/158
f 158/158 157/157 159/159
f 158/158 159/159 160/160
f 160/160 159/159 161/161
f 160/160 161/161 162/162
f 162/162 161/161 163/163
f 162/162 163/163 164/164
f 164/164 163/163 165/165
f 164/164 165/165 166/166
f 166/166 165/165 167/167
f 166/166 167/167 168/168
f 168/168 167/167 169/169
f 168/168 169/169 170/170
f 170/170 169/169 171/171
f 170/170 171/171 172/172
f 172/172 171/171 173/173
f 172/172 173/173 174/174
f 174/174 173/173 175/175
f 174/174 175/175 176/176
f 176/176 175/175 177/177
f 176/176 177/177 178/178
f 178/178 177/177 179/179
f 178/178 179/179 180/180
f 180/180 179/179 181/181
f 180/180 181/181 182/182
f 182/182 181/181 183/183
f 182/182 183/183 184/184
f 184/184 183/183 185/185
f 184/184 185/185 186/186
f 186/186 185/185 187/187
f 186/186 187/187 188/188
f 188/188 187/187 189/189
f 188/188 189/189 190/190
f 190/190 189/189 191/191
f 190/190 191/191 192/192
f 192/192 191/191 193/193
f 192/192 193/193 194/194
f 194/194 193/193 195/195
f 194/194 195/195 196/196
f 33/33 32/32 197/197
f 197/197 32/32 198/198
f 197/197 198/198 199/199
f 199/199 198/198 200/200
f 199/199 200/200 201/201
f 201/201 200/200 202/202
f 201/201 202/202 203/203
f 203/203 202/202 204/204
f 203/203 204/204 205/205
f 205/205 204/204 206/206
f 205/205 206/206 207/207
f 207/207 206/206 208/208
f 207/207 208/208 209/209
f 209/209 208/208 210/210
f 209/209 210/210 211/211
f 211/211 210/210 212/212
f 211/211 212/212 213/213
f 213/213 212/212 214/214
f 213/213 214/214 215/215
f 215/215 214/214 216/216
f 215/215 216/216 31/31
f 31/31 216/216 29/29
f 28/28 217/217 30/30
f 30/30 217/217 218/218
f 218/218 217/217 219/219
f 218/218 219/219 220/220
f 220/220 219/219 221/221
f 220/220 221/221 222/222
f 222/222 221/221 223/223
f 222/222 223/223 224/224
f 224/224 223/223 225/225
f 224/224 225/225 226/226
f 226/226 225/225 227/227
f 226/226 227/227 228/228
f 228/228 227/227 229/229
f 228/228 229/229 230/230
f 230/230 229/229 231/231
f 230/230 231/231 232/232
f 232/232 231/231 233/233
f 232/232 233/233 234/234
f 234/234 233/233 235/235
f 234/234 235/235 236/236
f 236/236 235/235 237/237
f 236/236 237/237 238/238
f 238/238 237/237 239/239
f 238/238 239/239 240/240
f 240/240 239/239 241/241
f 240/240 241/241 242/242
f 242/242 241/241 243/243
f 242/242 243/243 244/244
f 244/244 243/243 245/245
f 244/244 245/245 246/246
f 246/246 245/245 247/247
f 246/246 247/247 248/248
f 248/248 247/247 249/249
f 248/248 249/249 250/250
f 250/250 249/249 251/251
f 250/250 251/251 252/252
f 252/252 251/251 253/253
f 252/252 253/253 254/254
f 254/254 253/253 255/255
f 254/254 255/255 256/256
f 256/256 255/255 257/257
f 256/256 257/257 258/258
f 258/258 257/257 259/259
f 258/258 259/259 260/260
f 260/260 259/259 261/261
f 260/260 261/261 262/262
f 262/262 261/261 263/263
f 262/262 263/263 264/264
f 264/264 263/263 265/265
f 264/264 265/265 266/266
f 266/266 265/265 267/267
f 266/266 267/267 268/268
f 268/268 267/267 269/269
f 268/268 269/269 270/270
f 270/270 269/269 271/271
f 270/270 271/271 272/272
f 272/272 271/271 273/273
f 272/272 273/273 274/274
f 274/274 273/273 275/275
f 274/274 275/275 276/276
f 276/276 275/275 277/277
f 276/276 277/277 278/278
f 278/278 277/277 279/279
f 278/278 279/279 280/280
f 280/280 279/279 281/281
f 280/280 281/281 282/282
f 282/282 281/281 283/283
f 282/282 283/283 284/284
f 284/284 283/283 285/285
f 284/284 285/285 286/286
f 286/286 285/285 287/287
f 286/286 287/287 288/288
f 288/288 287/287 289/289
f 288/288 289/289 290/290
f 290/290 289/289 291/291
f 290/290 291/291 292/292
f 292/292 291/291 293/293
f 292/292 293/293 294/294
f 294/294 293/293 295/295
f 294/294 295/295 296/296
f 296/296 295/295 297/297
f 296/296 297/297 298/298
f 298/298 297/297 299/299
f 298/298 299/299 300/300
f 300/300 299/299 301/301
f 300/300 301/301 302/302
f 302/302 301/301 303/303
f 302/302 303/303 304/304
f 304/304 303/303 305/305
f 304/304 305/305 306/306
f 306/306 305/305 307/307
f 306/306 307/307 308/308
f 308/308 307/307 309/309
f 308/308 309/309 310/310
f 310/310 309/309 311/311
f 310/310 311/311 312/312
f 312/312 311/311 313/313
f 312/312 313/313 314/314
f 314/314 313/313 315/315
f 314/314 315/315 316/316
f 316/316 315/315 317/317
f 316/316 317/317 318/318
f 318/318 317/317 319/319
f 318/318 319/319 320/320
f 320/320 319/319 321/321
f 320/320 321/321 322/322
f 322/322 321/321 323/323
f 322/322 323/323 324/324
f 324/324 323/323 325/325
f 324/324 325/325 326/326
f 326/326 325/325 327/327
f 326/326 327/327 328/328
f 328/328 327/327 329/329
f 328/328 329/329 330/330
f 330/330 329/329 331/331
f 330/330 331/331 332/332
f 332/332 331/331 333/333
f 332/332 333/333 334/334
f 334/334 333/333 335/335
f 334/334 335/335 336/336
f 336/336 335/335 337/337
f 336/336 337/337 338/338
f 338/338 337/337 339/339
f 338/338 339/339 340/340
f 340/340 339/339 341/341
f 340/340 341/341 342/342
f 342/342 341/341 343/343
f 342/342 343/343 344/344
f 344/344 343/343 345/345
f 344/344 345/345 346/346
f 346/346 345/345 347/347
f 346/346 347/347 348/348
f 348/348 347/347 349/349
f 348/348 349/349 350/350
f 350/350 349/349 351/351
f 350/350 351/351 352/352
f 352/352 351/351 353/353
f 352/352 353/353 354/354
f 354/354 353/353 355/355
f 354/354 355/355 356/356
f 356/356 355/355 357/357
f 356/356 357/357 358/358
f 358/358 357/357 359/359
f 358/358 359/359 360/360
f 360/360 359/359 361/361
f 360/360 361/361 362/362
f 362/362 361/361 363/363
f 362/362 363/363 364/364
f 364/364 363/363 365/365
f 364/364 365/365 366/366
f 366/366 365/365 367/367
f 366/366 367/367 368/368
f 368/368 367/367 369/369
f 368/368 369/369 370/370
f 370/370 369/369 371/371
f 370/370 371/371 372/372
f 372/372 371/371 373/373
f 372/372 373/373 374/374
f 374/374 373/373 375/375
f 374/374 375/375 376/376
f 376/376 375/375 377/377
f 376/376 377/377 378/378
f 378/378 377/377 379/379
f 378/378 379/379 380/380
f 380/380 379/379 381/381
f 380/380 381/381 382/382
f 382/382 381/381 383/383
f 382/382 383/383 384/384
f 384/384 383/383 385/385
f 384/384 385/385 386/386
f 386/386 385/385 387/387
f 386/386 387/387 388/388
f 388/388 387/387 389/389
f 388/388 389/389 390/390
f 390/390 389/389 391/391
f 390/390 391/391 392/392
f 392/392 391/391 393/393
f 392/392 393/393 394/394
f 394/394 393/393 395/395
f 394/394 395/395 396/396
f 396/396 395/395 397/397
f 396/396 397/397 398/398
f 398/398 397/397 195/195
f 398/398 195/195 193/193
f 375/375 373/373 399/399
f 399/399 373/373 400/400
f 399/399 400/400 401/401
f 401/401 400/400 402/402
f 401/401 402/402 403/403
f 403/403 402/402 404/404
f 403/403 404/404 405/405
f 405/405 404/404 406/406
f 405/405 406/406 407/407
f 407/407 406/406 408/408
f 407/407 408/408 409/409
f 409/409 408/408 410/410
f 409/409 410/410 411/411
f 411/411 410/410 412/412
f 411/411 412/412 413/413
f 413/413 412/412 414/414
f 413/413 414/414 415/415
f 415/415 414/414 416/416
f 415/415 416/416 417/417
f 417/417 416/416 418/418
f 417/417 418/418 419/419
f 419/419 418/418 420/420
f 419/419 420/420 421/421
f 421/421 420/420 422/422
f 421/421 422/422 196/196
f 196/196 422/422 194/194
f 423/423 424/424 425/425
f 425/425 424/424 426/426
f 425/425 426/426 427/427
f 427/427 428/428 425/425
f 425/425 428/428 429/429
f 425/425 429/429 430/430
f 430/430 431/431 425/425
f 425/425 431/431 432/432
f 425/425 432/432 433/433
f 433/433 434/434 425/425
f 425/425 434/434 435/435
f 425/425 435/435 436/436
f 436/436 437/437 425/425
f 425/425 437/437 438/438
f 425/425 438/438 439/439
f 439/439 440/440 425/425
f 425/425 440/440 441/441
f 425/425 441/441 442/442
f 442/442 443/443 425/425
f 425/425 443/443 444/444
f 425/425 444/444 445/445
f 445/445 446/446 425/425
f 425/425 446/446 447/447
f 425/425 447/447 448/448
f 448/448 449/449 425/425
f 425/425 449/449 450/450
f 425/425 450/450 451/451
f 451/451 450/450 452/452
f 451/451 452/452 453/453
f 453/453 452/452 454/454
f 454/454 452/452 455/455
f 454/454 455/455 456/456
f 456/456 455/455 457/457
f 456/456 457/457 458/458
f 458/458 459/459 456/456
f 456/456 459/459 460/460
f 456/456 460/460 461/461
f 461/461 462/462 456/456
f 456/456 462/462 463/463
f 456/456 463/463 464/464
f 464/464 465/465 456/456
f 456/456 465/465 466/466
f 456/456 466/466 467/467
f 467/467 468/468 456/456
f 456/456 468/468 469/469
f 456/456 469/469 470/470
f 470/470 471/471 456/456
f 456/456 471/471 472/472
f 456/456 472/472 473/473
f 473/473 474/474 456/456
f 456/456 474/474 475/475
f 456/456 475/475 476/476
f 476/476 477/477 456/456
f 456/456 477/477 478/478
f 456/456 478/478 479/479
f 479/479 480/480 456/456
f 456/456 480/480 481/481
f 456/456 481/481 482/482
f 482/482 483/483 456/456
f 456/456 483/483 484/484
f 456/456 484/484 485/485
f 485/485 486/486 456/456
f 456/456 486/486 487/487
f 456/456 487/487 488/488
f 488/488 489/489 456/456
f 456/456 489/489 490/490
f 456/456 490/490 491/491
f 491/491 492/492 456/456
f 456/456 492/492 493/493
f 456/456 493/493 494/494
f 494/494 495/495 456/456
f 456/456 495/495 496/496
f 456/456 496/496 497/497
f 497/497 498/498 456/456
f 456/456 498/498 499/499
f 456/456 499/499 500/500
f 500/500 501/501 456/456
f 456/456 501/501 502/502
f 456/456 502/502 503/503
f 503/503 504/504 456/456
f 456/456 504/504 505/505
f 456/456 505/505 506/506
f 506/506 507/507 456/456
f 456/456 507/507 508/508
f 456/456 508/508 509/509
f 509/509 510/510 456/456
f 456/456 510/510 511/511
f 456/456 511/511 512/512
f 512/512 513/513 456/456
f 456/456 513/513 514/514
f 456/456 514/514 515/515
f 515/515 516/516 456/456
f 456/456 516/516 517/517
f 456/456 517/517 518/518
f 518/518 519/519 456/456
f 456/456 519/519 520/520
f 456/456 520/520 521/521
f 521/521 522/522 456/456
f 456/456 522/522 523/523
f 523/523 522/522 524/524
f 523/523 524/524 525/525
f 525/525 526/526 523/523
f 523/523 526/526 527/527
f 523/523 527/527 528/528
f 528/528 529/529 523/523
f 523/523 529/529 530/530
f 523/523 530/530 531/531
f 531/531 532/532 523/523
f 523/523 532/532 533/533
f 523/523 533/533 534/534
f 534/534 535/535 523/523
f 523/523 535/535 536/536
f 523/523 536/536 537/537
f 537/537 538/538 523/523
f 523/523 538/538 539/539
f 523/523 539/539 540/540
f 540/540 541/541 523/523
f 523/523 541/541 542/542
f 523/523 542/542 543/543
f 543/543 544/544 523/523
f 523/523 544/544 545/545
f 523/523 545/545 546/546
f 546/546 547/547 523/523
f 523/523 547/547 548/548
f 523/523 548/548 549/549
f 549/549 550/550 523/523
f 523/523 550/550 551/551
f 523/523 551/551 552/552
f 552/552 553/553 523/523
f 523/523 553/553 554/554
f 523/523 554/554 555/555
f 555/555 556/556 523/523
f 523/523 556/556 557/557
f 523/523 557/557 558/558
f 558/558 559/559 523/523
f 523/523 559/559 560/560
f 523/523 560/560 561/561
f 561/561 562/562 523/523
f 523/523 562/562 563/563
f 523/523 563/563 564/564
f 564/564 565/565 523/523
f 523/523 565/565 566/566
f 523/523 566/566 567/567
f 567/567 568/568 523/523
f 523/523 568/568 569/569
f 523/523 569/569 453/453
f 453/453 569/569 570/570
f 453/453 570/570 571/571
f 571/571 572/572 453/453
f 453/453 572/572 573/573
f 453/453 573/573 574/574
f 574/574 575/575 453/453
f 453/453 575/575 576/576
f 453/453 576/576 577/577
f 577/577 578/578 453/453
f 453/453 578/578 579/579
f 453/453 579/579 580/580
f 580/580 581/581 453/453
f 453/453 581/581 582/582
f 453/453 582/582 583/583
f 583/583 584/584 453/453
f 453/453 584/584 585/585
f 453/453 585/585 586/586
f 586/586 587/587 453/453
f 453/453 587/587 588/588
f 453/453 588/588 451/451
f 589/589 590/590 425/425
f 425/425 590/590 591/591
f 425/425 591/591 592/592
f 592/592 593/593 425/425
f 425/425 593/593 594/594
f 425/425 594/594 595/595
f 595/595 596/596 425/425
f 425/425 596/596 597/597
f 425/425 597/597 598/598
f 598/598 599/599 425/425
f 425/425 599/599 600/600
f 425/425 600/600 601/601
f 601/601 602/602 425/425
f 425/425 602/602 603/603
f 425/425 603/603 604/604
f 604/604 605/605 425/425
f 425/425 605/605 606/606
f 425/425 606/606 607/607
f 607/607 608/608 425/425
f 425/425 608/608 609/609
f 425/425 609/609 610/610
f 610/610 611/611 425/425
f 425/425 611/611 423/423
f 612/612 424/424 613/613
f 613/613 424/424 423/423
f 613/613 423/423 614/614
f 614/614 423/423 611/611
f 614/614 611/611 615/615
f 615/615 611/611 610/610
f 615/615 610/610 616/616
f 616/616 610/610 609/609
f 616/616 609/609 617/617
f 617/617 609/609 608/608
f 617/617 608/608 618/618
f 618/618 608/608 607/607
f 618/618 607/607 619/619
f 619/619 607/607 606/606
f 619/619 606/606 620/620
f 620/620 606/606 605/605
f 620/620 605/605 621/621
f 621/621 605/605 604/604
f 621/621 604/604 622/622
f 622/622 604/604 603/603
f 622/622 603/603 623/623
f 623/623 603/603 602/602
f 623/623 602/602 624/624
f 624/624 602/602 601/601
f 624/624 601/601 625/625
f 625/625 601/601 600/600
f 625/625 600/600 626/626
f 626/626 600/600 599/599
f 626/626 599/599 627/627
f 627/627 599/599 598/598
f 627/627 598/598 628/628
f 628/628 598/598 597/597
f 628/628 597/597 629/629
f 629/629 597/597 596/596
f 629/629 596/596 630/630
f 630/630 596/596 595/595
f 630/630 595/595 631/631
f 631/631 595/595 594/594
f 631/631 594/594 632/632
f 632/632 594/594 593/593
f 632/632 593/593 633/633
f 633/633 593/593 592/592
f 633/633 592/592 634/634
f 634/634 592/592 591/591
f 634/634 591/591 635/635
f 635/635 591/591 590/590
f 635/635 590/590 636/636
f 636/636 590/590 589/589
f 636/636 589/589 637/637
f 637/637 589/589 425/425
f 637/637 425/425 638/638
f 638/638 425/425 451/451
f 638/638 451/451 639/639
f 639/639 451/451 588/588
f 639/639 588/588 640/640
f 640/640 588/588 587/587
f 640/640 587/587 641/641
f 641/641 587/587 586/586
f 641/641 586/586 642/642
f 642/642 586/586 585/585
f 642/642 585/585 643/643
f 643/643 585/585 584/584
f 643/643 584/584 644/644
f 644/644 584/584 583/583
f 644/644 583/583 645/645
f 645/645 583/583 582/582
f 645/645 582/582 646/646
f 646/646 582/582 581/581
f 646/646 581/581 647/647
f 647/647 581/581 580/580
f 647/647 580/580 648/648
f 648/648 580/580 579/579
f 648/648 579/579 649/649
f 649/649 579/579 578/578
f 649/649 578/578 650/650
f 650/650 578/578 577/577
f 650/650 577/577 651/651
f 651/651 577/577 576/576
f 651/651 576/576 652/652
f 652/652 576/576 575/575
f 652/652 575/575 653/653
f 653/653 575/575 574/574
f 653/653 574/574 654/654
f 654/654 574/574 573/573
f 654/654 573/573 655/655
f 655/655 573/573 572/572
f 655/655 572/572 656/656
f 656/656 572/572 571/571
f 656/656 571/571 657/657
f 657/657 571/571 570/570
f 657/657 570/570 658/658
f 658/658 570/570 569/569
f 658/658 569/569 659/659
f 659/659 569/569 568/568
f 659/659 568/568 660/660
f 660/660 568/568 567/567
f 660/660 567/567 661/661
f 661/661 567/567 566/566
f 661/661 566/566 662/662
f 662/662 566/566 565/565
f 662/662 565/565 663/663
f 663/663 565/565 564/564
f 663/663 564/564 664/664
f 664/664 564/564 563/563
f 664/664 563/563 665/665
f 665/665 563/563 562/562
f 665/665 562/562 666/666
f 666/666 562/562 561/561
f 666/666 561/561 667/667
f 667/667 561/561 560/560
f 667/667 560/560 668/668
f 668/668 560/560 559/559
f 668/668 559/559 669/669
f 669/669 559/559 558/558
f 669/669 558/558 670/670
f 670/670 558/558 557/557
f 670/670 557/557 671/671
f 671/671 557/557 556/556
f 671/671 556/556 672/672
f 672/672 556/556 555/555
f 672/672 555/555 673/673
f 673/673 555/555 554/554
f 673/673 554/554 674/674
f 674/674 554/554 553/553
f 674/674 553/553 675/675
f 675/675 553/553 552/552
f 675/675 552/552 676/676
f 676/676 552/552 551/551
f 676/676 551/551 677/677
f 677/677 551/551 550/550
f 677/677 550/550 678/678
f 678/678 550/550 549/549
f 678/678 549/549 679/679
f 679/679 549/549 548/548
f 679/679 548/548 680/680
f 680/680 548/548 547/547
f 680/680 547/547 681/681
f 681/681 547/547 546/546
f 681/681 546/546 682/682
f 682/682 546/546 545/545
f 682/682 545/545 683/683
f 683/683 545/545 544/544
f 683/683 544/544 684/684
f 684/684 544/544 543/543
f 684/684 543/543 685/685
f 685/685 543/543 542/542
f 685/685 542/542 686/686
f 686/686 542/542 541/541
f 686/686 541/541 687/687
f 687/687 541/541 540/540
f 687/687 540/540 688/688
f 688/688 540/540 539/539
f 688/688 539/539 689/689
f 689/689 539/539 538/538
f 689/689 538/538 690/690
f 690/690 538/538 537/537
f 690/690 537/537 691/691
f 691/691 537/537 536/536
f 691/691 536/536 692/692
f 692/692 536/536 535/535
f 692/692 535/535 693/693
f 693/693 535/535 534/534
f 693/693 534/534 694/694
f 694/694 534/534 533/533
f 694/694 533/533 695/695
f 695/695 533/533 532/532
f 695/695 532/532 696/696
f 696/696 532/532 531/531
f 696/696 531/531 697/697
f 697/697 531/531 530/530
f 697/697 530/530 698/698
f 698/698 530/530 529/529
f 698/698 529/529 699/699
f 699/699 529/529 528/528
f 699/699 528/528 700/700
f 700/700 528/528 527/527
f 700/700 527/527 701/701
f 701/701 527/527 526/526
f 701/701 526/526 702/702
f 702/702 526/526 525/525
f 702/702 525/525 703/703
f 703/703 525/525 524/524
f 703/703 524/524 704/704
f 704/704 524/524 522/522
f 704/704 522/522 705/705
f 705/705 522/522 521/521
f 705/705 521/521 706/706
f 706/706 521/521 520/520
f 706/706 520/520 707/707
f 707/707 520/520 519/519
f 707/707 519/519 708/708
f 708/708 519/519 518/518
f 708/708 518/518 709/709
f 709/709 518/518 517/517
f 709/709 517/517 710/710
f 710/710 517/517 516/516
f 710/710 516/516 711/711
f 711/711 516/516 515/515
f 711/711 515/515 712/712
f 712/712 515/515 514/514
f 712/712 514/514 713/713
f 713/713 514/514 513/513
f 713/713 513/513 714/714
f 714/714 513/513 512/512
f 714/714 512/512 715/715
f 715/715 512/512 511/511
f 715/715 511/511 716/716
f 716/716 511/511 510/510
f 716/716 510/510 717/717
f 717/717 510/510 509/509
f 717/717 509/509 718/718
f 718/718 509/509 508/508
f 718/718 508/508 719/719
f 719/719 508/508 507/507
f 719/719 507/507 720/720
f 720/720 507/507 506/506
f 720/720 506/506 721/721
f 721/721 506/506 505/505
f 721/721 505/505 722/722
f 722/722 505/505 504/504
f 722/722 504/504 723/723
f 723/723 504/504 503/503
f 723/723 503/503 724/724
f 724/724 503/503 502/502
f 724/724 502/502 725/725
f 725/725 502/502 501/501
f 725/725 501/501 726/726
f 726/726 501/501 500/500
f 726/726 500/500 727/727
f 727/727 500/500 499/499
f 727/727 499/499 728/728
f 728/728 499/499 498/498
f 728/728 498/498 729/729
f 729/729 498/498 497/497
f 729/729 497/497 730/730
f 730/730 497/497 496/496
f 730/730 496/496 731/731
f 731/731 496/496 495/495
f 731/731 495/495 732/732
f 732/732 495/495 494/494
f 732/732 494/494 733/733
f 733/733 494/494 493/493
f 733/733 493/493 734/734
f 734/734 493/493 492/492
f 734/734 492/492 735/735
f 735/735 492/492 491/491
f 735/735 491/491 736/736
f 736/736 491/491 490/490
f 736/736 490/490 737/737
f 737/737 490/490 489/489
f 737/737 489/489 738/738
f 738/738 489/489 488/488
f 738/738 488/488 739/739
f 739/739 488/488 487/487
f 739/739 487/487 740/740
f 740/740 487/487 486/486
f 740/740 486/486 741/741
f 741/741 486/486 485/485
f 741/741 485/485 742/742
f 742/742 485/485 484/484
f 742/742 484/484 743/743
f 743/743 484/484 483/483
f 743/743 483/483 744/744
f 744/744 483/483 482/482
f 744/744 482/482 745/745
f 745/745 482/482 481/481
f 745/745 481/481 746/746
f 746/746 481/481 480/480
f 746/746 480/480 747/747
f 747/747 480/480 479/479
f 747/747 479/479 748/748
f 748/748 479/479 478/478
f 748/748 478/478 749/749
f 749/749 478/478 477/477
f 749/749 477/477 750/750
f 750/750 477/477 476/476
f 750/750 476/476 751/751
f 751/751 476/476 475/475
f 751/751 475/475 752/752
f 752/752 475/475 474/474
f 752/752 474/474 753/753
f 753/753 474/474 473/473
f 753/753 473/473 754/754
f 754/754 473/473 472/472
f 754/754 472/472 755/755
f 755/755 472/472 471/471
f 755/755 471/471 756/756
f 756/756 471/471 470/470
f 756/756 470/470 757/757
f 757/757 470/470 469/469
f 757/757 469/469 758/758
f 758/758 469/469 468/468
f 758/758 468/468 759/759
f 759/759 468/468 467/467
f 759/759 467/467 760/760
f 760/760 467/467 466/466
f 760/760 466/466 761/761
f 761/761 466/466 465/465
f 761/761 465/465 762/762
f 762/762 465/465 464/464
f 762/762 464/464 763/763
f 763/763 464/464 463/463
f 763/763 463/463 764/764
f 764/764 463/463 462/462
f 764/764 462/462 765/765
f 765/765 462/462 461/461
f 765/765 461/461 766/766
f 766/766 461/461 460/460
f 766/766 460/460 767/767
f 767/767 460/460 459/459
f 767/767 459/459 768/768
f 768/768 459/459 458/458
f 768/768 458/458 769/769
f 769/769 458/458 457/457
f 769/769 457/457 770/770
f 770/770 457/457 455/455
f 770/770 455/455 771/771
f 771/771 455/455 452/452
f 771/771 452/452 772/772
f 772/772 452/452 450/450
f 772/772 450/450 773/773
f 773/773 450/450 449/449
f 773/773 449/449 774/774
f 774/774 449/449 448/448
f 774/774 448/448 775/775
f 775/775 448/448 447/447
f 775/775 447/447 776/776
f 776/776 447/447 446/446
f 776/776 446/446 777/777
f 777/777 446/446 445/445
f 777/777 445/445 778/778
f 778/778 445/445 444/444
f 778/778 444/444 779/779
f 779/779 444/444 443/443
f 779/779 443/443 780/780
f 780/780 443/443 442/442
f 780/780 442/442 781/781
f 781/781 442/442 441/441
f 781/781 441/441 782/782
f 782/782 441/441 440/440
f 782/782 440/440 783/783
f 783/783 440/440 439/439
f 783/783 439/439 784/784
f 784/784 439/439 438/438
f 784/784 438/438 785/785
f 785/785 438/438 437/437
f 785/785 437/437 786/786
f 786/786 437/437 436/436
f 786/786 436/436 787/787
f 787/787 436/436 435/435
f 787/787 435/435 788/788
f 788/788 435/435 434/434
f 788/788 434/434 789/789
f 789/789 434/434 433/433
f 789/789 433/433 790/790
f 790/790 433/433 432/432
f 790/790 432/432 791/791
f 791/791 432/432 431/431
f 791/791 431/431 792/792
f 792/792 431/431 430/430
f 792/792 430/430 793/793
f 793/793 430/430 429/429
f 793/793 429/429 794/794
f 794/794 429/429 428/428
f 794/794 428/428 795/795
f 795/795 428/428 427/427
f 795/795 427/427 796/796
f 796/796 427/427 426/426
f 796/796 426/426 612/612
f 612/612 426/426 424/424
f 111/111 612/612 113/113
f 113/113 612/612 613/613
f 113/113 613/613 614/614
f 111/111 109/109 612/612
f 612/612 109/109 107/107
f 612/612 107/107 105/105
f 105/105 103/103 612/612
f 612/612 103/103 101/101
f 612/612 101/101 99/99
f 99/99 97/97 612/612
f 612/612 97/97 95/95
f 612/612 95/95 93/93
f 93/93 91/91 612/612
f 612/612 91/91 89/89
f 612/612 89/89 87/87
f 87/87 85/85 612/612
f 612/612 85/85 83/83
f 612/612 83/83 81/81
f 79/79 794/794 81/81
f 81/81 794/794 795/795
f 81/81 795/795 796/796
f 77/77 779/779 79/79
f 79/79 779/779 780/780
f 79/79 780/780 781/781
f 779/779 77/77 778/778
f 778/778 77/77 75/75
f 778/778 75/75 777/777
f 777/777 75/75 73/73
f 777/777 73/73 776/776
f 776/776 73/73 71/71
f 776/776 71/71 775/775
f 775/775 71/71 69/69
f 775/775 69/69 774/774
f 774/774 69/69 67/67
f 774/774 67/67 773/773
f 773/773 67/67 65/65
f 773/773 65/65 772/772
f 772/772 65/65 63/63
f 772/772 63/63 771/771
f 771/771 63/63 61/61
f 771/771 61/61 770/770
f 770/770 61/61 59/59
f 770/770 59/59 769/769
f 769/769 59/59 57/57
f 769/769 57/57 768/768
f 768/768 57/57 55/55
f 768/768 55/55 767/767
f 767/767 55/55 53/53
f 767/767 53/53 766/766
f 766/766 53/53 51/51
f 766/766 51/51 765/765
f 765/765 51/51 49/49
f 765/765 49/49 764/764
f 764/764 49/49 47/47
f 764/764 47/47 763/763
f 763/763 47/47 45/45
f 763/763 45/45 762/762
f 762/762 45/45 43/43
f 762/762 43/43 761/761
f 761/761 43/43 41/41
f 761/761 41/41 760/760
f 760/760 41/41 39/39
f 760/760 39/39 759/759
f 759/759 39/39 37/37
f 759/759 37/37 35/35
f 759/759 35/35 758/758
f 758/758 35/35 34/34
f 758/758 34/34 757/757
f 757/757 34/34 33/33
f 757/757 33/33 756/756
f 756/756 33/33 197/197
f 756/756 197/197 755/755
f 755/755 197/197 199/199
f 755/755 199/199 754/754
f 754/754 199/199 201/201
f 754/754 201/201 753/753
f 753/753 201/201 203/203
f 753/753 203/203 752/752
f 752/752 203/203 205/205
f 752/752 205/205 207/207
f 752/752 207/207 751/751
f 751/751 207/207 209/209
f 751/751 209/209 750/750
f 750/750 209/209 211/211
f 750/750 211/211 749/749
f 749/749 211/211 213/213
f 749/749 213/213 748/748
f 748/748 213/213 215/215
f 748/748 215/215 747/747
f 747/747 215/215 31/31
f 747/747 31/31 746/746
f 746/746 31/31 30/30
f 746/746 30/30 745/745
f 745/745 30/30 218/218
f 745/745 218/218 744/744
f 744/744 218/218 220/220
f 744/744 220/220 222/222
f 744/744 222/222 743/743
f 743/743 222/222 224/224
f 743/743 224/224 742/742
f 742/742 224/224 226/226
f 742/742 226/226 741/741
f 741/741 226/226 228/228
f 741/741 228/228 740/740
f 740/740 228/228 230/230
f 740/740 230/230 739/739
f 739/739 230/230 232/232
f 739/739 232/232 738/738
f 738/738 232/232 234/234
f 738/738 234/234 737/737
f 737/737 234/234 236/236
f 737/737 236/236 736/736
f 736/736 236/236 238/238
f 736/736 238/238 735/735
f 735/735 238/238 240/240
f 735/735 240/240 734/734
f 734/734 240/240 242/242
f 734/734 242/242 733/733
f 733/733 242/242 244/244
f 733/733 244/244 732/732
f 732/732 244/244 246/246
f 732/732 246/246 731/731
f 731/731 246/246 248/248
f 731/731 248/248 730/730
f 730/730 248/248 250/250
f 730/730 250/250 729/729
f 729/729 250/250 252/252
f 729/729 252/252 728/728
f 728/728 252/252 254/254
f 728/728 254/254 727/727
f 727/727 254/254 256/256
f 727/727 256/256 726/726
f 726/726 256/256 258/258
f 726/726 258/258 725/725
f 725/725 258/258 260/260
f 725/725 260/260 724/724
f 724/724 260/260 262/262
f 724/724 262/262 723/723
f 723/723 262/262 722/722
f 722/722 262/262 721/721
f 721/721 262/262 720/720
f 720/720 262/262 719/719
f 719/719 262/262 718/718
f 718/718 262/262 717/717
f 717/717 262/262 716/716
f 716/716 262/262 715/715
f 715/715 262/262 714/714
f 714/714 262/262 713/713
f 713/713 262/262 712/712
f 712/712 262/262 711/711
f 711/711 262/262 710/710
f 710/710 262/262 709/709
f 709/709 262/262 708/708
f 708/708 262/262 707/707
f 707/707 262/262 706/706
f 706/706 262/262 264/264
f 706/706 264/264 266/266
f 266/266 268/268 706/706
f 706/706 268/268 270/270
f 706/706 270/270 272/272
f 272/272 274/274 706/706
f 706/706 274/274 276/276
f 706/706 276/276 278/278
f 278/278 280/280 706/706
f 706/706 280/280 282/282
f 706/706 282/282 284/284
f 284/284 286/286 706/706
f 706/706 286/286 288/288
f 706/706 288/288 290/290
f 290/290 292/292 706/706
f 706/706 292/292 294/294
f 706/706 294/294 296/296
f 298/298 704/704 296/296
f 296/296 704/704 705/705
f 296/296 705/705 706/706
f 704/704 298/298 703/703
f 703/703 298/298 300/300
f 703/703 300/300 702/702
f 702/702 300/300 302/302
f 702/702 302/302 701/701
f 701/701 302/302 304/304
f 701/701 304/304 700/700
f 700/700 304/304 306/306
f 700/700 306/306 699/699
f 699/699 306/306 308/308
f 699/699 308/308 698/698
f 698/698 308/308 310/310
f 698/698 310/310 697/697
f 697/697 310/310 312/312
f 697/697 312/312 696/696
f 696/696 312/312 314/314
f 696/696 314/314 695/695
f 695/695 314/314 316/316
f 695/695 316/316 694/694
f 694/694 316/316 318/318
f 694/694 318/318 693/693
f 693/693 318/318 320/320
f 693/693 320/320 692/692
f 692/692 320/320 322/322
f 692/692 322/322 691/691
f 691/691 322/322 690/690
f 690/690 322/322 324/324
f 690/690 324/324 689/689
f 689/689 324/324 326/326
f 689/689 326/326 688/688
f 688/688 326/326 328/328
f 688/688 328/328 687/687
f 687/687 328/328 330/330
f 687/687 330/330 686/686
f 686/686 330/330 332/332
f 686/686 332/332 685/685
f 685/685 332/332 334/334
f 685/685 334/334 684/684
f 684/684 334/334 336/336
f 684/684 336/336 683/683
f 683/683 336/336 338/338
f 683/683 338/338 682/682
f 682/682 338/338 340/340
f 682/682 340/340 681/681
f 681/681 340/340 342/342
f 681/681 342/342 680/680
f 680/680 342/342 344/344
f 680/680 344/344 679/679
f 679/679 344/344 346/346
f 679/679 346/346 678/678
f 678/678 346/346 348/348
f 678/678 348/348 677/677
f 677/677 348/348 350/350
f 677/677 350/350 676/676
f 676/676 350/350 352/352
f 676/676 352/352 675/675
f 675/675 352/352 354/354
f 675/675 354/354 674/674
f 674/674 354/354 356/356
f 674/674 356/356 673/673
f 673/673 356/356 358/358
f 673/673 358/358 672/672
f 672/672 358/358 360/360
f 672/672 360/360 671/671
f 671/671 360/360 362/362
f 671/671 362/362 670/670
f 670/670 362/362 364/364
f 670/670 364/364 669/669
f 669/669 364/364 366/366
f 669/669 366/366 668/668
f 668/668 366/366 368/368
f 668/668 368/368 667/667
f 667/667 368/368 370/370
f 667/667 370/370 372/372
f 667/667 372/372 666/666
f 666/666 372/372 374/374
f 666/666 374/374 665/665
f 665/665 374/374 376/376
f 665/665 376/376 664/664
f 664/664 376/376 378/378
f 664/664 378/378 663/663
f 663/663 378/378 380/380
f 663/663 380/380 662/662
f 662/662 380/380 382/382
f 662/662 382/382 661/661
f 661/661 382/382 384/384
f 661/661 384/384 660/660
f 660/660 384/384 386/386
f 660/660 386/386 659/659
f 659/659 386/386 388/388
f 659/659 388/388 390/390
f 659/659 390/390 658/658
f 658/658 390/390 392/392
f 658/658 392/392 657/657
f 657/657 392/392 394/394
f 657/657 394/394 656/656
f 656/656 394/394 396/396
f 656/656 396/396 655/655
f 655/655 396/396 398/398
f 655/655 398/398 654/654
f 654/654 398/398 193/193
f 654/654 193/193 653/653
f 653/653 193/193 191/191
f 653/653 191/191 652/652
f 652/652 191/191 189/189
f 652/652 189/189 187/187
f 652/652 187/187 651/651
f 651/651 187/187 185/185
f 651/651 185/185 650/650
f 650/650 185/185 183/183
f 650/650 183/183 649/649
f 649/649 183/183 181/181
f 649/649 181/181 648/648
f 648/648 181/181 179/179
f 648/648 179/179 647/647
f 647/647 179/179 177/177
f 647/647 177/177 646/646
f 646/646 177/177 175/175
f 646/646 175/175 645/645
f 645/645 175/175 173/173
f 645/645 173/173 644/644
f 644/644 173/173 171/171
f 644/644 171/171 643/643
f 643/643 171/171 169/169
f 643/643 169/169 642/642
f 642/642 169/169 167/167
f 642/642 167/167 641/641
f 641/641 167/167 165/165
f 641/641 165/165 640/640
f 640/640 165/165 163/163
f 640/640 163/163 639/639
f 639/639 163/163 161/161
f 639/639 161/161 638/638
f 638/638 161/161 159/159
f 638/638 159/159 637/637
f 637/637 159/159 157/157
f 637/637 157/157 636/636
f 636/636 157/157 155/155
f 636/636 155/155 635/635
f 635/635 155/155 153/153
f 635/635 153/153 634/634
f 634/634 153/153 151/151
f 634/634 151/151 633/633
f 633/633 151/151 149/149
f 633/633 149/149 632/632
f 632/632 149/149 147/147
f 632/632 147/147 631/631
f 631/631 147/147 145/145
f 631/631 145/145 630/630
f 630/630 145/145 143/143
f 630/630 143/143 629/629
f 629/629 143/143 141/141
f 629/629 141/141 628/628
f 628/628 141/141 139/139
f 628/628 139/139 627/627
f 627/627 139/139 626/626
f 626/626 139/139 137/137
f 626/626 137/137 625/625
f 625/625 137/137 135/135
f 625/625 135/135 624/624
f 624/624 135/135 133/133
f 624/624 133/133 623/623
f 623/623 133/133 131/131
f 623/623 131/131 622/622
f 622/622 131/131 129/129
f 622/622 129/129 621/621
f 621/621 129/129 127/127
f 621/621 127/127 620/620
f 620/620 127/127 125/125
f 620/620 125/125 619/619
f 619/619 125/125 123/123
f 619/619 123/123 618/618
f 618/618 123/123 121/121
f 618/618 121/121 617/617
f 617/617 121/121 119/119
f 617/617 119/119 616/616
f 616/616 119/119 117/117
f 616/616 117/117 615/615
f 615/615 117/117 115/115
f 615/615 115/115 614/614
f 614/614 115/115 113/113
f 781/781 782/782 79/79
f 79/79 782/782 783/783
f 79/79 783/783 784/784
f 784/784 785/785 79/79
f 79/79 785/785 786/786
f 79/79 786/786 787/787
f 787/787 788/788 79/79
f 79/79 788/788 789/789
f 79/79 789/789 790/790
f 790/790 791/791 79/79
f 79/79 791/791 792/792
f 79/79 792/792 793/793
f 793/793 794/794 79/79
f 796/796 612/612 81/81
f 797/797 798/798 799/799
f 799/799 798/798 800/800
f 799/799 800/800 801/801
f 802/802 803/803 797/797
f 797/797 803/803 804/804
f 797/797 804/804 805/805
f 806/806 807/807 802/802
f 802/802 807/807 808/808
f 802/802 808/808 809/809
f 810/810 811/811 806/806
f 806/806 811/811 812/812
f 806/806 812/812 813/813
f 814/814 815/815 810/810
f 810/810 815/815 816/816
f 810/810 816/816 817/817
f 799/799 818/818 814/814
f 814/814 818/818 819/819
f 814/814 819/819 820/820
f 820/820 821/821 814/814
f 814/814 821/821 822/822
f 814/814 822/822 823/823
f 823/823 824/824 814/814
f 814/814 824/824 825/825
f 814/814 825/825 826/826
f 826/826 827/827 814/814
f 814/814 827/827 828/828
f 814/814 828/828 829/829
f 829/829 830/830 814/814
f 814/814 830/830 831/831
f 814/814 831/831 832/832
f 832/832 833/833 814/814
f 814/814 833/833 834/834
f 814/814 834/834 835/835
f 835/835 836/836 814/814
f 814/814 836/836 837/837
f 814/814 837/837 838/838
f 838/838 839/839 814/814
f 814/814 839/839 840/840
f 814/814 840/840 841/841
f 841/841 842/842 814/814
f 814/814 842/842 843/843
f 814/814 843/843 844/844
f 844/844 845/845 814/814
f 814/814 845/845 846/846
f 814/814 846/846 847/847
f 847/847 848/848 814/814
f 814/814 848/848 849/849
f 814/814 849/849 850/850
f 850/850 851/851 814/814
f 814/814 851/851 852/852
f 814/814 852/852 815/815
f 817/817 853/853 810/810
f 810/810 853/853 854/854
f 810/810 854/854 855/855
f 855/855 856/856 810/810
f 810/810 856/856 857/857
f 810/810 857/857 858/858
f 858/858 859/859 810/810
f 810/810 859/859 860/860
f 810/810 860/860 861/861
f 861/861 862/862 810/810
f 810/810 862/862 863/863
f 810/810 863/863 864/864
f 864/864 865/865 810/810
f 810/810 865/865 866/866
f 810/810 866/866 867/867
f 867/867 868/868 810/810
f 810/810 868/868 869/869
f 810/810 869/869 870/870
f 870/870 871/871 810/810
f 810/810 871/871 872/872
f 810/810 872/872 873/873
f 873/873 874/874 810/810
f 810/810 874/874 875/875
f 810/810 875/875 876/876
f 876/876 877/877 810/810
f 810/810 877/877 878/878
f 810/810 878/878 879/879
f 879/879 880/880 810/810
f 810/810 880/880 881/881
f 810/810 881/881 882/882
f 882/882 883/883 810/810
f 810/810 883/883 884/884
f 810/810 884/884 885/885
f 885/885 886/886 810/810
f 810/810 886/886 887/887
f 810/810 887/887 888/888
f 888/888 889/889 810/810
f 810/810 889/889 890/890
f 810/810 890/890 891/891
f 891/891 892/892 810/810
f 810/810 892/892 893/893
f 810/810 893/893 894/894
f 894/894 895/895 810/810
f 810/810 895/895 896/896
f 810/810 896/896 897/897
f 897/897 898/898 810/810
f 810/810 898/898 899/899
f 810/810 899/899 900/900
f 900/900 901/901 810/810
f 810/810 901/901 902/902
f 810/810 902/902 811/811
f 813/813 903/903 806/806
f 806/806 903/903 807/807
f 809/809 904/904 802/802
f 802/802 904/904 905/905
f 802/802 905/905 803/803
f 805/805 906/906 797/797
f 797/797 906/906 907/907
f 797/797 907/907 908/908
f 908/908 909/909 797/797
f 797/797 909/909 910/910
f 797/797 910/910 911/911
f 911/911 912/912 797/797
f 797/797 912/912 913/913
f 797/797 913/913 914/914
f 914/914 915/915 797/797
f 797/797 915/915 916/916
f 797/797 916/916 917/917
f 917/917 918/918 797/797
f 797/797 918/918 919/919
f 797/797 919/919 920/920
f 920/920 921/921 797/797
f 797/797 921/921 922/922
f 797/797 922/922 923/923
f 923/923 924/924 797/797
f 797/797 924/924 925/925
f 797/797 925/925 926/926
f 926/926 927/927 797/797
f 797/797 927/927 928/928
f 797/797 928/928 929/929
f 929/929 930/930 797/797
f 797/797 930/930 931/931
f 797/797 931/931 932/932
f 932/932 933/933 797/797
f 797/797 933/933 934/934
f 797/797 934/934 935/935
f 935/935 936/936 797/797
f 797/797 936/936 937/937
f 797/797 937/937 938/938
f 938/938 939/939 797/797
f 797/797 939/939 940/940
f 797/797 940/940 941/941
f 941/941 942/942 797/797
f 797/797 942/942 943/943
f 797/797 943/943 944/944
f 944/944 945/945 797/797
f 797/797 945/945 946/946
f 797/797 946/946 947/947
f 947/947 948/948 797/797
f 797/797 948/948 949/949
f 797/797 949/949 950/950
f 950/950 951/951 797/797
f 797/797 951/951 952/952
f 797/797 952/952 953/953
f 953/953 954/954 797/797
f 797/797 954/954 955/955
f 797/797 955/955 798/798
f 801/801 956/956 799/799
f 799/799 956/956 957/957
f 799/799 957/957 958/958
f 958/958 959/959 799/799
f 799/799 959/959 960/960
f 799/799 960/960 961/961
f 961/961 962/962 799/799
f 799/799 962/962 963/963
f 799/799 963/963 964/964
f 964/964 965/965 799/799
f 799/799 965/965 966/966
f 799/799 966/966 967/967
f 967/967 968/968 799/799
f 799/799 968/968 969/969
f 799/799 969/969 970/970
f 970/970 971/971 799/799
f 799/799 971/971 972/972
f 799/799 972/972 973/973
f 973/973 974/974 799/799
f 799/799 974/974 975/975
f 799/799 975/975 976/976
f 976/976 977/977 799/799
f 799/799 977/977 978/978
f 799/799 978/978 979/979
f 979/979 980/980 799/799
f 799/799 980/980 981/981
f 799/799 981/981 982/982
f 982/982 983/983 799/799
f 799/799 983/983 984/984
f 799/799 984/984 985/985
f 985/985 986/986 799/799
f 799/799 986/986 987/987
f 799/799 987/987 818/818
f 988/988 797/797 989/989
f 989/989 797/797 799/799
f 990/990 991/991 992/992
f 992/992 991/991 993/993
f 992/992 993/993 994/994
f 988/988 995/995 990/990
f 990/990 995/995 996/996
f 990/990 996/996 997/997
f 989/989 998/998 988/988
f 988/988 998/998 999/999
f 988/988 999/999 1000/1000
f 1001/1001 1002/1002 989/989
f 989/989 1002/1002 1003/1003
f 989/989 1003/1003 1004/1004
f 1005/1005 1006/1006 1001/1001
f 1001/1001 1006/1006 1007/1007
f 1001/1001 1007/1007 1008/1008
f 992/992 1009/1009 1005/1005
f 1005/1005 1009/1009 1010/1010
f 1005/1005 1010/1010 1011/1011
f 1004/1004 1012/1012 989/989
f 989/989 1012/1012 1013/1013
f 989/989 1013/1013 1014/1014
f 1014/1014 1015/1015 989/989
f 989/989 1015/1015 1016/1016
f 989/989 1016/1016 1017/1017
f 1017/1017 1018/1018 989/989
f 989/989 1018/1018 1019/1019
f 989/989 1019/1019 1020/1020
f 1020/1020 1021/1021 989/989
f 989/989 1021/1021 1022/1022
f 989/989 1022/1022 1023/1023
f 1023/1023 1024/1024 989/989
f 989/989 1024/1024 1025/1025
f 989/989 1025/1025 1026/1026
f 1026/1026 1027/1027 989/989
f 989/989 1027/1027 1028/1028
f 989/989 1028/1028 1029/1029
f 1029/1029 1030/1030 989/989
f 989/989 1030/1030 1031/1031
f 989/989 1031/1031 1032/1032
f 1032/1032 1033/1033 989/989
f 989/989 1033/1033 1034/1034
f 989/989 1034/1034 1035/1035
f 1035/1035 1036/1036 989/989
f 989/989 1036/1036 1037/1037
f 989/989 1037/1037 1038/1038
f 1038/1038 1039/1039 989/989
f 989/989 1039/1039 1040/1040
f 989/989 1040/1040 1041/1041
f 1041/1041 1042/1042 989/989
f 989/989 1042/1042 1043/1043
f 989/989 1043/1043 1044/1044
f 1044/1044 998/998 989/989
f 1000/1000 1045/1045 988/988
f 988/988 1045/1045 1046/1046
f 988/988 1046/1046 1047/1047
f 1047/1047 1048/1048 988/988
f 988/988 1048/1048 1049/1049
f 988/988 1049/1049 1050/1050
f 1050/1050 1051/1051 988/988
f 988/988 1051/1051 1052/1052
f 988/988 1052/1052 1053/1053
f 1053/1053 1054/1054 988/988
f 988/988 1054/1054 1055/1055
f 988/988 1055/1055 1056/1056
f 1056/1056 1057/1057 988/988
f 988/988 1057/1057 1058/1058
f 988/988 1058/1058 1059/1059
f 1059/1059 1060/1060 988/988
f 988/988 1060/1060 1061/1061
f 988/988 1061/1061 1062/1062
f 1062/1062 1063/1063 988/988
f 988/988 1063/1063 1064/1064
f 988/988 1064/1064 1065/1065
f 1065/1065 1066/1066 988/988
f 988/988 1066/1066 1067/1067
f 988/988 1067/1067 1068/1068
f 1068/1068 1069/1069 988/988
f 988/988 1069/1069 1070/1070
f 988/988 1070/1070 1071/1071
f 1071/1071 1072/1072 988/988
f 988/988 1072/1072 1073/1073
f 988/988 1073/1073 1074/1074
f 1074/1074 1075/1075 988/988
f 988/988 1075/1075 995/995
f 997/997 1076/1076 990/990
f 990/990 1076/1076 1077/1077
f 990/990 1077/1077 1078/1078
f 1078/1078 1079/1079 990/990
f 990/990 1079/1079 1080/1080
f 990/990 1080/1080 1081/1081
f 1081/1081 1082/1082 990/990
f 990/990 1082/1082 1083/1083
f 990/990 1083/1083 1084/1084
f 1084/1084 1085/1085 990/990
f 990/990 1085/1085 1086/1086
f 990/990 1086/1086 1087/1087
f 1087/1087 1088/1088 990/990
f 990/990 1088/1088 1089/1089
f 990/990 1089/1089 1090/1090
f 1090/1090 1091/1091 990/990
f 990/990 1091/1091 1092/1092
f 990/990 1092/1092 1093/1093
f 1093/1093 1094/1094 990/990
f 990/990 1094/1094 1095/1095
f 990/990 1095/1095 991/991
f 994/994 1096/1096 992/992
f 992/992 1096/1096 1097/1097
f 992/992 1097/1097 1098/1098
f 1098/1098 1099/1099 992/992
f 992/992 1099/1099 1100/1100
f 992/992 1100/1100 1101/1101
f 1101/1101 1102/1102 992/992
f 992/992 1102/1102 1103/1103
f 992/992 1103/1103 1104/1104
f 1104/1104 1105/1105 992/992
f 992/992 1105/1105 1106/1106
f 992/992 1106/1106 1107/1107
f 1107/1107 1108/1108 992/992
f 992/992 1108/1108 1109/1109
f 992/992 1109/1109 1110/1110
f 1110/1110 1111/1111 992/992
f 992/992 1111/1111 1112/1112
f 992/992 1112/1112 1113/1113
f 1113/1113 1114/1114 992/992
f 992/992 1114/1114 1009/1009
f 1011/1011 1115/1115 1005/1005
f 1005/1005 1115/1115 1116/1116
f 1005/1005 1116/1116 1117/1117
f 1117/1117 1118/1118 1005/1005
f 1005/1005 1118/1118 1119/1119
f 1005/1005 1119/1119 1120/1120
f 1120/1120 1121/1121 1005/1005
f 1005/1005 1121/1121 1122/1122
f 1005/1005 1122/1122 1123/1123
f 1123/1123 1124/1124 1005/1005
f 1005/1005 1124/1124 1125/1125
f 1005/1005 1125/1125 1126/1126
f 1126/1126 1127/1127 1005/1005
f 1005/1005 1127/1127 1128/1128
f 1005/1005 1128/1128 1129/1129
f 1129/1129 1130/1130 1005/1005
f 1005/1005 1130/1130 1131/1131
f 1005/1005 1131/1131 1132/1132
f 1132/1132 1133/1133 1005/1005
f 1005/1005 1133/1133 1134/1134
f 1005/1005 1134/1134 1135/1135
f 1135/1135 1136/1136 1005/1005
f 1005/1005 1136/1136 1137/1137
f 1005/1005 1137/1137 1138/1138
f 1138/1138 1139/1139 1005/1005
f 1005/1005 1139/1139 1140/1140
f 1005/1005 1140/1140 1141/1141
f 1141/1141 1142/1142 1005/1005
f 1005/1005 1142/1142 1143/1143
f 1005/1005 1143/1143 1144/1144
f 1144/1144 1145/1145 1005/1005
f 1005/1005 1145/1145 1006/1006
f 1008/1008 1146/1146 1001/1001
f 1001/1001 1146/1146 1147/1147
f 1001/1001 1147/1147 1148/1148
f 1148/1148 1149/1149 1001/1001
f 1001/1001 1149/1149 1150/1150
f 1001/1001 1150/1150 1151/1151
f 1151/1151 1152/1152 1001/1001
f 1001/1001 1152/1152 1153/1153
f 1001/1001 1153/1153 1154/1154
f 1154/1154 1155/1155 1001/1001
f 1001/1001 1155/1155 1156/1156
f 1001/1001 1156/1156 1157/1157
f 1157/1157 1158/1158 1001/1001
f 1001/1001 1158/1158 1159/1159
f 1001/1001 1159/1159 1160/1160
f 1160/1160 1161/1161 1001/1001
f 1001/1001 1161/1161 1162/1162
f 1001/1001 1162/1162 1163/1163
f 1163/1163 1164/1164 1001/1001
f 1001/1001 1164/1164 1165/1165
f 1001/1001 1165/1165 1166/1166
f 1166/1166 1167/1167 1001/1001
f 1001/1001 1167/1167 1168/1168
f 1001/1001 1168/1168 1169/1169
f 1169/1169 1170/1170 1001/1001
f 1001/1001 1170/1170 1171/1171
f 1001/1001 1171/1171 1172/1172
f 1172/1172 1173/1173 1001/1001
f 1001/1001 1173/1173 1174/1174
f 1001/1001 1174/1174 1175/1175
f 1175/1175 1176/1176 1001/1001
f 1001/1001 1176/1176 1177/1177
f 1001/1001 1177/1177 1178/1178
f 1178/1178 1002/1002 1001/1001
f 810/810 1005/1005 814/814
f 814/814 1005/1005 1001/1001
f 802/802 990/990 806/806
f 806/806 990/990 992/992
f 1179/1179 1180/1180 1181/1181
f 1181/1181 1180/1180 1182/1182
f 1181/1181 1182/1182 1183/1183
f 1184/1184 1185/1185 1179/1179
f 1179/1179 1185/1185 1186/1186
f 1179/1179 1186/1186 1187/1187
f 1188/1188 1189/1189 1184/1184
f 1184/1184 1189/1189 1190/1190
f 1184/1184 1190/1190 1191/1191
f 1192/1192 1193/1193 1188/1188
f 1188/1188 1193/1193 1194/1194
f 1188/1188 1194/1194 1195/1195
f 1196/1196 1197/1197 1192/1192
f 1192/1192 1197/1197 1198/1198
f 1192/1192 1198/1198 1199/1199
f 1181/1181 1200/1200 1196/1196
f 1196/1196 1200/1200 1201/1201
f 1196/1196 1201/1201 1202/1202
f 1202/1202 1203/1203 1196/1196
f 1196/1196 1203/1203 1204/1204
f 1196/1196 1204/1204 1205/1205
f 1205/1205 1206/1206 1196/1196
f 1196/1196 1206/1206 1207/1207
f 1196/1196 1207/1207 1208/1208
f 1208/1208 1209/1209 1196/1196
f 1196/1196 1209/1209 1210/1210
f 1196/1196 1210/1210 1211/1211
f 1211/1211 1212/1212 1196/1196
f 1196/1196 1212/1212 1213/1213
f 1196/1196 1213/1213 1214/1214
f 1214/1214 1215/1215 1196/1196
f 1196/1196 1215/1215 1216/1216
f 1196/1196 1216/1216 1217/1217
f 1217/1217 1218/1218 1196/1196
f 1196/1196 1218/1218 1219/1219
f 1196/1196 1219/1219 1220/1220
f 1220/1220 1221/1221 1196/1196
f 1196/1196 1221/1221 1222/1222
f 1196/1196 1222/1222 1223/1223
f 1223/1223 1224/1224 1196/1196
f 1196/1196 1224/1224 1225/1225
f 1196/1196 1225/1225 1226/1226
f 1226/1226 1227/1227 1196/1196
f 1196/1196 1227/1227 1228/1228
f 1196/1196 1228/1228 1229/1229
f 1229/1229 1230/1230 1196/1196
f 1196/1196 1230/1230 1231/1231
f 1196/1196 1231/1231 1232/1232
f 1232/1232 1233/1233 1196/1196
f 1196/1196 1233/1233 1234/1234
f 1196/1196 1234/1234 1197/1197
f 1199/1199 1235/1235 1192/1192
f 1192/1192 1235/1235 1236/1236
f 1192/1192 1236/1236 1237/1237
f 1237/1237 1238/1238 1192/1192
f 1192/1192 1238/1238 1239/1239
f 1192/1192 1239/1239 1240/1240
f 1240/1240 1241/1241 1192/1192
f 1192/1192 1241/1241 1242/1242
f 1192/1192 1242/1242 1243/1243
f 1243/1243 1244/1244 1192/1192
f 1192/1192 1244/1244 1245/1245
f 1192/1192 1245/1245 1246/1246
f 1246/1246 1247/1247 1192/1192
f 1192/1192 1247/1247 1248/1248
f 1192/1192 1248/1248 1249/1249
f 1249/1249 1250/1250 1192/1192
f 1192/1192 1250/1250 1251/1251
f 1192/1192 1251/1251 1252/1252
f 1252/1252 1253/1253 1192/1192
f 1192/1192 1253/1253 1254/1254
f 1192/1192 1254/1254 1255/1255
f 1255/1255 1256/1256 1192/1192
f 1192/1192 1256/1256 1257/1257
f 1192/1192 1257/1257 1258/1258
f 1258/1258 1259/1259 1192/1192
f 1192/1192 1259/1259 1260/1260
f 1192/1192 1260/1260 1261/1261
f 1261/1261 1262/1262 1192/1192
f 1192/1192 1262/1262 1263/1263
f 1192/1192 1263/1263 1264/1264
f 1264/1264 1265/1265 1192/1192
f 1192/1192 1265/1265 1266/1266
f 1192/1192 1266/1266 1267/1267
f 1267/1267 1268/1268 1192/1192
f 1192/1192 1268/1268 1269/1269
f 1192/1192 1269/1269 1270/1270
f 1270/1270 1271/1271 1192/1192
f 1192/1192 1271/1271 1272/1272
f 1192/1192 1272/1272 1273/1273
f 1273/1273 1274/1274 1192/1192
f 1192/1192 1274/1274 1275/1275
f 1192/1192 1275/1275 1276/1276
f 1276/1276 1277/1277 1192/1192
f 1192/1192 1277/1277 1278/1278
f 1192/1192 1278/1278 1279/1279
f 1279/1279 1280/1280 1192/1192
f 1192/1192 1280/1280 1281/1281
f 1192/1192 1281/1281 1282/1282
f 1282/1282 1283/1283 1192/1192
f 1192/1192 1283/1283 1284/1284
f 1192/1192 1284/1284 1193/1193
f 1195/1195 1285/1285 1188/1188
f 1188/1188 1285/1285 1189/1189
f 1191/1191 1286/1286 1184/1184
f 1184/1184 1286/1286 1287/1287
f 1184/1184 1287/1287 1185/1185
f 1187/1187 1288/1288 1179/1179
f 1179/1179 1288/1288 1289/1289
f 1179/1179 1289/1289 1290/1290
f 1290/1290 1291/1291 1179/1179
f 1179/1179 1291/1291 1292/1292
f 1179/1179 1292/1292 1293/1293
f 1293/1293 1294/1294 1179/1179
f 1179/1179 1294/1294 1295/1295
f 1179/1179 1295/1295 1296/1296
f 1296/1296 1297/1297 1179/1179
f 1179/1179 1297/1297 1298/1298
f 1179/1179 1298/1298 1299/1299
f 1299/1299 1300/1300 1179/1179
f 1179/1179 1300/1300 1301/1301
f 1179/1179 1301/1301 1302/1302
f 1302/1302 1303/1303 1179/1179
f 1179/1179 1303/1303 1304/1304
f 1179/1179 1304/1304 1305/1305
f 1305/1305 1306/1306 1179/1179
f 1179/1179 1306/1306 1307/1307
f 1179/1179 1307/1307 1308/1308
f 1308/1308 1309/1309 1179/1179
f 1179/1179 1309/1309 1310/1310
f 1179/1179 1310/1310 1311/1311
f 1311/1311 1312/1312 1179/1179
f 1179/1179 1312/1312 1313/1313
f 1179/1179 1313/1313 1314/1314
f 1314/1314 1315/1315 1179/1179
f 1179/1179 1315/1315 1316/1316
f 1179/1179 1316/1316 1317/1317
f 1317/1317 1318/1318 1179/1179
f 1179/1179 1318/1318 1319/1319
f 1179/1179 1319/1319 1320/1320
f 1320/1320 1321/1321 1179/1179
f 1179/1179 1321/1321 1322/1322
f 1179/1179 1322/1322 1323/1323
f 1323/1323 1324/1324 1179/1179
f 1179/1179 1324/1324 1325/1325
f 1179/1179 1325/1325 1326/1326
f 1326/1326 1327/1327 1179/1179
f 1179/1179 1327/1327 1328/1328
f 1179/1179 1328/1328 1329/1329
f 1329/1329 1330/1330 1179/1179
f 1179/1179 1330/1330 1331/1331
f 1179/1179 1331/1331 1332/1332
f 1332/1332 1333/1333 1179/1179
f 1179/1179 1333/1333 1334/1334
f 1179/1179 1334/1334 1335/1335
f 1335/1335 1336/1336 1179/1179
f 1179/1179 1336/1336 1337/1337
f 1179/1179 1337/1337 1180/1180
f 1183/1183 1338/1338 1181/1181
f 1181/1181 1338/1338 1339/1339
f 1181/1181 1339/1339 1340/1340
f 1340/1340 1341/1341 1181/1181
f 1181/1181 1341/1341 1342/1342
f 1181/1181 1342/1342 1343/1343
f 1343/1343 1344/1344 1181/1181
f 1181/1181 1344/1344 1345/1345
f 1181/1181 1345/1345 1346/1346
f 1346/1346 1347/1347 1181/1181
f 1181/1181 1347/1347 1348/1348
f 1181/1181 1348/1348 1349/1349
f 1349/1349 1350/1350 1181/1181
f 1181/1181 1350/1350 1351/1351
f 1181/1181 1351/1351 1352/1352
f 1352/1352 1353/1353 1181/1181
f 1181/1181 1353/1353 1354/1354
f 1181/1181 1354/1354 1355/1355
f 1355/1355 1356/1356 1181/1181
f 1181/1181 1356/1356 1357/1357
f 1181/1181 1357/1357 1358/1358
f 1358/1358 1359/1359 1181/1181
f 1181/1181 1359/1359 1360/1360
f 1181/1181 1360/1360 1361/1361
f 1361/1361 1362/1362 1181/1181
f 1181/1181 1362/1362 1363/1363
f 1181/1181 1363/1363 1364/1364
f 1364/1364 1365/1365 1181/1181
f 1181/1181 1365/1365 1366/1366
f 1181/1181 1366/1366 1367/1367
f 1367/1367 1368/1368 1181/1181
f 1181/1181 1368/1368 1369/1369
f 1181/1181 1369/1369 1200/1200
f 1370/1370 1179/1179 1371/1371
f 1371/1371 1179/1179 1181/1181
f 1372/1372 1373/1373 1374/1374
f 1374/1374 1373/1373 1375/1375
f 1374/1374 1375/1375 1376/1376
f 1370/1370 1377/1377 1372/1372
f 1372/1372 1377/1377 1378/1378
f 1372/1372 1378/1378 1379/1379
f 1371/1371 1380/1380 1370/1370
f 1370/1370 1380/1380 1381/1381
f 1370/1370 1381/1381 1382/1382
f 1383/1383 1384/1384 1371/1371
f 1371/1371 1384/1384 1385/1385
f 1371/1371 1385/1385 1386/1386
f 1387/1387 1388/1388 1383/1383
f 1383/1383 1388/1388 1389/1389
f 1383/1383 1389/1389 1390/1390
f 1374/1374 1391/1391 1387/1387
f 1387/1387 1391/1391 1392/1392
f 1387/1387 1392/1392 1393/1393
f 1386/1386 1394/1394 1371/1371
f 1371/1371 1394/1394 1395/1395
f 1371/1371 1395/1395 1396/1396
f 1396/1396 1397/1397 1371/1371
f 1371/1371 1397/1397 1398/1398
f 1371/1371 1398/1398 1399/1399
f 1399/1399 1400/1400 1371/1371
f 1371/1371 1400/1400 1401/1401
f 1371/1371 1401/1401 1402/1402
f 1402/1402 1403/1403 1371/1371
f 1371/1371 1403/1403 1404/1404
f 1371/1371 1404/1404 1405/1405
f 1405/1405 1406/1406 1371/1371
f 1371/1371 1406/1406 1407/1407
f 1371/1371 1407/1407 1408/1408
f 1408/1408 1409/1409 1371/1371
f 1371/1371 1409/1409 1410/1410
f 1371/1371 1410/1410 1411/1411
f 1411/1411 1412/1412 1371/1371
f 1371/1371 1412/1412 1413/1413
f 1371/1371 1413/1413 1414/1414
f 1414/1414 1415/1415 1371/1371
f 1371/1371 1415/1415 1416/1416
f 1371/1371 1416/1416 1417/1417
f 1417/1417 1418/1418 1371/1371
f 1371/1371 1418/1418 1419/1419
f 1371/1371 1419/1419 1420/1420
f 1420/1420 1421/1421 1371/1371
f 1371/1371 1421/1421 1422/1422
f 1371/1371 1422/1422 1423/1423
f 1423/1423 1424/1424 1371/1371
f 1371/1371 1424/1424 1425/1425
f 1371/1371 1425/1425 1426/1426
f 1426/1426 1380/1380 1371/1371
f 1382/1382 1427/1427 1370/1370
f 1370/1370 1427/1427 1428/1428
f 1370/1370 1428/1428 1429/1429
f 1429/1429 1430/1430 1370/1370
f 1370/1370 1430/1430 1431/1431
f 1370/1370 1431/1431 1432/1432
f 1432/1432 1433/1433 1370/1370
f 1370/1370 1433/1433 1434/1434
f 1370/1370 1434/1434 1435/1435
f 1435/1435 1436/1436 1370/1370
f 1370/1370 1436/1436 1437/1437
f 1370/1370 1437/1437 1438/1438
f 1438/1438 1439/1439 1370/1370
f 1370/1370 1439/1439 1440/1440
f 1370/1370 1440/1440 1441/1441
f 1441/1441 1442/1442 1370/1370
f 1370/1370 1442/1442 1443/1443
f 1370/1370 1443/1443 1444/1444
f 1444/1444 1445/1445 1370/1370
f 1370/1370 1445/1445 1446/1446
f 1370/1370 1446/1446 1447/1447
f 1447/1447 1448/1448 1370/1370
f 1370/1370 1448/1448 1449/1449
f 1370/1370 1449/1449 1450/1450
f 1450/1450 1451/1451 1370/1370
f 1370/1370 1451/1451 1452/1452
f 1370/1370 1452/1452 1453/1453
f 1453/1453 1454/1454 1370/1370
f 1370/1370 1454/1454 1455/1455
f 1370/1370 1455/1455 1456/1456
f 1456/1456 1457/1457 1370/1370
f 1370/1370 1457/1457 1377/1377
f 1379/1379 1458/1458 1372/1372
f 1372/1372 1458/1458 1459/1459
f 1372/1372 1459/1459 1460/1460
f 1460/1460 1461/1461 1372/1372
f 1372/1372 1461/1461 1462/1462
f 1372/1372 1462/1462 1463/1463
f 1463/1463 1464/1464 1372/1372
f 1372/1372 1464/1464 1465/1465
f 1372/1372 1465/1465 1466/1466
f 1466/1466 1467/1467 1372/1372
f 1372/1372 1467/1467 1468/1468
f 1372/1372 1468/1468 1469/1469
f 1469/1469 1470/1470 1372/1372
f 1372/1372 1470/1470 1471/1471
f 1372/1372 1471/1471 1472/1472
f 1472/1472 1473/1473 1372/1372
f 1372/1372 1473/1473 1474/1474
f 1372/1372 1474/1474 1475/1475
f 1475/1475 1476/1476 1372/1372
f 1372/1372 1476/1476 1477/1477
f 1372/1372 1477/1477 1373/1373
f 1376/1376 1478/1478 1374/1374
f 1374/1374 1478/1478 1479/1479
f 1374/1374 1479/1479 1480/1480
f 1480/1480 1481/1481 1374/1374
f 1374/1374 1481/1481 1482/1482
f 1374/1374 1482/1482 1483/1483
f 1483/1483 1484/1484 1374/1374
f 1374/1374 1484/1484 1485/1485
f 1374/1374 1485/1485 1486/1486
f 1486/1486 1487/1487 1374/1374
f 1374/1374 1487/1487 1488/1488
f 1374/1374 1488/1488 1489/1489
f 1489/1489 1490/1490 1374/1374
f 1374/1374 1490/1490 1491/1491
f 1374/1374 1491/1491 1492/1492
f 1492/1492 1493/1493 1374/1374
f 1374/1374 1493/1493 1494/1494
f 1374/1374 1494/1494 1495/1495
f 1495/1495 1496/1496 1374/1374
f 1374/1374 1496/1496 1391/1391
f 1393/1393 1497/1497 1387/1387
f 1387/1387 1497/1497 1498/1498
f 1387/1387 1498/1498 1499/1499
f 1499/1499 1500/1500 1387/1387
f 1387/1387 1500/1500 1501/1501
f 1387/1387 1501/1501 1502/1502
f 1502/1502 1503/1503 1387/1387
f 1387/1387 1503/1503 1504/1504
f 1387/1387 1504/1504 1505/1505
f 1505/1505 1506/1506 1387/1387
f 1387/1387 1506/1506 1507/1507
f 1387/1387 1507/1507 1508/1508
f 1508/1508 1509/1509 1387/1387
f 1387/1387 1509/1509 1510/1510
f 1387/1387 1510/1510 1511/1511
f 1511/1511 1512/1512 1387/1387
f 1387/1387 1512/1512 1513/1513
f 1387/1387 1513/1513 1514/1514
f 1514/1514 1515/1515 1387/1387
f 1387/1387 1515/1515 1516/1516
f 1387/1387 1516/1516 1517/1517
f 1517/1517 1518/1518 1387/1387
f 1387/1387 1518/1518 1519/1519
f 1387/1387 1519/1519 1520/1520
f 1520/1520 1521/1521 1387/1387
f 1387/1387 1521/1521 1522/1522
f 1387/1387 1522/1522 1523/1523
f 1523/1523 1524/1524 1387/1387
f 1387/1387 1524/1524 1525/1525
f 1387/1387 1525/1525 1526/1526
f 1526/1526 1527/1527 1387/1387
f 1387/1387 1527/1527 1388/1388
f 1390/1390 1528/1528 1383/1383
f 1383/1383 1528/1528 1529/1529
f 1383/1383 1529/1529 1530/1530
f 1530/1530 1531/1531 1383/1383
f 1383/1383 1531/1531 1532/1532
f 1383/1383 1532/1532 1533/1533
f 1533/1533 1534/1534 1383/1383
f 1383/1383 1534/1534 1535/1535
f 1383/1383 1535/1535 1536/1536
f 1536/1536 1537/1537 1383/1383
f 1383/1383 1537/1537 1538/1538
f 1383/1383 1538/1538 1539/1539
f 1539/1539 1540/1540 1383/1383
f 1383/1383 1540/1540 1541/1541
f 1383/1383 1541/1541 1542/1542
f 1542/1542 1543/1543 1383/1383
f 1383/1383 1543/1543 1544/1544
f 1383/1383 1544/1544 1545/1545
f 1545/1545 1546/1546 1383/1383
f 1383/1383 1546/1546 1547/1547
f 1383/1383 1547/1547 1548/1548
f 1548/1548 1549/1549 1383/1383
f 1383/1383 1549/1549 1550/1550
f 1383/1383 1550/1550 1551/1551
f 1551/1551 1552/1552 1383/1383
f 1383/1383 1552/1552 1553/1553
f 1383/1383 1553/1553 1554/1554
f 1554/1554 1555/1555 1383/1383
f 1383/1383 1555/1555 1556/1556
f 1383/1383 1556/1556 1557/1557
f 1557/1557 1558/1558 1383/1383
f 1383/1383 1558/1558 1559/1559
f 1383/1383 1559/1559 1560/1560
f 1560/1560 1384/1384 1383/1383
f 1192/1192 1387/1387 1196/1196
f 1196/1196 1387/1387 1383/1383
f 1184/1184 1372/1372 1188/1188
f 1188/1188 1372/1372 1374/1374
f 1178/1178 818/818 1002/1002
f 1002/1002 818/818 987/987
f 1002/1002 987/987 1003/1003
f 1003/1003 987/987 986/986
f 1003/1003 986/986 1004/1004
f 1004/1004 986/986 985/985
f 1004/1004 985/985 1012/1012
f 1012/1012 985/985 984/984
f 1012/1012 984/984 1013/1013
f 1013/1013 984/984 983/983
f 1013/1013 983/983 1014/1014
f 1014/1014 983/983 982/982
f 1014/1014 982/982 1015/1015
f 1015/1015 982/982 981/981
f 1015/1015 981/981 1016/1016
f 1016/1016 981/981 980/980
f 1016/1016 980/980 1017/1017
f 1017/1017 980/980 979/979
f 1017/1017 979/979 1018/1018
f 1018/1018 979/979 978/978
f 1018/1018 978/978 1019/1019
f 1019/1019 978/978 977/977
f 1019/1019 977/977 1020/1020
f 1020/1020 977/977 976/976
f 1020/1020 976/976 1021/1021
f 1021/1021 976/976 975/975
f 1021/1021 975/975 1022/1022
f 1022/1022 975/975 974/974
f 1022/1022 974/974 1023/1023
f 1023/1023 974/974 973/973
f 1023/1023 973/973 1024/1024
f 1024/1024 973/973 972/972
f 1024/1024 972/972 1025/1025
f 1025/1025 972/972 971/971
f 1025/1025 971/971 1026/1026
f 1026/1026 971/971 970/970
f 1026/1026 970/970 1027/1027
f 1027/1027 970/970 969/969
f 1027/1027 969/969 1028/1028
f 1028/1028 969/969 968/968
f 1028/1028 968/968 1029/1029
f 1029/1029 968/968 967/967
f 1029/1029 967/967 1030/1030
f 1030/1030 967/967 966/966
f 1030/1030 966/966 1031/1031
f 1031/1031 966/966 965/965
f 1031/1031 965/965 1032/1032
f 1032/1032 965/965 964/964
f 1032/1032 964/964 1033/1033
f 1033/1033 964/964 963/963
f 1033/1033 963/963 1034/1034
f 1034/1034 963/963 962/962
f 1034/1034 962/962 1035/1035
f 1035/1035 962/962 961/961
f 1035/1035 961/961 1036/1036
f 1036/1036 961/961 960/960
f 1036/1036 960/960 1037/1037
f 1037/1037 960/960 959/959
f 1037/1037 959/959 1038/1038
f 1038/1038 959/959 958/958
f 1038/1038 958/958 1039/1039
f 1039/1039 958/958 957/957
f 1039/1039 957/957 1040/1040
f 1040/1040 957/957 956/956
f 1040/1040 956/956 1041/1041
f 1041/1041 956/956 801/801
f 1041/1041 801/801 1042/1042
f 1042/1042 801/801 800/800
f 1042/1042 800/800 1043/1043
f 1043/1043 800/800 798/798
f 1043/1043 798/798 1044/1044
f 1044/1044 798/798 955/955
f 1044/1044 955/955 998/998
f 998/998 955/955 954/954
f 998/998 954/954 999/999
f 999/999 954/954 953/953
f 999/999 953/953 1000/1000
f 1000/1000 953/953 952/952
f 1000/1000 952/952 1045/1045
f 1045/1045 952/952 951/951
f 1045/1045 951/951 1046/1046
f 1046/1046 951/951 950/950
f 1046/1046 950/950 1047/1047
f 1047/1047 950/950 949/949
f 1047/1047 949/949 1048/1048
f 1048/1048 949/949 948/948
f 1048/1048 948/948 1049/1049
f 1049/1049 948/948 947/947
f 1049/1049 947/947 1050/1050
f 1050/1050 947/947 946/946
f 1050/1050 946/946 1051/1051
f 1051/1051 946/946 945/945
f 1051/1051 945/945 1052/1052
f 1052/1052 945/945 944/944
f 1052/1052 944/944 1053/1053
f 1053/1053 944/944 943/943
f 1053/1053 943/943 1054/1054
f 1054/1054 943/943 942/942
f 1054/1054 942/942 1055/1055
f 1055/1055 942/942 941/941
f 1055/1055 941/941 1056/1056
f 1056/1056 941/941 940/940
f 1056/1056 940/940 1057/1057
f 1057/1057 940/940 939/939
f 1057/1057 939/939 1058/1058
f 1058/1058 939/939 938/938
f 1058/1058 938/938 1059/1059
f 1059/1059 938/938 937/937
f 1059/1059 937/937 1060/1060
f 1060/1060 937/937 936/936
f 1060/1060 936/936 1061/1061
f 1061/1061 936/936 935/935
f 1061/1061 935/935 1062/1062
f 1062/1062 935/935 934/934
f 1062/1062 934/934 1063/1063
f 1063/1063 934/934 933/933
f 1063/1063 933/933 1064/1064
f 1064/1064 933/933 932/932
f 1064/1064 932/932 1065/1065
f 1065/1065 932/932 931/931
f 1065/1065 931/931 1066/1066
f 1066/1066 931/931 930/930
f 1066/1066 930/930 1067/1067
f 1067/1067 930/930 929/929
f 1067/1067 929/929 1068/1068
f 1068/1068 929/929 928/928
f 1068/1068 928/928 1069/1069
f 1069/1069 928/928 927/927
f 1069/1069 927/927 1070/1070
f 1070/1070 927/927 926/926
f 1070/1070 926/926 1071/1071
f 1071/1071 926/926 925/925
f 1071/1071 925/925 1072/1072
f 1072/1072 925/925 924/924
f 1072/1072 924/924 1073/1073
f 1073/1073 924/924 923/923
f 1073/1073 923/923 1074/1074
f 1074/1074 923/923 922/922
f 1074/1074 922/922 1075/1075
f 1075/1075 922/922 921/921
f 1075/1075 921/921 995/995
f 995/995 921/921 920/920
f 995/995 920/920 996/996
f 996/996 920/920 919/919
f 996/996 919/919 997/997
f 997/997 919/919 918/918
f 997/997 918/918 1076/1076
f 1076/1076 918/918 917/917
f 1076/1076 917/917 1077/1077
f 1077/1077 917/917 916/916
f 1077/1077 916/916 1078/1078
f 1078/1078 916/916 915/915
f 1078/1078 915/915 1079/1079
f 1079/1079 915/915 914/914
f 1079/1079 914/914 1080/1080
f 1080/1080 914/914 913/913
f 1080/1080 913/913 1081/1081
f 1081/1081 913/913 912/912
f 1081/1081 912/912 1082/1082
f 1082/1082 912/912 911/911
f 1082/1082 911/911 1083/1083
f 1083/1083 911/911 910/910
f 1083/1083 910/910 1084/1084
f 1084/1084 910/910 909/909
f 1084/1084 909/909 1085/1085
f 1085/1085 909/909 908/908
f 1085/1085 908/908 1086/1086
f 1086/1086 908/908 907/907
f 1086/1086 907/907 1087/1087
f 1087/1087 907/907 906/906
f 1087/1087 906/906 1088/1088
f 1088/1088 906/906 805/805
f 1088/1088 805/805 1089/1089
f 1089/1089 805/805 804/804
f 1089/1089 804/804 1090/1090
f 1090/1090 804/804 803/803
f 1090/1090 803/803 1091/1091
f 1091/1091 803/803 905/905
f 1091/1091 905/905 1092/1092
f 1092/1092 905/905 904/904
f 1092/1092 904/904 1093/1093
f 1093/1093 904/904 809/809
f 1093/1093 809/809 1094/1094
f 1094/1094 809/809 808/808
f 1094/1094 808/808 1095/1095
f 1095/1095 808/808 807/807
f 1095/1095 807/807 991/991
f 991/991 807/807 903/903
f 991/991 903/903 993/993
f 993/993 903/903 813/813
f 993/993 813/813 994/994
f 994/994 813/813 812/812
f 994/994 812/812 1096/1096
f 1096/1096 812/812 811/811
f 1096/1096 811/811 1097/1097
f 1097/1097 811/811 902/902
f 1097/1097 902/902 1098/1098
f 1098/1098 902/902 901/901
f 1098/1098 901/901 1099/1099
f 1099/1099 901/901 900/900
f 1099/1099 900/900 1100/1100
f 1100/1100 900/900 899/899
f 1100/1100 899/899 1101/1101
f 1101/1101 899/899 898/898
f 1101/1101 898/898 1102/1102
f 1102/1102 898/898 897/897
f 1102/1102 897/897 1103/1103
f 1103/1103 897/897 896/896
f 1103/1103 896/896 1104/1104
f 1104/1104 896/896 895/895
f 1104/1104 895/895 1105/1105
f 1105/1105 895/895 894/894
f 1105/1105 894/894 1106/1106
f 1106/1106 894/894 893/893
f 1106/1106 893/893 1107/1107
f 1107/1107 893/893 892/892
f 1107/1107 892/892 1108/1108
f 1108/1108 892/892 891/891
f 1108/1108 891/891 1109/1109
f 1109/1109 891/891 890/890
f 1109/1109 890/890 1110/1110
f 1110/1110 890/890 889/889
f 1110/1110 889/889 1111/1111
f 1111/1111 889/889 888/888
f 1111/1111 888/888 1112/1112
f 1112/1112 888/888 887/887
f 1112/1112 887/887 1113/1113
f 1113/1113 887/887 886/886
f 1113/1113 886/886 1114/1114
f 1114/1114 886/886 885/885
f 1114/1114 885/885 1009/1009
f 1009/1009 885/885 884/884
f 1009/1009 884/884 1010/1010
f 1010/1010 884/884 883/883
f 1010/1010 883/883 1011/1011
f 1011/1011 883/883 882/882
f 1011/1011 882/882 1115/1115
f 1115/1115 882/882 881/881
f 1115/1115 881/881 1116/1116
f 1116/1116 881/881 880/880
f 1116/1116 880/880 1117/1117
f 1117/1117 880/880 879/879
f 1117/1117 879/879 1118/1118
f 1118/1118 879/879 878/878
f 1118/1118 878/878 1119/1119
f 1119/1119 878/878 877/877
f 1119/1119 877/877 1120/1120
f 1120/1120 877/877 876/876
f 1120/1120 876/876 1121/1121
f 1121/1121 876/876 875/875
f 1121/1121 875/875 1122/1122
f 1122/1122 875/875 874/874
f 1122/1122 874/874 1123/1123
f 1123/1123 874/874 873/873
f 1123/1123 873/873 1124/1124
f 1124/1124 873/873 872/872
f 1124/1124 872/872 1125/1125
f 1125/1125 872/872 871/871
f 1125/1125 871/871 1126/1126
f 1126/1126 871/871 870/870
f 1126/1126 870/870 1127/1127
f 1127/1127 870/870 869/869
f 1127/1127 869/869 1128/1128
f 1128/1128 869/869 868/868
f 1128/1128 868/868 1129/1129
f 1129/1129 868/868 867/867
f 1129/1129 867/867 1130/1130
f 1130/1130 867/867 866/866
f 1130/1130 866/866 1131/1131
f 1131/1131 866/866 865/865
f 1131/1131 865/865 1132/1132
f 1132/1132 865/865 864/864
f 1132/1132 864/864 1133/1133
f 1133/1133 864/864 863/863
f 1133/1133 863/863 1134/1134
f 1134/1134 863/863 862/862
f 1134/1134 862/862 1135/1135
f 1135/1135 862/862 861/861
f 1135/1135 861/861 1136/1136
f 1136/1136 861/861 860/860
f 1136/1136 860/860 1137/1137
f 1137/1137 860/860 859/859
f 1137/1137 859/859 1138/1138
f 1138/1138 859/859 858/858
f 1138/1138 858/858 1139/1139
f 1139/1139 858/858 857/857
f 1139/1139 857/857 1140/1140
f 1140/1140 857/857 856/856
f 1140/1140 856/856 1141/1141
f 1141/1141 856/856 855/855
f 1141/1141 855/855 1142/1142
f 1142/1142 855/855 854/854
f 1142/1142 854/854 1143/1143
f 1143/1143 854/854 853/853
f 1143/1143 853/853 1144/1144
f 1144/1144 853/853 817/817
f 1144/1144 817/817 1145/1145
f 1145/1145 817/817 816/816
f 1145/1145 816/816 1006/1006
f 1006/1006 816/816 815/815
f 1006/1006 815/815 1007/1007
f 1007/1007 815/815 852/852
f 1007/1007 852/852 1008/1008
f 1008/1008 852/852 851/851
f 1008/1008 851/851 1146/1146
f 1146/1146 851/851 850/850
f 1146/1146 850/850 1147/1147
f 1147/1147 850/850 849/849
f 1147/1147 849/849 1148/1148
f 1148/1148 849/849 848/848
f 1148/1148 848/848 1149/1149
f 1149/1149 848/848 847/847
f 1149/1149 847/847 1150/1150
f 1150/1150 847/847 846/846
f 1150/1150 846/846 1151/1151
f 1151/1151 846/846 845/845
f 1151/1151 845/845 1152/1152
f 1152/1152 845/845 844/844
f 1152/1152 844/844 1153/1153
f 1153/1153 844/844 843/843
f 1153/1153 843/843 1154/1154
f 1154/1154 843/843 842/842
f 1154/1154 842/842 1155/1155
f 1155/1155 842/842 841/841
f 1155/1155 841/841 1156/1156
f 1156/1156 841/841 840/840
f 1156/1156 840/840 1157/1157
f 1157/1157 840/840 839/839
f 1157/1157 839/839 1158/1158
f 1158/1158 839/839 838/838
f 1158/1158 838/838 1159/1159
f 1159/1159 838/838 837/837
f 1159/1159 837/837 1160/1160
f 1160/1160 837/837 836/836
f 1160/1160 836/836 1161/1161
f 1161/1161 836/836 835/835
f 1161/1161 835/835 1162/1162
f 1162/1162 835/835 834/834
f 1162/1162 834/834 1163/1163
f 1163/1163 834/834 833/833
f 1163/1163 833/833 1164/1164
f 1164/1164 833/833 832/832
f 1164/1164 832/832 1165/1165
f 1165/1165 832/832 831/831
f 1165/1165 831/831 1166/1166
f 1166/1166 831/831 830/830
f 1166/1166 830/830 1167/1167
f 1167/1167 830/830 829/829
f 1167/1167 829/829 1168/1168
f 1168/1168 829/829 828/828
f 1168/1168 828/828 1169/1169
f 1169/1169 828/828 827/827
f 1169/1169 827/827 1170/1170
f 1170/1170 827/827 826/826
f 1170/1170 826/826 1171/1171
f 1171/1171 826/826 825/825
f 1171/1171 825/825 1172/1172
f 1172/1172 825/825 824/824
f 1172/1172 824/824 1173/1173
f 1173/1173 824/824 823/823
f 1173/1173 823/823 1174/1174
f 1174/1174 823/823 822/822
f 1174/1174 822/822 1175/1175
f 1175/1175 822/822 821/821
f 1175/1175 821/821 1176/1176
f 1176/1176 821/821 820/820
f 1176/1176 820/820 1177/1177
f 1177/1177 820/820 819/819
f 1177/1177 819/819 1178/1178
f 1178/1178 819/819 818/818
f 1560/1560 1200/1200 1384/1384
f 1384/1384 1200/1200 1369/1369
f 1384/1384 1369/1369 1385/1385
f 1385/1385 1369/1369 1368/1368
f 1385/1385 1368/1368 1386/1386
f 1386/1386 1368/1368 1367/1367
f 1386/1386 1367/1367 1394/1394
f 1394/1394 1367/1367 1366/1366
f 1394/1394 1366/1366 1395/1395
f 1395/1395 1366/1366 1365/1365
f 1395/1395 1365/1365 1396/1396
f 1396/1396 1365/1365 1364/1364
f 1396/1396 1364/1364 1397/1397
f 1397/1397 1364/1364 1363/1363
f 1397/1397 1363/1363 1398/1398
f 1398/1398 1363/1363 1362/1362
f 1398/1398 1362/1362 1399/1399
f 1399/1399 1362/1362 1361/1361
f 1399/1399 1361/1361 1400/1400
f 1400/1400 1361/1361 1360/1360
f 1400/1400 1360/1360 1401/1401
f 1401/1401 1360/1360 1359/1359
f 1401/1401 1359/1359 1402/1402
f 1402/1402 1359/1359 1358/1358
f 1402/1402 1358/1358 1403/1403
f 1403/1403 1358/1358 1357/1357
f 1403/1403 1357/1357 1404/1404
f 1404/1404 1357/1357 1356/1356
f 1404/1404 1356/1356 1405/1405
f 1405/1405 1356/1356 1355/1355
f 1405/1405 1355/1355 1406/1406
f 1406/1406 1355/1355 1354/1354
f 1406/1406 1354/1354 1407/1407
f 1407/1407 1354/1354 1353/1353
f 1407/1407 1353/1353 1408/1408
f 1408/1408 1353/1353 1352/1352
f 1408/1408 1352/1352 1409/1409
f 1409/1409 1352/1352 1351/1351
f 1409/1409 1351/1351 1410/1410
f 1410/1410 1351/1351 1350/1350
f 1410/1410 1350/1350 1411/1411
f 1411/1411 1350/1350 1349/1349
f 1411/1411 1349/1349 1412/1412
f 1412/1412 1349/1349 1348/1348
f 1412/1412 1348/1348 1413/1413
f 1413/1413 1348/1348 1347/1347
f 1413/1413 1347/1347 1414/1414
f 1414/1414 1347/1347 1346/1346
f 1414/1414 1346/1346 1415/1415
f 1415/1415 1346/1346 1345/1345
f 1415/1415 1345/1345 1416/1416
f 1416/1416 1345/1345 1344/1344
f 1416/1416 1344/1344 1417/1417
f 1417/1417 1344/1344 1343/1343
f 1417/1417 1343/1343 1418/1418
f 1418/1418 1343/1343 1342/1342
f 1418/1418 1342/1342 1419/1419
f 1419/1419 1342/1342 1341/1341
f 1419/1419 1341/1341 1420/1420
f 1420/1420 1341/1341 1340/1340
f 1420/1420 1340/1340 1421/1421
f 1421/1421 1340/1340 1339/1339
f 1421/1421 1339/1339 1422/1422
f 1422/1422 1339/1339 1338/1338
f 1422/1422 1338/1338 1423/1423
f 1423/1423 1338/1338 1183/1183
f 1423/1423 1183/1183 1424/1424
f 1424/1424 1183/1183 1182/1182
f 1424/1424 1182/1182 1425/1425
f 1425/1425 1182/1182 1180/1180
f 1425/1425 1180/1180 1426/1426
f 1426/1426 1180/1180 1337/1337
f 1426/1426 1337/1337 1380/1380
f 1380/1380 1337/1337 1336/1336
f 1380/1380 1336/1336 1381/1381
f 1381/1381 1336/1336 1335/1335
f 1381/1381 1335/1335 1382/1382
f 1382/1382 1335/1335 1334/1334
f 1382/1382 1334/1334 1427/1427
f 1427/1427 1334/1334 1333/1333
f 1427/1427 1333/1333 1428/1428
f 1428/1428 1333/1333 1332/1332
f 1428/1428 1332/1332 1429/1429
f 1429/1429 1332/1332 1331/1331
f 1429/1429 1331/1331 1430/1430
f 1430/1430 1331/1331 1330/1330
f 1430/1430 1330/1330 1431/1431
f 1431/1431 1330/1330 1329/1329
f 1431/1431 1329/1329 1432/1432
f 1432/1432 1329/1329 1328/1328
f 1432/1432 1328/1328 1433/1433
f 1433/1433 1328/1328 1327/1327
f 1433/1433 1327/1327 1434/1434
f 1434/1434 1327/1327 1326/1326
f 1434/1434 1326/1326 1435/1435
f 1435/1435 1326/1326 1325/1325
f 1435/1435 1325/1325 1436/1436
f 1436/1436 1325/1325 1324/1324
f 1436/1436 1324/1324 1437/1437
f 1437/1437 1324/1324 1323/1323
f 1437/1437 1323/1323 1438/1438
f 1438/1438 1323/1323 1322/1322
f 1438/1438 1322/1322 1439/1439
f 1439/1439 1322/1322 1321/1321
f 1439/1439 1321/1321 1440/1440
f 1440/1440 1321/1321 1320/1320
f 1440/1440 1320/1320 1441/1441
f 1441/1441 1320/1320 1319/1319
f 1441/1441 1319/1319 1442/1442
f 1442/1442 1319/1319 1318/1318
f 1442/1442 1318/1318 1443/1443
f 1443/1443 1318/1318 1317/1317
f 1443/1443 1317/1317 1444/1444
f 1444/1444 1317/1317 1316/1316
f 1444/1444 1316/1316 1445/1445
f 1445/1445 1316/1316 1315/1315
f 1445/1445 1315/1315 1446/1446
f 1446/1446 1315/1315 1314/1314
f 1446/1446 1314/1314 1447/1447
f 1447/1447 1314/1314 1313/1313
f 1447/1447 1313/1313 1448/1448
f 1448/1448 1313/1313 1312/1312
f 1448/1448 1312/1312 1449/1449
f 1449/1449 1312/1312 1311/1311
f 1449/1449 1311/1311 1450/1450
f 1450/1450 1311/1311 1310/1310
f 1450/1450 1310/1310 1451/1451
f 1451/1451 1310/1310 1309/1309
f 1451/1451 1309/1309 1452/1452
f 1452/1452 1309/1309 1308/1308
f 1452/1452 1308/1308 1453/1453
f 1453/1453 1308/1308 1307/1307
f 1453/1453 1307/1307 1454/1454
f 1454/1454 1307/1307 1306/1306
f 1454/1454 1306/1306 1455/1455
f 1455/1455 1306/1306 1305/1305
f 1455/1455 1305/1305 1456/1456
f 1456/1456 1305/1305 1304/1304
f 1456/1456 1304/1304 1457/1457
f 1457/1457 1304/1304 1303/1303
f 1457/1457 1303/1303 1377/1377
f 1377/1377 1303/1303 1302/1302
f 1377/1377 1302/1302 1378/1378
f 1378/1378 1302/1302 1301/1301
f 1378/1378 1301/1301 1379/1379
f 1379/1379 1301/1301 1300/1300
f 1379/1379 1300/1300 1458/1458
f 1458/1458 1300/1300 1299/1299
f 1458/1458 1299/1299 1459/1459
f 1459/1459 1299/1299 1298/1298
f 1459/1459 1298/1298 1460/1460
f 1460/1460 1298/1298 1297/1297
f 1460/1460 1297/1297 1461/1461
f 1461/1461 1297/1297 1296/1296
f 1461/1461 1296/1296 1462/1462
f 1462/1462 1296/1296 1295/1295
f 1462/1462 1295/1295 1463/1463
f 1463/1463 1295/1295 1294/1294
f 1463/1463 1294/1294 1464/1464
f 1464/1464 1294/1294 1293/1293
f 1464/1464 1293/1293 1465/1465
f 1465/1465 1293/1293 1292/1292
f 1465/1465 1292/1292 1466/1466
f 1466/1466 1292/1292 1291/1291
f 1466/1466 1291/1291 1467/1467
f 1467/1467 1291/1291 1290/1290
f 1467/1467 1290/1290 1468/1468
f 1468/1468 1290/1290 1289/1289
f 1468/1468 1289/1289 1469/1469
f 1469/1469 1289/1289 1288/1288
f 1469/1469 1288/1288 1470/1470
f 1470/1470 1288/1288 1187/1187
f 1470/1470 1187/1187 1471/1471
f 1471/1471 1187/1187 1186/1186
f 1471/1471 1186/1186 1472/1472
f 1472/1472 1186/1186 1185/1185
f 1472/1472 1185/1185 1473/1473
f 1473/1473 1185/1185 1287/1287
f 1473/1473 1287/1287 1474/1474
f 1474/1474 1287/1287 1286/1286
f 1474/1474 1286/1286 1475/1475
f 1475/1475 1286/1286 1191/1191
f 1475/1475 1191/1191 1476/1476
f 1476/1476 1191/1191 1190/1190
f 1476/1476 1190/1190 1477/1477
f 1477/1477 1190/1190 1189/1189
f 1477/1477 1189/1189 1373/1373
f 1373/1373 1189/1189 1285/1285
f 1373/1373 1285/1285 1375/1375
f 1375/1375 1285/1285 1195/1195
f 1375/1375 1195/1195 1376/1376
f 1376/1376 1195/1195 1194/1194
f 1376/1376 1194/1194 1478/1478
f 1478/1478 1194/1194 1193/1193
f 1478/1478 1193/1193 1479/1479
f 1479/1479 1193/1193 1284/1284
f 1479/1479 1284/1284 1480/1480
f 1480/1480 1284/1284 1283/1283
f 1480/1480 1283/1283 1481/1481
f 1481/1481 1283/1283 1282/1282
f 1481/1481 1282/1282 1482/1482
f 1482/1482 1282/1282 1281/1281
f 1482/1482 1281/1281 1483/1483
f 1483/1483 1281/1281 1280/1280
f 1483/1483 1280/1280 1484/1484
f 1484/1484 1280/1280 1279/1279
f 1484/1484 1279/1279 1485/1485
f 1485/1485 1279/1279 1278/1278
f 1485/1485 1278/1278 1486/1486
f 1486/1486 1278/1278 1277/1277
f 1486/1486 1277/1277 1487/1487
f 1487/1487 1277/1277 1276/1276
f 1487/1487 1276/1276 1488/1488
f 1488/1488 1276/1276 1275/1275
f 1488/1488 1275/1275 1489/1489
f 1489/1489 1275/1275 1274/1274
f 1489/1489 1274/1274 1490/1490
f 1490/1490 1274/1274 1273/1273
f 1490/1490 1273/1273 1491/1491
f 1491/1491 1273/1273 1272/1272
f 1491/1491 1272/1272 1492/1492
f 1492/1492 1272/1272 1271/1271
f 1492/1492 1271/1271 1493/1493
f 1493/1493 1271/1271 1270/1270
f 1493/1493 1270/1270 1494/1494
f 1494/1494 1270/1270 1269/1269
f 1494/1494 1269/1269 1495/1495
f 1495/1495 1269/1269 1268/1268
f 1495/1495 1268/1268 1496/1496
f 1496/1496 1268/1268 1267/1267
f 1496/1496 1267/1267 1391/1391
f 1391/1391 1267/1267 1266/1266
f 1391/1391 1266/1266 1392/1392
f 1392/1392 1266/1266 1265/1265
f 1392/1392 1265/1265 1393/1393
f 1393/1393 1265/1265 1264/1264
f 1393/1393 1264/1264 1497/1497
f 1497/1497 1264/1264 1263/1263
f 1497/1497 1263/1263 1498/1498
f 1498/1498 1263/1263 1262/1262
f 1498/1498 1262/1262 1499/1499
f 1499/1499 1262/1262 1261/1261
f 1499/1499 1261/1261 1500/1500
f 1500/1500 1261/1261 1260/1260
f 1500/1500 1260/1260 1501/1501
f 1501/1501 1260/1260 1259/1259
f 1501/1501 1259/1259 1502/1502
f 1502/1502 1259/1259 1258/1258
f 1502/1502 1258/1258 1503/1503
f 1503/1503 1258/1258 1257/1257
f 1503/1503 1257/1257 1504/1504
f 1504/1504 1257/1257 1256/1256
f 1504/1504 1256/1256 1505/1505
f 1505/1505 1256/1256 1255/1255
f 1505/1505 1255/1255 1506/1506
f 1506/1506 1255/1255 1254/1254
f 1506/1506 1254/1254 1507/1507
f 1507/1507 1254/1254 1253/1253
f 1507/1507 1253/1253 1508/1508
f 1508/1508 1253/1253 1252/1252
f 1508/1508 1252/1252 1509/1509
f 1509/1509 1252/1252 1251/1251
f 1509/1509 1251/1251 1510/1510
f 1510/1510 1251/1251 1250/1250
f 1510/1510 1250/1250 1511/1511
f 1511/1511 1250/1250 1249/1249
f 1511/1511 1249/1249 1512/1512
f 1512/1512 1249/1249 1248/1248
f 1512/1512 1248/1248 1513/1513
f 1513/1513 1248/1248 1247/1247
f 1513/1513 1247/1247 1514/1514
f 1514/1514 1247/1247 1246/1246
f 1514/1514 1246/1246 1515/1515
f 1515/1515 1246/1246 1245/1245
f 1515/1515 1245/1245 1516/1516
f 1516/1516 1245/1245 1244/1244
f 1516/1516 1244/1244 1517/1517
f 1517/1517 1244/1244 1243/1243
f 1517/1517 1243/1243 1518/1518
f 1518/1518 1243/1243 1242/1242
f 1518/1518 1242/1242 1519/1519
f 1519/1519 1242/1242 1241/1241
f 1519/1519 1241/1241 1520/1520
f 1520/1520 1241/1241 1240/1240
f 1520/1520 1240/1240 1521/1521
f 1521/1521 1240/1240 1239/1239
f 1521/1521 1239/1239 1522/1522
f 1522/1522 1239/1239 1238/1238
f 1522/1522 1238/1238 1523/1523
f 1523/1523 1238/1238 1237/1237
f 1523/1523 1237/1237 1524/1524
f 1524/1524 1237/1237 1236/1236
f 1524/1524 1236/1236 1525/1525
f 1525/1525 1236/1236 1235/1235
f 1525/1525 1235/1235 1526/1526
f 1526/1526 1235/1235 1199/1199
f 1526/1526 1199/1199 1527/1527
f 1527/1527 1199/1199 1198/1198
f 1527/1527 1198/1198 1388/1388
f 1388/1388 1198/1198 1197/1197
f 1388/1388 1197/1197 1389/1389
f 1389/1389 1197/1197 1234/1234
f 1389/1389 1234/1234 1390/1390
f 1390/1390 1234/1234 1233/1233
f 1390/1390 1233/1233 1528/1528
f 1528/1528 1233/1233 1232/1232
f 1528/1528 1232/1232 1529/1529
f 1529/1529 1232/1232 1231/1231
f 1529/1529 1231/1231 1530/1530
f 1530/1530 1231/1231 1230/1230
f 1530/1530 1230/1230 1531/1531
f 1531/1531 1230/1230 1229/1229
f 1531/1531 1229/1229 1532/1532
f 1532/1532 1229/1229 1228/1228
f 1532/1532 1228/1228 1533/1533
f 1533/1533 1228/1228 1227/1227
f 1533/1533 1227/1227 1534/1534
f 1534/1534 1227/1227 1226/1226
f 1534/1534 1226/1226 1535/1535
f 1535/1535 1226/1226 1225/1225
f 1535/1535 1225/1225 1536/1536
f 1536/1536 1225/1225 1224/1224
f 1536/1536 1224/1224 1537/1537
f 1537/1537 1224/1224 1223/1223
f 1537/1537 1223/1223 1538/1538
f 1538/1538 1223/1223 1222/1222
f 1538/1538 1222/1222 1539/1539
f 1539/1539 1222/1222 1221/1221
f 1539/1539 1221/1221 1540/1540
f 1540/1540 1221/1221 1220/1220
f 1540/1540 1220/1220 1541/1541
f 1541/1541 1220/1220 1219/1219
f 1541/1541 1219/1219 1542/1542
f 1542/1542 1219/1219 1218/1218
f 1542/1542 1218/1218 1543/1543
f 1543/1543 1218/1218 1217/1217
f 1543/1543 1217/1217 1544/1544
f 1544/1544 1217/1217 1216/1216
f 1544/1544 1216/1216 1545/1545
f 1545/1545 1216/1216 1215/1215
f 1545/1545 1215/1215 1546/1546
f 1546/1546 1215/1215 1214/1214
f 1546/1546 1214/1214 1547/1547
f 1547/1547 1214/1214 1213/1213
f 1547/1547 1213/1213 1548/1548
f 1548/1548 1213/1213 1212/1212
f 1548/1548 1212/1212 1549/1549
f 1549/1549 1212/1212 1211/1211
f 1549/1549 1211/1211 1550/1550
f 1550/1550 1211/1211 1210/1210
f 1550/1550 1210/1210 1551/1551
f 1551/1551 1210/1210 1209/1209
f 1551/1551 1209/1209 1552/1552
f 1552/1552 1209/1209 1208/1208
f 1552/1552 1208/1208 1553/1553
f 1553/1553 1208/1208 1207/1207
f 1553/1553 1207/1207 1554/1554
f 1554/1554 1207/1207 1206/1206
f 1554/1554 1206/1206 1555/1555
f 1555/1555 1206/1206 1205/1205
f 1555/1555 1205/1205 1556/1556
f 1556/1556 1205/1205 1204/1204
f 1556/1556 1204/1204 1557/1557
f 1557/1557 1204/1204 1203/1203
f 1557/1557 1203/1203 1558/1558
f 1558/1558 1203/1203 1202/1202
f 1558/1558 1202/1202 1559/1559
f 1559/1559 1202/1202 1201/1201
f 1559/1559 1201/1201 1560/1560
f 1560/1560 1201/1201 1200/1200
f 1179/1179 1370/1370 1184/1184
f 1184/1184 1370/1370 1372/1372
f 1387/1387 1192/1192 1374/1374
f 1374/1374 1192/1192 1188/1188
f 797/797 988/988 802/802
f 802/802 988/988 990/990
f 1005/1005 810/810 992/992
f 992/992 810/810 806/806
f 29/29 216/216 1561/1561
f 1561/1561 216/216 214/214
f 1561/1561 214/214 212/212
f 212/212 210/210 1561/1561
f 1561/1561 210/210 208/208
f 1561/1561 208/208 206/206
f 15/15 17/17 1562/1562
f 1562/1562 17/17 19/19
f 1562/1562 19/19 21/21
f 21/21 23/23 1562/1562
f 1562/1562 23/23 25/25
f 1562/1562 25/25 27/27
f 206/206 204/204 1563/1563
f 1563/1563 204/204 202/202
f 1563/1563 202/202 200/200
f 200/200 198/198 1563/1563
f 1563/1563 198/198 32/32
f 1563/1563 32/32 1/1
f 3/3 5/5 1564/1564
f 1564/1564 5/5 7/7
f 1564/1564 7/7 9/9
f 9/9 11/11 1564/1564
f 1564/1564 11/11 13/13
f 1564/1564 13/13 15/15
f 1562/1562 1565/1565 15/15
f 15/15 1565/1565 1566/1566
f 15/15 1566/1566 1564/1564
f 1561/1561 206/206 1565/1565
f 1565/1565 206/206 1566/1566
f 1566/1566 206/206 1563/1563
f 1563/1563 1/1 1566/1566
f 1566/1566 1/1 3/3
f 1566/1566 3/3 1564/1564
f 1562/1562 27/27 1565/1565
f 1565/1565 27/27 29/29
f 1565/1565 29/29 1561/1561
f 387/387 385/385 1567/1567
f 1567/1567 385/385 383/383
f 1567/1567 383/383 381/381
f 381/381 379/379 1567/1567
f 1567/1567 379/379 377/377
f 1567/1567 377/377 375/375
f 399/399 401/401 1568/1568
f 1568/1568 401/401 403/403
f 1568/1568 403/403 405/405
f 405/405 407/407 1568/1568
f 1568/1568 407/407 409/409
f 1568/1568 409/409 411/411
f 195/195 397/397 1569/1569
f 1569/1569 397/397 395/395
f 1569/1569 395/395 393/393
f 393/393 391/391 1569/1569
f 1569/1569 391/391 389/389
f 1569/1569 389/389 387/387
f 1567/1567 1570/1570 387/387
f 387/387 1570/1570 1571/1571
f 387/387 1571/1571 1569/1569
f 1568/1568 411/411 1570/1570
f 1570/1570 411/411 1571/1571
f 1571/1571 411/411 1572/1572
f 411/411 413/413 1572/1572
f 1572/1572 413/413 415/415
f 1572/1572 415/415 417/417
f 417/417 419/419 1572/1572
f 1572/1572 419/419 421/421
f 1572/1572 421/421 196/196
f 1572/1572 196/196 1571/1571
f 1571/1571 196/196 195/195
f 1571/1571 195/195 1569/1569
f 1567/1567 375/375 1570/1570
f 1570/1570 375/375 399/399
f 1570/1570 399/399 1568/1568
f 1573/1573 989/989 1574/1574
f 1574/1574 989/989 1383/1383
f 1574/1574 1383/1383 1371/1371
f 1575/1575 814/814 1573/1573
f 1573/1573 814/814 1001/1001
f 1573/1573 1001/1001 989/989
f 814/814 1575/1575 799/799
f 799/799 1575/1575 1576/1576
f 799/799 1576/1576 1196/1196
f 1196/1196 1576/1576 1181/1181
f 1181/1181 1576/1576 1574/1574
f 1181/1181 1574/1574 1371/1371
f 989/989 799/799 1383/1383
f 1383/1383 799/799 1196/1196
f 453/453 1573/1573 523/523
f 523/523 1573/1573 1574/1574
f 453/453 454/454 1573/1573
f 1573/1573 454/454 1575/1575
f 456/456 1576/1576 454/454
f 454/454 1576/1576 1575/1575
f 456/456 523/523 1576/1576
f 1576/1576 523/523 1574/1574

