# https://github.com/mikedh/trimesh

o link_head_10.obj
v -0.02250000 -0.00450700 0.03456700
v -0.02190900 -0.00404600 0.03500000
v -0.02221900 -0.00381200 0.03500000
v -0.02175700 -0.00440300 0.03500000
v -0.02180500 -0.00478900 0.03500000
v -0.02296100 -0.00391600 0.03500000
v -0.02319500 -0.00422600 0.03500000
v -0.02260400 -0.00376500 0.03500000
v -0.02234250 -0.00315350 0.03500000
v -0.02309100 -0.00496900 0.03500000
v -0.02365425 -0.00436862 0.03500000
v -0.02278100 -0.00520300 0.03500000
v -0.02324300 -0.00461100 0.03500000
v -0.02203800 -0.00509800 0.03500000
v -0.02239600 -0.00525000 0.03500000
v -0.02291900 -0.00647300 0.03500000
v -0.02049200 -0.00457800 0.03500000
v -0.02058900 -0.00388700 0.03500000
v -0.02441100 -0.00512700 0.03500000
v -0.02408400 -0.00574400 0.03500000
v -0.02356600 -0.00621100 0.03500000
v -0.02399300 -0.00316200 0.03500000
v -0.02436300 -0.00375400 0.03500000
v -0.02450800 -0.00443600 0.03500000
v -0.02155700 -0.00628200 0.03500000
v -0.02100700 -0.00585200 0.03500000
v -0.02277900 -0.00251700 0.03500000
v -0.02344300 -0.00273300 0.03500000
v -0.02481800 -0.00357000 0.03450900
v -0.02499800 -0.00441900 0.03450900
v -0.02487800 -0.00527900 0.03450900
v -0.02447100 -0.00604600 0.03450900
v -0.02382600 -0.00662700 0.03450900
v -0.02302100 -0.00695200 0.03450900
v -0.02064300 -0.00618100 0.03450900
v -0.02012200 -0.00373600 0.03450900
v -0.02284700 -0.00203100 0.03450900
v -0.02367300 -0.00229900 0.03450900
v -0.02435700 -0.00283400 0.03450900
v 0.02250000 -0.00450700 0.03456700
v 0.02309100 -0.00404600 0.03500000
v 0.02278100 -0.00381200 0.03500000
v 0.02324300 -0.00440300 0.03500000
v 0.02319500 -0.00478900 0.03500000
v 0.02203800 -0.00391600 0.03500000
v 0.02180500 -0.00422600 0.03500000
v 0.02239600 -0.00376500 0.03500000
v 0.02190900 -0.00496900 0.03500000
v 0.02221900 -0.00520300 0.03500000
v 0.02175700 -0.00461100 0.03500000
v 0.02296100 -0.00509800 0.03500000
v 0.02450800 -0.00457800 0.03500000
v 0.02441100 -0.00388700 0.03500000
v 0.02091600 -0.00574400 0.03500000
v 0.02143400 -0.00621100 0.03500000
v 0.02356600 -0.00280400 0.03500000
v 0.02291900 -0.00254200 0.03500000
v 0.02222100 -0.00251700 0.03500000
v 0.02344300 -0.00628200 0.03500000
v 0.02399300 -0.00585200 0.03500000
v 0.02436300 -0.00526100 0.03500000
v 0.02155700 -0.00273300 0.03500000
v 0.02100700 -0.00316200 0.03500000
v 0.02018200 -0.00357000 0.03450900
v 0.02052900 -0.00604600 0.03450900
v 0.02117400 -0.00662700 0.03450900
v 0.02367300 -0.00671500 0.03450900
v 0.02435700 -0.00618100 0.03450900
v 0.02481800 -0.00544500 0.03450900
v 0.02499800 -0.00459600 0.03450900
v 0.02487800 -0.00373600 0.03450900
v 0.02382600 -0.00238800 0.03450900
v 0.02302100 -0.00206200 0.03450900
v 0.02132700 -0.00229900 0.03450900
v 0.02064300 -0.00283400 0.03450900
v 0.03567775 0.02862163 0.00816400
v 0.04103150 0.05639100 0.00816400
v 0.03184550 0.05319700 0.00816400
v 0.00623800 -0.02466200 0.00816400
v 0.00256700 -0.02466200 0.00816400
v 0.00951925 -0.02860900 0.00816400
v 0.05836800 0.05382600 0.00816400
v 0.01463600 0.04693400 0.00816400
v 0.01174600 0.04853600 0.00816400
v -0.02287588 0.02556713 0.00816400
v 0.08997700 0.03264600 0.00816400
v 0.08980300 0.03272300 0.00816400
v 0.06199200 0.04693400 0.00816400
v 0.06167975 0.05379875 0.00816400
v 0.12262488 0.05692513 0.00816400
v 0.12349300 0.05382600 0.00816400
v 0.01463600 -0.02466200 0.00816400
v 0.14211100 0.05382600 0.00816400
v 0.13990900 0.05382600 0.00816400
v 0.13303000 0.05201100 0.00816400
v -0.00952200 -0.02860900 0.00816400
v 0.00090419 -0.02912219 0.00816400
v -0.00073925 -0.02751050 0.00816400
v -0.00375000 -0.02466200 0.00816400
v 0.12537850 0.04847700 0.00816400
v 0.12499300 0.05202581 0.00816400
v 0.12260300 0.04693400 0.00816400
v 0.12164300 0.04583850 0.00816400
v 0.12138800 0.04678700 0.00816400
v 0.06473950 0.02962200 0.00816400
v 0.09454600 0.03264600 0.00816400
v 0.08997700 0.03061100 0.00816400
v 0.08153700 0.02794800 0.00816400
v 0.07470350 0.02592094 0.00816400
v 0.06528900 0.02141050 0.00816400
v 0.06575362 0.01906962 0.00816400
v 0.04721500 0.01628025 0.00816400
v 0.03184550 0.00325900 0.00816400
v 0.05003500 0.00801550 0.00816400
v 0.03372625 -0.00623450 0.00816400
v 0.03203800 -0.02124300 0.00816400
v 0.03385450 0.00024419 0.00816400
v 0.02422538 -0.01928763 0.00816400
v 0.01004375 -0.03519950 0.00816400
v -0.02748537 0.00236612 0.00816400
v -0.02230400 0.00453300 0.00816400
v -0.01361969 -0.02963512 0.00816400
v -0.01529400 -0.02466200 0.00816400
v -0.02115975 -0.02106062 0.00816400
v 0.06697900 0.03176600 0.00816400
v 0.06615544 0.03619969 0.00816400
v 0.06750200 0.03063900 0.00816400
v 0.06516731 0.03063419 0.00816400
v 0.13945800 0.05583412 0.00816400
v 0.01233087 0.02667900 0.00816400
v 0.01463600 0.02312800 0.00816400
v 0.02805744 0.02478000 0.00816400
v 0.02861525 0.02613250 0.00816400
v 0.00211262 0.03156037 0.00816400
v 0.00032625 0.02794800 0.00816400
v 0.01043700 0.03264600 0.00816400
v 0.00289613 0.02970137 0.00816400
v 0.05893800 0.06446900 0.00816400
v 0.12263300 0.04822650 0.00816400
v -0.00794275 0.03264600 0.00816400
v -0.00259063 0.04058888 0.00816400
v 0.03184550 0.05382600 0.00816400
v 0.02390987 0.05298200 0.00816400
v 0.05616925 0.06034938 0.00816400
v 0.05991806 0.04645569 0.00816400
v 0.05439650 0.05700975 0.00816400
v 0.05587800 0.05603800 0.00816400
v -0.02296775 0.01326506 0.00816400
v -0.01529400 0.01550350 0.00816400
v 0.03174925 0.01047250 0.00816400
v 0.01392850 0.02299100 0.00741400
v 0.03189362 0.01958075 0.00816400
v 0.03065144 0.01115206 0.00816400
v 0.03034375 0.01312475 0.00816400
v 0.00530088 0.02444738 0.00816400
v -0.01278300 0.01131400 0.00816400
v -0.00372600 0.01967100 0.00816400
v -0.00375000 0.01969300 0.00816400
v 0.00002100 0.02312800 0.00816400
v -0.02328900 0.00561300 0.00816400
v -0.02401400 0.00580700 0.00816400
v -0.00375000 -0.02450700 0.00816400
v 0.00256700 -0.02450700 0.00816400
v 0.00551050 -0.02438100 0.00816400
v 0.01361763 -0.01641137 0.00816400
v 0.03007763 -0.00095556 0.00816400
v 0.01273400 0.02402400 0.00816400
v 0.01322100 0.02369900 0.00816400
v 0.02027088 0.01847063 0.00816400
v 0.01379200 0.02312800 0.00816400
v 0.06332975 0.02178900 0.00816400
v 0.06453687 0.02485150 0.00816400
v 0.06199200 0.02759200 0.00816400
v 0.06150450 0.03060000 0.00816400
v 0.06315000 0.03497200 0.00816400
v 0.05864500 0.04461625 0.00816400
v 0.05982000 0.04331600 0.00816400
v 0.06061900 0.04315700 0.00816400
v 0.03194175 0.02962200 0.00816400
v 0.05104631 0.06115731 0.00816400
v 0.01802837 0.04685288 0.00816400
v 0.02446500 0.03897025 0.00816400
v 0.03188000 0.03324550 0.00816400
v 0.05836800 0.04285100 0.00816400
v -0.01096500 0.02512800 0.00816400
v -0.00761719 0.02114581 0.00816400
v 0.01062688 -0.02714900 0.00816400
v 0.00962444 -0.02597406 0.00816400
v 0.01774519 0.03192544 0.00666400
v 0.00303725 0.02613488 0.00666400
v 0.02403075 0.01529975 0.00666400
v -0.03322200 0.07360000 0.00996900
v -0.03322200 0.07360000 0.00866400
v -0.03310100 0.07579500 0.01087800
v -0.03224300 0.07978000 0.00866400
v -0.03271300 0.07808300 0.01215400
v -0.03207900 0.08026400 0.03955800
v -0.02940200 0.08535600 0.04766400
v -0.03025400 0.08368400 0.04766400
v -0.03223200 0.07977700 0.03993800
v -0.03030700 0.08399600 0.01928400
v -0.03086000 0.08302800 0.01712000
v -0.02940200 0.08535600 0.00866400
v -0.03161200 0.08146000 0.03839700
v -0.03099000 0.08278100 0.03663000
v -0.03043000 0.08379200 0.03459300
v -0.02962000 0.08505000 0.02759400
v -0.02968000 0.08496300 0.02415900
v -0.02998400 0.08450900 0.02109700
v -0.03035600 0.08391600 0.03426800
v -0.02992400 0.08460200 0.03179500
v -0.02967600 0.08496800 0.02910300
v -0.03143300 0.08186700 0.01540700
v -0.03207900 0.08026400 0.01377000
v -0.03222100 0.07977400 0.01340700
v -0.03322200 0.07360000 0.04335900
v -0.03224300 0.07978000 0.04766400
v -0.03307100 0.07604600 0.04232700
v -0.03264800 0.07835600 0.04099600
v 0.01834550 0.09360000 0.04766400
v -0.01789550 0.09298475 0.00866400
v -0.01868750 0.09273400 0.04766400
v -0.03322200 0.06687100 0.00866400
v -0.03322200 0.06936300 0.00883700
v -0.03322200 0.00001800 0.00866400
v -0.03322200 0.06497800 0.00876400
v -0.03322200 0.05679900 0.01174600
v -0.03322200 0.05097600 0.01821700
v -0.03322200 0.04940500 0.02231100
v -0.03148919 0.06600206 0.04766400
v -0.03322200 0.05349100 0.03870400
v -0.03322200 0.05679900 0.04158300
v -0.03322200 0.06070600 0.04357500
v -0.03322200 0.05349100 0.01462400
v -0.03322200 0.04940500 0.03101700
v -0.03322200 0.05097600 0.03511100
v 0.13500000 0.09360000 0.00866400
v 0.10723388 0.09316213 0.04766400
v 0.06012100 0.09360000 0.04766400
v 0.14333900 0.05437300 0.00866400
v 0.14854000 0.05770800 0.00866400
v 0.15251100 0.06244000 0.00866400
v 0.15489100 0.06814100 0.00866400
v 0.15546500 0.07429300 0.00866400
v 0.15418100 0.08033500 0.00866400
v 0.15115400 0.08572100 0.00866400
v 0.14666000 0.08996100 0.00866400
v 0.14110700 0.09266900 0.00866400
v 0.07756500 0.02508400 0.00866400
v 0.07071450 0.02115188 0.04766400
v 0.05278350 0.00784100 0.04766400
v 0.03813750 -0.01236350 0.00866400
v -0.03223600 -0.00839000 0.00866400
v -0.02932400 -0.01633900 0.00866400
v -0.02464600 -0.02339500 0.00866400
v -0.01845700 -0.02917100 0.00866400
v -0.00703050 -0.03453050 0.00866400
v -0.03414500 0.08039800 0.04666400
v -0.03412700 0.08039200 0.03725600
v -0.03431900 0.07983600 0.03786600
v -0.03522200 0.07360000 0.04173000
v -0.03522200 0.07360000 0.04666400
v -0.03520100 0.07455000 0.04133600
v -0.03495100 0.07704200 0.04666400
v -0.03513000 0.07560400 0.04083100
v -0.03481300 0.07782300 0.03949300
v -0.03342400 0.08230900 0.01834700
v -0.03284200 0.08355200 0.02054700
v -0.03102000 0.08653100 0.00566400
v -0.03414500 0.08039800 0.00566400
v -0.03413500 0.08039600 0.01603800
v -0.03407200 0.08061800 0.01623900
v -0.03239100 0.08439600 0.02284800
v -0.03228300 0.08458400 0.02361000
v -0.03210000 0.08489600 0.02594700
v -0.03214400 0.08482300 0.02827000
v -0.03102000 0.08653100 0.04666400
v -0.03220900 0.08471100 0.02906000
v -0.03255000 0.08410800 0.03140600
v -0.03304700 0.08313700 0.03361300
v -0.03367600 0.08170000 0.03582400
v -0.03282400 0.08358800 0.04666400
v -0.03522200 0.07360000 0.01159900
v -0.03509400 0.07596800 0.01269000
v -0.03474100 0.07817200 0.01408400
v -0.03464200 0.07861600 0.01442000
v -0.02877800 0.08915600 0.04666400
v -0.02615300 0.09139800 0.00566400
v -0.02320900 0.09320200 0.04666400
v -0.02002000 0.09452300 0.00566400
v -0.01322200 0.09560000 0.00566400
v -0.01666300 0.09532900 0.04666400
v -0.02002000 0.09452300 0.04666400
v 0.13500000 0.09560000 0.04666400
v 0.00617975 0.09560000 0.03219637
v 0.07488025 0.09560000 0.01909000
v 0.14170300 0.09457800 0.00566400
v 0.14777400 0.09156400 0.04666400
v 0.14779800 0.09160600 0.00566400
v 0.14415100 0.09365500 0.04666400
v 0.14822500 0.09130300 0.04666400
v 0.15172100 0.08815600 0.04666400
v 0.15273000 0.08695300 0.00566400
v 0.15605200 0.08104100 0.00566400
v 0.15448500 0.08435000 0.04666400
v 0.15264100 0.08688800 0.04666400
v 0.15639900 0.08005300 0.04666400
v 0.15737700 0.07545200 0.04666400
v 0.15683200 0.06765700 0.00566400
v 0.15448600 0.06185100 0.04666400
v 0.15421900 0.06140000 0.00566400
v 0.15172100 0.05804500 0.04666400
v 0.14986100 0.05620600 0.00566400
v 0.14415300 0.05254600 0.04666400
v 0.14415300 0.05254600 0.00566400
v 0.14822600 0.05489800 0.04666400
v 0.14977900 0.05629600 0.04666400
v 0.07837900 0.02325700 0.04666400
v 0.06264400 0.01389900 0.04666400
v 0.05908800 0.01100200 0.00566400
v 0.05917600 0.01090000 0.04666400
v 0.05570900 0.00790100 0.04666400
v 0.05099500 0.00289100 0.00566400
v 0.04417800 -0.00631800 0.04666400
v 0.03526700 -0.02041200 0.00566400
v 0.03526700 -0.02041200 0.04666400
v 0.03130000 -0.02563400 0.04666400
v 0.02964300 -0.02735300 0.00566400
v 0.02250000 -0.03270500 0.04666400
v 0.02256100 -0.03279900 0.00566400
v 0.02649800 -0.03010100 0.04666400
v 0.02100300 -0.03368000 0.04666400
v 0.01497700 -0.03626700 0.04666400
v 0.01440800 -0.03645000 0.00566400
v -0.00329300 -0.03768200 0.00566400
v -0.00446700 -0.03746700 0.04666400
v -0.01076600 -0.03564200 0.04666400
v -0.01187300 -0.03519500 0.00566400
v -0.01183600 -0.03511900 0.04666400
v -0.01666000 -0.03276600 0.04666400
v -0.01964100 -0.03078300 0.00566400
v -0.02617200 -0.02468800 0.00566400
v -0.02197500 -0.02892400 0.04666400
v -0.01955900 -0.03067000 0.04666400
v -0.02655400 -0.02422900 0.04666400
v -0.03026300 -0.01882100 0.04666400
v -0.03110900 -0.01724300 0.00566400
v -0.03299300 -0.01285800 0.04666400
v -0.03418100 -0.00885400 0.00566400
v -0.03522200 0.00001800 0.04666400
v -0.03522200 0.00001800 0.00566400
v -0.03466200 -0.00651600 0.04666400
v -0.03522200 0.06968200 0.01040500
v -0.03522200 0.05237300 0.03454100
v -0.03522200 0.06968200 0.04292300
v -0.03522200 0.05237300 0.01878700
v -0.03522200 0.05087900 0.03072800
v -0.03522200 0.05037100 0.02666400
v -0.03522200 0.05087900 0.02260000
v -0.03522200 0.06157900 0.01103600
v -0.03522200 0.06559100 0.01021400
v -0.02406925 0.00373025 0.04966400
v -0.02535100 0.00484819 0.05146400
v -0.02329700 0.00470288 0.05146400
v -0.02281331 -0.01035869 0.04966400
v -0.02285881 -0.00903300 0.05146400
v -0.02468275 -0.00208513 0.04966400
v -0.01555100 -0.02006500 0.04966400
v -0.01414625 -0.02126925 0.05146400
v -0.01719363 -0.02117425 0.04966400
v -0.01591600 -0.02079500 0.05146400
v -0.00261900 -0.02735944 0.04966400
v 0.00096469 -0.02844131 0.05146400
v 0.00053913 -0.02806812 0.04966400
v 0.01154725 -0.02596725 0.04966400
v 0.01252281 -0.02593844 0.05146400
v 0.02545200 -0.01735000 0.04966400
v 0.02467975 -0.01855400 0.05146400
v 0.02368250 -0.01687562 0.04966400
v 0.02371581 -0.01715844 0.05146400
v 0.02435350 -0.01913650 0.04966400
v 0.02564350 -0.01856000 0.04966400
v 0.02930225 -0.00394325 0.05146400
v 0.02918237 -0.00650825 0.04966400
v 0.01686375 0.02542244 0.04966400
v 0.00125225 0.02623125 0.05146400
v 0.02105800 0.01974900 0.04966400
v 0.02288675 0.02099575 0.04966400
v 0.02069300 0.02111119 0.05146400
v 0.02772750 0.00909475 0.04966400
v 0.02829025 0.00991037 0.05146400
v 0.02977075 0.00854725 0.04966400
v 0.03014650 0.01096550 0.04966400
v -0.00567100 0.02564281 0.04966400
v -0.00923238 0.02561237 0.05146400
v -0.01739412 0.01745637 0.05146400
v -0.01820313 0.01826787 0.04966400
v -0.01919675 0.01764813 0.05146400
v 0.09513200 0.08254650 0.04966400
v -0.01909300 0.09167000 0.04966400
v -0.02414238 0.08876438 0.04966400
v -0.01819700 0.09080500 0.04966400
v -0.03057125 0.08076437 0.04966400
v -0.03222200 0.07360000 0.04966400
v -0.03217200 0.04185100 0.04966400
v 0.05752900 0.01361800 0.04966400
v 0.06081900 0.01628000 0.04966400
v 0.04787900 0.03930000 0.04966400
v 0.03361100 0.01475200 0.04966400
v 0.00115400 0.03381500 0.04966400
v 0.02282581 0.02391519 0.04966400
v 0.00450400 0.03396600 0.04966400
v 0.01054400 0.03314800 0.04966400
v 0.03997600 -0.00735000 0.04966400
v 0.03684200 -0.00304800 0.04966400
v 0.04164200 -0.00471500 0.04966400
v 0.03684200 0.00304800 0.04966400
v 0.03575300 0.00904500 0.04966400
v -0.01864763 0.02905475 0.04966400
v -0.00158500 0.03369200 0.04966400
v -0.01822000 0.02658200 0.04966400
v -0.02262600 0.02237000 0.04966400
v -0.02620900 0.01743900 0.04966400
v -0.02557200 0.01987600 0.04966400
v -0.02772200 0.01930000 0.04966400
v -0.03047500 0.00607100 0.04966400
v -0.03047500 -0.00607100 0.04966400
v -0.01819700 -0.02796700 0.04966400
v -0.01822000 -0.02658200 0.04966400
v -0.03016800 -0.01184800 0.04966400
v -0.02620900 -0.01743900 0.04966400
v -0.02765300 -0.01734300 0.04966400
v -0.02262600 -0.02237000 0.04966400
v -0.02423500 -0.02232700 0.04966400
v -0.02001500 -0.02665200 0.04966400
v -0.01313300 -0.02994000 0.04966400
v -0.01511800 -0.03019200 0.04966400
v -0.00752800 -0.03233600 0.04966400
v -0.00158500 -0.03369200 0.04966400
v 0.00115400 -0.03381500 0.04966400
v 0.00450400 -0.03396600 0.04966400
v 0.00212400 -0.03519000 0.04966400
v 0.01054400 -0.03314800 0.04966400
v 0.01958700 -0.03103500 0.04966400
v 0.02465100 -0.02773700 0.04966400
v 0.02647500 -0.02457500 0.04966400
v 0.02907600 -0.02362100 0.04966400
v 0.03048500 -0.01998500 0.04966400
v 0.03273100 -0.01880900 0.04966400
v 0.05629800 0.07811300 0.04966400
v 0.06439775 0.08224437 0.04966400
v 0.05780300 0.06920200 0.04966400
v 0.05681300 0.06790300 0.04966400
v 0.05482625 0.07782400 0.04966400
v 0.05493500 0.07901500 0.04966400
v 0.05868100 0.07393300 0.04966400
v 0.05561212 0.06799900 0.04966400
v 0.05876300 0.07230100 0.04966400
v 0.05846500 0.07069500 0.04966400
v 0.06519850 0.04901400 0.04966400
v 0.05554800 0.06686800 0.04966400
v 0.01677900 0.07976700 0.04966400
v 0.01496700 0.07952900 0.04966400
v 0.01001700 0.07457900 0.04966400
v 0.01071700 0.07626700 0.04966400
v 0.01182900 0.07771700 0.04966400
v 0.01327900 0.07882900 0.04966400
v 0.01749900 0.05449500 0.04966400
v 0.00115400 0.05225200 0.04966400
v 0.01963500 0.05444600 0.04966400
v 0.01654138 0.05582963 0.04966400
v 0.02172200 0.05490300 0.04966400
v 0.01543500 0.05504600 0.04966400
v 0.01078000 0.05927200 0.04966400
v 0.01003300 0.06127400 0.04966400
v 0.01241088 0.07403600 0.04966400
v -0.03222200 0.00001700 0.04966400
v -0.03170600 -0.00600400 0.04966400
v -0.03148350 0.02560800 0.04966400
v 0.06870300 0.02162000 0.04966400
v 0.07375194 0.02617856 0.04966400
v 0.05361600 0.01005100 0.04966400
v 0.05522400 0.01157400 0.04966400
v 0.04998900 0.01345000 0.04966400
v -0.03198800 0.07657200 0.04966400
v -0.03152200 0.07851400 0.04966400
v -0.03129200 0.07947100 0.04966400
v -0.02438900 0.08897100 0.04966400
v -0.02665700 0.08703500 0.04966400
v 0.00115400 0.09260000 0.04966400
v -0.01645250 0.09218400 0.04966400
v 0.10316450 0.09131775 0.04966400
v 0.13500000 0.09260000 0.04966400
v 0.13905400 0.09217400 0.04966400
v 0.14646200 0.08887600 0.04966400
v 0.14949100 0.08614800 0.04966400
v 0.14769375 0.05900375 0.04966400
v 0.14293200 0.05528600 0.04966400
v 0.14646300 0.05732500 0.04966400
v 0.14949200 0.06005300 0.04966400
v 0.15188800 0.06335100 0.04966400
v 0.15354600 0.06707500 0.04966400
v 0.12053056 0.08214894 0.04966400
v 0.15439300 0.07106200 0.04966400
v 0.09513200 0.03400100 0.04966400
v 0.10703100 0.03930000 0.04966400
v 0.13611900 0.05225200 0.04966400
v 0.02451650 0.09080500 0.04966400
v 0.04787900 0.09260000 0.04966400
v 0.08251800 0.09080500 0.04966400
v 0.06990400 0.09260000 0.04966400
v 0.08392700 0.08679444 0.04966400
v -0.00996400 0.08749888 0.04966400
v -0.00852150 0.08254650 0.04966400
v -0.02410625 0.04253800 0.04966400
v 0.02854537 0.04576925 0.04966400
v 0.02701087 0.04893075 0.04966400
v 0.01377900 0.07796300 0.04866400
v 0.01448300 0.07831000 0.04454800
v 0.01522600 0.07856300 0.04866400
v 0.01677900 0.07876700 0.04454800
v 0.01677900 0.07876700 0.04866400
v 0.01123600 0.07506300 0.04454800
v 0.01158300 0.07576700 0.04866400
v 0.01166800 0.07571000 0.04454800
v 0.05177900 0.07876700 0.04866400
v 0.05375000 0.06710000 0.04866400
v 0.05500900 0.06771100 0.04866400
v 0.05609300 0.06859800 0.04454800
v 0.05609300 0.06859800 0.04866400
v 0.05694200 0.06971100 0.04866400
v 0.05751000 0.07099100 0.04454800
v 0.05776600 0.07236800 0.04866400
v 0.05769500 0.07376600 0.04454800
v 0.05769500 0.07376600 0.04866400
v 0.05730200 0.07511000 0.04866400
v 0.05660900 0.07632700 0.04454800
v 0.05660900 0.07632700 0.04866400
v 0.05565200 0.07734900 0.04866400
v 0.05448400 0.07812200 0.04454800
v 0.05177900 0.07876700 0.04454800
v 0.05317000 0.07860400 0.04866400
v 0.05448400 0.07812200 0.04866400
v 0.01077900 0.06339500 0.04454800
v 0.01077900 0.06339500 0.04866400
v 0.01100400 0.06151000 0.04866400
v 0.01166800 0.05973100 0.04454800
v 0.01166800 0.05973100 0.04866400
v 0.01273300 0.05815900 0.04866400
v 0.01413900 0.05688300 0.04454800
v 0.01580600 0.05597400 0.04866400
v 0.01764100 0.05548500 0.04454800
v 0.01764100 0.05548500 0.04866400
v -0.03504900 0.07319100 0.01251400
v -0.03455200 0.07282900 0.01332400
v -0.03494600 0.07311600 0.01268200
v -0.03497100 0.06947800 0.01158800
v -0.03504900 0.07319100 0.04081400
v -0.03497100 0.06947800 0.04174000
v -0.03455200 0.07282900 0.04000400
v -0.03426100 0.06686700 0.04086900
v -0.03426100 0.06930700 0.04075500
v -0.03236550 0.07235600 0.03984550
v -0.03426100 0.07233100 0.03983400
v -0.03426100 0.06576200 0.04092100
v -0.03426100 0.06228400 0.04020900
v -0.03426100 0.06143600 0.03979800
v -0.03497100 0.05854600 0.03950000
v -0.03426100 0.05909000 0.03866200
v -0.03426100 0.05679700 0.03673100
v -0.03426100 0.05430600 0.03349100
v -0.03497100 0.05342700 0.03396800
v -0.03497100 0.05204300 0.03043200
v -0.03426100 0.05301200 0.02314200
v -0.03497100 0.05157100 0.02666400
v -0.03426100 0.05257100 0.02666400
v -0.03426100 0.05301200 0.03018600
v -0.03426100 0.05376000 0.02123100
v -0.03497100 0.05342700 0.01936000
v -0.03497100 0.05204300 0.02289600
v -0.03426100 0.05430600 0.01983700
v -0.03426100 0.05637400 0.01695300
v -0.03497100 0.05564100 0.01627400
v -0.03426100 0.05909000 0.01466600
v -0.03497100 0.06196400 0.01217300
v -0.03426100 0.06228400 0.01312000
v -0.03426100 0.06576200 0.01240700
v -0.03497100 0.06568400 0.01141000
v -0.03426100 0.06930700 0.01257300
v -0.03046100 0.07202600 0.01336300
v -0.03426100 0.07233100 0.01349400
v -0.03426100 0.07270300 0.01360700
v -0.03504500 0.07407900 0.04043400
v -0.03451500 0.07455400 0.03916600
v -0.03399500 0.07555500 0.03802500
v -0.03429500 0.07644900 0.03792000
v -0.03386400 0.07606900 0.03756000
v -0.03363600 0.07696100 0.03675200
v -0.03393000 0.07815000 0.03641300
v -0.03354500 0.07731700 0.03643000
v -0.03345100 0.07970100 0.03454900
v -0.03294700 0.07884200 0.03448600
v -0.03298800 0.08087200 0.03257500
v -0.03287200 0.07899200 0.03422900
v -0.03200700 0.08053300 0.03088800
v -0.03263000 0.08164600 0.03065400
v -0.03230700 0.08003100 0.03211500
v -0.03235100 0.07995800 0.03229500
v -0.03173800 0.08092400 0.02930800
v -0.03239100 0.08211600 0.02866300
v -0.03168000 0.08100200 0.02856300
v -0.03234500 0.08220200 0.02800200
v -0.03163200 0.08106800 0.02793100
v -0.03155900 0.08116700 0.02698300
v -0.03231500 0.08225700 0.02606700
v -0.03174000 0.08091700 0.02424200
v -0.03160400 0.08110700 0.02531700
v -0.03244200 0.08201700 0.02411100
v -0.03251700 0.08187100 0.02346500
v -0.03181800 0.08080700 0.02362200
v -0.03236000 0.07996600 0.02091800
v -0.03229800 0.08006300 0.02119800
v -0.03283900 0.08120500 0.02148300
v -0.03218100 0.08024800 0.02173000
v -0.03189100 0.08070600 0.02304500
v -0.03266100 0.07938700 0.01985900
v -0.03326500 0.08020100 0.01953800
v -0.03298000 0.07877100 0.01873400
v -0.03374600 0.07880400 0.01762800
v -0.03321500 0.07820200 0.01797200
v -0.03388000 0.07610500 0.01574500
v -0.03424300 0.07674500 0.01564000
v -0.03370900 0.07667600 0.01632100
v -0.03417000 0.07712100 0.01595200
v -0.03335300 0.07786700 0.01752200
v -0.03412400 0.07476200 0.01473800
v -0.03449200 0.07486600 0.01434200
v -0.03413300 0.07462600 0.01466400
v -0.03499600 0.07506200 0.03994500
v -0.03474500 0.07712800 0.03865100
v -0.03433800 0.07899300 0.03708200
v -0.03380300 0.08071000 0.03512900
v -0.03328300 0.08202100 0.03304300
v -0.03287700 0.08289800 0.03099000
v -0.03260200 0.08343800 0.02883900
v -0.03255000 0.08353700 0.02812000
v -0.03251500 0.08360200 0.02601400
v -0.03266200 0.08332400 0.02388800
v -0.03274800 0.08315600 0.02319000
v -0.03311500 0.08239800 0.02106300
v -0.03359400 0.08126800 0.01899800
v -0.03413300 0.07971500 0.01699200
v -0.03460500 0.07786400 0.01524300
v -0.03468700 0.07745200 0.01491900
v -0.03496900 0.07540200 0.01357000
v -0.02197125 0.02321825 0.04766400
v -0.02331000 0.03643525 0.04766400
v 0.08538819 0.06916900 0.04766400
v 0.11633262 0.04919619 0.04766400
v 0.10452738 0.08702275 0.04766400
v 0.09490700 0.09103000 0.04766400
v 0.02374044 0.05750556 0.04766400
v 0.02572600 0.05075200 0.04766400
v 0.00971200 0.05553800 0.04766400
v 0.01182100 0.05362300 0.04766400
v 0.01992400 0.05146000 0.04766400
v 0.01119662 0.07932288 0.04766400
v 0.01368900 0.08227800 0.04766400
v 0.00726800 0.07585700 0.04766400
v 0.00677900 0.07276700 0.04766400
v 0.01090100 0.08085700 0.04766400
v 0.00868900 0.07864500 0.04766400
v 0.05628800 0.08169300 0.04766400
v 0.05179800 0.08552050 0.04766400
v 0.05823400 0.08040400 0.04766400
v 0.04347500 0.08276700 0.04766400
v 0.05409700 0.08249500 0.04766400
v 0.05897000 0.06581800 0.04766400
v 0.06030787 0.06779600 0.04766400
v 0.05981900 0.06693200 0.04766400
v 0.06012100 0.06732800 0.04766400
v 0.06038500 0.06767400 0.04766400
v 0.05791450 0.07830069 0.04766400
v 0.02270700 0.05207000 0.04766400
v 0.03250200 0.00201800 0.04766400
v 0.03229500 0.00402900 0.04766400
v 0.05461875 0.03166300 0.04766400
v 0.00123200 0.02954100 0.04766400
v 0.03164656 0.00887281 0.04766400
v 0.00558500 -0.02947700 0.04766400
v 0.00442500 -0.02955700 0.04766400
v -0.02592200 0.01969400 0.04766400
v -0.02439825 0.02667875 0.04766400
v -0.03165587 0.02714512 0.04766400
v -0.02755412 0.01092919 0.04766400
v -0.03185088 -0.00585688 0.04766400
v -0.03183500 0.02122500 0.04766400
v -0.02360800 0.02122500 0.04766400
v -0.02784100 0.00024000 0.04766400
v -0.02672400 -0.00038350 0.04766400
v -0.02658300 -0.00134800 0.04766400
v -0.03193800 -0.00174900 0.04766400
v -0.03186100 -0.00289300 0.04766400
v -0.00034600 0.02935100 0.04766400
v -0.00345875 0.02923188 0.04766400
v 0.00081200 0.02951300 0.04766400
v 0.00003100 0.03489100 0.04766400
v 0.02807588 0.04846113 0.04766400
v 0.01339306 0.03873769 0.04766400
v -0.00009550 0.03433413 0.04766400
v 0.00128800 0.03497600 0.04766400
v -0.03297325 0.00461450 0.04766400
v 0.05252550 0.01116800 0.04766400
v 0.04960000 0.01322500 0.04766400
v 0.05201150 0.01811288 0.04766400
v -0.01797300 0.09103000 0.04766400
v -0.00784563 0.07949600 0.04766400
v 0.08155625 0.08675450 0.04766400
v 0.08488913 0.08764775 0.04766400
v 0.06576250 0.09103000 0.04766400
v -0.00034600 0.09103000 0.04766400
v -0.01062850 0.08775669 0.04766400
v -0.03337000 0.07360000 0.04943600
v -0.03369300 0.07360000 0.04922000
v -0.03372200 0.00001800 0.04926200
v -0.03335000 0.00001700 0.04936200
v -0.03332900 0.00001700 0.04936700
v -0.03491900 0.00001800 0.04779200
v -0.03491700 0.00001800 0.04779900
v -0.03477700 0.07360000 0.04813600
v -0.03482000 0.00001800 0.04816400
v -0.03434300 0.07360000 0.04878500
v -0.03427100 0.00001800 0.04871300
v -0.03426100 0.00001800 0.04872300
v -0.03499300 0.07360000 0.04781200
v -0.03006200 -0.01870700 0.04781900
v -0.01654100 -0.03256700 0.04781900
v 0.00856300 -0.03755600 0.04781900
v 0.00846600 -0.03690600 0.04879500
v 0.00207300 -0.03730000 0.04879500
v 0.00832100 -0.03593300 0.04944400
v 0.00209600 -0.03631800 0.04944400
v 0.03370200 -0.01942300 0.04943600
v 0.03368500 -0.01941200 0.04944000
v 0.02991200 -0.02437800 0.04944400
v -0.02075200 -0.02750700 0.04944400
v -0.03281800 -0.00619700 0.04944400
v -0.00410200 -0.03563200 0.04944400
v 0.01438900 -0.03449000 0.04944400
v 0.02012000 -0.03203000 0.04944400
v 0.02534600 -0.02862600 0.04944400
v 0.03064100 -0.02503800 0.04879500
v 0.03452500 -0.01994300 0.04878500
v 0.02595100 -0.02940100 0.04879500
v 0.02058400 -0.03289700 0.04879500
v 0.01469700 -0.03542300 0.04879500
v -0.00429400 -0.03659600 0.04879500
v -0.01044600 -0.03481200 0.04879500
v -0.01569800 -0.03116000 0.04944400
v -0.01620300 -0.03200300 0.04879500
v -0.03378600 -0.00636400 0.04879500
v 0.03112900 -0.02547900 0.04781900
v 0.02635600 -0.02991900 0.04781900
v 0.02089400 -0.03347600 0.04781900
v 0.00205700 -0.03795800 0.04781900
v -0.00442200 -0.03724100 0.04781900
v -0.01068300 -0.03542600 0.04781900
v -0.02863500 -0.01789900 0.04944400
v -0.03123000 -0.01222800 0.04944400
v -0.02949000 -0.01838300 0.04879500
v -0.03215600 -0.01255900 0.04879500
v -0.03277500 -0.01278000 0.04781900
v -0.03443400 -0.00647600 0.04781900
v 0.03507400 -0.02029000 0.04781200
v -0.02139400 -0.02825100 0.04879500
v -0.02637600 -0.02408300 0.04781900
v -0.02586700 -0.02366600 0.04879500
v -0.02510700 -0.02304200 0.04944400
v -0.03346900 0.07680700 0.04926200
v -0.03455400 0.07697900 0.04816400
v -0.03271800 0.07993500 0.04926200
v -0.03148700 0.08290700 0.04926200
v -0.02980600 0.08565000 0.04926200
v -0.02771700 0.08809600 0.04926200
v -0.02527100 0.09018500 0.04926200
v -0.02118200 0.09080500 0.04966400
v -0.01955600 0.09309700 0.04926200
v -0.03376300 0.08027400 0.04816400
v -0.03246600 0.08340500 0.04816400
v -0.03069500 0.08629500 0.04816400
v -0.02849400 0.08887200 0.04816400
v -0.01989600 0.09414100 0.04816400
v -0.01660000 0.09493200 0.04816400
v -0.01322200 0.09372800 0.04936200
v -0.01322200 0.09410000 0.04926200
v -0.01322200 0.09464900 0.04871300
v -0.01322200 0.09519800 0.04816400
v -0.01322200 0.09529800 0.04779200
v 0.04398500 -0.00619600 0.04781200
v 0.04343500 -0.00584800 0.04878500
v 0.04261200 -0.00532800 0.04943600
v 0.13500000 0.09472100 0.04878500
v 0.13500000 0.09537200 0.04781200
v 0.13929300 0.09329700 0.04943600
v 0.13500000 0.09374800 0.04943600
v 0.05554900 0.00806500 0.04781200
v 0.05586300 0.01187600 0.04965700
v 0.05741700 0.01346500 0.04966200
v 0.06151700 0.01536900 0.04943600
v 0.07828600 0.02346600 0.04781200
v 0.04884200 0.00168500 0.04878500
v 0.05509600 0.00853100 0.04878500
v 0.04808600 0.00229800 0.04943600
v 0.05441700 0.00922900 0.04943600
v 0.06250500 0.01408000 0.04781200
v 0.06211000 0.01459600 0.04878500
v 0.05675500 0.01256000 0.04965000
v 0.07762500 0.02494900 0.04943600
v 0.06928900 0.02063300 0.04943600
v 0.07775700 0.02465400 0.04922000
v 0.07802100 0.02406000 0.04878500
v 0.15155200 0.05819800 0.04781200
v 0.15428800 0.08423600 0.04781200
v 0.14713700 0.05639600 0.04943600
v 0.15463700 0.07948100 0.04943600
v 0.15288200 0.08342400 0.04943600
v 0.14713600 0.08980500 0.04943600
v 0.14339900 0.05423700 0.04943600
v 0.14353100 0.05394200 0.04922000
v 0.14771000 0.05560900 0.04878500
v 0.14339800 0.09196300 0.04943600
v 0.13949500 0.09424900 0.04878500
v 0.14379400 0.09285200 0.04878500
v 0.13963000 0.09488500 0.04781200
v 0.15155100 0.08800300 0.04781200
v 0.15372400 0.08391100 0.04878500
v 0.15106700 0.08756800 0.04878500
v 0.15034400 0.08691600 0.04943600
v 0.15553500 0.07525900 0.04943600
v 0.15553500 0.07094200 0.04943600
v 0.15650300 0.07536100 0.04878500
v 0.15650300 0.07084100 0.04878500
v 0.15715000 0.07542900 0.04781200
v 0.15715000 0.07077300 0.04781200
v 0.15463800 0.06672000 0.04943600
v 0.15556300 0.06641900 0.04878500
v 0.15618200 0.06621800 0.04781200
v 0.15288200 0.06277700 0.04943600
v 0.15372500 0.06229000 0.04878500
v 0.14809100 0.09111800 0.04781200
v 0.14770900 0.09059200 0.04878500
v 0.15618100 0.07998300 0.04781200
v 0.15556300 0.07978200 0.04878500
v 0.15106800 0.05863300 0.04878500
v 0.15034500 0.05928400 0.04943600
v 0.14809200 0.05508200 0.04781200
v 0.14379500 0.05334800 0.04878500
v 0.14406000 0.05275400 0.04781200
v -0.03072200 0.06901700 0.04201500
v -0.02972200 0.06796800 0.04212500
v -0.03072200 0.07266500 0.04104000
v -0.02972200 0.07341100 0.04071700
v -0.02972200 0.07768600 0.03776700
v -0.02972200 0.07685400 0.03799700
v -0.03009600 0.07665800 0.03868300
v -0.03022000 0.07624900 0.03900500
v -0.03059000 0.07450900 0.04015200
v -0.03066900 0.07339700 0.04068700
v -0.03061600 0.07431900 0.01307100
v -0.02972200 0.07341100 0.01261100
v -0.03027600 0.07604300 0.01416900
v -0.02972200 0.07738950 0.01580500
v -0.02972200 0.07768600 0.01556100
v -0.02972200 0.06796800 0.01120300
v -0.03072200 0.06524100 0.04207800
v -0.02972200 0.06237900 0.04149900
v -0.03072200 0.06239800 0.04142000
v -0.03072200 0.06156200 0.04122600
v -0.03072200 0.05534900 0.03703200
v -0.02972200 0.05363400 0.03472900
v -0.03072200 0.05370300 0.03468000
v -0.03072200 0.05318400 0.03393800
v -0.02972200 0.05162800 0.02947600
v -0.03072200 0.05183100 0.03041200
v -0.03072200 0.05171500 0.02946500
v -0.03072200 0.05137100 0.02666400
v -0.02972200 0.05162800 0.02385300
v -0.03072200 0.05183100 0.02291600
v -0.02972200 0.05363400 0.01859900
v -0.03072200 0.05318400 0.01939000
v -0.03072200 0.05370300 0.01864800
v -0.02972200 0.05738200 0.01440800
v -0.03072200 0.05534900 0.01629600
v -0.03072200 0.05819800 0.01381800
v -0.02972200 0.06237900 0.01182900
v -0.03072200 0.06239800 0.01190800
v -0.03072200 0.06524100 0.01125000
v -0.02972200 0.07957200 0.03522800
v -0.02972200 0.08050700 0.03364875
v -0.02972200 0.08062600 0.03380900
v -0.02972200 0.07848400 0.03669300
v -0.02972200 0.08217400 0.02912900
v -0.02972200 0.08147500 0.03124200
v -0.02972200 0.08114900 0.03145150
v -0.02972200 0.08076800 0.03338100
v -0.02972200 0.08083200 0.02014200
v -0.02972200 0.08186725 0.02809300
v -0.02972200 0.08168425 0.02974725
v -0.02972200 0.08062600 0.01951900
v -0.02972200 0.07964762 0.01910450
v -0.02972200 0.07981600 0.01842900
v -0.02972200 0.07878900 0.01704600
v -0.03157600 0.07470200 0.04027800
v -0.03208800 0.07948500 0.03875500
v -0.03112600 0.07697500 0.03872500
v -0.03077900 0.07805300 0.03776000
v -0.03124000 0.07654400 0.03906500
v -0.03196400 0.07752700 0.03912000
v -0.03162400 0.07869500 0.03811200
v -0.03257500 0.07770200 0.04016000
v -0.03292700 0.07553900 0.04146300
v -0.03207500 0.07706000 0.03947500
v -0.03167800 0.07273700 0.04121700
v -0.03248900 0.07293900 0.04171900
v -0.03303100 0.07324200 0.04247200
v -0.03167800 0.05301600 0.01930100
v -0.03167800 0.05164600 0.03045800
v -0.03303100 0.07324200 0.01085600
v -0.03303100 0.06923100 0.00978500
v -0.03303100 0.06103300 0.01065200
v -0.03303100 0.05733500 0.01253800
v -0.03303100 0.05420200 0.01526400
v -0.03303100 0.05182100 0.01866600
v -0.03303100 0.05033400 0.02254300
v -0.03303100 0.04982800 0.02666400
v -0.03303100 0.05033400 0.03078600
v -0.03303100 0.05182100 0.03466200
v -0.03303100 0.05420200 0.03806400
v -0.03303100 0.05733500 0.04079000
v -0.03303100 0.06103300 0.04267600
v -0.03303100 0.06507900 0.00971500
v -0.03167800 0.05301600 0.03402700
v -0.03248900 0.05112100 0.03058900
v -0.03248900 0.05063900 0.02666400
v -0.03167800 0.05118100 0.02666400
v -0.03167800 0.05164600 0.02287000
v -0.03248900 0.05112100 0.02273900
v -0.03248900 0.05253700 0.01904600
v -0.03248900 0.05480500 0.01580600
v -0.03167800 0.05520800 0.01616900
v -0.03167800 0.05809200 0.01366000
v -0.03248900 0.05778800 0.01321100
v -0.03248900 0.06131100 0.01141400
v -0.03248900 0.07293900 0.01160900
v -0.03162400 0.07869500 0.01521600
v -0.03208800 0.07948500 0.01457300
v -0.03156700 0.08104600 0.01603400
v -0.03067500 0.07907900 0.03683500
v -0.03033000 0.08135000 0.03377100
v -0.03050900 0.08029900 0.03543000
v -0.03030400 0.08149000 0.03350000
v -0.03002200 0.08287300 0.02893900
v -0.03013500 0.08233900 0.03137500
v -0.02999300 0.08300500 0.02753500
v -0.03002300 0.08286500 0.02432800
v -0.03028600 0.08158200 0.02001600
v -0.03047100 0.08054400 0.01823700
v -0.03063000 0.07944200 0.01687100
v -0.03077900 0.07805300 0.01556800
v -0.03128300 0.08018800 0.01655200
v -0.03094900 0.08133900 0.01797200
v -0.03059100 0.08238300 0.01982900
v -0.03036000 0.08299100 0.02144300
v -0.03012000 0.08358900 0.02428000
v -0.03006800 0.08371400 0.02755200
v -0.03011600 0.08359600 0.02898500
v -0.03031400 0.08310700 0.03148900
v -0.03062400 0.08229200 0.03369600
v -0.03067400 0.08215400 0.03397800
v -0.03102800 0.08108700 0.03570900
v -0.03138200 0.07980100 0.03716600
v -0.03108600 0.08221100 0.01758000
v -0.03059900 0.08322200 0.01957400
v -0.03029900 0.08378400 0.02128000
v -0.03000200 0.08430800 0.02422200
v -0.02994000 0.08441400 0.02757200
v -0.02999800 0.08431500 0.02904200
v -0.03024100 0.08388800 0.03163400
v -0.03064300 0.08313600 0.03396300
v -0.03070900 0.08300400 0.03426400
v -0.03119700 0.08195900 0.03613100
v -0.03171400 0.08064600 0.03772000
v -0.03295100 0.07530300 0.01174500
v -0.03263000 0.07744700 0.01299400
v -0.03212600 0.07682500 0.01368400
v -0.03242100 0.07484700 0.01247100
v -0.03129200 0.07632700 0.01410100
v -0.03159800 0.07450000 0.01293800
v 0.02205000 0.05395900 0.04566400
v 0.02205000 0.05395900 0.04254800
v 0.02607556 0.05826281 0.04254800
v 0.05177900 0.08076700 0.04566400
v 0.05538600 0.07990800 0.04254800
v 0.05363300 0.08054900 0.04566400
v 0.05538600 0.07990800 0.04566400
v 0.05694300 0.07887700 0.04566400
v 0.05821900 0.07751400 0.04254800
v 0.05821900 0.07751400 0.04566400
v 0.05966700 0.07410000 0.04254800
v 0.05914300 0.07589200 0.04566400
v 0.05976100 0.07223500 0.04566400
v 0.05942000 0.07039900 0.04254800
v 0.05608600 0.06602600 0.04566400
v 0.05753200 0.06720800 0.04566400
v 0.01677900 0.08076700 0.04254800
v 0.00958500 0.07577600 0.04254800
v 0.00945400 0.07579500 0.04566400
v 0.00985100 0.07676700 0.04254800
v 0.01277900 0.07969500 0.04254800
v 0.01207700 0.07923900 0.04566400
v 0.01377000 0.07996100 0.04254800
v 0.01430700 0.08037600 0.04566400
v 0.00877900 0.06339500 0.04566400
v 0.01973200 0.05345100 0.04566400
v 0.01735800 0.05350500 0.04254800
v 0.01735800 0.05350500 0.04566400
v 0.01298000 0.05525300 0.04254800
v 0.01506500 0.05411700 0.04566400
v 0.01298000 0.05525300 0.04566400
v 0.01122300 0.05684800 0.04566400
v 0.00989100 0.05881400 0.04566400
v 0.00877900 0.06339500 0.04254800
v 0.00906100 0.06103800 0.04566400
v 0.01391544 0.07508463 0.04254800
v 0.04560888 0.06557425 0.04254800
v 0.02460713 0.06936550 0.04254800
v 0.03893400 0.06425800 0.04254800
v 0.03656675 0.06879475 0.04254800
v 0.03832800 0.06478100 0.04254800
v -0.02822800 0.01887700 0.04746400
v -0.02297400 0.02345100 0.04746400
v -0.02473825 0.02197450 0.04746400
v -0.02329100 0.02531200 0.04746400
v -0.02360800 0.02122500 0.04466400
v -0.02297200 0.02360000 0.04746400
v -0.02297200 0.02360000 0.04466400
v -0.02300500 0.02415900 0.04466400
v -0.02534700 0.01948600 0.04466400
v -0.02772200 0.01885000 0.04746400
v -0.02704000 0.01889900 0.04466400
v -0.02634800 0.01905300 0.04746400
v -0.03009700 0.01948600 0.04266400
v 0.05743700 0.01345000 0.04746400
v 0.05801300 0.01560000 0.04746400
v -0.02571600 0.02306250 0.04746400
v -0.02746850 0.01971837 0.04746400
v -0.02559125 0.02514050 0.04746400
v 0.03998306 0.06349956 0.04454800
v 0.02038375 0.07462325 0.04454800
v 0.03763850 0.06676450 0.04454800
v 0.00862700 0.07276700 0.04642900
v 0.00851100 0.06339500 0.04666400
v 0.00819300 0.07276700 0.04707800
v 0.00777900 0.06339500 0.04739600
v 0.00776000 0.07276700 0.04736800
v 0.00754400 0.07276700 0.04751200
v 0.01102000 0.05667300 0.04666400
v 0.01282500 0.05503400 0.04666400
v 0.01732000 0.05324000 0.04666400
v 0.01975700 0.05318400 0.04666400
v 0.02213800 0.05370600 0.04666400
v 0.01046700 0.05619300 0.04739600
v 0.01240100 0.05443800 0.04739600
v 0.01982800 0.05245600 0.04739600
v 0.02237900 0.05301400 0.04739600
v 0.01426000 0.08052000 0.04642900
v 0.01135100 0.08023800 0.04751200
v 0.01392500 0.08155000 0.04751200
v 0.01412600 0.08093300 0.04707800
v 0.01677900 0.08200200 0.04751200
v 0.00799600 0.07562100 0.04751200
v 0.01173200 0.07971300 0.04707800
v 0.00930800 0.07819500 0.04751200
v 0.01198700 0.07936200 0.04642900
v 0.01677900 0.08135300 0.04707800
v 0.05440700 0.06521100 0.04566400
v 0.05177900 0.08176700 0.04739600
v 0.05177900 0.08276700 0.04766400
v 0.05177900 0.08103500 0.04666400
v 0.05825100 0.06651300 0.04739600
v 0.05952400 0.06818300 0.04739600
v 0.05623100 0.06580000 0.04666400
v 0.05772400 0.06702200 0.04666400
v 0.05939000 0.07599600 0.04666400
v 0.05843400 0.07767200 0.04666400
v 0.05711600 0.07908200 0.04666400
v 0.05550700 0.08014700 0.04666400
v 0.05369500 0.08081000 0.04666400
v 0.05758900 0.07964100 0.04739600
v 0.05583700 0.08080000 0.04739600
v 0.05386500 0.08152200 0.04739600
v 0.05177900 0.07890100 0.04916400
v 0.05177900 0.07926700 0.04953000
v 0.01677900 0.07890100 0.04916400
v 0.01677900 0.07926700 0.04953000
v 0.01050000 0.07444900 0.04953000
v 0.01146700 0.07583400 0.04916400
v 0.01371200 0.07807900 0.04916400
v 0.01519100 0.07869200 0.04916400
v 0.01115000 0.07601700 0.04953000
v 0.01218300 0.07736300 0.04953000
v 0.01352900 0.07839600 0.04953000
v 0.01509700 0.07904600 0.04953000
v 0.05328500 0.07909000 0.04953000
v 0.05320100 0.07873400 0.04916400
v 0.05454500 0.07824200 0.04916400
v 0.05573900 0.07745200 0.04916400
v 0.05671700 0.07640600 0.04916400
v 0.05742600 0.07516300 0.04916400
v 0.05782700 0.07378900 0.04916400
v 0.05763800 0.07095200 0.04916400
v 0.05705800 0.06964300 0.04916400
v 0.05619000 0.06850500 0.04916400
v 0.05508200 0.06759800 0.04916400
v 0.05379400 0.06697300 0.04916400
v 0.05471000 0.07856900 0.04953000
v 0.05597500 0.07773100 0.04953000
v 0.05701100 0.07662400 0.04953000
v 0.05776300 0.07530600 0.04953000
v 0.05818800 0.07385000 0.04953000
v 0.05826400 0.07233500 0.04953000
v 0.05798800 0.07084300 0.04953000
v 0.05737300 0.06945700 0.04953000
v 0.05645300 0.06825000 0.04953000
v 0.05527900 0.06729000 0.04953000
v 0.05391400 0.06662800 0.04953000
v 0.01064500 0.06339500 0.04916400
v 0.02155800 0.05537600 0.04953000
v 0.01958700 0.05494400 0.04953000
v 0.01955200 0.05530800 0.04916400
v 0.01762200 0.05535200 0.04916400
v 0.01575700 0.05585000 0.04916400
v 0.01406100 0.05677400 0.04916400
v 0.01263200 0.05807100 0.04916400
v 0.01154900 0.05966900 0.04916400
v 0.01087400 0.06147800 0.04916400
v 0.01757000 0.05499000 0.04953000
v 0.01562100 0.05551000 0.04953000
v 0.01384900 0.05647500 0.04953000
v 0.01122400 0.05950200 0.04953000
v 0.01051900 0.06139200 0.04953000
v -0.03186100 -0.00289300 0.04746400
v -0.02646600 -0.00214200 0.04506400
v -0.03193800 -0.00174900 0.04746400
v -0.03159700 -0.00076700 0.04506400
v -0.03196600 -0.00214200 0.04746400
v -0.03196600 -0.00214200 0.04506400
v -0.03159700 -0.00351700 0.04506400
v -0.02683400 -0.00076700 0.04506400
v -0.03011500 -0.00257900 0.05000000
v -0.03007500 -0.00263700 0.05004500
v -0.03008200 -0.00264200 0.04506400
v -0.02921600 -0.00314200 0.04506400
v -0.02971000 -0.00128900 0.05052100
v -0.02971600 -0.00127600 0.04506400
v -0.03006000 -0.00160600 0.05015000
v -0.03008200 -0.00164200 0.04506400
v -0.02944600 -0.00116900 0.05074200
v -0.02921500 -0.00115500 0.05088000
v -0.02910500 -0.00114800 0.05094600
v -0.02871600 -0.00127600 0.04506400
v -0.02875900 -0.00125300 0.05108900
v -0.02835000 -0.00164200 0.04506400
v -0.02849100 -0.00145300 0.05116000
v -0.02872000 -0.00128100 0.05109900
v -0.02822800 -0.00214100 0.05119800
v -0.02822100 -0.00204100 0.05119900
v -0.02821600 -0.00214200 0.04506400
v -0.02830800 -0.00172300 0.05119100
v -0.02835000 -0.00264200 0.04506400
v -0.02829600 -0.00253500 0.05118400
v -0.02824300 -0.00237400 0.05119400
v -0.02872200 -0.00301200 0.05106000
v -0.02871700 -0.00300700 0.05106200
v -0.02871600 -0.00300800 0.04506400
v -0.02847200 -0.00281000 0.05114300
v -0.02836000 -0.00263500 0.05116900
v -0.02901100 -0.00312100 0.05092700
v -0.02971600 -0.00300800 0.04506400
v -0.02994200 -0.00282900 0.05019300
v -0.02970900 -0.00299800 0.05042100
v -0.02963800 -0.00304900 0.05049000
v -0.03018100 -0.00188000 0.04997400
v -0.03021500 -0.00209500 0.04990800
v -0.03021600 -0.00214200 0.04506400
v -0.03021100 -0.00214200 0.04990900
v -0.03019400 -0.00234900 0.04991300
v 0.00128800 0.03497600 0.04746400
v 0.00221600 0.03464400 0.04506400
v 0.00084100 0.03501300 0.04746400
v 0.00084100 0.03501300 0.04506400
v 0.00003100 0.03489100 0.04746400
v -0.00053400 0.03464400 0.04506400
v -0.00002500 0.03176300 0.04506400
v -0.00013100 0.03202500 0.05091600
v -0.00010300 0.03193100 0.05096500
v -0.00015900 0.03226300 0.04506400
v -0.00002500 0.03276300 0.04506400
v -0.00001300 0.03275600 0.05036400
v -0.00015500 0.03226200 0.05077000
v -0.00015900 0.03223100 0.05079300
v 0.00034100 0.03312900 0.04506400
v 0.00083000 0.03326300 0.04981800
v 0.00057600 0.03322700 0.04984600
v 0.00035500 0.03313700 0.04995400
v 0.00034300 0.03312600 0.04996600
v 0.00004200 0.03286500 0.05026200
v 0.00084100 0.03326200 0.04982100
v 0.00084100 0.03326300 0.04506400
v 0.00104500 0.03324100 0.04987000
v 0.00134100 0.03312900 0.04506400
v 0.00170700 0.03276300 0.04506400
v 0.00159500 0.03292000 0.05031400
v 0.00182700 0.03226200 0.05084800
v 0.00182100 0.03245900 0.05072700
v 0.00184100 0.03226300 0.04506400
v 0.00169200 0.03275400 0.05047200
v 0.00178300 0.03259800 0.05062000
v 0.00170700 0.03176300 0.04506400
v 0.00134100 0.03139700 0.04506400
v 0.00151100 0.03152000 0.05115200
v 0.00170400 0.03176500 0.05108300
v 0.00091700 0.03126600 0.05119300
v 0.00084100 0.03126300 0.04506400
v 0.00123700 0.03134400 0.05118400
v 0.00058500 0.03129600 0.05118500
v 0.00034100 0.03139700 0.04506400
v 0.00034400 0.03140500 0.05116000
v -0.00001500 0.03176800 0.05103500
v 0.00004600 0.03165600 0.05108400
v 0.00028300 0.03143300 0.05115300
v 0.03798700 0.00199100 0.04746400
v 0.03762700 0.00083100 0.04506400
v 0.03799500 0.00220600 0.04746400
v 0.03799500 0.00220600 0.04506400
v 0.03793200 0.00279200 0.04746400
v 0.03762700 0.00358100 0.04506400
v 0.03437900 0.00170600 0.04531400
v 0.03431100 0.00184900 0.05118500
v 0.03424500 0.00220600 0.04531400
v 0.03424600 0.00217300 0.05119200
v 0.03424500 0.00220300 0.05119100
v 0.03444000 0.00279900 0.05114500
v 0.03439000 0.00270000 0.05115700
v 0.03437900 0.00270600 0.04531400
v 0.03429000 0.00250300 0.05118100
v 0.03424600 0.00220600 0.05119100
v 0.03467200 0.00302500 0.05106800
v 0.03475000 0.00306300 0.05103300
v 0.03557100 0.00315200 0.05051600
v 0.03524500 0.00320600 0.04531400
v 0.03573700 0.00305800 0.05035500
v 0.03574500 0.00307200 0.04531400
v 0.03588700 0.00297300 0.05021000
v 0.03524500 0.00320500 0.05076500
v 0.03495000 0.00316200 0.05094200
v 0.03611100 0.00270600 0.04531400
v 0.03624300 0.00227200 0.04980500
v 0.03620500 0.00248800 0.04984000
v 0.03611000 0.00270600 0.04995400
v 0.03610600 0.00271500 0.04995800
v 0.03620800 0.00193700 0.04989000
v 0.03611100 0.00170600 0.04531400
v 0.03623300 0.00205300 0.04984200
v 0.03624000 0.00220600 0.04981600
v 0.03606300 0.00163000 0.05011100
v 0.03577600 0.00135900 0.05044000
v 0.03524500 0.00120600 0.04531400
v 0.03574300 0.00134600 0.05046800
v 0.03474500 0.00134000 0.04531400
v 0.03506000 0.00122300 0.05095300
v 0.03447500 0.00156800 0.05115700
v 0.03472700 0.00135100 0.05108900
v 0.03474700 0.00134300 0.05108100
v 0.03462000 0.00112300 0.04506400
v 0.03416300 0.00158100 0.04506400
v 0.03399500 0.00220600 0.04506400
v 0.03632800 0.00283100 0.04506400
v 0.03649500 0.00220600 0.04506400
v 0.00518900 -0.03494900 0.04506400
v 0.00567300 -0.03490500 0.04746400
v 0.00656400 -0.03458000 0.04506400
v 0.00518900 -0.02944900 0.04506400
v 0.00656400 -0.02981700 0.04506400
v 0.00426900 -0.03180500 0.05106500
v 0.00420600 -0.03201300 0.05098000
v 0.00432300 -0.03169900 0.04506400
v 0.00468900 -0.03133300 0.04506400
v 0.00445500 -0.03151900 0.05114900
v 0.00433400 -0.03170600 0.05109500
v 0.00518900 -0.03121300 0.05119700
v 0.00502300 -0.03121200 0.05119800
v 0.00518900 -0.03119900 0.04506400
v 0.00471300 -0.03131900 0.05118600
v 0.00469100 -0.03133600 0.05118300
v 0.00568900 -0.03133300 0.04506400
v 0.00567200 -0.03132300 0.05117400
v 0.00535700 -0.03121300 0.05119500
v 0.00605500 -0.03169900 0.04506400
v 0.00593000 -0.03152700 0.05112000
v 0.00568700 -0.03133500 0.05117100
v 0.00615100 -0.03247100 0.05060700
v 0.00618900 -0.03219900 0.04506400
v 0.00603500 -0.03268800 0.05041000
v 0.00605500 -0.03269900 0.04506400
v 0.00594900 -0.03284800 0.05026400
v 0.00518900 -0.03319900 0.04506400
v 0.00518900 -0.03319400 0.04989700
v 0.00523600 -0.03319700 0.04988800
v 0.00568900 -0.03306500 0.04506400
v 0.00545900 -0.03316100 0.04991800
v 0.00568900 -0.03306400 0.05002800
v 0.00569100 -0.03306300 0.05002900
v 0.00501200 -0.03318300 0.04993100
v 0.00468900 -0.03306500 0.04506400
v 0.00475200 -0.03309800 0.05006700
v 0.00432300 -0.03269900 0.04506400
v 0.00446500 -0.03288900 0.05033000
v 0.00469500 -0.03305600 0.05011900
v 0.00419200 -0.03219800 0.05088300
v 0.01820000 0.02651600 0.05146400
v 0.01864675 0.02387625 0.05146400
v 0.00980975 0.02737925 0.05146400
v -0.00483075 -0.02643288 0.05146400
v -0.01062600 -0.02350000 0.05146400
v 0.00980700 -0.02991700 0.05146400
v 0.01260025 -0.02898500 0.05146400
v 0.00050138 -0.02240238 0.05146400
v -0.02199725 0.00572950 0.05146400
v -0.02499700 -0.00000600 0.05146400
v -0.00650400 0.02918400 0.05146400
v 0.00298800 0.03059400 0.05146400
v -0.00114100 0.03040900 0.05146400
v 0.03275200 0.00710300 0.05146400
v 0.03255900 0.00816400 0.05146400
v 0.00298800 -0.03059400 0.05146400
v -0.00114100 -0.03040900 0.05146400
v -0.00650400 -0.02918400 0.05146400
v 0.03354100 0.00275100 0.05146400
v 0.02660462 -0.00803731 0.05146400
v 0.03366400 -0.00000600 0.05146400
v 0.03255900 -0.00816400 0.05146400
v 0.03354100 -0.00275100 0.05146400
v 0.03162138 0.00179450 0.05146400
v 0.03062600 -0.01331400 0.05146400
v 0.02974450 -0.00786050 0.05146400
v 0.02780400 -0.01803700 0.05146400
v 0.02649900 -0.01953100 0.05146400
v 0.02724550 -0.01864050 0.05146400
v 0.02444500 -0.02043475 0.05146400
v 0.02418500 -0.02218000 0.05146400
v 0.02117175 -0.02458250 0.05146400
v 0.01005900 -0.02350000 0.05146400
v 0.00435500 -0.03065500 0.05146400
v -0.01840000 -0.02184500 0.05146400
v -0.01643500 -0.02350000 0.05146400
v -0.01629450 -0.02385800 0.05146400
v -0.02128225 -0.01860450 0.05146400
v -0.02721500 -0.00547900 0.05146400
v -0.02770800 0.00000000 0.05146400
v -0.02770700 -0.00000600 0.05146400
v -0.02558250 -0.00793556 0.05146400
v -0.02618250 0.00892825 0.05146400
v -0.02441200 0.01356300 0.05146400
v -0.02033300 0.01991150 0.05146400
v -0.02053500 0.01941300 0.05146400
v -0.02202950 0.01757600 0.05146400
v -0.01648725 0.02367350 0.05146400
v -0.01615400 0.02399200 0.05146400
v -0.01456800 0.02503800 0.05146400
v -0.01444650 0.02624400 0.05122450
v 0.00435500 0.03065500 0.05146400
v 0.00980700 0.02991700 0.05146400
v 0.02239100 0.02361000 0.05146400
v 0.02418500 0.02218000 0.05146400
v 0.02242975 0.02357925 0.05146400
v 0.02444500 0.01941300 0.05146400
v 0.02706950 0.01884200 0.05146400
v 0.03047700 0.01356300 0.05146400
v -0.00697300 0.00516350 0.05146400
v 0.02660200 -0.01941300 0.05146400
v 0.01482950 -0.01287987 0.05146400
v 0.02572400 0.01154425 0.05146400
v -0.01848500 -0.01649000 0.05146400
v 0.00475575 0.02387625 0.05146400
v 0.01475650 0.01795050 0.05146400
v 0.01005900 0.01356300 0.05146400
v -0.00924313 0.01876831 0.05146400
v -0.02498300 0.01670600 0.05098500
v -0.00708700 0.03097800 0.05098500
v -0.01245600 -0.02868300 0.05098500
v 0.03497000 0.00341000 0.05117400
v 0.03536500 0.00346700 0.05098500
v 0.03437600 0.00866500 0.05098500
v 0.03555400 0.00097400 0.05097500
v 0.03553500 0.00097400 0.05098400
v 0.03541900 -0.00292000 0.05098500
v 0.00644200 -0.03216600 0.05109600
v 0.00643400 -0.03238500 0.05097900
v 0.01022600 -0.03175500 0.05098500
v 0.00396300 -0.03205400 0.05121400
v 0.00404200 -0.03177700 0.05130500
v 0.00404200 -0.03282300 0.05082500
v -0.00139400 -0.03227700 0.05098500
v 0.00394200 -0.03228100 0.05112200
v 0.00640600 -0.03267500 0.05081600
v 0.00615500 -0.03317700 0.05045000
v 0.00642700 -0.03258300 0.05087300
v 0.00583200 -0.03346200 0.05019900
v 0.00554100 -0.03359200 0.05008000
v 0.00526100 -0.03363800 0.05004900
v 0.00498000 -0.03361800 0.05009400
v 0.00429000 -0.03322300 0.05052000
v 0.00447800 -0.03336800 0.05037500
v 0.00465200 -0.03350400 0.05023900
v 0.00427400 -0.03139500 0.05139500
v 0.00438400 -0.03130400 0.05140800
v 0.00459500 -0.03113000 0.05143400
v 0.00498400 -0.03098900 0.05144700
v 0.00540000 -0.03099100 0.05144400
v 0.00579600 -0.03114100 0.05142100
v 0.00612000 -0.03141500 0.05136400
v 0.00633900 -0.03177100 0.05125700
v -0.02989100 -0.00329000 0.05069100
v -0.03029600 -0.00301600 0.05037400
v -0.02946700 -0.00339800 0.05095700
v -0.02905600 -0.00337600 0.05115800
v -0.02941500 -0.00339500 0.05098200
v -0.02907000 -0.00581600 0.05098500
v -0.03052500 -0.00270300 0.05016800
v -0.03062900 -0.00241400 0.05007500
v -0.03102200 0.00000000 0.04966400
v -0.03065500 -0.00209500 0.05007000
v -0.03060900 -0.00182400 0.05014100
v -0.03058700 -0.00175700 0.05016900
v -0.03044700 -0.00148000 0.05032900
v -0.03009700 -0.00113100 0.05064500
v -0.02962500 -0.00092900 0.05096000
v -0.02959300 0.00000000 0.05098500
v -0.02957900 -0.00092600 0.05098200
v -0.02917100 -0.00090200 0.05117800
v -0.02835200 -0.00128300 0.05140700
v -0.02870900 -0.00103200 0.05133100
v -0.02802600 -0.00243400 0.05144200
v -0.02799500 -0.00201700 0.05144800
v -0.02810900 -0.00162000 0.05143900
v -0.02809800 -0.00263600 0.05143200
v -0.02833400 -0.00298200 0.05138900
v -0.02867000 -0.00323600 0.05130000
v 0.00167600 0.03138000 0.05139800
v 0.00193600 0.03173100 0.05131900
v 0.00207600 0.03218400 0.05116400
v 0.00051900 0.03108500 0.05143300
v 0.00093400 0.03104300 0.05144100
v 0.00133400 0.03114700 0.05143200
v 0.00013900 0.03127000 0.05139900
v -0.00015900 0.03157000 0.05132500
v -0.00139400 0.03227700 0.05098500
v -0.00034800 0.03193700 0.05119900
v -0.00038400 0.03206300 0.05114600
v -0.00042100 0.03233800 0.05101400
v -0.00041500 0.03239300 0.05098200
v -0.00037200 0.03275900 0.05076500
v -0.00017300 0.03318200 0.05044800
v 0.00021800 0.03354200 0.05011900
v 0.00049600 0.03366200 0.05000300
v 0.00081500 0.03370800 0.04997400
v 0.00108600 0.03367900 0.05003000
v 0.00201400 0.03281800 0.05083000
v 0.00206300 0.03263200 0.05094400
v 0.00444000 0.03253900 0.05098500
v 0.00206500 0.03255700 0.05098100
v 0.00141500 0.03355200 0.05019400
v 0.00177700 0.03324700 0.05050300
v 0.03510600 0.00098000 0.05118600
v 0.03466200 0.00113900 0.05133100
v 0.03366500 0.00000000 0.05146400
v 0.03432600 0.00141100 0.05140300
v 0.03410900 0.00176200 0.05143300
v 0.03402300 0.00220400 0.05144000
v 0.03667400 0.00202600 0.04999900
v 0.03697800 0.00000000 0.04966400
v 0.03668800 0.00230200 0.04995900
v 0.03663800 0.00257300 0.04999700
v 0.03650900 0.00285800 0.05012400
v 0.03606200 0.00115200 0.05063800
v 0.03664000 0.00188000 0.05005000
v 0.03644500 0.00149500 0.05028600
v 0.03537500 0.00346900 0.05098000
v 0.03579800 0.00340300 0.05071900
v 0.03621800 0.00318100 0.05039300
v 0.03637600 0.00300500 0.05024600
v 0.03408500 0.00258000 0.05142900
v 0.03421000 0.00281100 0.05140500
v 0.03428700 0.00295200 0.05139000
v 0.03459700 0.00323700 0.05130800
v -0.02498300 -0.01670600 0.05098500
v -0.02155100 -0.02143000 0.05098500
v -0.01733000 -0.02546600 0.05098500
v -0.00708700 -0.03097800 0.05098500
v 0.03437600 -0.00866500 0.05098500
v 0.03232500 -0.01413200 0.05098500
v 0.02933000 -0.01914500 0.05098500
v 0.02548800 -0.02354300 0.05098500
v 0.02548800 0.02354300 0.05098500
v 0.01022600 0.03175500 0.05098500
v -0.01733000 0.02546600 0.05098500
v -0.02155100 0.02143000 0.05098500
v -0.02907000 0.00581600 0.05098500
v 0.03428200 0.00251000 0.05125200
v 0.03425400 0.00252200 0.05131800
v 0.03420400 0.00217200 0.05133000
v 0.03409400 0.00216900 0.05142200
v 0.03417400 0.00178800 0.05141400
v 0.03437800 0.00145600 0.05138300
v 0.03430200 0.00184300 0.05125700
v 0.03447200 0.00155600 0.05122700
v 0.03473500 0.00133400 0.05115800
v 0.03469300 0.00120000 0.05131100
v 0.03508400 0.00120800 0.05102200
v 0.03511300 0.00105300 0.05117000
v 0.03553800 0.00105300 0.05096700
v 0.03543600 0.00121000 0.05082600
v 0.03611400 0.00166200 0.05020000
v 0.03582900 0.00137100 0.05051700
v 0.03624600 0.00196900 0.04999700
v 0.03626700 0.00207800 0.04995500
v 0.03624100 0.00246800 0.04995300
v 0.03627300 0.00227400 0.04992300
v 0.03601800 0.00123400 0.05064700
v 0.03637600 0.00156900 0.05032000
v 0.03655100 0.00192900 0.05011000
v 0.03658000 0.00205900 0.05006600
v 0.03659200 0.00229600 0.05003400
v 0.03654900 0.00252900 0.05006500
v 0.03643500 0.00278600 0.05017400
v 0.03616800 0.00309400 0.05041800
v 0.03594300 0.00295400 0.05029500
v 0.03615400 0.00268600 0.05005900
v 0.03562200 0.00315100 0.05059100
v 0.03529100 0.00321900 0.05083100
v 0.03577100 0.00331700 0.05072400
v 0.03537000 0.00338800 0.05097200
v 0.03498600 0.00333900 0.05115800
v 0.03497300 0.00318000 0.05101000
v 0.03443700 0.00281300 0.05121500
v 0.03441900 0.00283700 0.05127900
v 0.03468000 0.00304300 0.05113700
v 0.03467600 0.00307700 0.05120000
v 0.03498800 0.00321900 0.05107300
v 0.03532600 0.00325600 0.05089400
v 0.03567700 0.00318200 0.05065500
v 0.03601800 0.00297000 0.05036500
v 0.03623700 0.00268900 0.05013800
v 0.03632400 0.00246900 0.05004000
v 0.03635600 0.00228000 0.05001300
v 0.03635000 0.00208800 0.05004100
v 0.03632900 0.00197900 0.05008000
v 0.03619300 0.00166200 0.05027300
v 0.03589300 0.00135200 0.05058200
v 0.03547600 0.00117800 0.05088900
v 0.03510200 0.00117100 0.05108400
v 0.03473100 0.00130200 0.05122100
v 0.03445400 0.00153200 0.05129100
v 0.03427500 0.00183000 0.05132200
v 0.03423500 0.00217300 0.05126400
v 0.03463300 0.00317800 0.05128900
v 0.03434000 0.00290900 0.05137000
v 0.03415100 0.00255900 0.05141000
v 0.03423000 0.00181100 0.05137600
v 0.03415600 0.00217100 0.05138400
v 0.03420900 0.00253900 0.05137200
v 0.03438500 0.00287000 0.05133200
v 0.03466000 0.00312300 0.05125200
v 0.03499200 0.00327300 0.05112400
v 0.03535300 0.00331500 0.05094200
v 0.03572900 0.00324000 0.05070200
v 0.03609700 0.00302000 0.05040800
v 0.03633800 0.00272500 0.05017900
v 0.03643600 0.00249100 0.05008100
v 0.03647100 0.00228800 0.05005400
v 0.03646300 0.00208100 0.05008200
v 0.03643900 0.00196500 0.05012100
v 0.03628600 0.00162900 0.05031500
v 0.03595900 0.00130400 0.05062800
v 0.03551100 0.00112300 0.05093800
v 0.03511200 0.00111800 0.05113500
v 0.03471700 0.00125600 0.05127400
v 0.03442100 0.00149700 0.05134500
v 0.03622000 0.00276900 0.04509800
v 0.03580800 0.00318000 0.04509800
v 0.03412000 0.00220600 0.04509800
v 0.03427100 0.00164400 0.04509800
v 0.03468300 0.00123200 0.04509800
v 0.03524500 0.00108100 0.04509800
v 0.03580800 0.00123200 0.04509800
v 0.03637000 0.00220600 0.04509800
v 0.03614000 0.00272300 0.04518900
v 0.03576200 0.00310100 0.04518900
v 0.03524500 0.00324000 0.04518900
v 0.03435000 0.00168900 0.04518900
v 0.03472900 0.00131100 0.04518900
v 0.03524500 0.00117300 0.04518900
v 0.03576200 0.00131100 0.04518900
v 0.03627900 0.00220600 0.04518900
v 0.00017900 0.03132600 0.05137900
v -0.00010200 0.03160800 0.05130600
v -0.00027800 0.03195500 0.05118300
v 0.00027000 0.03142900 0.05122300
v 0.00058000 0.03128600 0.05125600
v 0.00091800 0.03125500 0.05126500
v 0.00124400 0.03133600 0.05125500
v 0.00187300 0.03176000 0.05130000
v 0.00162900 0.03143000 0.05137800
v 0.00130600 0.03121100 0.05141300
v 0.00092900 0.03111300 0.05142300
v 0.00053800 0.03115300 0.05141400
v 0.00184600 0.03214900 0.05100200
v 0.00173500 0.03179300 0.05114700
v 0.00152400 0.03151800 0.05122200
v 0.00198300 0.03261300 0.05093900
v 0.00200200 0.03218800 0.05114900
v 0.00182700 0.03250100 0.05079800
v 0.00157400 0.03297300 0.05039400
v 0.00101700 0.03327600 0.04998100
v 0.00127200 0.03319400 0.05012000
v 0.00038300 0.03318300 0.05005600
v 0.00059500 0.03326200 0.04996000
v 0.00082200 0.03329200 0.04993600
v 0.00005900 0.03292100 0.05034500
v 0.00193300 0.03278900 0.05083000
v 0.00169600 0.03319300 0.05052100
v 0.00134700 0.03347500 0.05023700
v 0.00104600 0.03358600 0.05009400
v 0.00081100 0.03361100 0.05004700
v 0.00053800 0.03357200 0.05007200
v 0.00028800 0.03346700 0.05017100
v -0.00008600 0.03313500 0.05047000
v -0.00028600 0.03273600 0.05076800
v -0.00034100 0.03233600 0.05100600
v -0.00015900 0.03196300 0.05109700
v -0.00017300 0.03226700 0.05086300
v -0.00021100 0.03229900 0.05092600
v -0.00012000 0.03259700 0.05063300
v -0.00015200 0.03264900 0.05069700
v 0.00004000 0.03299300 0.05041400
v 0.00038000 0.03326600 0.05013500
v 0.00059400 0.03334600 0.05004700
v 0.00081500 0.03337500 0.05002600
v 0.00100700 0.03335900 0.05006600
v 0.00126700 0.03327600 0.05019600
v 0.00158600 0.03304400 0.05046200
v 0.00180900 0.03269700 0.05075700
v 0.00185800 0.03254300 0.05086100
v 0.00188200 0.03217000 0.05106400
v 0.00176900 0.03179200 0.05121000
v 0.00154900 0.03150200 0.05128600
v 0.00125900 0.03130900 0.05132100
v 0.00092000 0.03122400 0.05133100
v 0.00056900 0.03125800 0.05132200
v 0.00024700 0.03140800 0.05128800
v 0.00002800 0.03166200 0.05115300
v -0.00000500 0.03165600 0.05121600
v -0.00012200 0.03195100 0.05103400
v -0.00004900 0.03163700 0.05126800
v -0.00021300 0.03196400 0.05114800
v -0.00026900 0.03232300 0.05097500
v -0.00001100 0.03306800 0.05045800
v 0.00034600 0.03336800 0.05017700
v 0.00057300 0.03345700 0.05008800
v 0.00081100 0.03349000 0.05006600
v 0.00101800 0.03347100 0.05010700
v 0.00129400 0.03337600 0.05023800
v 0.00162900 0.03312200 0.05050700
v 0.00186200 0.03274700 0.05080400
v 0.00191200 0.03258200 0.05091000
v 0.00193600 0.03218300 0.05111500
v 0.00181600 0.03178100 0.05126200
v 0.00158500 0.03147100 0.05134000
v 0.00128000 0.03126600 0.05137500
v 0.00092400 0.03117500 0.05138500
v 0.00055500 0.03121200 0.05137600
v 0.00021600 0.03137300 0.05134100
v -0.03024400 -0.00210800 0.05002400
v -0.03051800 -0.00187000 0.05019800
v -0.03055700 -0.00210900 0.05013900
v -0.03053500 -0.00238300 0.05014300
v -0.03022600 -0.00233700 0.05002800
v -0.03015800 -0.00255300 0.05010400
v -0.03044400 -0.00264000 0.05022200
v -0.03023600 -0.00293400 0.05040600
v -0.02936000 -0.00314600 0.05081100
v -0.02969000 -0.00304400 0.05056700
v -0.02999500 -0.00280600 0.05028300
v -0.02985700 -0.00320400 0.05070000
v -0.02945600 -0.00331600 0.05095200
v -0.02906600 -0.00330100 0.05114400
v -0.02903700 -0.00313800 0.05099700
v -0.02873300 -0.00303000 0.05113000
v -0.02847100 -0.00282500 0.05121400
v -0.02823300 -0.00237900 0.05126600
v -0.02828800 -0.00254300 0.05125600
v -0.02830000 -0.00171600 0.05126300
v -0.02821000 -0.00204000 0.05127200
v -0.02848900 -0.00144100 0.05123100
v -0.02876800 -0.00123600 0.05115900
v -0.02913200 -0.00113400 0.05101600
v -0.02870000 -0.00317300 0.05128200
v -0.02838400 -0.00293400 0.05136900
v -0.02816200 -0.00260800 0.05141400
v -0.02809500 -0.00241700 0.05142400
v -0.02806600 -0.00202400 0.05143100
v -0.02817300 -0.00165000 0.05142100
v -0.02840000 -0.00133200 0.05138800
v -0.02873700 -0.00109600 0.05131200
v -0.02917300 -0.00097700 0.05116400
v -0.02960300 -0.00100900 0.05095500
v -0.03029800 -0.00191800 0.05016500
v -0.03010800 -0.00163800 0.05024300
v -0.03018600 -0.00163800 0.05031700
v -0.02985000 -0.00134400 0.05052600
v -0.02991500 -0.00132700 0.05059300
v -0.02948700 -0.00116400 0.05081400
v -0.02953000 -0.00113400 0.05087800
v -0.02915300 -0.00109800 0.05107900
v -0.02876800 -0.00120200 0.05122200
v -0.02847200 -0.00141400 0.05129600
v -0.02827300 -0.00170000 0.05132900
v -0.02817900 -0.00203600 0.05133900
v -0.02820300 -0.00238800 0.05133200
v -0.02826200 -0.00255900 0.05132100
v -0.02845500 -0.00285200 0.05127800
v -0.02873300 -0.00306500 0.05119300
v -0.02905600 -0.00317700 0.05106000
v -0.02939900 -0.00318200 0.05087500
v -0.02974900 -0.00307100 0.05063400
v -0.03007100 -0.00281900 0.05035600
v -0.03023900 -0.00255600 0.05018600
v -0.03030700 -0.00233900 0.05011700
v -0.03004800 -0.00121200 0.05065700
v -0.03037300 -0.00155100 0.05036500
v -0.03043800 -0.00211600 0.05015400
v -0.03040600 -0.00190400 0.05020700
v -0.03028100 -0.00160700 0.05036100
v -0.02998500 -0.00128100 0.05063900
v -0.02957100 -0.00108000 0.05092700
v -0.02916700 -0.00104400 0.05113000
v -0.02875700 -0.00115400 0.05127500
v -0.02844200 -0.00137700 0.05135000
v -0.02822900 -0.00167800 0.05138300
v -0.02812900 -0.00203100 0.05139300
v -0.02815600 -0.00240100 0.05138700
v -0.02821900 -0.00258100 0.05137600
v -0.02842500 -0.00288900 0.05133100
v -0.02872200 -0.00311400 0.05124500
v -0.02906600 -0.00323300 0.05111000
v -0.02943300 -0.00324100 0.05092300
v -0.02980800 -0.00312700 0.05068000
v -0.03015700 -0.00286400 0.05040000
v -0.03034200 -0.00258700 0.05022900
v -0.03041900 -0.00235600 0.05015800
v -0.03032500 -0.00211600 0.05011300
v -0.03021700 -0.00190900 0.05008100
v 0.00425200 -0.03181800 0.05113500
v 0.00444100 -0.03151900 0.05122000
v 0.00470400 -0.03131200 0.05125800
v 0.00417600 -0.03221400 0.05096300
v 0.00414100 -0.03224100 0.05102600
v 0.00424600 -0.03269000 0.05075400
v 0.00408700 -0.03226300 0.05107600
v 0.00419400 -0.03274300 0.05080200
v 0.00401800 -0.03227700 0.05110900
v 0.00412400 -0.03279000 0.05082700
v 0.00427100 -0.03263700 0.05069000
v 0.00471600 -0.03342400 0.05028400
v 0.00436900 -0.03316500 0.05054000
v 0.00503700 -0.03321600 0.05004200
v 0.00478600 -0.03314200 0.05016400
v 0.00448700 -0.03294100 0.05041200
v 0.00544200 -0.03319600 0.05003100
v 0.00524100 -0.03322700 0.05000600
v 0.00593000 -0.03290300 0.05035000
v 0.00566400 -0.03310900 0.05013000
v 0.00615400 -0.03251800 0.05068100
v 0.00501400 -0.03352400 0.05015700
v 0.00525800 -0.03354100 0.05012000
v 0.00550000 -0.03350100 0.05014600
v 0.00576200 -0.03338700 0.05024800
v 0.00607000 -0.03312500 0.05047500
v 0.00632100 -0.03265200 0.05081800
v 0.00634200 -0.03256500 0.05087200
v 0.00636500 -0.03217000 0.05108400
v 0.00612100 -0.03180900 0.05108900
v 0.00443500 -0.03309100 0.05052700
v 0.00476600 -0.03332300 0.05028500
v 0.00503800 -0.03340800 0.05017000
v 0.00525300 -0.03342100 0.05013700
v 0.00546500 -0.03338700 0.05016000
v 0.00570400 -0.03328900 0.05025200
v 0.00599600 -0.03305400 0.05046500
v 0.00624400 -0.03261500 0.05079400
v 0.00626600 -0.03253400 0.05084600
v 0.00629400 -0.03216200 0.05105200
v 0.00627200 -0.03179500 0.05124000
v 0.00621000 -0.03181000 0.05120400
v 0.00606700 -0.03145800 0.05134400
v 0.00601800 -0.03149400 0.05130700
v 0.00576100 -0.03120100 0.05140200
v 0.00572800 -0.03125300 0.05136400
v 0.00538800 -0.03106200 0.05142600
v 0.00537700 -0.03112300 0.05138800
v 0.00447600 -0.03301200 0.05048200
v 0.00479000 -0.03322300 0.05024200
v 0.00504600 -0.03329700 0.05012800
v 0.00524700 -0.03330700 0.05009600
v 0.00544400 -0.03327700 0.05011800
v 0.00566800 -0.03319000 0.05020900
v 0.00594700 -0.03297500 0.05042000
v 0.00618600 -0.03256900 0.05074600
v 0.00620800 -0.03249200 0.05079800
v 0.00623700 -0.03214500 0.05100200
v 0.00615800 -0.03181400 0.05115300
v 0.00597600 -0.03151800 0.05125400
v 0.00570100 -0.03129300 0.05131000
v 0.00536700 -0.03117200 0.05133400
v 0.00594600 -0.03153000 0.05119000
v 0.00568200 -0.03131700 0.05124500
v 0.00536000 -0.03120200 0.05126800
v 0.00502100 -0.03120200 0.05127100
v 0.00501500 -0.03117100 0.05133700
v 0.00500600 -0.03112200 0.05139200
v 0.00499600 -0.03105900 0.05142900
v 0.00468600 -0.03128600 0.05132400
v 0.00466100 -0.03124500 0.05137800
v 0.00462900 -0.03119100 0.05141600
v 0.00432600 -0.03144000 0.05137600
v 0.00441300 -0.03150500 0.05128400
v 0.00437400 -0.03147800 0.05133800
v 0.00421800 -0.03182100 0.05119800
v 0.00416800 -0.03181500 0.05125000
v 0.00410800 -0.03180000 0.05128700
v 0.00102200 0.02952700 0.04766400
v -0.00304200 0.02897300 0.04966400
v 0.00700587 0.02662619 0.04966400
v 0.00298800 0.02938600 0.04966400
v 0.02815988 0.01296888 0.04966400
v 0.01871975 -0.01897325 0.04966400
v -0.00824400 -0.02712450 0.04966400
v -0.00407400 -0.02471375 0.04966400
v -0.02053725 0.00819256 0.04966400
v 0.00298800 -0.02573550 0.04966400
v -0.02028100 -0.01429775 0.04966400
v -0.02661300 -0.00000600 0.04966400
v 0.00298800 -0.02938600 0.04966400
v -0.00304200 -0.02897300 0.04966400
v 0.03229500 -0.00000600 0.04966400
v -0.00058550 0.02465075 0.04966400
v -0.01054375 0.02110700 0.04966400
v -0.02403500 0.00778475 0.04966400
v -0.02661400 0.00000000 0.04966400
v -0.02172700 -0.01561963 0.04966400
v 0.00208400 -0.01090750 0.04966400
v -0.01331600 -0.02282544 0.04966400
v 0.00499800 -0.02952300 0.04966400
v 0.01323169 -0.02704019 0.04966400
v 0.01878563 -0.02402388 0.04966400
v 0.03141775 0.00354650 0.04966400
v 0.02011400 0.02174900 0.04966400
v -0.01163225 0.02457731 0.04966400
v -0.01812050 0.02052000 0.04966400
v -0.01973050 0.01767425 0.04966400
v 0.02427287 0.00714756 0.04966400
v -0.00127837 0.00435700 0.04966400
v 0.01055025 0.02091338 0.04966400
v 0.00065900 0.03493900 0.04746400
v -0.03190400 -0.00232100 0.04746400
v 0.03378800 -0.01947700 0.00866400
v 0.02842200 -0.02610000 0.00866400
v 0.02327775 -0.02989850 0.00866400
v 0.01388500 -0.03478000 0.00866400
v 0.00757925 -0.03584475 0.00866400
v -0.00300600 -0.03595500 0.00866400
v -0.01119300 -0.03358200 0.00866400
v -0.01860500 -0.02937300 0.00866400
v -0.02483700 -0.02355600 0.00866400
v -0.02954700 -0.01645200 0.00866400
v -0.03247900 -0.00844800 0.00866400
v -0.03347200 0.00001800 0.00866400
v 0.07243850 0.02219200 0.00866400
v 0.14344100 0.05414400 0.00866400
v 0.13500000 0.09385000 0.00866400
v 0.14118200 0.09290800 0.00866400
v 0.14680200 0.09016600 0.00866400
v 0.15135100 0.08587500 0.00866400
v 0.15441500 0.08042400 0.00866400
v 0.15571500 0.07430700 0.00866400
v 0.15513400 0.06808100 0.00866400
v 0.15272400 0.06231000 0.00866400
v 0.14870500 0.05752000 0.00866400
v -0.01322200 0.09385000 0.00866400
v -0.03347200 0.07360000 0.00866400
v -0.03260625 0.07827400 0.00866400
v -0.02972200 0.07866375 0.03557663
v -0.02972200 0.07949850 0.03437400
v -0.02972200 0.07994650 0.03360900
v -0.02972200 0.08040700 0.03286287
v -0.02972200 0.08024700 0.03302500
v -0.02972200 0.07811850 0.03625100
v -0.02972200 0.07897800 0.03558350
v -0.02972200 0.07762187 0.03688712
v -0.02972200 0.07660888 0.03774475
v -0.02972200 0.07334162 0.03986025
v -0.02972200 0.07527438 0.03875912
v -0.02972200 0.07430250 0.03937000
v -0.02972200 0.07228625 0.04031400
v -0.02972200 0.07124612 0.04066100
v -0.02972200 0.06893050 0.04114800
v -0.02972200 0.07000813 0.04096925
v -0.02972200 0.06662100 0.04125600
v -0.02972200 0.06751612 0.04125012
v -0.02972200 0.06563963 0.04118212
v -0.02972200 0.06235338 0.04045263
v -0.02972200 0.06453550 0.04102862
v -0.02972200 0.06352550 0.04081400
v -0.02972200 0.06098413 0.03990713
v -0.02972200 0.08094300 0.03130213
v -0.02972200 0.08045500 0.03257600
v -0.02972200 0.08039500 0.03270500
v -0.02972200 0.08067850 0.03203900
v -0.02972200 0.08056188 0.02064312
v -0.02972200 0.08079100 0.02162275
v -0.02972200 0.08103075 0.02233125
v -0.02972200 0.08128475 0.02279013
v -0.02972200 0.08140400 0.02376800
v -0.02972200 0.08162175 0.02521475
v -0.02972200 0.08150600 0.02433525
v -0.02972200 0.08192025 0.02500525
v -0.02972200 0.08169325 0.02651025
v -0.02972200 0.08167750 0.02741950
v -0.02972200 0.08164150 0.02795650
v -0.02972200 0.08135100 0.02983000
v -0.02972200 0.08148150 0.02918350
v -0.02972200 0.08035300 0.02056300
v -0.02972200 0.08027900 0.02040800
v -0.02972200 0.08009800 0.02004100
v -0.02972200 0.07961700 0.01917500
v -0.02972200 0.07982200 0.01952900
v -0.02972200 0.07906188 0.01810162
v -0.02972200 0.07799425 0.01697537
v -0.02972200 0.07848550 0.01755100
v -0.02972200 0.07878900 0.01794200
v -0.02972200 0.05720938 0.03737488
v -0.02972200 0.05796050 0.03802850
v -0.02972200 0.05871912 0.03859562
v -0.02972200 0.05994687 0.03937375
v -0.02972200 0.05695137 0.03780875
v -0.02972200 0.05401550 0.03306312
v -0.02972200 0.05481575 0.03450163
v -0.02972200 0.05575575 0.03580600
v -0.02972200 0.05361863 0.03344350
v -0.02972200 0.05282450 0.02955513
v -0.02972200 0.05265900 0.02857650
v -0.02972200 0.05320925 0.03103050
v -0.02972200 0.05255187 0.02720625
v -0.02972200 0.05258150 0.02565500
v -0.02972200 0.05285450 0.02369587
v -0.02972200 0.05331313 0.02200675
v -0.02972200 0.05387550 0.02059487
v -0.02972200 0.05432500 0.01967800
v -0.02972200 0.05484650 0.01881687
v -0.02972200 0.05594375 0.01732700
v -0.02972200 0.05814938 0.01518975
v -0.02972200 0.05693012 0.01625463
v -0.02972200 0.05888175 0.01465125
v -0.02972200 0.05994312 0.01399688
v -0.02972200 0.06095863 0.01346875
v -0.02972200 0.06231700 0.01292037
v -0.02972200 0.06343825 0.01257375
v -0.02972200 0.06478138 0.01229787
v -0.02972200 0.06638175 0.01212600
v -0.02972200 0.06789675 0.01212700
v -0.02972200 0.06984250 0.01236300
v -0.02972200 0.06884075 0.01220450
v -0.02972200 0.07204875 0.01296450
v -0.02972200 0.07098513 0.01262687
v -0.02972200 0.07326900 0.01346425
v -0.02972200 0.07439600 0.01405813
v -0.02972200 0.07646325 0.01549200
v -0.02972200 0.07541425 0.01469400
v -0.02972200 0.07601550 0.01513050
v -0.02972200 0.07749750 0.01644200
v -0.03055200 0.07689500 0.01648000
v -0.03055200 0.07689400 0.01647900
v -0.03059000 0.07654500 0.01619500
v -0.03075200 0.07452200 0.01483100
v -0.03074800 0.07532800 0.01537000
v -0.03074800 0.07533300 0.01537300
v -0.03074700 0.07443300 0.01477200
v -0.03048900 0.07278800 0.01369200
v -0.03053650 0.07296300 0.01380550
v -0.03048100 0.07276000 0.01367400
v -0.03066700 0.07363600 0.01424550
v -0.03059600 0.07652000 0.01617800
v -0.03087200 0.07896300 0.01947300
v -0.03086500 0.07905300 0.01960900
v -0.03082900 0.07931600 0.02000200
v -0.03077300 0.07957900 0.02039800
v -0.03072050 0.07975750 0.02066800
v -0.03086900 0.07826900 0.01843300
v -0.03073900 0.07777000 0.01762200
v -0.03074300 0.07778100 0.01763900
v -0.03081900 0.07804400 0.01806450
v -0.03067100 0.08114300 0.02610200
v -0.03067300 0.08115100 0.02632400
v -0.03135100 0.08114525 0.02630850
v -0.03066800 0.08035400 0.02200000
v -0.03099050 0.08051675 0.02263775
v -0.03067100 0.08035800 0.02201900
v -0.03078425 0.08095950 0.02502100
v -0.03075100 0.08103400 0.02541300
v -0.03079600 0.08057300 0.02305600
v -0.03080600 0.08060700 0.02322700
v -0.03075300 0.08047800 0.02259000
v -0.03074700 0.08046800 0.02254300
v -0.03075000 0.08047400 0.02257200
v -0.03066100 0.08023900 0.02166600
v -0.03065900 0.08022500 0.02162600
v -0.03062800 0.08007600 0.02119400
v -0.03063100 0.08008300 0.02121400
v -0.03063600 0.08010600 0.02128200
v -0.03070000 0.08111800 0.02731300
v -0.03065400 0.08116900 0.02682600
v -0.03069800 0.08112200 0.02727700
v -0.03065600 0.08116800 0.02680100
v -0.03065800 0.08116700 0.02676600
v -0.03066100 0.08116300 0.02666400
v -0.03066400 0.08017400 0.03185600
v -0.03197100 0.08058550 0.03067700
v -0.03073900 0.08050800 0.03070900
v -0.03069450 0.08034950 0.03131150
v -0.03072300 0.08043000 0.03100800
v -0.03080400 0.08073400 0.02961700
v -0.03078700 0.08091600 0.02868800
v -0.03079900 0.08084900 0.02903350
v -0.03079250 0.08066450 0.02995700
v -0.03074700 0.08052200 0.03064200
v -0.03072800 0.08104800 0.02798500
v -0.03074700 0.08101800 0.02815000
v -0.03075200 0.08100900 0.02819700
v -0.03075400 0.08100400 0.02822100
v -0.03075700 0.08054200 0.03054500
v -0.03076200 0.08055800 0.03047100
v -0.03071800 0.08108500 0.02763000
v -0.03070900 0.08110300 0.02746400
v -0.03066700 0.07752700 0.03610500
v -0.03069400 0.07760200 0.03599000
v -0.03083600 0.07868800 0.03438600
v -0.03083600 0.07870000 0.03436900
v -0.03074875 0.07784050 0.03564200
v -0.03068950 0.07974600 0.03278100
v -0.03065300 0.07995350 0.03240250
v -0.03079200 0.07461200 0.03843350
v -0.03075000 0.07394800 0.03887400
v -0.03074900 0.07393300 0.03888400
v -0.03074700 0.07391400 0.03889700
v -0.03078650 0.07520700 0.03803550
v -0.03074700 0.07578600 0.03764600
v -0.03059500 0.07669100 0.03703100
v -0.03064750 0.07327000 0.03932050
v -0.03067500 0.07630100 0.03729700
v -0.03066400 0.07635700 0.03725900
v -0.03059500 0.07669800 0.03702500
v -0.03043875 0.07222125 0.01342225
v -0.03064400 0.06928900 0.01278900
v -0.03055850 0.07129600 0.01319325
v -0.03065400 0.07019400 0.01296800
v -0.03055100 0.06831600 0.01260100
v -0.03052550 0.07181750 0.04002750
v -0.03048300 0.07229200 0.03988400
v -0.03069450 0.06959550 0.04048100
v -0.03068900 0.07028850 0.04034300
v -0.03057925 0.06822000 0.04074750
v -0.03066900 0.06901800 0.04059500
v -0.03065250 0.07089200 0.04022050
v -0.03045000 0.06752800 0.04087800
v -0.03037100 0.06722000 0.04093400
v -0.03036900 0.06716800 0.04093650
v -0.03034350 0.06689350 0.04095000
v -0.03016600 0.06148500 0.03990800
v -0.03061200 0.06426600 0.04047700
v -0.03060900 0.06453600 0.04053000
v -0.03060500 0.06405000 0.04043400
v -0.03060600 0.06473500 0.04057000
v -0.03057100 0.06529600 0.04068000
v -0.03055100 0.06548600 0.04071700
v -0.03024000 0.06171000 0.03995500
v -0.03029900 0.06189800 0.03999500
v -0.03053100 0.06567800 0.04075500
v -0.03053800 0.06561300 0.04074200
v -0.03049700 0.06589700 0.04079700
v -0.03046200 0.06612300 0.04084100
v -0.03045700 0.06615300 0.04084700
v -0.03034750 0.06664650 0.04094350
v -0.03043825 0.05808300 0.03764900
v -0.03054000 0.05900100 0.03826100
v -0.03054350 0.05938400 0.03851650
v -0.03012050 0.05700100 0.03693100
v -0.03037800 0.06072700 0.03941600
v -0.03037600 0.06073500 0.03942200
v -0.03025100 0.06103600 0.03965500
v -0.03029200 0.06094100 0.03958200
v -0.02988300 0.05363700 0.03206700
v -0.02987700 0.05368200 0.03218300
v -0.03037700 0.05524200 0.03456100
v -0.03037400 0.05531400 0.03466900
v -0.03036500 0.05502300 0.03423200
v -0.03036700 0.05551200 0.03496400
v -0.03033300 0.05578300 0.03536600
v -0.03033700 0.05575700 0.03532800
v -0.03025800 0.05443800 0.03334700
v -0.03034600 0.05568200 0.03521700
v -0.02991000 0.05372700 0.03225400
v -0.03001600 0.05388400 0.03249800
v -0.03002600 0.05390000 0.03252200
v -0.03002200 0.05389400 0.03251300
v -0.03013200 0.05410900 0.03284400
v -0.03016100 0.05416900 0.03293600
v -0.03024000 0.05438700 0.03326900
v -0.03020900 0.05625000 0.03605500
v -0.03024000 0.05615600 0.03591700
v -0.03018100 0.05633100 0.03617400
v -0.03000000 0.05359300 0.03180100
v -0.02989700 0.05363100 0.03203700
v -0.03035500 0.05307800 0.02921200
v -0.03035500 0.05308600 0.02925100
v -0.03034600 0.05304700 0.02905600
v -0.03035600 0.05317200 0.02968700
v -0.03035400 0.05317900 0.02972200
v -0.03034600 0.05320800 0.02986800
v -0.03030700 0.05294700 0.02855700
v -0.03018400 0.05279300 0.02777900
v -0.03027600 0.05336200 0.03064000
v -0.03033150 0.05326100 0.03013350
v -0.03026100 0.05338000 0.03073100
v -0.03032800 0.05298300 0.02873600
v -0.03024000 0.05340400 0.03085000
v -0.03021300 0.05343300 0.03099800
v -0.02981100 0.05257100 0.02666400
v -0.03002200 0.05358000 0.03173800
v -0.02995800 0.05264000 0.02701300
v -0.03010200 0.05352700 0.03147100
v -0.03006700 0.05355400 0.03160400
v -0.03004100 0.05356900 0.03168400
v -0.03019100 0.05345700 0.03112000
v -0.02983500 0.05258200 0.02657600
v -0.03027100 0.05296600 0.02451800
v -0.03028625 0.05305300 0.02407925
v -0.03015500 0.05278900 0.02544200
v -0.03001350 0.05353150 0.02175150
v -0.03024300 0.05290000 0.02486100
v -0.03006050 0.05270800 0.02587750
v -0.02984900 0.05258900 0.02653900
v -0.02984600 0.05364200 0.02124500
v -0.02985400 0.05363700 0.02126600
v -0.02992000 0.05262100 0.02635500
v -0.02993500 0.05262900 0.02631300
v -0.02991000 0.05261600 0.02638200
v -0.03013200 0.05276800 0.02555600
v -0.03002200 0.05268200 0.02601800
v -0.02998400 0.05265900 0.02614600
v -0.02984500 0.05364800 0.02123100
v -0.02995200 0.05676100 0.01655500
v -0.02994800 0.05674300 0.01657000
v -0.02994700 0.05674000 0.01657200
v -0.03037000 0.05529225 0.01872350
v -0.03034600 0.05565600 0.01817900
v -0.03034150 0.05484200 0.01939800
v -0.03002200 0.05661500 0.01675800
v -0.02993200 0.05378500 0.02099500
v -0.03001250 0.05391350 0.02080000
v -0.03016475 0.05423087 0.02031950
v -0.02991000 0.05375400 0.02104100
v -0.02990800 0.05375100 0.02104600
v -0.02991000 0.05375300 0.02104300
v -0.02984400 0.05367700 0.02115500
v -0.03042300 0.05925900 0.01483100
v -0.03039450 0.05984900 0.01443900
v -0.03041500 0.05888900 0.01508000
v -0.03032700 0.05806750 0.01563450
v -0.03036700 0.05832100 0.01546250
v -0.03034600 0.06025700 0.01417000
v -0.03027400 0.06064500 0.01391600
v -0.03012150 0.05724850 0.01619650
v -0.03023350 0.05762400 0.01593750
v -0.03024000 0.06080100 0.01381400
v -0.03024800 0.06077400 0.01383200
v -0.03013150 0.06118450 0.01356550
v -0.03026500 0.06673800 0.01236900
v -0.03055800 0.06402300 0.01289800
v -0.03056200 0.06444400 0.01281400
v -0.03056200 0.06449300 0.01280400
v -0.03055100 0.06390300 0.01292200
v -0.03055700 0.06399900 0.01290300
v -0.03055100 0.06481200 0.01274100
v -0.03053600 0.06362600 0.01297800
v -0.03053100 0.06355200 0.01299300
v -0.03050500 0.06329700 0.01304400
v -0.03045000 0.06286600 0.01313200
v -0.03050700 0.06543700 0.01261900
v -0.03045000 0.06587100 0.01253500
v -0.03023900 0.06189600 0.01333300
v -0.03024000 0.06190000 0.01333200
v -0.03026800 0.06200000 0.01331200
v -0.03030400 0.06212600 0.01328500
v -0.03032500 0.06222100 0.01326500
v -0.03029800 0.06660900 0.01239400
v -0.03034600 0.06231400 0.01324600
v -0.03042600 0.06271600 0.01316300
v -0.03044400 0.06591200 0.01252700
v -0.03013850 0.06157050 0.01340350
f 1 2 3
f 4 2 1
f 1 6 7
f 8 6 1
f 1 10 12
f 13 10 1
f 7 13 1
f 1 14 5
f 15 14 1
f 9 27 11
f 11 27 28
f 23 29 30
f 23 30 24
f 19 31 32
f 19 32 20
f 21 33 34
f 21 34 16
f 25 35 26
f 17 36 18
f 27 37 38
f 27 38 28
f 28 38 39
f 28 39 22
f 40 41 42
f 43 41 40
f 44 43 40
f 40 45 46
f 47 45 40
f 40 48 49
f 50 48 40
f 46 50 40
f 40 51 44
f 54 65 66
f 54 66 55
f 59 67 68
f 59 68 60
f 60 68 69
f 60 69 61
f 61 69 70
f 61 70 52
f 52 70 71
f 52 71 53
f 56 72 73
f 56 73 57
f 58 74 62
f 63 75 64
f 79 80 81
f 93 94 95
f 97 81 80
f 99 98 80
f 80 98 97
f 94 101 95
f 102 101 91
f 100 101 102
f 100 102 103
f 87 86 104
f 103 104 106
f 106 104 86
f 106 86 107
f 107 86 87
f 107 87 108
f 114 112 152
f 114 152 150
f 113 114 150
f 113 117 114
f 116 115 117
f 113 166 116
f 81 119 118
f 124 122 123
f 105 128 126
f 126 125 109
f 125 127 109
f 109 127 128
f 109 128 105
f 101 94 91
f 91 94 129
f 91 129 90
f 93 129 94
f 132 130 131
f 179 132 152
f 152 132 131
f 130 133 179
f 179 133 132
f 140 134 136
f 82 89 138
f 89 82 145
f 89 145 88
f 91 90 139
f 91 139 102
f 102 139 103
f 141 140 136
f 143 142 180
f 138 144 82
f 138 180 144
f 82 144 145
f 144 146 147
f 152 154 153
f 185 155 130
f 156 157 158
f 158 157 159
f 148 149 85
f 121 160 120
f 120 160 161
f 124 123 162
f 162 123 99
f 162 99 163
f 163 99 80
f 163 80 164
f 164 80 79
f 118 165 92
f 92 165 79
f 79 165 164
f 153 166 150
f 150 166 113
f 131 169 152
f 152 169 154
f 155 167 130
f 130 167 131
f 131 167 169
f 110 171 111
f 110 172 171
f 110 111 109
f 110 109 105
f 110 105 172
f 105 173 172
f 105 174 173
f 126 175 105
f 105 175 174
f 126 89 88
f 88 145 126
f 176 177 145
f 145 177 178
f 112 76 152
f 152 76 179
f 143 78 142
f 142 78 77
f 142 77 180
f 83 181 84
f 84 181 143
f 130 182 136
f 141 136 84
f 84 136 83
f 83 136 182
f 83 182 181
f 183 179 76
f 183 76 176
f 176 76 184
f 141 85 140
f 140 85 185
f 140 185 135
f 140 135 134
f 134 135 137
f 149 148 156
f 149 156 158
f 149 158 186
f 149 186 185
f 149 185 85
f 155 185 159
f 159 185 158
f 158 185 186
f 123 122 96
f 123 96 99
f 99 96 98
f 98 96 122
f 135 185 130
f 133 130 132
f 97 119 81
f 79 81 188
f 118 92 81
f 81 92 187
f 79 188 92
f 92 188 187
f 81 187 188
f 134 137 136
f 136 137 135
f 136 135 130
f 130 179 183
f 130 183 182
f 116 117 113
f 150 152 153
f 151 170 168
f 190 189 191
f 194 193 195
f 194 195 196
f 197 198 199
f 197 199 200
f 201 202 203
f 197 204 198
f 198 204 205
f 207 208 203
f 203 208 209
f 203 209 201
f 206 210 198
f 202 213 203
f 203 213 214
f 203 214 195
f 217 218 219
f 207 198 212
f 258 259 260
f 263 264 265
f 265 264 258
f 265 258 266
f 266 258 260
f 267 268 269
f 270 271 269
f 269 271 272
f 269 272 267
f 269 274 275
f 275 276 277
f 278 279 277
f 277 279 280
f 277 280 281
f 259 258 281
f 281 258 282
f 281 282 277
f 270 283 284
f 284 285 270
f 270 286 271
f 269 287 288
f 288 289 290
f 292 291 290
f 291 295 296
f 298 299 300
f 300 299 297
f 298 301 299
f 299 302 303
f 305 304 303
f 305 303 306
f 309 310 311
f 311 312 313
f 316 315 313
f 319 321 320
f 320 321 322
f 320 322 323
f 325 327 328
f 331 330 328
f 330 332 333
f 330 333 334
f 335 336 337
f 335 337 338
f 337 339 338
f 343 341 344
f 344 341 340
f 342 345 346
f 347 348 349
f 352 351 349
f 404 405 515
f 515 411 408
f 515 419 411
f 451 454 457
f 451 457 460
f 454 451 476
f 476 451 514
f 471 469 460
f 471 460 457
f 469 471 476
f 405 479 515
f 515 479 419
f 481 408 411
f 481 411 484
f 481 460 408
f 514 401 403
f 490 491 402
f 402 491 401
f 399 497 503
f 399 503 510
f 510 503 492
f 402 508 490
f 490 508 509
f 509 508 510
f 509 510 511
f 492 511 510
f 510 512 399
f 401 514 402
f 402 514 513
f 402 513 508
f 512 510 451
f 451 510 508
f 451 508 514
f 514 508 513
f 399 512 451
f 399 451 460
f 404 515 403
f 403 515 514
f 514 515 469
f 514 469 476
f 497 399 481
f 481 399 460
f 408 460 516
f 469 517 460
f 460 517 516
f 408 516 515
f 515 516 517
f 517 469 515
f 518 519 520
f 520 519 521
f 524 523 525
f 529 531 532
f 532 533 534
f 534 536 537
f 537 539 540
f 542 541 540
f 544 546 547
f 550 551 552
f 554 283 353
f 555 556 557
f 564 559 560
f 568 567 569
f 574 575 576
f 574 580 575
f 579 582 583
f 355 261 558
f 558 559 355
f 354 572 573
f 354 573 357
f 357 573 575
f 357 575 358
f 358 575 580
f 358 580 359
f 359 580 579
f 359 579 356
f 360 585 588
f 360 588 361
f 353 557 556
f 595 594 596
f 595 596 597
f 597 596 598
f 598 599 600
f 601 602 599
f 606 605 607
f 606 607 603
f 609 606 610
f 611 610 612
f 616 617 615
f 615 618 616
f 616 618 619
f 616 619 620
f 619 625 620
f 628 629 630
f 629 635 630
f 631 632 636
f 638 637 555
f 638 555 592
f 558 261 263
f 558 263 593
f 593 263 265
f 639 265 266
f 639 266 640
f 640 266 260
f 640 260 641
f 641 260 259
f 641 259 642
f 642 281 280
f 642 280 643
f 643 280 279
f 643 279 644
f 644 279 278
f 645 278 276
f 647 275 274
f 647 274 648
f 648 274 273
f 649 273 268
f 649 268 650
f 650 268 267
f 651 272 652
f 271 286 653
f 653 286 285
f 654 285 284
f 654 284 655
f 284 283 655
f 655 283 554
f 655 554 556
f 594 640 596
f 596 641 599
f 599 642 601
f 603 643 644
f 603 644 606
f 606 645 610
f 610 645 646
f 612 646 647
f 612 647 615
f 615 647 648
f 615 648 618
f 618 648 649
f 618 649 619
f 619 649 650
f 619 650 623
f 627 651 652
f 627 652 629
f 629 652 653
f 629 653 634
f 634 653 654
f 634 654 632
f 637 556 555
f 661 660 658
f 717 662 663
f 717 667 662
f 658 679 683
f 658 683 674
f 656 693 657
f 656 695 698
f 699 695 700
f 657 705 656
f 657 710 705
f 687 689 709
f 708 709 710
f 708 710 663
f 695 696 697
f 697 696 712
f 251 689 713
f 687 715 689
f 689 715 714
f 689 714 713
f 687 250 715
f 717 230 716
f 716 230 222
f 230 717 657
f 230 657 694
f 709 708 687
f 687 708 663
f 687 663 658
f 687 658 250
f 250 658 659
f 662 679 663
f 663 679 658
f 657 693 694
f 719 720 661
f 658 719 661
f 718 719 658
f 658 660 659
f 719 718 720
f 720 718 658
f 720 658 674
f 683 667 674
f 674 667 717
f 674 717 721
f 721 717 722
f 710 657 663
f 663 657 717
f 721 722 716
f 716 722 717
f 716 222 220
f 716 220 721
f 721 220 674
f 674 220 720
f 720 220 239
f 720 239 238
f 720 238 661
f 661 238 660
f 732 733 724
f 724 733 734
f 724 734 725
f 738 739 740
f 428 746 437
f 442 742 741
f 444 750 751
f 444 751 445
f 445 751 745
f 445 745 447
f 743 745 752
f 752 751 754
f 755 750 749
f 755 749 756
f 740 742 748
f 740 748 757
f 478 477 747
f 747 477 727
f 747 727 761
f 761 727 726
f 753 752 762
f 762 752 754
f 762 754 763
f 763 754 755
f 763 755 764
f 738 740 765
f 765 740 757
f 765 757 766
f 767 758 760
f 767 760 737
f 770 771 736
f 736 771 772
f 761 771 747
f 747 771 769
f 430 769 768
f 430 768 432
f 726 725 761
f 761 734 773
f 773 733 731
f 774 762 327
f 764 332 329
f 764 329 763
f 763 329 331
f 739 756 741
f 741 756 749
f 775 760 746
f 746 760 759
f 778 746 434
f 434 746 435
f 778 768 777
f 777 768 770
f 776 736 345
f 345 736 346
f 728 350 352
f 352 773 729
f 352 729 728
f 723 404 485
f 780 730 732
f 264 262 735
f 779 723 485
f 781 486 487
f 784 489 488
f 784 488 785
f 780 779 781
f 780 781 788
f 789 782 783
f 789 783 790
f 790 783 784
f 790 784 791
f 400 787 786
f 735 780 264
f 264 780 788
f 264 788 258
f 277 790 791
f 277 791 287
f 293 792 793
f 293 793 292
f 324 799 326
f 326 799 774
f 753 800 801
f 753 801 743
f 801 416 414
f 414 449 801
f 801 449 744
f 798 802 803
f 798 803 294
f 795 802 796
f 796 802 797
f 794 511 805
f 807 483 482
f 811 812 813
f 813 812 814
f 806 815 812
f 812 815 816
f 814 809 817
f 800 811 801
f 801 811 813
f 817 807 814
f 809 819 407
f 407 819 480
f 317 312 822
f 824 499 498
f 498 828 824
f 823 835 836
f 836 835 837
f 836 837 826
f 826 837 838
f 504 502 840
f 840 502 845
f 840 845 842
f 842 845 846
f 842 846 844
f 844 846 847
f 502 501 845
f 845 501 848
f 845 848 846
f 846 848 849
f 493 494 805
f 805 494 804
f 802 804 832
f 802 832 803
f 803 832 834
f 851 833 827
f 827 833 831
f 495 496 827
f 827 496 838
f 850 835 301
f 301 835 302
f 823 305 835
f 835 305 306
f 835 306 302
f 853 836 825
f 825 836 826
f 825 839 853
f 853 839 841
f 852 843 307
f 307 843 308
f 855 848 500
f 500 848 501
f 316 317 856
f 856 317 822
f 856 822 830
f 830 822 854
f 830 854 824
f 824 854 855
f 318 314 810
f 810 314 858
f 821 857 820
f 820 857 829
f 820 829 818
f 818 829 828
f 498 507 828
f 828 507 506
f 828 506 818
f 818 506 505
f 861 859 860
f 861 860 862
f 865 862 863
f 865 866 862
f 866 867 862
f 862 867 868
f 862 868 861
f 871 870 869
f 875 877 876
f 876 877 878
f 879 881 880
f 880 881 882
f 882 883 880
f 882 884 883
f 884 885 883
f 883 885 886
f 888 889 887
f 888 890 889
f 894 895 892
f 895 896 874
f 874 896 897
f 868 867 913
f 915 863 916
f 866 865 917
f 917 865 915
f 918 915 916
f 918 916 919
f 920 218 921
f 913 867 866
f 913 866 917
f 913 917 922
f 861 868 923
f 923 868 913
f 923 913 924
f 925 921 216
f 891 890 926
f 223 224 929
f 234 227 931
f 229 228 933
f 231 236 937
f 232 231 938
f 941 226 223
f 233 939 940
f 232 938 939
f 231 937 938
f 942 927 884
f 942 884 882
f 235 935 936
f 936 935 944
f 936 944 943
f 943 944 945
f 943 945 927
f 935 934 947
f 935 947 944
f 229 933 934
f 947 948 926
f 947 926 946
f 946 926 890
f 946 890 888
f 933 932 949
f 933 949 948
f 926 893 891
f 234 931 932
f 949 952 951
f 949 951 950
f 931 930 953
f 931 953 952
f 223 929 941
f 955 956 957
f 919 916 958
f 958 901 898
f 958 916 901
f 916 863 901
f 898 900 959
f 960 898 959
f 959 905 961
f 903 902 962
f 963 903 962
f 903 963 961
f 966 906 909
f 966 909 967
f 911 967 909
f 911 912 967
f 968 912 873
f 965 974 964
f 964 974 975
f 964 975 962
f 962 975 976
f 962 976 963
f 963 977 961
f 959 979 960
f 960 979 980
f 958 980 981
f 958 981 919
f 970 955 957
f 970 957 971
f 971 982 972
f 972 982 983
f 972 983 973
f 973 983 984
f 973 984 974
f 974 984 985
f 974 985 975
f 975 985 986
f 977 987 988
f 977 988 978
f 979 989 990
f 979 990 980
f 981 992 914
f 914 992 197
f 197 992 204
f 205 991 990
f 210 989 988
f 210 988 211
f 211 988 987
f 211 987 212
f 212 987 986
f 207 986 985
f 208 984 209
f 209 984 983
f 209 983 201
f 201 983 982
f 201 982 202
f 202 982 957
f 213 957 956
f 213 956 214
f 215 214 956
f 993 194 196
f 196 994 993
f 993 994 995
f 993 995 996
f 955 995 956
f 956 995 994
f 956 994 215
f 215 994 196
f 192 194 928
f 928 194 993
f 928 993 954
f 869 998 997
f 969 871 997
f 969 873 871
f 636 2008 2005
f 2045 2044 614
f 613 2064 2063
f 2066 602 604
f 2082 2078 595
f 571 2124 2126
f 576 2165 574
f 578 2173 2181
f 582 2183 2182
f 2192 2189 582
f 587 2212 2213
f 1003 1006 1007
f 1009 1011 1012
f 1016 1017 1018
f 1019 1020 1021
f 1022 1015 1021
f 1000 1024 1025
f 1026 1028 1027
f 1032 1031 1033
f 1034 1021 1036
f 1035 1001 1037
f 1001 1038 1039
f 1041 1044 1045
f 1043 1046 1047
f 1051 1050 1048
f 1052 1049 1040
f 817 1053 807
f 817 808 1053
f 1053 808 406
f 1053 406 1054
f 1042 1055 1056
f 1042 1057 1055
f 424 692 425
f 1058 1060 1059
f 1061 1023 1062
f 1063 1064 1065
f 1065 1064 1066
f 1067 1030 1068
f 1068 1030 1029
f 1069 1028 1026
f 1069 1026 1070
f 1070 1026 1024
f 1070 1024 1071
f 1071 1024 999
f 1072 1067 1073
f 1073 1067 1068
f 664 1072 665
f 665 1072 1073
f 666 1074 684
f 684 1074 1075
f 669 1081 670
f 670 1081 1066
f 668 1078 671
f 671 1078 1077
f 671 1077 672
f 1084 1082 1076
f 669 672 1083
f 1083 672 1077
f 1082 1079 1076
f 669 1083 1081
f 1089 1085 1087
f 1087 1080 676
f 678 1090 680
f 680 1090 1091
f 680 1091 681
f 1091 682 681
f 1092 1086 1013
f 1092 1013 1093
f 1093 1013 1014
f 1094 1010 1095
f 1095 1010 1008
f 1095 1008 1096
f 1096 1008 1006
f 1096 1006 1097
f 1097 1006 1005
f 1098 1004 1089
f 1089 1004 1002
f 1099 1096 1100
f 1100 1096 1097
f 1100 1097 1101
f 1101 1097 1098
f 1101 1098 1087
f 1087 1098 1089
f 1101 1088 677
f 1100 673 1099
f 1099 673 675
f 1108 518 520
f 1108 520 1109
f 1109 520 522
f 1109 522 1104
f 1106 1107 1110
f 1112 1108 1109
f 1112 1109 1113
f 464 1106 1110
f 464 1110 465
f 465 1110 1111
f 465 1111 466
f 466 1111 1112
f 466 1112 467
f 463 1105 462
f 1103 1102 1115
f 1102 526 542
f 1102 542 1115
f 1115 542 543
f 1115 543 1116
f 1116 543 539
f 1116 539 1117
f 1117 539 538
f 1117 538 1118
f 1119 536 535
f 1119 535 1120
f 1121 531 1122
f 1122 531 530
f 1122 530 1123
f 1123 530 528
f 1123 528 1124
f 1124 528 527
f 1124 527 1125
f 1103 1115 1114
f 1128 1118 1119
f 1128 1119 1129
f 1134 1123 1124
f 1134 1124 1135
f 1135 1124 1125
f 1135 1125 1136
f 455 1126 1127
f 455 1127 450
f 456 1130 1131
f 456 1131 458
f 459 1132 1133
f 459 1133 452
f 452 1133 1134
f 452 1134 453
f 453 1134 1135
f 453 1135 461
f 472 1138 1139
f 1141 553 551
f 1141 551 1142
f 1144 549 548
f 1144 548 1145
f 1146 546 545
f 1146 545 1137
f 1139 1140 1141
f 1139 1141 1147
f 1147 1141 1142
f 1147 1142 1148
f 1148 1142 1143
f 1148 1143 1149
f 472 1139 470
f 468 1147 1148
f 468 1148 473
f 474 1150 1151
f 474 1151 475
f 1154 1155 1156
f 1152 1157 1158
f 701 1153 1159
f 1160 1161 1162
f 1165 1166 1167
f 1170 1171 1172
f 1176 1177 1178
f 1178 1177 1179
f 1178 1179 1173
f 1178 1181 1182
f 1178 1182 1176
f 1183 1184 1185
f 1185 1184 1186
f 1185 1186 1180
f 1162 1161 1189
f 1161 1190 1189
f 1189 1190 1191
f 1163 1191 1192
f 1167 1193 1194
f 1167 1194 1195
f 1162 1196 1197
f 1198 1199 1200
f 1202 1201 1203
f 1204 1205 1206
f 1207 1208 1209
f 1212 1213 1214
f 1214 1215 1212
f 1212 1215 1216
f 1212 1216 1208
f 1208 1216 1217
f 1208 1217 1209
f 1213 1212 1218
f 1218 1212 1219
f 1218 1219 1220
f 1222 1223 1221
f 1226 1225 1228
f 1222 1227 1223
f 1230 1231 1229
f 1234 1233 1235
f 1234 1235 1230
f 1236 1234 1237
f 1236 1237 1238
f 1204 1240 1237
f 1237 1241 1238
f 1242 1243 1244
f 1246 1245 1247
f 1249 1248 1250
f 1249 1250 1251
f 1251 1250 1252
f 1253 1254 1255
f 1255 1254 1256
f 1260 1261 1262
f 1262 1263 1264
f 1263 1270 1271
f 1263 1271 1264
f 1273 1272 1274
f 1280 1281 1278
f 1248 1282 1283
f 1248 1283 1280
f 1280 1283 1284
f 1291 1290 1292
f 1293 690 1294
f 1298 1299 1297
f 1301 1302 1303
f 1303 1302 1304
f 1298 1304 1305
f 1298 1305 1299
f 1303 1308 1301
f 1309 1310 1306
f 1312 1313 1314
f 1314 1313 1315
f 1314 1315 1316
f 1317 1319 1320
f 1319 1321 1320
f 1320 1321 1322
f 1320 1322 1315
f 1324 1317 1325
f 1324 1325 1326
f 1327 1328 1325
f 364 1340 1339
f 364 363 1340
f 1354 1393 1350
f 1350 1356 383
f 1350 383 1354
f 1356 1350 1359
f 1359 1360 1361
f 1361 1360 1362
f 1338 376 1363
f 1337 376 1338
f 1366 1365 1367
f 1366 1367 1335
f 1335 1367 1334
f 1368 1394 1372
f 366 1372 1394
f 366 1394 1339
f 1340 366 1339
f 1372 366 1340
f 1340 363 1372
f 1373 363 1339
f 363 364 1339
f 1373 1339 1374
f 1376 1375 1377
f 1376 1377 1339
f 1339 1377 1374
f 1331 1332 1386
f 1386 1332 1387
f 1386 1387 1388
f 1388 1387 1393
f 1388 1393 1389
f 1389 1393 391
f 1396 389 1332
f 1332 389 1387
f 1378 1375 1398
f 1398 1375 1376
f 1398 1376 396
f 1398 396 1390
f 1339 398 1376
f 1376 398 396
f 1354 391 1393
f 380 1392 1360
f 1360 1359 1350
f 1360 1350 378
f 378 1350 380
f 1392 380 1350
f 1396 1393 1387
f 1360 378 380
f 396 398 1390
f 1390 398 1339
f 1387 389 1396
f 1360 1392 1362
f 1362 1392 376
f 1331 1333 1332
f 1332 1395 1396
f 1393 1396 1397
f 1393 1397 1350
f 1350 1397 1398
f 1350 1398 1392
f 1392 1363 376
f 386 395 1395
f 1395 395 1398
f 1338 1335 373
f 373 1335 1334
f 1368 1365 1394
f 1394 1365 1366
f 1394 1366 371
f 371 369 1394
f 1394 369 1338
f 1394 1338 1339
f 1339 1338 1390
f 1378 1398 395
f 1338 369 1335
f 1335 369 1366
f 1366 369 371
f 1333 386 1332
f 1332 386 1395
f 1396 1395 1398
f 1396 1398 1397
f 1398 1390 1392
f 1392 1390 1338
f 1392 1338 1363
f 1337 1338 373
f 1402 1403 1404
f 1405 1406 1407
f 1408 1409 1410
f 1411 1412 1347
f 1416 1417 443
f 1416 443 1418
f 1417 1419 443
f 443 1419 1420
f 443 1420 441
f 441 1421 1422
f 1423 439 440
f 1424 441 1425
f 1425 441 1422
f 1346 1412 1426
f 1346 1426 1364
f 1336 1430 1431
f 1336 1431 1432
f 1408 1410 1433
f 1435 1440 427
f 427 1441 1442
f 1442 1441 1443
f 1442 1443 1444
f 1444 1445 1442
f 1442 1445 1446
f 1442 1446 1447
f 1447 1448 1449
f 1449 1448 1450
f 1449 1450 1451
f 1452 1371 1453
f 1453 1371 1370
f 1453 1370 1451
f 1455 1371 1456
f 1456 1371 1452
f 1454 1457 1369
f 1460 1342 1461
f 1461 1342 1382
f 1461 1382 1462
f 1463 1343 1464
f 1464 1343 1342
f 1464 1342 1465
f 1465 1342 1460
f 1463 1466 1343
f 1343 1466 1467
f 1343 1467 1468
f 1468 1467 1469
f 1468 1469 1470
f 1470 1471 1468
f 1468 1472 420
f 420 1472 1473
f 420 1473 1474
f 1474 1475 420
f 1476 1477 410
f 1479 1480 1481
f 1478 1483 412
f 412 1483 1484
f 412 1484 1479
f 1406 1485 1353
f 1353 1485 1486
f 1353 1486 1351
f 1351 1486 1487
f 1486 1488 1487
f 1487 1488 1489
f 1493 1492 417
f 1493 417 1494
f 1494 417 1495
f 1491 1497 1492
f 1492 1497 1498
f 1492 1498 415
f 418 1500 1501
f 418 1501 417
f 417 1502 1495
f 1349 1504 1344
f 1344 1505 1506
f 1436 427 1439
f 1507 431 433
f 1507 433 1508
f 1508 433 429
f 1508 429 1509
f 439 1414 1510
f 1498 1496 415
f 448 1513 1514
f 448 1514 446
f 443 1410 1409
f 443 1409 1418
f 409 1404 418
f 418 1403 1499
f 1479 1481 412
f 412 1481 1516
f 412 1516 413
f 423 1399 1518
f 423 1518 422
f 422 1518 1517
f 422 1517 421
f 1447 1449 1442
f 1442 1449 1519
f 1442 1519 426
f 1439 1369 1459
f 1439 1459 1437
f 436 438 1401
f 1401 438 1510
f 1348 1510 1414
f 1348 1414 1347
f 1347 1414 1415
f 1347 1415 1411
f 1357 1391 1513
f 1513 1391 1358
f 1513 1358 1514
f 1514 1358 1361
f 1407 1353 1352
f 1407 1352 1511
f 1511 1352 1355
f 1511 1355 1512
f 1344 1402 1404
f 1344 1404 1345
f 1515 1384 1385
f 1462 1382 1481
f 1481 1382 1383
f 1481 1383 1516
f 1468 1400 1343
f 1343 1400 1341
f 1380 1381 1379
f 1451 1370 1449
f 1520 1521 1522
f 1523 1489 1524
f 1524 1489 1488
f 1524 1488 1525
f 1525 1488 1486
f 1282 1526 1527
f 1530 1284 1528
f 1528 1284 1283
f 1529 1485 1531
f 1530 1281 1284
f 1534 1276 1277
f 1535 1277 1279
f 1272 1534 1536
f 1539 1268 1275
f 1539 1275 1537
f 1532 1405 1496
f 1532 1496 1540
f 1540 1496 1498
f 1541 1498 1497
f 1541 1497 1542
f 1542 1497 1491
f 1543 1491 1493
f 1544 1493 1494
f 1545 1495 1546
f 1546 1495 1502
f 1546 1502 1547
f 1548 1264 1271
f 1548 1271 1549
f 1549 1271 1270
f 1538 1270 1269
f 1538 1269 1268
f 1502 1501 1547
f 1547 1501 1500
f 1547 1500 1552
f 1552 1500 1499
f 1552 1499 1553
f 1557 1556 1558
f 1557 1558 1559
f 1559 1558 1555
f 1560 1551 1561
f 1561 1551 1550
f 1562 1550 1548
f 1562 1548 1563
f 1563 1548 1549
f 1564 1549 1538
f 1566 1537 1567
f 1567 1536 1568
f 1570 1533 1571
f 1572 1528 1573
f 1573 1528 1527
f 1573 1527 1574
f 1574 1526 1575
f 1556 1253 1258
f 1556 1258 1558
f 1558 1258 1259
f 1558 1259 1555
f 1555 1266 1265
f 1554 1506 1577
f 1577 1506 1505
f 1578 1505 1504
f 1556 1520 1256
f 1579 1503 1490
f 1579 1490 1523
f 1525 1580 1524
f 1524 1580 1581
f 1523 1581 1582
f 1523 1582 1579
f 1579 1582 1583
f 1578 1583 1584
f 1578 1584 1577
f 1577 1584 1585
f 1577 1585 1554
f 1553 1587 1552
f 1552 1587 1588
f 1547 1588 1589
f 1547 1589 1546
f 1546 1589 1590
f 1546 1590 1545
f 1543 1592 1593
f 1543 1593 1542
f 1542 1594 1541
f 1541 1594 1595
f 1541 1595 1540
f 1540 1596 1532
f 1529 1598 1599
f 1581 1522 1521
f 1582 1521 1557
f 1583 1557 1559
f 1583 1559 1584
f 1584 1559 1560
f 1584 1560 1585
f 1585 1561 1586
f 1586 1562 1587
f 1587 1562 1563
f 1587 1563 1588
f 1589 1564 1565
f 1589 1565 1590
f 1590 1565 1566
f 1591 1566 1567
f 1592 1567 1568
f 1592 1568 1593
f 1593 1568 1569
f 1595 1570 1571
f 1595 1571 1596
f 1596 1571 1572
f 1597 1573 1598
f 1598 1573 1574
f 1598 1574 1599
f 1599 1574 1575
f 1576 1251 1252
f 1576 1252 1257
f 1486 1529 1525
f 1525 1599 1580
f 1580 1599 1575
f 1522 1575 1576
f 1522 1576 1520
f 1520 1576 1257
f 1289 1600 1288
f 1287 1602 1603
f 1287 1603 1286
f 1286 1603 1604
f 1286 1604 1285
f 1289 1607 1600
f 1607 1608 1600
f 1600 1608 1609
f 1600 1609 1601
f 1601 1609 1610
f 1604 1613 1605
f 1605 1613 1614
f 1605 1614 1606
f 1607 1615 1608
f 1608 1267 1263
f 1608 1263 1609
f 1611 1248 1280
f 1611 1280 1612
f 1463 1616 1466
f 1466 1616 1617
f 1467 1618 1469
f 1233 1622 1235
f 1462 1623 1461
f 1461 1623 1624
f 1461 1624 1460
f 1460 1624 1625
f 1465 1625 1626
f 1465 1626 1464
f 1464 1627 1463
f 1629 1232 1630
f 1630 1232 1231
f 1630 1231 1622
f 1482 1631 1462
f 1462 1631 1632
f 1462 1632 1623
f 1224 1628 1225
f 1634 1223 1227
f 1639 1218 1635
f 1640 1217 1216
f 1637 1216 1215
f 1637 1215 1214
f 1482 1480 1631
f 1631 1480 1479
f 1631 1479 1641
f 1641 1484 1642
f 1642 1484 1483
f 1643 1478 1644
f 1644 1478 1477
f 1644 1477 1645
f 1646 1476 1475
f 1646 1475 1647
f 1647 1475 1474
f 1648 1474 1473
f 1648 1473 1649
f 1653 1654 1655
f 1655 1654 1640
f 1655 1640 1656
f 1656 1640 1637
f 1657 1637 1638
f 1659 1635 1660
f 1660 1635 1636
f 1661 1636 1634
f 1661 1634 1662
f 1663 1633 1664
f 1664 1633 1628
f 1665 1629 1666
f 1666 1630 1667
f 1667 1630 1622
f 1668 1622 1621
f 1668 1621 1669
f 1669 1621 1620
f 1669 1620 1670
f 1670 1620 1619
f 1671 1619 1672
f 1673 1672 1674
f 1210 1652 1211
f 1650 1471 1618
f 1618 1471 1470
f 1618 1470 1469
f 1616 1675 1617
f 1617 1675 1676
f 1618 1676 1677
f 1618 1677 1650
f 1649 1678 1648
f 1648 1678 1679
f 1648 1679 1647
f 1647 1679 1680
f 1647 1680 1646
f 1645 1681 1682
f 1645 1682 1644
f 1643 1683 1684
f 1643 1684 1642
f 1642 1684 1685
f 1642 1685 1641
f 1641 1685 1686
f 1641 1686 1631
f 1631 1686 1687
f 1631 1687 1632
f 1632 1687 1688
f 1623 1689 1624
f 1624 1689 1690
f 1625 1690 1691
f 1625 1691 1626
f 1626 1691 1692
f 1627 1692 1693
f 1676 1651 1653
f 1676 1653 1677
f 1677 1653 1655
f 1678 1656 1657
f 1678 1657 1679
f 1679 1657 1658
f 1679 1658 1680
f 1680 1658 1659
f 1680 1659 1681
f 1681 1660 1682
f 1682 1660 1661
f 1682 1661 1683
f 1684 1662 1663
f 1684 1663 1685
f 1685 1664 1686
f 1687 1665 1666
f 1689 1667 1668
f 1690 1668 1669
f 1690 1669 1691
f 1691 1670 1692
f 1692 1670 1671
f 1692 1671 1693
f 1693 1671 1673
f 1672 1239 1674
f 1674 1239 1206
f 1463 1627 1616
f 1616 1627 1693
f 1616 1693 1675
f 1675 1693 1673
f 1651 1673 1674
f 1651 1674 1652
f 1694 1194 1193
f 1695 1443 1696
f 1701 1435 1434
f 1704 1190 1699
f 1705 1436 1706
f 1188 1708 1709
f 1710 1184 1709
f 1709 1184 1183
f 1712 1187 1710
f 1710 1186 1184
f 1713 1179 1177
f 1713 1177 1714
f 1711 1182 1181
f 1174 1713 1715
f 1174 1715 1175
f 1175 1716 1172
f 1172 1716 1717
f 1438 1437 1707
f 1707 1437 1459
f 1707 1459 1718
f 1718 1458 1719
f 1719 1458 1457
f 1720 1454 1721
f 1721 1454 1455
f 1721 1455 1722
f 1722 1456 1723
f 1724 1452 1453
f 1725 1453 1451
f 1725 1451 1726
f 1726 1451 1450
f 1726 1450 1727
f 1728 1729 1730
f 1730 1729 1731
f 1732 1731 1733
f 1732 1733 1734
f 1734 1733 1717
f 1735 1716 1736
f 1736 1716 1715
f 1736 1715 1737
f 1737 1715 1713
f 1737 1713 1738
f 1738 1713 1714
f 1738 1714 1739
f 1739 1714 1711
f 1740 1712 1741
f 1741 1710 1742
f 1742 1710 1709
f 1743 1709 1708
f 1745 1702 1703
f 1747 1699 1748
f 1749 1698 1694
f 1733 1164 1168
f 1717 1168 1169
f 1450 1448 1727
f 1727 1447 1750
f 1751 1446 1445
f 1695 1444 1443
f 1696 1753 1695
f 1751 1755 1750
f 1750 1756 1727
f 1727 1756 1757
f 1727 1757 1726
f 1726 1757 1758
f 1726 1758 1725
f 1725 1758 1759
f 1725 1759 1724
f 1724 1760 1723
f 1723 1761 1722
f 1722 1761 1762
f 1722 1762 1721
f 1720 1763 1764
f 1720 1764 1719
f 1719 1764 1765
f 1719 1765 1718
f 1718 1766 1707
f 1707 1767 1706
f 1706 1767 1768
f 1706 1768 1705
f 1705 1768 1769
f 1705 1769 1701
f 1701 1769 1770
f 1753 1730 1754
f 1754 1730 1732
f 1754 1732 1755
f 1755 1734 1756
f 1756 1734 1735
f 1757 1735 1736
f 1757 1736 1758
f 1758 1736 1737
f 1758 1737 1759
f 1759 1737 1738
f 1759 1738 1760
f 1760 1739 1761
f 1761 1739 1740
f 1761 1740 1762
f 1762 1741 1763
f 1763 1742 1764
f 1764 1742 1743
f 1764 1743 1765
f 1765 1743 1744
f 1765 1744 1766
f 1766 1745 1767
f 1767 1745 1746
f 1767 1746 1768
f 1768 1746 1747
f 1768 1747 1769
f 1769 1747 1748
f 1769 1748 1770
f 1771 1770 1749
f 1773 1694 1193
f 1440 1700 1697
f 1752 1771 1772
f 1752 1772 1728
f 1728 1772 1773
f 1728 1773 1729
f 1296 1295 1774
f 1300 1299 1775
f 1305 1304 1776
f 1780 1782 1783
f 1330 1777 1784
f 1783 1413 1423
f 1423 1785 1786
f 1423 1786 1783
f 1788 1329 1789
f 1791 1319 1318
f 1793 1323 1322
f 1790 1322 1321
f 1790 1321 1319
f 1785 1425 1422
f 1785 1422 1795
f 1795 1422 1421
f 1795 1421 1796
f 1796 1420 1797
f 1797 1420 1419
f 1797 1419 1798
f 1798 1419 1417
f 1798 1417 1799
f 1799 1417 1416
f 1799 1416 1800
f 1800 1416 1418
f 1781 1786 1804
f 1804 1786 1785
f 1804 1785 1805
f 1805 1785 1795
f 1805 1795 1806
f 1807 1797 1808
f 1810 1799 1800
f 1810 1800 1811
f 1812 1801 1802
f 1812 1802 1813
f 1815 1814 1816
f 1815 1816 1817
f 1817 1816 1818
f 1817 1818 1819
f 1819 1818 1820
f 1778 1781 1779
f 1779 1781 1804
f 1779 1804 1822
f 1822 1804 1805
f 1823 1806 1824
f 1825 1807 1808
f 1826 1809 1827
f 1827 1809 1810
f 1828 1810 1811
f 1829 1811 1812
f 1829 1812 1830
f 1830 1813 1831
f 1831 1813 1815
f 1832 1817 1833
f 1833 1819 1834
f 1834 1819 1821
f 1834 1821 1835
f 1777 1779 1784
f 1784 1779 1822
f 1784 1822 1789
f 1789 1822 1823
f 1787 1825 1791
f 1791 1826 1790
f 1790 1827 1793
f 1792 1829 1794
f 1794 1829 1830
f 1803 1832 1833
f 1803 1833 1836
f 1837 1834 1835
f 1837 1835 1838
f 1838 1308 1307
f 1838 1307 1837
f 1836 1311 1310
f 1836 1310 1803
f 1841 1835 1821
f 1842 1821 1820
f 1304 1302 1776
f 1776 1302 1839
f 1776 1839 1843
f 1843 1840 1844
f 1844 1840 1841
f 1844 1841 1845
f 1845 1841 1842
f 1428 1427 1846
f 1775 1305 1776
f 1775 1776 1847
f 1848 1843 1844
f 1429 1842 1820
f 1430 1820 1818
f 1430 1818 1431
f 1431 1818 1816
f 1431 1816 1432
f 1432 1816 1814
f 1432 1814 1433
f 1433 1814 1802
f 1433 1802 1408
f 1774 1300 1775
f 1849 1847 1850
f 1850 1847 1848
f 1850 1848 1851
f 1851 1848 1846
f 1412 1411 1782
f 1782 1411 1415
f 1777 1774 1778
f 1778 1849 1780
f 1780 1849 1850
f 1782 1851 1412
f 1412 1851 1846
f 1412 1846 1426
f 1426 1846 1427
f 1862 365 1860
f 362 1869 1860
f 367 362 1860
f 1871 365 1862
f 1859 1873 1872
f 1862 368 370
f 1873 1859 1858
f 374 1861 1875
f 1857 1876 375
f 1861 375 1875
f 377 1882 384
f 377 384 382
f 381 1857 379
f 1877 1882 392
f 1877 392 393
f 1882 1856 390
f 1882 387 388
f 1884 385 1878
f 1854 385 1884
f 1860 397 1868
f 1868 397 1880
f 1880 397 1881
f 1869 1881 1860
f 367 1860 365
f 390 392 1882
f 384 1882 1877
f 1881 397 1860
f 1860 1883 1862
f 1871 1862 370
f 388 1856 1882
f 1857 1882 379
f 379 1882 377
f 1880 1879 1868
f 1860 1868 1883
f 1862 1883 1872
f 1862 1872 368
f 368 1872 1873
f 1878 387 1884
f 1884 387 1882
f 1883 1882 1872
f 1872 1882 1857
f 1876 1857 381
f 1879 394 1868
f 1868 394 1867
f 1868 1884 1883
f 1858 1859 372
f 394 1854 1867
f 1867 1884 1868
f 1859 1861 372
f 372 1861 374
f 1867 1854 1884
f 1883 1884 1882
f 1872 1857 1859
f 1859 1857 1861
f 1861 1857 375
f 706 1855 704
f 704 1855 1853
f 1855 1852 688
f 685 1866 686
f 691 1865 1864
f 691 1864 1874
f 701 1870 1863
f 1885 707 711
f 1886 703 702
f 1911 1912 223
f 1911 223 1898
f 1898 223 225
f 1898 225 1897
f 1897 225 253
f 1897 253 1896
f 1896 253 254
f 1896 254 1895
f 1895 254 255
f 1895 255 1894
f 1894 255 256
f 1894 256 1893
f 1893 256 257
f 1893 257 1892
f 1892 257 1891
f 1890 1891 1889
f 1888 1889 1887
f 1887 1889 252
f 1899 249 1900
f 1900 249 240
f 1900 240 1909
f 1909 240 241
f 1909 241 1908
f 1908 241 242
f 1908 242 1907
f 1907 242 243
f 1907 243 1906
f 1906 243 244
f 1906 244 1905
f 1905 244 245
f 1905 245 1904
f 1904 245 246
f 1904 246 1903
f 1903 246 247
f 1903 247 1902
f 1902 247 248
f 1902 248 1901
f 1901 248 237
f 1901 237 1910
f 1910 237 221
f 1913 1914 1919
f 899 1919 1914
f 1914 1915 899
f 1917 1916 899
f 1918 1919 1920
f 1921 1920 864
f 1923 864 862
f 1924 1923 862
f 1922 1924 862
f 1925 1922 862
f 1926 1925 862
f 1928 1926 862
f 1928 862 860
f 1930 1927 860
f 1927 1928 860
f 1929 1930 860
f 1931 1929 860
f 1933 1931 876
f 1931 860 876
f 1932 1934 876
f 1934 1933 876
f 1935 1932 876
f 876 1965 1935
f 1936 908 904
f 904 1916 1939
f 1916 1938 1937
f 1943 1941 1940
f 1942 1941 1943
f 1945 1946 1947
f 1946 1944 1947
f 1944 1943 1947
f 1947 907 1948
f 1949 1948 907
f 1950 1949 907
f 1952 907 908
f 1951 1952 908
f 1955 910 1940
f 1953 1954 1940
f 1954 1955 1940
f 910 1957 1956
f 1961 1960 1958
f 1960 1959 1958
f 1965 876 1966
f 1964 1965 1966
f 1963 1964 1966
f 1966 1962 1963
f 1969 1966 1970
f 1970 1967 1968
f 1968 1969 1970
f 1973 1970 883
f 1971 1973 883
f 883 1974 1972
f 883 1972 1971
f 883 887 1974
f 1975 1974 887
f 887 1977 1976
f 1976 1975 887
f 1978 1977 889
f 1977 887 889
f 1981 1980 889
f 1979 1978 889
f 1980 1979 889
f 1983 1981 892
f 1981 889 892
f 1982 1983 892
f 1984 1982 892
f 892 1985 1984
f 1986 1985 895
f 1985 892 895
f 1987 1986 895
f 1988 1987 895
f 895 1989 1988
f 1990 1989 874
f 1989 895 874
f 1991 1990 874
f 1993 1991 874
f 874 1992 1993
f 1995 1992 874
f 874 870 1995
f 870 1994 1995
f 1996 1994 870
f 1997 1996 870
f 1999 1997 870
f 870 872 1999
f 2000 1999 872
f 1998 2000 872
f 872 1958 1959
f 1959 2001 872
f 2003 2002 633
f 2013 2004 636
f 636 2011 2009
f 636 2010 2012
f 2006 2007 636
f 636 2012 2008
f 2017 2018 621
f 621 2014 2015
f 2016 2017 621
f 621 2015 2016
f 2022 2019 626
f 2022 626 628
f 2021 2022 628
f 2020 2021 628
f 2024 2025 2023
f 625 2026 2028
f 2029 2030 617
f 2031 2032 616
f 620 2034 2035
f 2033 616 2027
f 2037 2036 624
f 622 2038 2039
f 2039 2040 622
f 2043 2041 614
f 2044 2042 614
f 614 2025 2045
f 2025 2046 2045
f 607 605 2047
f 2051 2050 2048
f 2056 2049 609
f 609 2057 2058
f 609 2058 2059
f 2062 2061 609
f 2060 2053 609
f 2053 2054 609
f 2055 2062 609
f 2052 2055 609
f 2066 2065 602
f 2067 2069 604
f 2070 2068 604
f 2068 2067 604
f 608 607 2071
f 595 2081 2080
f 2075 2079 595
f 2073 2074 595
f 2074 2075 595
f 2076 2072 595
f 595 2077 2076
f 590 2083 591
f 2086 2085 589
f 2087 2084 589
f 2089 2088 563
f 2095 2096 562
f 2093 2092 562
f 562 2094 2091
f 2090 2093 562
f 2091 2090 562
f 2097 2098 561
f 2106 2099 566
f 566 2111 2110
f 2108 2109 566
f 2107 2106 566
f 2105 2104 566
f 2103 2101 566
f 566 2100 2102
f 2113 2112 565
f 570 2119 2118
f 2118 2116 570
f 2116 2115 570
f 2114 2117 570
f 569 2120 2121
f 2132 2123 571
f 2133 2132 571
f 2135 2133 571
f 2136 2134 571
f 571 2141 2139
f 571 2139 2140
f 2138 2137 571
f 2128 2129 571
f 2129 2131 571
f 2131 2127 571
f 2130 2138 571
f 571 2127 2125
f 571 2125 2124
f 577 2122 2143
f 576 2142 2159
f 576 2159 2163
f 576 2163 2162
f 2162 2161 576
f 2164 2157 576
f 2156 2154 576
f 2154 2152 576
f 2151 2160 576
f 2155 2150 576
f 2146 2155 576
f 576 2153 2149
f 576 2149 2148
f 2144 2146 576
f 2147 2145 576
f 576 2158 2165
f 2174 2173 574
f 574 2165 2172
f 2177 2175 574
f 2175 2176 574
f 574 2172 2177
f 2180 2179 574
f 574 2179 2171
f 574 2178 2168
f 2167 2169 574
f 574 2170 2166
f 574 2166 2167
f 582 2184 2183
f 582 2190 2191
f 2186 2188 582
f 582 2191 2187
f 2187 2185 582
f 582 581 2194
f 581 2195 2193
f 2193 2194 581
f 2194 2192 582
f 2205 2207 584
f 2206 2205 584
f 2203 2204 584
f 2201 2202 584
f 2197 2201 584
f 584 2204 2199
f 2198 2196 584
f 2196 2197 584
f 2200 2198 584
f 2199 2200 584
f 2226 2208 587
f 587 2221 2222
f 587 2222 2223
f 587 2223 2224
f 587 2224 2225
f 2220 2229 587
f 587 2225 2227
f 2228 2218 587
f 2219 2220 587
f 2211 2214 587
f 2209 2210 587
f 587 2217 2216
f 2216 2215 587
f 2215 2212 587
f 2213 2209 587
f 2230 2221 586

