# https://github.com/mikedh/trimesh

o link_lift_8.obj
v -0.08212300 0.04051100 -0.02508800
v -0.08599500 0.04131500 -0.02508800
v -0.11485800 0.06233100 -0.02508800
v -0.11782600 0.06721200 -0.02508800
v -0.11755600 0.06735200 -0.02661900
v -0.12258300 0.08086200 -0.02508800
v -0.12348000 0.08739100 -0.02508800
v -0.12317600 0.08741200 -0.02661900
v -0.12348000 0.09442000 -0.02508800
v -0.12317600 0.09439900 -0.02661900
v -0.10845500 0.12725600 -0.02508800
v -0.10460100 0.13085500 -0.02508800
v -0.10440900 0.13061800 -0.02661900
v -0.09179100 0.13843600 -0.02508800
v -0.08599500 0.14049600 -0.02508800
v -0.08532800 0.13811800 -0.02878400
v -0.07895300 0.14076500 -0.02791600
v -0.08567800 0.13936800 -0.02791600
v -0.07907100 0.14162400 -0.02661900
v -0.09678000 0.13149000 -0.02908800
v -0.09390200 0.13298150 -0.02908800
v -0.10207700 0.12775200 -0.02908800
v -0.09757600 0.13279800 -0.02878400
v -0.10304300 0.12893900 -0.02878400
v -0.09825000 0.13390700 -0.02791600
v -0.10386200 0.12994600 -0.02791600
v -0.09870000 0.13464800 -0.02661900
v -0.11090600 0.11829800 -0.02908800
v -0.11427500 0.11275800 -0.02908800
v -0.11215700 0.11918000 -0.02878400
v -0.11563400 0.11346300 -0.02878400
v -0.11321700 0.11992900 -0.02791600
v -0.11678600 0.11406000 -0.02791600
v -0.11392500 0.12042900 -0.02661900
v -0.11755600 0.11445900 -0.02661900
v -0.11685700 0.10681200 -0.02908800
v -0.11830000 0.10732500 -0.02878400
v -0.11952300 0.10775900 -0.02791600
v -0.12033900 0.10805000 -0.02661900
v -0.11773200 0.10369100 -0.02908800
v -0.11860700 0.10057000 -0.02908800
v -0.12010500 0.10088100 -0.02878400
v -0.12222500 0.10132100 -0.02661900
v -0.11952300 0.07405100 -0.02791600
v -0.11678600 0.06775100 -0.02791600
v -0.12033900 0.07376100 -0.02661900
v -0.10207700 0.05405900 -0.02908800
v -0.10793300 0.05743900 -0.02878400
v -0.10304300 0.05287200 -0.02878400
v -0.10888200 0.05655400 -0.02791600
v -0.10386200 0.05186500 -0.02791600
v -0.10951600 0.05596200 -0.02661900
v -0.10440900 0.05119200 -0.02661900
v -0.09678000 0.05032000 -0.02908800
v -0.09757600 0.04901300 -0.02878400
v -0.09825000 0.04790400 -0.02791600
v -0.09870000 0.04716300 -0.02661900
v -0.09102400 0.04733800 -0.02908800
v -0.09163400 0.04593400 -0.02878400
v -0.09215100 0.04474400 -0.02791600
v -0.07210000 0.13840500 -0.02908800
v -0.07210000 0.13993600 -0.02878400
v -0.07210000 0.14123400 -0.02791600
v -0.07210000 0.14210100 -0.02661900
v -0.07210000 0.14240500 -0.02508800
v -0.08212300 0.14130000 -0.02508800
v -0.09261800 0.13814200 -0.02508800
v -0.09249600 0.13786300 -0.02661900
v -0.09215100 0.13706700 -0.02791600
v -0.09163400 0.13587700 -0.02878400
v -0.09102400 0.13447300 -0.02908800
v -0.09885900 0.13490800 -0.02508800
v -0.10065200 0.13364200 -0.02508800
v -0.10951600 0.12584900 -0.02661900
v -0.10888200 0.12525700 -0.02791600
v -0.10793300 0.12437100 -0.02878400
v -0.10681500 0.12332700 -0.02908800
v -0.11417400 0.12060400 -0.02508800
v -0.12258300 0.10094900 -0.02508800
v -0.12252300 0.10138300 -0.02508800
v -0.12062600 0.10815200 -0.02508800
v -0.11957600 0.11056900 -0.02508800
v -0.11782600 0.11459900 -0.02508800
v -0.11485800 0.11947900 -0.02508800
v -0.11228456 0.07163156 -0.02908800
v -0.12231100 0.08747100 -0.02791600
v -0.12101600 0.08755900 -0.02878400
v -0.11948900 0.08766400 -0.02908800
v -0.12252300 0.08042700 -0.02508800
v -0.12222500 0.08048900 -0.02661900
v -0.12137600 0.08066600 -0.02791600
v -0.12010500 0.08093000 -0.02878400
v -0.11860700 0.08124100 -0.02908800
v -0.12062600 0.07365900 -0.02508800
v -0.11957600 0.07124200 -0.02508800
v -0.11417400 0.06120600 -0.02508800
v -0.11392500 0.06138200 -0.02661900
v -0.11321700 0.06188200 -0.02791600
v -0.10973800 0.05575400 -0.02508800
v -0.09179100 0.04337500 -0.02508800
v -0.09261800 0.04366900 -0.02508800
v -0.09885900 0.04690300 -0.02508800
v -0.10065200 0.04816900 -0.02508800
v -0.10460100 0.05095600 -0.02508800
v -0.10845500 0.05455500 -0.02508800
v -0.08532800 0.04369300 -0.02878400
v -0.08491500 0.04516700 -0.02908800
v -0.07911300 0.03988500 -0.02508800
v -0.07877600 0.04233100 -0.02878400
v -0.07856800 0.04384800 -0.02908800
v -0.08171125 0.07353331 -0.02908800
v -0.07210000 0.03940500 -0.02508800
v -0.02348400 0.10213200 -0.02230200
v -0.02395400 0.10439500 -0.02230200
v -0.02424700 0.10431300 -0.02383300
v -0.11296300 0.11951700 -0.02230200
v -0.11482100 0.11688400 -0.02230200
v -0.11456100 0.11672600 -0.02383300
v -0.04469000 0.12973700 -0.02599800
v -0.03965800 0.12564300 -0.02599800
v -0.03877200 0.12659100 -0.02513000
v -0.08801700 0.13569200 -0.02599800
v -0.08177000 0.13744200 -0.02599800
v -0.08203400 0.13871200 -0.02513000
v -0.11786800 0.10372900 -0.02599800
v -0.11688600 0.11035900 -0.02513000
v -0.04209587 0.11175756 -0.02630200
v -0.02652800 0.09716900 -0.02630200
v -0.08913731 0.06838612 -0.02630200
v -0.02780600 0.10331600 -0.02630200
v -0.02501200 0.09737700 -0.02599800
v -0.02990800 0.10923200 -0.02630200
v -0.02633200 0.10372900 -0.02599800
v -0.02850400 0.10984200 -0.02599800
v -0.03148900 0.11560200 -0.02599800
v -0.06896100 0.13679800 -0.02630200
v -0.06274100 0.13594300 -0.02630200
v -0.06243000 0.13744200 -0.02599800
v -0.07523900 0.13679800 -0.02630200
v -0.06885600 0.13832500 -0.02599800
v -0.10349700 0.12452400 -0.02630200
v -0.10454200 0.12564300 -0.02599800
v -0.10897000 0.12090100 -0.02599800
v -0.11328325 0.10702350 -0.02630200
v -0.08145900 0.13594300 -0.02630200
v -0.08750400 0.13424900 -0.02630200
v -0.09326300 0.13174800 -0.02630200
v -0.04557300 0.12848600 -0.02630200
v -0.05093700 0.13174800 -0.02630200
v -0.12047400 0.09755400 -0.02513000
v -0.12092800 0.09090500 -0.02513000
v -0.11963100 0.09090500 -0.02599800
v -0.11382000 0.11627600 -0.02513000
v -0.11271100 0.11560200 -0.02599800
v -0.09456400 0.13425900 -0.02513000
v -0.10025800 0.13079700 -0.02513000
v -0.09951000 0.12973700 -0.02599800
v -0.07549100 0.14048500 -0.02383300
v -0.07543200 0.13962000 -0.02513000
v -0.07534400 0.13832500 -0.02599800
v -0.04963600 0.13425900 -0.02513000
v -0.05574800 0.13691400 -0.02513000
v -0.05618300 0.13569200 -0.02599800
v -0.03355100 0.12226800 -0.02383300
v -0.03422300 0.12172000 -0.02513000
v -0.03523000 0.12090100 -0.02599800
v -0.12133300 0.09767200 -0.02383300
v -0.11995300 0.10431300 -0.02383300
v -0.11775200 0.11122900 -0.02230200
v -0.11796000 0.11082500 -0.02230200
v -0.11768100 0.11070400 -0.02383300
v -0.11911800 0.10407900 -0.02513000
v -0.11918800 0.09737700 -0.02599800
v -0.11810000 0.09090500 -0.02630200
v -0.10075800 0.13150500 -0.02383300
v -0.09496300 0.13502900 -0.02383300
v -0.08874200 0.13773200 -0.02383300
v -0.09862700 0.12848600 -0.02630200
v -0.09396700 0.13310700 -0.02599800
v -0.08845200 0.13691400 -0.02513000
v -0.08221100 0.13956100 -0.02383300
v -0.08227300 0.13986000 -0.02230200
v -0.08163500 0.13994700 -0.02230200
v -0.05545800 0.13773200 -0.02383300
v -0.04923700 0.13502900 -0.02383300
v -0.05669600 0.13424900 -0.02630200
v -0.05023300 0.13310700 -0.02599800
v -0.04394200 0.13079700 -0.02513000
v -0.03818000 0.12722500 -0.02383300
v -0.03797200 0.12744700 -0.02230200
v -0.03740400 0.12683800 -0.02230200
v -0.12024600 0.10439500 -0.02230200
v -0.12071600 0.10213200 -0.02230200
v -0.12163400 0.09771400 -0.02230200
v -0.12198100 0.09264400 -0.02230200
v -0.12210000 0.09090500 -0.02230200
v -0.10997700 0.12172000 -0.02513000
v -0.11064900 0.12226800 -0.02383300
v -0.11088600 0.12246000 -0.02230200
v -0.10602000 0.12722500 -0.02383300
v -0.10622800 0.12744700 -0.02230200
v -0.10679600 0.12683800 -0.02230200
v -0.10542800 0.12659100 -0.02513000
v -0.10093400 0.13175400 -0.02230200
v -0.08884400 0.13801800 -0.02230200
v -0.09079100 0.13717300 -0.02230200
v -0.09510300 0.13530000 -0.02230200
v -0.09928300 0.13275800 -0.02230200
v -0.07551200 0.14078900 -0.02230200
v -0.06868800 0.14078900 -0.02230200
v -0.07210000 0.14078900 -0.02230200
v -0.06198900 0.13956100 -0.02383300
v -0.06192700 0.13986000 -0.02230200
v -0.06216600 0.13871200 -0.02513000
v -0.05535600 0.13801800 -0.02230200
v -0.04326600 0.13175400 -0.02230200
v -0.04909700 0.13530000 -0.02230200
v -0.05340900 0.13717300 -0.02230200
v -0.03331400 0.12246000 -0.02230200
v -0.02963900 0.11672600 -0.02383300
v -0.02937900 0.11688400 -0.02230200
v -0.03123700 0.11951700 -0.02230200
v -0.03038000 0.11627600 -0.02513000
v -0.02651900 0.11070400 -0.02383300
v -0.02623900 0.11082500 -0.02230200
v -0.02644800 0.11122900 -0.02230200
v -0.02731400 0.11035900 -0.02513000
v -0.02286700 0.09767200 -0.02383300
v -0.02256600 0.09771400 -0.02230200
v -0.02240400 0.09090500 -0.02383300
v -0.02221900 0.09264400 -0.02230200
v -0.02210000 0.09090500 -0.02230200
v -0.02010000 0.09090500 -0.01660900
v -0.02110000 0.09090500 -0.01687700
v -0.02134600 0.08590600 -0.01687700
v -0.02183200 0.09090500 -0.01760900
v -0.02207400 0.08597800 -0.01760900
v -0.02208000 0.08095600 -0.01687700
v -0.02776800 0.06720900 -0.01760900
v -0.03030400 0.06297800 -0.01760900
v -0.03324200 0.05901600 -0.01760900
v -0.03267600 0.05855100 -0.01687700
v -0.03655500 0.05536100 -0.01760900
v -0.03603800 0.05484300 -0.01687700
v -0.04021000 0.05204800 -0.01760900
v -0.03974600 0.05148200 -0.01687700
v -0.04417300 0.04910900 -0.01760900
v -0.04376600 0.04850000 -0.01687700
v -0.05286300 0.04446400 -0.01760900
v -0.05750800 0.04280200 -0.01760900
v -0.05729500 0.04210100 -0.01687700
v -0.06229300 0.04160300 -0.01760900
v -0.06215000 0.04088500 -0.01687700
v -0.06717300 0.04087900 -0.01760900
v -0.06710100 0.04015100 -0.01687700
v -0.07210000 0.04063700 -0.01760900
v -0.07210000 0.03990500 -0.01687700
v -0.07702700 0.04087900 -0.01760900
v -0.07709900 0.04015100 -0.01687700
v -0.09579600 0.04657300 -0.01760900
v -0.10002700 0.04910900 -0.01760900
v -0.10399000 0.05204800 -0.01760900
v -0.10445400 0.05148200 -0.01687700
v -0.10816200 0.05484300 -0.01687700
v -0.11095800 0.05901600 -0.01760900
v -0.11389600 0.06297800 -0.01760900
v -0.11643200 0.06720900 -0.01760900
v -0.11854200 0.07166900 -0.01760900
v -0.11921800 0.07138800 -0.01687700
v -0.12020300 0.07631300 -0.01760900
v -0.12090400 0.07610100 -0.01687700
v -0.12140200 0.08109900 -0.01760900
v -0.12212000 0.08095600 -0.01687700
v -0.12185900 0.08600400 -0.01860900
v -0.12210000 0.09090500 -0.01860900
v -0.12230200 0.09090500 -0.01785700
v -0.12113900 0.08115100 -0.01860900
v -0.11994700 0.07639100 -0.01860900
v -0.11829400 0.07177100 -0.01860900
v -0.11619600 0.06733500 -0.01860900
v -0.11367400 0.06312700 -0.01860900
v -0.11075100 0.05918600 -0.01860900
v -0.10745500 0.05555000 -0.01860900
v -0.10382000 0.05225500 -0.01860900
v -0.09987800 0.04933200 -0.01860900
v -0.09567000 0.04680900 -0.01860900
v -0.08661400 0.04305800 -0.01860900
v -0.08185500 0.04186600 -0.01860900
v -0.07700100 0.04114600 -0.01860900
v -0.07210000 0.04090500 -0.01860900
v -0.06719900 0.04114600 -0.01860900
v -0.06234500 0.04186600 -0.01860900
v -0.05758600 0.04305800 -0.01860900
v -0.05296600 0.04471100 -0.01860900
v -0.04853000 0.04680900 -0.01860900
v -0.04432100 0.04933200 -0.01860900
v -0.04038000 0.05225500 -0.01860900
v -0.03674500 0.05555000 -0.01860900
v -0.03344900 0.05918600 -0.01860900
v -0.03052700 0.06312700 -0.01860900
v -0.02800400 0.06733500 -0.01860900
v -0.02590600 0.07177100 -0.01860900
v -0.02425300 0.07639100 -0.01860900
v -0.02306100 0.08115100 -0.01860900
v -0.02234100 0.08600400 -0.01860900
v -0.02210000 0.09090500 -0.01860900
v -0.12236800 0.09090500 -0.01760900
v -0.12273400 0.09090500 -0.01724300
v -0.12310000 0.09090500 -0.01687700
v -0.02035000 0.08580800 -0.01660900
v -0.02109900 0.08076100 -0.01660900
v -0.10508800 0.05070900 -0.01660900
v -0.11796000 0.06639300 -0.01660900
v -0.12014200 0.07100600 -0.01660900
v -0.11455300 0.11840200 -0.01720300
v -0.11455800 0.11840500 -0.01719500
v -0.11743200 0.11335400 -0.01719500
v -0.11418700 0.11816500 -0.01788800
v -0.11419400 0.11817000 -0.01784400
v -0.11704300 0.11316200 -0.01784400
v -0.12200000 0.09264600 -0.01860900
v -0.12192100 0.09665800 -0.01784400
v -0.12177000 0.09664000 -0.01860900
v -0.12081000 0.10215100 -0.01860900
v -0.12093300 0.10233400 -0.01784400
v -0.12078400 0.10229900 -0.01860900
v -0.11915600 0.10780800 -0.01860900
v -0.11930000 0.10786000 -0.01784400
v -0.11406600 0.11808700 -0.01860900
v -0.11770800 0.11121300 -0.01860900
v -0.12235200 0.09670700 -0.01719500
v -0.12135500 0.10243300 -0.01719500
v -0.11970800 0.10800600 -0.01719500
v -0.12299700 0.09678200 -0.01676100
v -0.12198700 0.10258100 -0.01676100
v -0.12031800 0.10822600 -0.01676100
v -0.11801300 0.11364200 -0.01676100
v -0.11510200 0.11875800 -0.01676100
v -0.11512400 0.11877200 -0.01675600
v -0.11574500 0.11917400 -0.01660900
v -0.12424412 0.10076481 -0.01660900
v -0.12375700 0.09687000 -0.01660900
v -0.12188550 0.10561950 -0.01660900
v -0.12273200 0.10275500 -0.01660900
v -0.11078600 0.12699500 -0.01910900
v -0.11081100 0.12699500 -0.01908400
v -0.11087800 0.12776400 -0.01910900
v -0.11113300 0.12840500 -0.01908400
v -0.11610300 0.12955500 -0.01910900
v -0.11478400 0.13016300 -0.01908400
v -0.11479000 0.13018800 -0.01910900
v -0.11333800 0.13016300 -0.01908400
v -0.11333200 0.13018800 -0.01910900
v -0.11203500 0.12953600 -0.01908400
v -0.11111100 0.12841600 -0.01910900
v -0.11316425 0.13277950 -0.00959200
v -0.11277500 0.13286800 -0.00959200
v -0.11277500 0.13286700 -0.01360900
v -0.11201800 0.13185000 -0.00959200
v -0.11201800 0.13185000 -0.01360900
v -0.11077100 0.13076000 -0.01360900
v -0.11077100 0.13076000 -0.00959200
v -0.10995100 0.12984200 -0.01360900
v -0.10950800 0.12906200 -0.00959200
v -0.10906100 0.12699500 -0.01364200
v -0.10907500 0.12736200 -0.01360900
v -0.10906100 0.12699500 -0.00959200
v -0.00199400 0.07957100 -0.01620700
v -0.00049400 0.07957100 -0.01660900
v -0.00221500 0.08125400 -0.01620700
v -0.00076600 0.08164200 -0.01660900
v -0.00286500 0.08282100 -0.01620700
v -0.00156600 0.08357100 -0.01660900
v -0.00681100 0.08585000 -0.01620700
v -0.00642300 0.08729900 -0.01660900
v -0.00849400 0.08607100 -0.01620700
v -0.00849400 0.08757100 -0.01660900
v -0.01017600 0.08585000 -0.01620700
v -0.01174400 0.08520000 -0.01620700
v -0.01249400 0.08650000 -0.01660900
v -0.01309000 0.08416800 -0.01620700
v -0.01415100 0.08522800 -0.01660900
v -0.01412300 0.08282100 -0.01620700
v -0.01622100 0.08164200 -0.01660900
v -0.01499400 0.07957100 -0.01620700
v -0.01649400 0.07957100 -0.01660900
v -0.00309200 0.07957100 -0.01510900
v -0.00327600 0.08096900 -0.01510900
v -0.00381600 0.08227200 -0.01510900
v -0.00989200 0.08478900 -0.01510900
v -0.01119500 0.08424900 -0.01510900
v -0.01231400 0.08339100 -0.01510900
v -0.01317200 0.08227200 -0.01510900
v -0.01371200 0.08096900 -0.01510900
v -0.00349400 0.07957100 -0.01360900
v -0.00720000 0.08440100 -0.01360900
v -0.00978800 0.08440100 -0.01360900
v -0.01202900 0.08310700 -0.01360900
v -0.01282400 0.08207100 -0.01360900
v -0.01332300 0.08086500 -0.01360900
v -0.00300112 0.10830262 -0.01910900
v 0.00657788 0.08802900 -0.01910900
v -0.09759700 0.03642600 -0.01360900
v -0.09773800 0.03760700 -0.01360900
v -0.09759700 0.03642600 -0.00959200
v -0.09803800 0.03847900 -0.00959200
v -0.09929300 0.04016200 -0.01360900
v -0.09928300 0.04017000 -0.00959200
v -0.09833800 0.03904500 -0.01360900
v -0.09935000 0.04022900 -0.01360900
v -0.10067800 0.04104400 -0.01360900
v -0.10518800 0.04070300 -0.01360900
v -0.10374600 0.04129200 -0.01360900
v -0.01332300 0.07827700 -0.01360900
v -0.01282400 0.07707100 -0.01360900
v -0.01202900 0.07603600 -0.01360900
v -0.01099400 0.07524100 -0.00959200
v -0.00989200 0.07435300 -0.01510900
v -0.00978800 0.07474200 -0.01360900
v -0.00849400 0.07457100 -0.00959200
v -0.00849400 0.07457100 -0.01360900
v -0.00720000 0.07474200 -0.01360900
v -0.00599400 0.07524100 -0.00959200
v -0.00599400 0.07524100 -0.01360900
v -0.00495800 0.07603600 -0.01360900
v -0.00416400 0.07707100 -0.00959200
v -0.00327600 0.07817300 -0.01510900
v -0.00416400 0.07707100 -0.01360900
v -0.13310000 0.09090500 -0.01910900
v -0.13386500 0.09090500 -0.01895700
v -0.13338700 0.09857600 -0.01895700
v -0.13451400 0.09090500 -0.01852300
v -0.13403100 0.09865600 -0.01852300
v -0.13494800 0.09090500 -0.01787500
v -0.13446100 0.09871000 -0.01787500
v -0.13115600 0.11265100 -0.01710900
v -0.13061400 0.11383800 -0.01787500
v -0.13315700 0.10643100 -0.01710900
v -0.13300900 0.10639400 -0.01787500
v -0.13461200 0.09872900 -0.01710900
v -0.13510000 0.09090500 -0.01710900
v -0.11997600 0.13168800 -0.01710900
v -0.11821200 0.13360800 -0.01787500
v -0.12315800 0.12755100 -0.01787500
v -0.13075600 0.11389400 -0.01710900
v -0.12744700 0.12100000 -0.01710900
v -0.12731400 0.12092700 -0.01787500
v -0.12328200 0.12764000 -0.01710900
v -0.11832400 0.13371200 -0.01710900
v -0.11265000 0.13912100 -0.01710900
v -0.11212500 0.13950900 -0.01710900
v -0.10626600 0.14365500 -0.01787500
v -0.10634800 0.14378300 -0.01710900
v -0.10293300 0.14570500 -0.01710900
v -0.09945100 0.14749000 -0.01787500
v -0.09951700 0.14762700 -0.01710900
v -0.09221200 0.15044800 -0.01787500
v -0.09286500 0.15034600 -0.01710900
v -0.09226100 0.15059200 -0.01710900
v -0.08469200 0.15263400 -0.01710900
v -0.08466200 0.15248500 -0.01787500
v -0.08210600 0.15299600 -0.01710900
v -0.07691800 0.15356800 -0.01787500
v -0.07692900 0.15372000 -0.01710900
v -0.06909900 0.15368100 -0.01787500
v -0.07105000 0.15380500 -0.01710900
v -0.05372000 0.15100600 -0.01787500
v -0.04633700 0.14839700 -0.01710900
v -0.03939700 0.14475200 -0.01710900
v -0.06909100 0.15383400 -0.01710900
v -0.06130000 0.15297300 -0.01710900
v -0.06132600 0.15282300 -0.01787500
v -0.06003000 0.15266900 -0.01710900
v -0.05367600 0.15115100 -0.01710900
v -0.13258900 0.10628700 -0.01852300
v -0.13021100 0.11368000 -0.01852300
v -0.12693300 0.12072000 -0.01852300
v -0.12280600 0.12729900 -0.01852300
v -0.11789400 0.13331400 -0.01852300
v -0.11227300 0.13867200 -0.01852300
v -0.10603000 0.14329100 -0.01852300
v -0.09926200 0.14709900 -0.01852300
v -0.09207300 0.15003700 -0.01852300
v -0.08457500 0.15206000 -0.01852300
v -0.07688400 0.15313600 -0.01852300
v -0.06911900 0.15324800 -0.01852300
v -0.06140000 0.15239600 -0.01852300
v -0.05384700 0.15059100 -0.01852300
v -0.04657600 0.14786200 -0.01852300
v -0.03947600 0.14462200 -0.01787500
v -0.03970100 0.14425200 -0.01852300
v -0.03992600 0.14388100 -0.01881300
v -0.13196000 0.10612700 -0.01895700
v -0.12960700 0.11344300 -0.01895700
v -0.12636300 0.12041000 -0.01895700
v -0.12227900 0.12692000 -0.01895700
v -0.11741800 0.13287300 -0.01895700
v -0.11185500 0.13817600 -0.01895700
v -0.10567700 0.14274700 -0.01895700
v -0.09898000 0.14651500 -0.01895700
v -0.09186600 0.14942300 -0.01895700
v -0.08444600 0.15142400 -0.01895700
v -0.07683500 0.15248900 -0.01895700
v -0.06915000 0.15260000 -0.01895700
v -0.06151200 0.15175600 -0.01895700
v -0.05403700 0.14997000 -0.01895700
v -0.04684200 0.14727000 -0.01895700
v -0.04003800 0.14369700 -0.01895700
v -0.13121900 0.10593900 -0.01910900
v -0.12889400 0.11316400 -0.01910900
v -0.12569000 0.12004400 -0.01910900
v -0.12165700 0.12647400 -0.01910900
v -0.11136300 0.13759000 -0.01910900
v -0.10526100 0.14210400 -0.01910900
v -0.09864600 0.14582600 -0.01910900
v -0.09162100 0.14869800 -0.01910900
v -0.07677600 0.15172600 -0.01910900
v -0.06918700 0.15183600 -0.01910900
v -0.06164300 0.15100200 -0.01910900
v -0.05426100 0.14923800 -0.01910900
v -0.04715500 0.14657200 -0.01910900
v -0.04043500 0.14304300 -0.01910900
v -0.07210000 0.14240500 -0.02110900
v -0.07892500 0.14195100 -0.02110900
v -0.08212500 0.14130500 -0.02110900
v -0.08562900 0.14059700 -0.02110900
v -0.09180200 0.13846700 -0.02110900
v -0.09209500 0.13836500 -0.02110900
v -0.09820800 0.13529700 -0.02110900
v -0.10064900 0.13363400 -0.02110900
v -0.10386100 0.13144500 -0.02110900
v -0.10849100 0.12729300 -0.02110900
v -0.10895300 0.12687900 -0.02110900
v -0.11339600 0.12167800 -0.02110900
v -0.11483000 0.11945900 -0.02110900
v -0.11710900 0.11593400 -0.02110900
v -0.11963100 0.11059100 -0.02110900
v -0.12002900 0.10974800 -0.02110900
v -0.12210400 0.10323000 -0.02110900
v -0.12329600 0.09649500 -0.02110900
v -0.12360000 0.09090500 -0.02110900
v -0.12312000 0.08389300 -0.02110900
v -0.12249500 0.08088200 -0.02110900
v -0.12169000 0.07701100 -0.02110900
v -0.11963000 0.07121500 -0.02110900
v -0.11610300 0.06414700 -0.02110900
v -0.11483600 0.06235300 -0.02110900
v -0.11933600 0.07038800 -0.02110900
v -0.11204900 0.05840400 -0.02110900
v -0.10845000 0.05455100 -0.02110900
v -0.10725200 0.05326700 -0.02110900
v -0.10179900 0.04883100 -0.02110900
v -0.10067400 0.04814700 -0.02110900
v -0.09579300 0.04517900 -0.02110900
v -0.09176300 0.04342900 -0.02110900
v -0.08257800 0.04048300 -0.02110900
v -0.08214300 0.04042300 -0.02110900
v -0.07210000 0.03940500 -0.02110900
v -0.13510000 0.09090500 -0.00735900
v -0.13412300 0.10196000 -0.00735900
v -0.13122100 0.11267200 -0.00735900
v -0.12648400 0.12270800 -0.00735900
v -0.12006000 0.13175700 -0.00735900
v -0.11214800 0.13953900 -0.00735900
v -0.10299300 0.14581100 -0.00735900
v -0.09287900 0.15038000 -0.00735900
v -0.08212100 0.15310300 -0.00735900
v -0.07105100 0.15389700 -0.00735900
v -0.06001400 0.15273500 -0.00735900
v -0.04935300 0.14965500 -0.00735900
v -0.03939700 0.14475200 -0.00735900
v -0.11311300 0.11950600 -0.01834000
v -0.10772000 0.12599400 -0.01756300
v -0.10777300 0.12594000 -0.01753200
v -0.10889600 0.12475200 -0.01719200
v -0.10911900 0.12451500 -0.01712400
v -0.10999400 0.12351200 -0.01708000
v -0.11042400 0.12301900 -0.01705900
v -0.11104300 0.12224900 -0.01720400
v -0.11169800 0.12143400 -0.01735700
v -0.11204900 0.12097300 -0.01751600
v -0.11211800 0.12088100 -0.01756200
v -0.11218500 0.12079200 -0.01762100
v -0.11305600 0.11958300 -0.01829700
v -0.10652700 0.12716600 -0.01833500
v -0.10658400 0.12710900 -0.01829800
v -0.10682900 0.12686900 -0.01814100
v -0.10766800 0.12604600 -0.01760200
v -0.10525400 0.12833300 -0.01860900
v -0.10237700 0.13069600 -0.01860900
v -0.09933200 0.13283900 -0.01860900
v -0.09518700 0.13525600 -0.01860900
v -0.09083000 0.13726500 -0.01860900
v -0.08630100 0.13884600 -0.01860900
v -0.08164000 0.13998700 -0.01860900
v -0.07689200 0.14067500 -0.01860900
v -0.07210000 0.14090500 -0.01860900
v -0.06730800 0.14067500 -0.01860900
v -0.06256000 0.13998700 -0.01860900
v -0.05789900 0.13884600 -0.01860900
v -0.05337000 0.13726500 -0.01860900
v -0.04901300 0.13525600 -0.01860900
v -0.04486800 0.13283900 -0.01860900
v -0.04097400 0.13003600 -0.01860900
v -0.03736700 0.12687200 -0.01860900
v -0.03408000 0.12337800 -0.01860900
v -0.03114200 0.11958400 -0.01860900
v -0.02858200 0.11552700 -0.01860900
v -0.02642300 0.11124200 -0.01860900
v -0.02213000 0.09265000 -0.01860900
v -0.02252800 0.09743200 -0.01860900
v -0.02338100 0.10215300 -0.01860900
v -0.02468400 0.10677100 -0.01860900
v -0.13116900 0.07782700 -0.01360900
v -0.13094700 0.07787600 -0.01475700
v -0.12925900 0.08465300 -0.01660900
v -0.12960000 0.09090500 -0.01660900
v -0.13074800 0.09090500 -0.01638100
v -0.13040000 0.08452800 -0.01638100
v -0.12655600 0.07244500 -0.01660900
v -0.12936100 0.07822700 -0.01638100
v -0.12422600 0.06663300 -0.01660900
v -0.12764300 0.07207600 -0.01638100
v -0.12526700 0.06614800 -0.01638100
v -0.12127800 0.06110900 -0.01660900
v -0.12226000 0.06051400 -0.01638100
v -0.12253600 0.06034700 -0.01616500
v -0.12614900 0.06573800 -0.01573000
v -0.12309200 0.06001000 -0.01573000
v -0.12346300 0.05978500 -0.01508100
v -0.12673800 0.06546300 -0.01475700
v -0.12364800 0.05967300 -0.01475700
v -0.12694500 0.06536700 -0.01360900
v -0.12384300 0.05955500 -0.01360900
v -0.12918100 0.07155500 -0.01475700
v -0.12939700 0.07148200 -0.01360900
v -0.12858000 0.06944400 -0.01360900
v -0.12856500 0.07176400 -0.01573000
v -0.13031200 0.07801700 -0.01573000
v -0.13136800 0.08442300 -0.01573000
v -0.13201400 0.08435200 -0.01475700
v -0.13224100 0.08432700 -0.01360900
v -0.13172100 0.09090500 -0.01573000
v -0.13237200 0.09090500 -0.01475700
v -0.13260000 0.09090500 -0.01360900
v -0.13260000 0.09090500 -0.00560900
v -0.13160500 0.07998000 -0.00560900
v -0.12865400 0.06941400 -0.00560900
v -0.11349500 0.12175100 -0.02041700
v -0.10904200 0.12696500 -0.02041700
v -0.12222400 0.10326000 -0.02041700
v -0.12014400 0.10979300 -0.02041700
v -0.12376500 0.09090500 -0.02035200
v -0.12418600 0.09090500 -0.01969500
v -0.12387800 0.09655800 -0.01969500
v -0.12490800 0.09090500 -0.01923300
v -0.12459600 0.09663700 -0.01923300
v -0.11082800 0.12673200 -0.01925800
v -0.11083300 0.12680400 -0.01924800
v -0.10988900 0.12779200 -0.01923300
v -0.11332900 0.12387600 -0.01927100
v -0.11263900 0.12407300 -0.01945300
v -0.11386500 0.12202800 -0.01969500
v -0.11337100 0.12386500 -0.01926000
v -0.11211700 0.12444300 -0.01958700
v -0.11177500 0.12468500 -0.01967400
v -0.10937300 0.12728800 -0.01969500
v -0.11122300 0.12544500 -0.01959900
v -0.11115700 0.12553500 -0.01959000
v -0.11082500 0.12669000 -0.01926400
v -0.12560000 0.09090500 -0.01910900
v -0.12528400 0.09671200 -0.01910900
v -0.12337300 0.10354300 -0.01923300
v -0.12404500 0.10370900 -0.01910900
v -0.12124600 0.11022700 -0.01923300
v -0.11825200 0.11656900 -0.01923300
v -0.11885700 0.11690600 -0.01910900
v -0.11444400 0.12245900 -0.01923300
v -0.11499900 0.12287300 -0.01910900
v -0.11373400 0.12376100 -0.01916400
v -0.11434500 0.12373200 -0.01910900
v -0.11432700 0.12375600 -0.01910900
v -0.12372400 0.09090500 -0.02041700
v -0.12341900 0.09650800 -0.02041700
v -0.11721700 0.11599400 -0.02041700
v -0.09827100 0.13540300 -0.02041700
v -0.10393700 0.13154300 -0.02041700
v -0.08566200 0.14071600 -0.02041700
v -0.09214300 0.13847900 -0.02041700
v -0.07894100 0.14207400 -0.02041700
v -0.05853800 0.14071600 -0.02041700
v -0.06207500 0.14130500 -0.02110900
v -0.06525900 0.14207400 -0.02041700
v -0.06527500 0.14195100 -0.02110900
v -0.07210000 0.14252900 -0.02041700
v -0.05205700 0.13847900 -0.02041700
v -0.05239800 0.13846700 -0.02110900
v -0.05857100 0.14059700 -0.02110900
v -0.04355100 0.13363400 -0.02110900
v -0.04592900 0.13540300 -0.02041700
v -0.04599200 0.13529700 -0.02110900
v -0.05210500 0.13836500 -0.02110900
v -0.03515800 0.12696500 -0.02041700
v -0.04033900 0.13144500 -0.02110900
v -0.02405600 0.10979300 -0.02041700
v -0.02698300 0.11599400 -0.02041700
v -0.02937000 0.11945900 -0.02110900
v -0.03070500 0.12175100 -0.02041700
v -0.03080400 0.12167800 -0.02110900
v -0.03524700 0.12687900 -0.02110900
v -0.02456900 0.11059100 -0.02110900
v -0.02709100 0.11593400 -0.02110900
v -0.02060000 0.09090500 -0.02110900
v -0.02090400 0.09649500 -0.02110900
v -0.02169000 0.10093500 -0.02110900
v -0.02417100 0.10974800 -0.02110900
v -0.02001400 0.09090500 -0.01969500
v -0.01928900 0.09090500 -0.01924600
v -0.01891600 0.09671200 -0.01910900
v -0.01960400 0.09663700 -0.01923300
v -0.01725725 0.09517725 -0.01910900
v -0.02015500 0.10370900 -0.01910900
v -0.02082700 0.10354300 -0.01923300
v -0.02091613 0.11731975 -0.01910900
v -0.02975600 0.12245900 -0.01923300
v -0.03431100 0.12779200 -0.01923300
v -0.03953200 0.13247500 -0.01923300
v -0.04532900 0.13642400 -0.01923300
v -0.05822700 0.14185800 -0.01923300
v -0.06510200 0.14324700 -0.01923300
v -0.07919000 0.14393400 -0.01910900
v -0.07909800 0.14324700 -0.01923300
v -0.08615500 0.14252600 -0.01910900
v -0.08597300 0.14185800 -0.01923300
v -0.09260300 0.13957000 -0.01923300
v -0.09887100 0.13642400 -0.01923300
v -0.10509400 0.13302000 -0.01910900
v -0.10466700 0.13247500 -0.01923300
v -0.11038500 0.12827600 -0.01910900
v -0.11089800 0.12774200 -0.01910900
v -0.11762100 0.11621800 -0.01969500
v -0.12057400 0.10996200 -0.01969500
v -0.12267200 0.10337000 -0.01969500
v -0.01936500 0.09090500 -0.01926100
v -0.02032200 0.09655800 -0.01969500
v -0.02657900 0.11621800 -0.01969500
v -0.03033500 0.12202800 -0.01969500
v -0.03482700 0.12728800 -0.01969500
v -0.03997800 0.13190600 -0.01969500
v -0.04569500 0.13580200 -0.01969500
v -0.05187700 0.13890500 -0.01969500
v -0.05841700 0.14116200 -0.01969500
v -0.06519700 0.14253200 -0.01969500
v -0.08578300 0.14116200 -0.01969500
v -0.09232300 0.13890500 -0.01969500
v -0.09850500 0.13580200 -0.01969500
v -0.10422200 0.13190600 -0.01969500
v -0.06450300 0.02946750 -0.00848400
v -0.06450300 0.03080700 -0.01510900
v -0.09518900 0.03340500 -0.01660900
v -0.06450300 0.03308237 -0.01713350
v -0.06450300 0.02847200 -0.01822500
v -0.06450300 0.02790500 -0.01710900
v -0.10308400 0.02805800 -0.01787500
v -0.06450300 0.02817300 -0.01810900
v 0.03230000 0.03782400 -0.00560900
v 0.03069800 0.05175700 -0.00560900
v 0.02717100 0.06533200 -0.00560900
v 0.02179000 0.07828300 -0.00560900
v 0.01465700 0.09035900 -0.00560900
v 0.00296800 0.10554500 -0.00560900
v -0.13166100 0.10152100 -0.00560900
v -0.12887400 0.11180800 -0.00560900
v -0.12432600 0.12144600 -0.00560900
v -0.11815700 0.13013600 -0.00560900
v -0.11055800 0.13760900 -0.00560900
v -0.10176700 0.14363200 -0.00560900
v -0.09205400 0.14802000 -0.00560900
v -0.08172300 0.15063500 -0.00560900
v -0.07109300 0.15139700 -0.00560900
v -0.06049400 0.15028200 -0.00560900
v -0.05025500 0.14732400 -0.00560900
v -0.04069500 0.14261600 -0.00560900
v -0.02486200 0.13181900 -0.00560900
v -0.11765900 0.11985000 -0.01660900
v -0.06450300 0.03732400 -0.01660900
v -0.12048000 0.12198000 -0.01660900
v -0.11932600 0.12097100 -0.01660900
v -0.00642300 0.07184400 -0.01660900
v 0.01218700 0.08865700 -0.01660900
v 0.01593900 0.08277200 -0.01660900
v -0.09578200 0.04061700 -0.01660900
v -0.09740300 0.04251100 -0.01660900
v 0.02039000 0.07427300 -0.01660900
v 0.02496600 0.06571900 -0.01642400
v -0.00156600 0.07557100 -0.01660900
v 0.02847400 0.04674600 -0.01660900
v -0.00283700 0.07391400 -0.01660900
v -0.00449400 0.07264300 -0.01660900
v -0.10748500 0.13155000 -0.01660900
v -0.09106500 0.14518800 -0.01660900
v -0.02459600 0.11205600 -0.01660900
v -0.02278700 0.10740500 -0.01660900
v -0.02143300 0.10260300 -0.01660900
v -0.02684100 0.11651100 -0.01660900
v -0.02175000 0.12553600 -0.01660900
v -0.02013200 0.09272000 -0.01660900
v -0.09577200 0.14330600 -0.01660900
v -0.10029600 0.14101800 -0.01660900
v -0.10460000 0.13834000 -0.01660900
v -0.11004400 0.13410900 -0.01660900
v -0.10946800 0.04161700 -0.01660900
v -0.09611100 0.13703000 -0.01660900
v -0.10042100 0.13451600 -0.01660900
v -0.10358800 0.13228800 -0.01660900
v -0.10658000 0.12983000 -0.01660900
v -0.09157900 0.13911900 -0.01660900
v -0.08686900 0.14076400 -0.01660900
v -0.08124600 0.14767300 -0.01660900
v -0.08202200 0.14195000 -0.01660900
v -0.07621000 0.14825800 -0.01660900
v -0.07114300 0.14839700 -0.01660900
v -0.06608300 0.14809000 -0.01660900
v -0.06106900 0.14733700 -0.01660900
v -0.05614200 0.14614700 -0.01660900
v -0.05733100 0.14076400 -0.01660900
v -0.05133900 0.14452600 -0.01660900
v -0.05262000 0.13911900 -0.01660900
v -0.04808900 0.13703000 -0.01660900
v -0.04225200 0.14005100 -0.01660900
v -0.04377900 0.13451600 -0.01660900
v -0.03174600 0.13315400 -0.01660900
v -0.03597800 0.12831100 -0.01660900
v -0.03255900 0.12467700 -0.01660900
v -0.09901087 0.02854037 -0.00735900
v -0.13277800 0.07395800 -0.00735900
v -0.12991500 0.06587700 -0.00735900
v -0.12598200 0.05825900 -0.00735900
v -0.11729700 0.04456487 -0.00735900
v -0.10813900 0.02970500 -0.00735900
v 0.03431800 0.04427100 -0.00735900
v 0.03217400 0.05687900 -0.00735900
v 0.02848400 0.06912400 -0.00735900
v 0.02330400 0.08081700 -0.00735900
v 0.01671600 0.09177800 -0.00735900
v 0.00736500 0.10419400 -0.00735900
v -0.00299900 0.11577900 -0.00735900
v -0.01430100 0.12645000 -0.00735900
v -0.02646300 0.13613100 -0.00735900
v -0.13451700 0.08235200 -0.00735900
v 0.01952500 0.08356600 -0.01910900
v -0.03059900 0.05714200 -0.01910900
v -0.02638900 0.06310800 -0.01910900
v -0.06450300 0.03732400 -0.01910900
v -0.04894581 0.04030094 -0.01910900
v 0.01506900 0.09064300 -0.01910900
v 0.00582000 0.10292500 -0.01910900
v -0.11569900 0.12415900 -0.01910900
v -0.02302900 0.06959100 -0.01910900
v -0.10295200 0.04719700 -0.01910900
v -0.09671300 0.04340300 -0.01910900
v -0.02203850 0.06406350 -0.01910900
v 0.03262650 0.04094150 -0.01910900
v 0.02112850 0.06047300 -0.01910900
v 0.02338000 0.07614400 -0.01910900
v 0.02660800 0.06842900 -0.01910900
v -0.13273800 0.08427300 -0.01910900
v -0.12510200 0.08362000 -0.01910900
v -0.13165800 0.07771900 -0.01910900
v -0.12361600 0.07647100 -0.01910900
v -0.11781100 0.06310800 -0.01910900
v -0.12427100 0.05929600 -0.01910900
v -0.12117100 0.06959100 -0.01910900
v -0.12739900 0.06515600 -0.01910900
v -0.12987100 0.07132100 -0.01910900
v -0.10687500 0.03125500 -0.01910900
v -0.00991100 0.11978000 -0.01910900
v -0.00443200 0.11438400 -0.01910900
v -0.03394800 0.13891400 -0.01910900
v -0.02152600 0.12985400 -0.01910900
v -0.01561200 0.12493900 -0.01910900
v -0.11947600 0.07032700 -0.02034400
v -0.10735500 0.05315600 -0.02034400
v -0.02936400 0.06235300 -0.02110900
v -0.02809700 0.06414700 -0.02110900
v -0.02796700 0.06406800 -0.02034400
v -0.02170500 0.08088200 -0.02110900
v -0.02108000 0.08389300 -0.02110900
v -0.02092900 0.08387200 -0.02034400
v -0.05444000 0.04121600 -0.01926100
v -0.06137100 0.03927400 -0.01926100
v -0.06150300 0.03990900 -0.01969500
v -0.12287900 0.07667800 -0.01926100
v -0.12046900 0.06989600 -0.01926100
v -0.11715800 0.06350500 -0.01926100
v -0.11300700 0.05762500 -0.01926100
v -0.10809400 0.05236500 -0.01926100
v -0.10251100 0.04782300 -0.01926100
v -0.03610600 0.05236500 -0.01926100
v -0.03119300 0.05762500 -0.01926100
v -0.02704300 0.06350500 -0.01926100
v -0.02373100 0.06989600 -0.01926100
v -0.02049900 0.08381300 -0.01969500
v -0.12434300 0.08372500 -0.01926100
v -0.02472400 0.07032700 -0.02034400
v -0.06857500 0.03937400 -0.02034400
v -0.06854600 0.03894100 -0.01969500
v -0.06850100 0.03829400 -0.01926100
v -0.09586300 0.04504400 -0.02034400
v -0.09606300 0.04465900 -0.01969500
v -0.09636100 0.04408300 -0.01926100
v -0.04231300 0.04870700 -0.02034400
v -0.05480300 0.04223500 -0.02034400
v -0.05465800 0.04182700 -0.01969500
v -0.06159100 0.04033300 -0.02034400
v -0.06162200 0.04048300 -0.02110900
v -0.06205700 0.04042300 -0.02110900
v -0.02251000 0.07701100 -0.02110900
v -0.02486400 0.07038800 -0.02110900
v -0.02457000 0.07121500 -0.02110900
v -0.02432600 0.07015400 -0.01969500
v -0.02759700 0.06384200 -0.01969500
v -0.03169600 0.05803500 -0.01969500
v -0.03203300 0.05830800 -0.02034400
v -0.03215100 0.05840400 -0.02110900
v -0.03684500 0.05315600 -0.02034400
v -0.03694900 0.05326700 -0.02110900
v -0.03575000 0.05455100 -0.02110900
v -0.03654900 0.05283900 -0.01969500
v -0.04240100 0.04883100 -0.02110900
v -0.05485400 0.04237900 -0.02110900
v -0.05243700 0.04342900 -0.02110900
v -0.04840700 0.04517900 -0.02110900
v -0.04352600 0.04814700 -0.02110900
v -0.06858600 0.03952500 -0.02110900
v -0.10188700 0.04870700 -0.02034400
v -0.10213700 0.04835300 -0.01969500
v -0.10765100 0.05283900 -0.01969500
v -0.11250300 0.05803500 -0.01969500
v -0.11216700 0.05830800 -0.02034400
v -0.11623300 0.06406800 -0.02034400
v -0.11660300 0.06384200 -0.01969500
v -0.11987400 0.07015400 -0.01969500
v -0.12225400 0.07685300 -0.01969500
v -0.12327100 0.08387200 -0.02034400
v -0.12370100 0.08381300 -0.01969500
v -0.11202400 0.13636300 -0.00959200
v -0.11202400 0.13636300 -0.01360900
v -0.11050600 0.13754200 -0.01360900
v -0.11979937 0.12641856 -0.00959200
v -0.11815700 0.13013600 -0.00959200
v -0.12300400 0.12360100 -0.00959200
v -0.12300400 0.12360100 -0.01360900
v -0.04069500 0.14261600 -0.01360900
v -0.04537100 0.14518100 -0.01360900
v -0.05025500 0.14732400 -0.01360900
v -0.06576900 0.15107300 -0.01360900
v -0.06049400 0.15028200 -0.01360900
v -0.05530900 0.14902900 -0.01360900
v -0.08694600 0.14955600 -0.01360900
v -0.08172300 0.15063500 -0.01360900
v -0.07642500 0.15125100 -0.01360900
v -0.09205400 0.14802000 -0.01360900
v -0.09700700 0.14604000 -0.01360900
v -0.10176700 0.14363200 -0.01360900
v -0.10629500 0.14081400 -0.01360900
v -0.12908500 0.11122800 -0.01360900
v -0.12884500 0.11179500 -0.01360900
v -0.12639800 0.11758800 -0.01360900
v -0.13102900 0.10460300 -0.01360900
v -0.13220600 0.09779900 -0.01360900
v -0.04166600 0.14101600 -0.01630700
v -0.04147300 0.14133400 -0.01620700
v -0.04603400 0.14383500 -0.01620700
v -0.04090300 0.14227200 -0.01510900
v -0.04554900 0.14482000 -0.01510900
v -0.04085100 0.14235700 -0.01473700
v -0.05040000 0.14694900 -0.01510900
v -0.05542100 0.14864300 -0.01510900
v -0.06057100 0.14988700 -0.01510900
v -0.07110000 0.15099500 -0.01510900
v -0.07639600 0.15085000 -0.01510900
v -0.08165900 0.15023800 -0.01510900
v -0.08684800 0.14916600 -0.01510900
v -0.09192200 0.14764000 -0.01510900
v -0.10157000 0.14328200 -0.01510900
v -0.10606800 0.14048300 -0.01510900
v -0.11175800 0.13606100 -0.01510900
v -0.05079700 0.14592500 -0.01620700
v -0.05572600 0.14758800 -0.01620700
v -0.06078200 0.14881000 -0.01620700
v -0.06592600 0.14958100 -0.01620700
v -0.07111800 0.14989700 -0.01620700
v -0.07631700 0.14975400 -0.01620700
v -0.08148400 0.14915400 -0.01620700
v -0.08657800 0.14810100 -0.01620700
v -0.09156000 0.14660400 -0.01620700
v -0.09639000 0.14467300 -0.01620700
v -0.10103100 0.14232500 -0.01620700
v -0.10544800 0.13957700 -0.01620700
v -0.11103400 0.13523600 -0.01620700
v -0.12619300 0.11748800 -0.01475700
v -0.12825700 0.11093200 -0.01573000
v -0.12560900 0.11720100 -0.01573000
v -0.12144600 0.12260000 -0.01638100
v -0.12473600 0.11677200 -0.01638100
v -0.12734000 0.11060600 -0.01638100
v -0.13133300 0.09769900 -0.01573000
v -0.12171800 0.12277500 -0.01616500
v -0.13197900 0.09777300 -0.01475700
v -0.13080700 0.10455100 -0.01475700
v -0.12887000 0.11115100 -0.01475700
v -0.13017300 0.10440400 -0.01573000
v -0.12281200 0.12347800 -0.01475700
v -0.12263000 0.12336100 -0.01508100
v -0.12226500 0.12312600 -0.01573000
v -0.11482100 0.06492600 -0.02230200
v -0.12163400 0.08409700 -0.02230200
v -0.12102700 0.08117400 -0.02230200
v -0.12024600 0.07741600 -0.02230200
v -0.11824600 0.07178800 -0.02230200
v -0.11796000 0.07098500 -0.02230200
v -0.10093400 0.05005700 -0.02230200
v -0.10622800 0.05436400 -0.02230200
v -0.10739100 0.05561000 -0.02230200
v -0.11088600 0.05935100 -0.02230200
v -0.08227300 0.04195100 -0.02230200
v -0.08884400 0.04379200 -0.02230200
v -0.09510300 0.04651100 -0.02230200
v -0.06234900 0.04189300 -0.02230200
v -0.06868800 0.04102200 -0.02230200
v -0.07551200 0.04102200 -0.02230200
v -0.08185100 0.04189300 -0.02230200
v -0.04435800 0.04939300 -0.02230200
v -0.04909700 0.04651100 -0.02230200
v -0.04344200 0.05030600 -0.02383300
v -0.05300900 0.04481200 -0.02230200
v -0.05535600 0.04379200 -0.02230200
v -0.06192700 0.04195100 -0.02230200
v -0.02623900 0.07098500 -0.02230200
v -0.02937900 0.06492600 -0.02230200
v -0.03060800 0.06318500 -0.02230200
v -0.03331400 0.05935100 -0.02230200
v -0.03680900 0.05561000 -0.02230200
v -0.03797200 0.05436400 -0.02230200
v -0.04326600 0.05005700 -0.02230200
v -0.02256600 0.08409700 -0.02230200
v -0.02317300 0.08117400 -0.02230200
v -0.02395400 0.07741600 -0.02230200
v -0.02595400 0.07178800 -0.02230200
v 0.01671600 0.09177800 -0.01710900
v 0.02126000 0.08456000 -0.01710900
v 0.02322600 0.08077600 -0.01710900
v 0.02519200 0.07699200 -0.01710900
v 0.03306200 0.05270700 -0.01710900
v 0.03431800 0.04427100 -0.01710900
v -0.10576700 0.02836900 -0.01710900
v -0.10813900 0.02970500 -0.01710900
v -0.10992600 0.03176000 -0.01710900
v -0.12598200 0.05825900 -0.01710900
v -0.12921200 0.06431100 -0.01710900
v -0.12985000 0.06590300 -0.01710900
v -0.13176500 0.07067900 -0.01710900
v -0.13268800 0.07398300 -0.01710900
v -0.13361000 0.07728600 -0.01710900
v -0.13472600 0.08405500 -0.01710900
v -0.03283900 0.14057800 -0.01710900
v -0.02646300 0.13613100 -0.01710900
v -0.02028000 0.13141800 -0.01710900
v -0.00853800 0.12123400 -0.01710900
v 0.00230500 0.11009600 -0.01710900
v 0.00736500 0.10419400 -0.01710900
v 0.01217200 0.09808500 -0.01710900
v 0.03493100 0.03782400 -0.01710900
v -0.11203300 0.04006300 -0.00959200
v -0.11203300 0.04006300 -0.01360900
v 0.03144500 0.04715900 -0.01360900
v 0.03215700 0.04032400 -0.01360900
v 0.03215700 0.04032400 -0.00959200
v 0.03057800 0.05173400 -0.01360900
v 0.02311300 0.07553300 -0.01360900
v 0.02681800 0.06636400 -0.01360900
v 0.02712600 0.06531800 -0.01360900
v 0.02960500 0.05687500 -0.01360900
v 0.01465700 0.09035900 -0.01360900
v 0.01852400 0.08429300 -0.01360900
v 0.00704200 0.10062100 -0.01360900
v 0.00288300 0.10547200 -0.01360900
v -0.00127600 0.11032200 -0.01360900
v -0.01025400 0.11941600 -0.01360900
v -0.01984800 0.12785600 -0.01360900
v -0.02493000 0.13172900 -0.01360900
v -0.03001200 0.13560200 -0.01360900
v -0.06508700 0.03988500 -0.02508800
v -0.06207700 0.04051100 -0.02508800
v -0.05820500 0.04131500 -0.02508800
v -0.05240900 0.04337500 -0.02508800
v -0.05158200 0.04366900 -0.02508800
v -0.04534100 0.04690300 -0.02508800
v -0.04354800 0.04816900 -0.02508800
v -0.03959900 0.05095600 -0.02508800
v -0.03574500 0.05455500 -0.02508800
v -0.03446200 0.05575400 -0.02508800
v -0.03002600 0.06120600 -0.02508800
v -0.02934200 0.06233100 -0.02508800
v -0.02637400 0.06721200 -0.02508800
v -0.02357400 0.07365900 -0.02508800
v -0.02167700 0.08042700 -0.02508800
v -0.02161700 0.08086200 -0.02508800
v -0.02072000 0.08739100 -0.02508800
v -0.02072000 0.09090500 -0.02508800
v -0.02072000 0.09442000 -0.02508800
v -0.02161700 0.10094900 -0.02508800
v -0.02357400 0.10815200 -0.02508800
v -0.02462300 0.11056900 -0.02508800
v -0.02637400 0.11459900 -0.02508800
v -0.03574500 0.12725600 -0.02508800
v -0.03446200 0.12605700 -0.02508800
v -0.03002600 0.12060400 -0.02508800
v -0.06508700 0.14192600 -0.02508800
v -0.05820500 0.14049600 -0.02508800
v -0.05240900 0.13843600 -0.02508800
v -0.05158200 0.13814200 -0.02508800
v -0.04534100 0.13490800 -0.02508800
v -0.04354800 0.13364200 -0.02508800
v -0.03959900 0.13085500 -0.02508800
v -0.10571600 0.02851200 -0.01787500
v -0.10557100 0.02892100 -0.01852300
v -0.10535300 0.02953200 -0.01895700
v -0.10804300 0.02982300 -0.01787500
v -0.10776900 0.03015900 -0.01852300
v -0.10735900 0.03066200 -0.01895700
v -0.10979600 0.03183900 -0.01787500
v -0.10942500 0.03206300 -0.01852300
v -0.10887000 0.03240000 -0.01895700
v -0.12585100 0.05833800 -0.01787500
v -0.12548100 0.05856300 -0.01852300
v -0.12492600 0.05889900 -0.01895700
v -0.12809200 0.06483300 -0.01895700
v -0.12868100 0.06455900 -0.01852300
v -0.12907400 0.06437600 -0.01787500
v -0.13162100 0.07072800 -0.01787500
v -0.13346200 0.07731900 -0.01787500
v -0.13457500 0.08407200 -0.01787500
v -0.13121000 0.07086700 -0.01852300
v -0.13303800 0.07741300 -0.01852300
v -0.13414400 0.08411900 -0.01852300
v -0.13059600 0.07107500 -0.01895700
v -0.13240500 0.07755300 -0.01895700
v -0.13349900 0.08418900 -0.01895700
v -0.03298800 0.14035500 -0.01810900
v -0.03339400 0.13974600 -0.01884100
v -0.02662100 0.13591400 -0.01810900
v -0.02044700 0.13120900 -0.01810900
v -0.02090300 0.13063600 -0.01884100
v -0.01447700 0.12624700 -0.01810900
v -0.01495700 0.12569400 -0.01884100
v -0.00872200 0.12103900 -0.01810900
v -0.00922400 0.12050700 -0.01884100
v -0.00319100 0.11559200 -0.01810900
v -0.00371500 0.11508200 -0.01884100
v 0.00210600 0.10991700 -0.01810900
v 0.00156000 0.10942900 -0.01884100
v 0.00715800 0.10402400 -0.01810900
v 0.00659200 0.10356000 -0.01884100
v 0.01195700 0.09792300 -0.01810900
v 0.01137300 0.09748300 -0.01884100
v 0.01655000 0.09166300 -0.01786100
v 0.01649500 0.09162600 -0.01810900
v 0.01589300 0.09121000 -0.01884100
v 0.01568900 0.09107000 -0.01890800
v 0.02112800 0.08448500 -0.01787500
v 0.02505400 0.07692700 -0.01787500
v 0.02834100 0.06907100 -0.01787500
v 0.03096600 0.06096900 -0.01787500
v 0.03291300 0.05267800 -0.01787500
v 0.03418200 0.04425700 -0.01779900
v 0.02075200 0.08426900 -0.01852300
v 0.02466100 0.07674300 -0.01852300
v 0.02793400 0.06892000 -0.01852300
v 0.03054900 0.06085300 -0.01852300
v 0.03248700 0.05259700 -0.01852300
v 0.02018900 0.08394600 -0.01895700
v 0.02407300 0.07646800 -0.01895700
v 0.02732600 0.06869500 -0.01895700
v 0.02992400 0.06067800 -0.01895700
v 0.03185000 0.05247500 -0.01895700
v 0.03416700 0.04425500 -0.01787500
v 0.03373600 0.04420900 -0.01852300
v 0.03309000 0.04414000 -0.01895700
v 0.03491500 0.03782400 -0.01736300
v 0.03475400 0.03782400 -0.01778100
v 0.03457400 0.03782400 -0.01824700
v 0.03430700 0.03782400 -0.01848200
v 0.03385300 0.03782400 -0.01888200
v 0.03360800 0.03782400 -0.01894200
v -0.00599400 0.08390100 -0.00959200
v -0.00849400 0.08457100 -0.00959200
v -0.01099400 0.08390100 -0.00959200
v -0.01282400 0.08207100 -0.00959200
v -0.11091200 0.03898800 -0.00959200
v -0.10940400 0.03861800 -0.00959200
v -0.09796700 0.03453800 -0.00959200
v -0.10791300 0.03905100 -0.00959200
v -0.10791300 0.03905100 -0.01360900
v -0.09761100 0.03605500 -0.01360900
v -0.09796700 0.03453800 -0.01360900
v -0.10614700 0.04228600 -0.01638100
v -0.10869000 0.04033400 -0.01620700
v -0.10598000 0.04201000 -0.01616500
v -0.10564300 0.04145400 -0.01573000
v -0.10812100 0.03939500 -0.01510900
v -0.10541800 0.04108300 -0.01508100
v -0.10530600 0.04089800 -0.01475700
v -0.09625200 0.03383900 -0.01638100
v -0.09576400 0.03591700 -0.01638100
v -0.10394800 0.04214800 -0.01573000
v -0.09755500 0.03437000 -0.01508100
v -0.09715300 0.03420600 -0.01573000
v -0.09673400 0.03598900 -0.01573000
v -0.10379800 0.04151500 -0.01475700
v -0.10217400 0.04163700 -0.01475700
v -0.10059100 0.04125400 -0.01475700
v -0.09920200 0.04040300 -0.01475700
v -0.09814300 0.03916500 -0.01475700
v -0.09751600 0.03766100 -0.01475700
v -0.09738300 0.03603800 -0.01475700
v -0.09775600 0.03445200 -0.01475700
v -0.09688400 0.03781500 -0.01573000
v -0.09758900 0.03950600 -0.01573000
v -0.09878000 0.04089700 -0.01573000
v -0.10034100 0.04185500 -0.01573000
v -0.10212200 0.04228600 -0.01573000
v -0.09593900 0.03804500 -0.01638100
v -0.09676000 0.04001500 -0.01638100
v -0.09814800 0.04163700 -0.01638100
v -0.09996800 0.04275400 -0.01638100
v -0.01477200 0.07788900 -0.01620700
v -0.01412300 0.07632100 -0.01620700
v -0.01309000 0.07497500 -0.01620700
v -0.01174400 0.07394200 -0.01620700
v -0.01017600 0.07329300 -0.01620700
v -0.00849400 0.07307100 -0.01620700
v -0.00681100 0.07329300 -0.01620700
v -0.00524400 0.07394200 -0.01620700
v -0.00389800 0.07497500 -0.01620700
v -0.00286500 0.07632100 -0.01620700
v -0.00221500 0.07788900 -0.01620700
v -0.01371200 0.07817300 -0.01510900
v -0.01317200 0.07687000 -0.01510900
v -0.01231400 0.07575200 -0.01510900
v -0.01119500 0.07489300 -0.01510900
v -0.00849400 0.07416900 -0.01510900
v -0.00709600 0.07435300 -0.01510900
v -0.00579300 0.07489300 -0.01510900
v -0.00467400 0.07575200 -0.01510900
v -0.00381600 0.07687000 -0.01510900
v -0.11124300 0.03919900 -0.01360900
v -0.10901300 0.03865200 -0.01360900
v -0.10982500 0.04016000 -0.01620700
v -0.11035500 0.04040800 -0.01620700
v -0.11100500 0.03952300 -0.01510900
v -0.10924000 0.04013400 -0.01620700
v -0.10907400 0.03904900 -0.01510900
v -0.11008700 0.03909400 -0.01510900
v -0.11075100 0.04084000 -0.01620700
v -0.11169000 0.04027100 -0.01510900
v 0.00559400 0.09946600 -0.01638100
v 0.01313300 0.08930900 -0.01638100
v 0.01393400 0.08986100 -0.01573000
v -0.03108200 0.13409100 -0.01638100
v -0.03052000 0.13488500 -0.01573000
v -0.01085700 0.11877700 -0.01573000
v -0.02040500 0.12717700 -0.01573000
v -0.02102200 0.12642400 -0.01638100
v -0.00263800 0.10906800 -0.01638100
v 0.00635500 0.10007300 -0.01573000
v 0.01446900 0.09023000 -0.01475700
v -0.01999300 0.12768000 -0.01475700
v -0.01041100 0.11925000 -0.01475700
v -0.00144400 0.11016800 -0.01475700
v -0.01152500 0.11806900 -0.01638100
v -0.00192200 0.10972700 -0.01573000
v 0.00686300 0.10047900 -0.01475700
v -0.03014400 0.13541600 -0.01475700
v 0.01448800 0.09024300 -0.01464300
v 0.03014500 0.04032400 -0.01644000
v 0.03018600 0.04032400 -0.01641600
v 0.03097200 0.04032400 -0.01507738
v 0.02950200 0.04688900 -0.01642400
v 0.03115000 0.04032400 -0.01584900
v 0.03125300 0.04032400 -0.01571300
v 0.03057500 0.04703800 -0.01573000
v 0.02664300 0.06630300 -0.01464700
v 0.02294500 0.07545500 -0.01464700
v 0.01776700 0.08384800 -0.01573000
v 0.01683400 0.08329900 -0.01642400
v 0.01836500 0.08419900 -0.01464700
v 0.03185600 0.04032400 -0.01491700
v 0.03193000 0.04032400 -0.01463700
v 0.03126100 0.04713300 -0.01464700
v 0.03215100 0.04032400 -0.01379700
v 0.02133300 0.07470900 -0.01642400
v 0.02598900 0.06607500 -0.01573000
v 0.02231600 0.07516400 -0.01573000
v -0.09817300 0.03309900 -0.01360900
v -0.09777400 0.03314000 -0.01510900
v -0.09589400 0.03208100 -0.01620700
v -0.09643400 0.03256900 -0.01620700
v -0.09668100 0.03325200 -0.01620700
v -0.09734500 0.03195600 -0.01510900
v -0.09641100 0.03111200 -0.01510900
v -0.09767900 0.03173200 -0.01360900
v -0.09660000 0.03075800 -0.01360900
v -0.11850600 0.12423900 -0.01360900
v -0.11735200 0.12323000 -0.00959200
v -0.10943500 0.12509800 -0.00959200
v -0.10939900 0.12518800 -0.01448600
v -0.10933700 0.12543200 -0.01435000
v -0.10910100 0.12636200 -0.01383100
v -0.10910300 0.12635400 -0.01383500
v -0.11094300 0.12312400 -0.01490300
v -0.11055400 0.12343200 -0.01515100
v -0.11092500 0.12310100 -0.00959200
v -0.11027700 0.12374600 -0.01516800
v -0.11008500 0.12396300 -0.01518000
v -0.10971700 0.12455000 -0.01488200
v -0.10960100 0.12473500 -0.01478800
v -0.10943900 0.12509900 -0.01454500
v -0.11367800 0.12201000 -0.01360900
v -0.11319800 0.12209600 -0.01371800
v -0.11319300 0.12207100 -0.00959200
v -0.11268900 0.12218700 -0.01383300
v -0.11268600 0.12218800 -0.01383400
v -0.11182000 0.12257200 -0.01435800
v -0.11141500 0.12275300 -0.01460300
v -0.11099300 0.12308500 -0.01487100
v -0.11493200 0.12207100 -0.01360900
v -0.11567700 0.12226300 -0.00959200
v -0.11566100 0.12231300 -0.01360900
v -0.11631000 0.12252900 -0.01360900
v -0.11277700 0.13534600 -0.01360900
v -0.11181900 0.13207700 -0.01473700
v -0.11175400 0.13215200 -0.01510900
v -0.11141100 0.13472600 -0.01620700
v -0.11103100 0.13297900 -0.01620700
v -0.11078600 0.13325900 -0.01630700
v -0.11241100 0.13517900 -0.01510900
v -0.11154400 0.13410700 -0.01620700
v -0.10948000 0.13223600 -0.01642400
v -0.10954400 0.13216300 -0.01636100
v -0.11060800 0.13094600 -0.01474500
v -0.11064900 0.13089900 -0.01464700
v -0.10892300 0.12737300 -0.01445800
v -0.10979800 0.12994800 -0.01464700
v -0.10922900 0.13034200 -0.01573000
v -0.10833800 0.13095900 -0.01642400
v -0.10745300 0.12918600 -0.01642400
v -0.10731700 0.12866500 -0.01638500
v -0.10728600 0.12872300 -0.01640500
v -0.10714800 0.12899100 -0.01649900
v -0.10694300 0.12929500 -0.01653900
v -0.10687800 0.12939100 -0.01655200
v -0.10760900 0.12809900 -0.01618600
v -0.10848100 0.12884500 -0.01573000
v -0.10794600 0.12744500 -0.01595600
v -0.10889000 0.12737500 -0.01464700
v -0.10849500 0.12740400 -0.01526600
v -0.10819800 0.12742600 -0.01573000
v -0.10871200 0.12665400 -0.01519500
v -0.10950500 0.12470900 -0.01560400
v -0.11106700 0.12296100 -0.01525700
v -0.11022900 0.12370200 -0.01577000
v -0.11025900 0.12372800 -0.01549100
v -0.10899600 0.12651600 -0.01451800
v -0.10921100 0.12558300 -0.01483800
v -0.10825700 0.12675000 -0.01579700
v -0.10794800 0.12738600 -0.01596500
v -0.10799100 0.12678100 -0.01604700
v -0.10796600 0.12683200 -0.01604300
v -0.10872200 0.12580400 -0.01580400
v -0.10844900 0.12584000 -0.01612800
v -0.11012800 0.12361900 -0.01627800
v -0.11012100 0.12362600 -0.01627800
v -0.11017800 0.12365900 -0.01604600
v -0.10978300 0.12399100 -0.01629800
v -0.10934900 0.12475200 -0.01594400
v -0.10902000 0.12505000 -0.01620100
v -0.11114200 0.12252300 -0.01621700
v -0.11111600 0.12283500 -0.01560500
v -0.11133800 0.12231100 -0.01620500
v -0.11210600 0.12166100 -0.01613300
v -0.11151000 0.12212500 -0.01619500
v -0.11208500 0.12189400 -0.01580400
v -0.11203900 0.12219300 -0.01533600
v -0.11353300 0.12089400 -0.01596400
v -0.11294300 0.12102600 -0.01604500
v -0.11295400 0.12129100 -0.01579700
v -0.11291000 0.12103300 -0.01604900
v -0.10901100 0.12571400 -0.01533600
v -0.11283300 0.12205800 -0.01451800
v -0.11193900 0.12241000 -0.01483800
v -0.11359100 0.12088100 -0.01595600
v -0.11361100 0.12113300 -0.01573000
v -0.11363300 0.12143000 -0.01526600
v -0.11292600 0.12175500 -0.01519500
v -0.11366400 0.12182500 -0.01464700
v -0.11366600 0.12185800 -0.01445800
v -0.11639300 0.12236400 -0.01464700
v -0.11864300 0.12175300 -0.01642400
v -0.11719200 0.12077700 -0.01642400
v -0.11857800 0.12182600 -0.01636100
v -0.11670500 0.12174400 -0.01573000
v -0.11793000 0.12256800 -0.01573000
v -0.11747400 0.12309000 -0.01464700
v -0.11496400 0.12188900 -0.01464700
v -0.11508500 0.12120600 -0.01573000
v -0.11419000 0.12046000 -0.01619900
v -0.11527300 0.12014000 -0.01642400
v -0.11541400 0.11947000 -0.01654700
v -0.11476000 0.12005400 -0.01642500
v -0.11474600 0.12006700 -0.01642200
v -0.11473800 0.12007400 -0.01642100
v -0.11949300 0.12310900 -0.01620700
v -0.11973700 0.12282900 -0.01630700
v -0.11870500 0.12401100 -0.01473700
v -0.11877000 0.12393600 -0.01510900
v -0.11913100 0.12352300 -0.01565800
v -0.12188300 0.12416700 -0.01510900
v -0.11974000 0.12447100 -0.01510900
v -0.12129000 0.12324300 -0.01620700
v -0.12069000 0.12346500 -0.01620700
v -0.12005300 0.12341800 -0.01620700
v -0.12084400 0.12455200 -0.01510900
v -0.12090100 0.12495000 -0.01360900
v -0.12210000 0.12450500 -0.01360900
v -0.11321400 0.12383100 -0.01910900
v -0.11381900 0.12375400 -0.01910900
v -0.11406100 0.12372000 -0.01910900
v -0.11082200 0.12673200 -0.01910900
v -0.11089800 0.12614700 -0.01910900
v -0.11094800 0.12606300 -0.01910900
v -0.11121000 0.12543500 -0.01910900
v -0.11174500 0.12467900 -0.01910900
v -0.11209300 0.12440900 -0.01910900
v -0.11206700 0.12439700 -0.01910900
v -0.11237400 0.12421700 -0.01910900
v -0.11242400 0.12415900 -0.01910900
v -0.11267400 0.12405600 -0.01910900
v -0.11331700 0.12383100 -0.01910900
v -0.11124700 0.12537000 -0.01908400
v -0.11243600 0.12418000 -0.01908400
v -0.11406100 0.12374500 -0.01908400
v -0.11568600 0.12418000 -0.01908400
v -0.06563200 0.13796300 -0.02908800
v -0.03868494 0.11123463 -0.02908800
v -0.05928500 0.13664400 -0.02908800
v -0.05317600 0.13447300 -0.02908800
v -0.04133100 0.05778525 -0.02908800
v -0.03738500 0.12332700 -0.02908800
v -0.03329400 0.06351300 -0.02908800
v -0.03738500 0.05848400 -0.02908800
v -0.04742000 0.05032000 -0.02908800
v -0.05317600 0.04733800 -0.02908800
v -0.05928500 0.04516700 -0.02908800
v -0.03329400 0.11829800 -0.02908800
v -0.02992500 0.11275800 -0.02908800
v -0.04212300 0.05405900 -0.02908800
v -0.09038350 0.04881200 -0.02630200
v -0.08750400 0.04756100 -0.02630200
v -0.08145900 0.04586700 -0.02630200
v -0.05093700 0.05006300 -0.02630200
v -0.11767200 0.08464200 -0.02630200
v -0.11639400 0.07849500 -0.02630200
v -0.11429200 0.07257900 -0.02630200
v -0.11140300 0.06700500 -0.02630200
v -0.10778300 0.06187500 -0.02630200
v -0.10349700 0.05728700 -0.02630200
v -0.09862700 0.05332500 -0.02630200
v -0.04557300 0.05332500 -0.02630200
v -0.03318300 0.06903800 -0.02630200
v -0.02652800 0.08464200 -0.02630200
v -0.11220000 0.12092700 -0.01711800
v -0.11242800 0.12068800 -0.01712700
v -0.11235500 0.12088000 -0.01671100
v -0.11326600 0.12074200 -0.01613600
v -0.11315400 0.12072100 -0.01624400
v -0.11263700 0.12095700 -0.01637400
v -0.11263200 0.12095600 -0.01638000
v -0.11273700 0.12064100 -0.01664600
v -0.11235700 0.12088000 -0.01670600
v -0.11272500 0.12063900 -0.01665700
v -0.11259900 0.12061500 -0.01677800
v -0.11122600 0.12225900 -0.01644000
v -0.11114500 0.12223700 -0.01667500
v -0.10784500 0.12655900 -0.01636900
v -0.10893000 0.12493100 -0.01643800
v -0.10784300 0.12655400 -0.01637600
v -0.10889500 0.12485300 -0.01667600
v -0.11002600 0.12354100 -0.01666600
v -0.10773900 0.12598700 -0.01736100
v -0.10771100 0.12607500 -0.01711500
v -0.10770800 0.12608400 -0.01709100
v -0.10772100 0.12627700 -0.01670900
v -0.10772100 0.12627900 -0.01670400
v -0.11412000 0.11896700 -0.01719500
v -0.11325800 0.11949000 -0.01768400
v -0.11366900 0.12023500 -0.01646200
v -0.11365900 0.11953900 -0.01708400
v -0.11468000 0.11925600 -0.01674200
v -0.11419600 0.11974400 -0.01664400
v -0.10756700 0.12628300 -0.01710900
v -0.10756300 0.12623400 -0.01717600
v -0.10756700 0.12628200 -0.01711100
v -0.10773400 0.12703000 -0.01625700
v -0.10772500 0.12701300 -0.01626900
v -0.10759400 0.12662600 -0.01664700
v -0.10759500 0.12663400 -0.01663600
v -0.10760700 0.12678200 -0.01643700
v -0.10538000 0.12847500 -0.01790100
v -0.10567000 0.12880200 -0.01725000
v -0.10543200 0.12853300 -0.01760900
v -0.10253900 0.13090900 -0.01760900
v -0.10609900 0.12928600 -0.01680400
v -0.10591700 0.12908100 -0.01687700
v -0.10298200 0.13149200 -0.01687700
v -0.09947800 0.13306400 -0.01760900
v -0.09531100 0.13549400 -0.01760900
v -0.09093100 0.13751300 -0.01760900
v -0.08637700 0.13910300 -0.01760900
v -0.08169200 0.14025000 -0.01760900
v -0.07691800 0.14094200 -0.01760900
v -0.07210000 0.14117300 -0.01760900
v -0.06728200 0.14094200 -0.01760900
v -0.06250800 0.14025000 -0.01760900
v -0.05782300 0.13910300 -0.01760900
v -0.05326900 0.13751300 -0.01760900
v -0.04472200 0.13306400 -0.01760900
v -0.04080700 0.13024600 -0.01760900
v -0.03718100 0.12706500 -0.01760900
v -0.03387600 0.12355200 -0.01760900
v -0.03092300 0.11973800 -0.01760900
v -0.02834900 0.11565800 -0.01760900
v -0.02617800 0.11135100 -0.01760900
v -0.02443000 0.10685600 -0.01760900
v -0.02312000 0.10221300 -0.01760900
v -0.02226200 0.09746700 -0.01760900
v -0.09987700 0.13367800 -0.01687700
v -0.09564900 0.13614300 -0.01687700
v -0.09120500 0.13819200 -0.01687700
v -0.08658500 0.13980500 -0.01687700
v -0.08183100 0.14096800 -0.01687700
v -0.07698800 0.14167000 -0.01687700
v -0.07210000 0.14190500 -0.01687700
v -0.05761500 0.13980500 -0.01687700
v -0.05299500 0.13819200 -0.01687700
v -0.04855100 0.13614300 -0.01687700
v -0.04432300 0.13367800 -0.01687700
v -0.04035200 0.13081800 -0.01687700
v -0.03667200 0.12759200 -0.01687700
v -0.03331900 0.12402700 -0.01687700
v -0.02771200 0.11601900 -0.01687700
v -0.02550900 0.11164900 -0.01687700
v -0.02373500 0.10708800 -0.01687700
v -0.02240700 0.10237800 -0.01687700
v -0.02153600 0.09756200 -0.01687700
v -0.02113100 0.09268500 -0.01687700
v -0.10652100 0.12732300 -0.01768400
v -0.10662900 0.12771300 -0.01708400
v -0.10691200 0.12821300 -0.01664400
v -0.10731900 0.12761900 -0.01646200
v -0.10613300 0.12825400 -0.01719500
v -0.10650200 0.12876500 -0.01674200
v -0.08874200 0.04407900 -0.02383300
v -0.06870900 0.04132600 -0.02383300
v -0.02963900 0.06508400 -0.02383300
v -0.11688600 0.07145200 -0.02513000
v -0.06216600 0.04309800 -0.02513000
v -0.11918800 0.08443300 -0.02599800
v -0.09951000 0.05207400 -0.02599800
v -0.09396700 0.04870300 -0.02599800
v -0.08801700 0.04611900 -0.02599800
v -0.08177000 0.04436900 -0.02599800
v -0.03965800 0.05616800 -0.02599800
v -0.03523000 0.06090900 -0.02599800
v -0.02633200 0.07808200 -0.02599800
v -0.04394200 0.05101400 -0.02513000
v -0.04469000 0.05207400 -0.02599800
v -0.06876800 0.04219100 -0.02513000
v -0.10454200 0.05616800 -0.02599800
v -0.11995300 0.07749800 -0.02383300
v -0.11911800 0.07773200 -0.02513000
v -0.05545800 0.04407900 -0.02383300
v -0.05574800 0.04489600 -0.02513000
v -0.06198900 0.04224900 -0.02383300
v -0.11456100 0.06508400 -0.02383300
v -0.11768100 0.07110700 -0.02383300
v -0.02508200 0.07773200 -0.02513000
v -0.02651900 0.07110700 -0.02383300
v -0.02731400 0.07145200 -0.02513000
v -0.03422300 0.06009000 -0.02513000
v -0.03818000 0.05458600 -0.02383300
v -0.03877200 0.05522000 -0.02513000
v -0.08221100 0.04224900 -0.02383300
v -0.09456400 0.04755100 -0.02513000
v -0.09496300 0.04678100 -0.02383300
v -0.10075800 0.05030600 -0.02383300
v -0.10025800 0.05101400 -0.02513000
v -0.12047400 0.08425700 -0.02513000
v -0.05828800 0.14020200 -0.02661900
v -0.03979100 0.05119200 -0.02661900
v -0.05828800 0.04160800 -0.02661900
v -0.05887200 0.04369300 -0.02878400
v -0.06524700 0.04104600 -0.02791600
v -0.05852200 0.04244300 -0.02791600
v -0.06512900 0.04018700 -0.02661900
v -0.04662400 0.04901300 -0.02878400
v -0.04115700 0.05287200 -0.02878400
v -0.04595000 0.04790400 -0.02791600
v -0.04033800 0.05186500 -0.02791600
v -0.04550000 0.04716300 -0.02661900
v -0.03204300 0.06263000 -0.02878400
v -0.02856600 0.06834800 -0.02878400
v -0.03098300 0.06188200 -0.02791600
v -0.02741400 0.06775100 -0.02791600
v -0.02386000 0.07376100 -0.02661900
v -0.02197500 0.08048900 -0.02661900
v -0.02318400 0.09425100 -0.02878400
v -0.02856600 0.11346300 -0.02878400
v -0.02467700 0.10775900 -0.02791600
v -0.02386000 0.10805000 -0.02661900
v -0.03626700 0.12437100 -0.02878400
v -0.04115700 0.12893900 -0.02878400
v -0.03531800 0.12525700 -0.02791600
v -0.04033800 0.12994600 -0.02791600
v -0.03468400 0.12584900 -0.02661900
v -0.03979100 0.13061800 -0.02661900
v -0.04662400 0.13279800 -0.02878400
v -0.04595000 0.13390700 -0.02791600
v -0.04550000 0.13464800 -0.02661900
v -0.05256600 0.13587700 -0.02878400
v -0.05204900 0.13706700 -0.02791600
v -0.05170400 0.13786300 -0.02661900
v -0.05170400 0.04394800 -0.02661900
v -0.05204900 0.04474400 -0.02791600
v -0.05256600 0.04593400 -0.02878400
v -0.03531800 0.05655400 -0.02791600
v -0.03626700 0.05743900 -0.02878400
v -0.02197500 0.10132100 -0.02661900
v -0.02282400 0.10114500 -0.02791600
v -0.02188900 0.09434000 -0.02791600
v -0.02409500 0.10088100 -0.02878400
v -0.03027500 0.12042900 -0.02661900
v -0.03204300 0.11918000 -0.02878400
v -0.05852200 0.13936800 -0.02791600
v -0.05887200 0.13811800 -0.02878400
v -0.06512900 0.14162400 -0.02661900
v -0.06524700 0.14076500 -0.02791600
v -0.06542400 0.13947900 -0.02878400
v 0.03385100 0.03732400 -0.01888300
v 0.03403175 0.03732400 -0.01872350
v 0.03385300 0.03732400 -0.01888200
v 0.03457200 0.03732400 -0.01824600
v 0.03490100 0.03732400 -0.01745800
v 0.00102863 0.03732400 -0.01248625
v 0.03490900 0.03732400 -0.01736300
v -0.02685475 0.03732400 -0.01557125
v 0.00331600 0.00861163 -0.03150000
v -0.02495650 -0.00709100 -0.03150000
v -0.02342850 0.00459700 -0.03150000
v -0.03475300 -0.07319400 -0.03150000
v -0.03539700 -0.07165400 -0.03150000
v -0.03640100 -0.07278200 -0.03150000
v -0.03595000 -0.07137500 -0.03150000
v -0.03766100 -0.07164100 -0.03150000
v -0.03663900 -0.07053000 -0.03150000
v -0.01916300 -0.05302500 -0.03150000
v 0.01134050 0.03147800 -0.03150000
v 0.01053700 0.03025600 -0.03150000
v 0.01214400 0.03270000 -0.03150000
v -0.01036500 0.02891000 -0.03150000
v 0.03069175 -0.00075800 -0.03150000
v 0.02572162 -0.04000700 -0.03150000
v 0.01560800 -0.01825500 -0.03150000
v -0.05275300 -0.02924400 -0.03150000
v -0.02850162 0.03479200 -0.03133550
v -0.03910737 0.02470312 -0.03150000
v -0.03116500 0.03311375 -0.03150000
v -0.03346300 0.03025600 -0.03150000
v -0.03185600 0.03270000 -0.03150000
v -0.02972800 0.03470700 -0.03150000
v -0.02961300 0.03479200 -0.03150000
v 0.01438700 0.03479200 -0.03150000
v -0.01479500 0.03479200 -0.03150000
v -0.00020400 0.03479200 -0.03150000
v -0.01355800 0.03376500 -0.03150000
v -0.01167700 0.03152500 -0.03150000
v 0.01427200 0.03470700 -0.03150000
v 0.00693900 0.03274038 -0.03150000
v -0.03291700 -0.07260800 -0.03150000
v -0.03604800 -0.07112500 -0.03150000
v -0.02889663 -0.02474038 -0.03150000
v -0.01916300 -0.02181000 -0.03150000
v -0.01773900 -0.01967900 -0.03150000
v -0.01036500 0.02029200 -0.03150000
v -0.00854288 0.01619863 -0.03150000
v -0.01167700 0.01767800 -0.03150000
v -0.03346300 0.01894700 -0.03150000
v -0.03446400 0.02169500 -0.03150000
v 0.01053700 0.01894700 -0.03150000
v -0.00969000 0.02313800 -0.03150000
v 0.00953600 0.02169500 -0.03150000
v -0.00969000 0.02606400 -0.03150000
v 0.00919700 0.02460100 -0.03150000
v 0.00953600 0.02750700 -0.03150000
v 0.01916300 -0.02181000 -0.03150000
v 0.01966300 -0.02432400 -0.03150000
v 0.01916300 -0.05302500 -0.03150000
v 0.01773900 -0.05515600 -0.03150000
v -0.03480300 0.02460100 -0.03150000
v -0.03446400 0.02750700 -0.03150000
v -0.01966300 -0.02432400 -0.03150000
v -0.01773900 -0.05515600 -0.03150000
v -0.01560800 -0.05658000 -0.03150000
v 0.03335400 0.01958500 -0.03150000
v 0.03232300 0.01767800 -0.03150000
v 0.03044200 0.01543700 -0.03150000
v 0.02809600 0.01369000 -0.03150000
v 0.02540900 0.01253100 -0.03150000
v 0.02396900 0.01227700 -0.03150000
v -0.02147100 0.01202300 -0.03150000
v -0.02293150 0.01210800 -0.03150000
v -0.02439200 0.01219300 -0.03150000
v -0.02719400 0.01303200 -0.03150000
v -0.02972800 0.01449500 -0.03150000
v 0.01960800 0.01219300 -0.03150000
v 0.01680600 0.01303200 -0.03150000
v 0.01427200 0.01449500 -0.03150000
v -0.01355800 0.01543700 -0.03150000
v -0.01590400 0.01369000 -0.03150000
v -0.01859100 0.01253100 -0.03150000
v -0.03823500 -0.07004100 -0.03150000
v -0.01560800 -0.01825500 -0.03150000
v 0.01309400 -0.01775500 -0.03150000
v -0.04982000 -0.03099400 -0.03150000
v -0.06450300 0.03125200 -0.01585600
v -0.06450300 0.03504550 -0.01730300
v 0.02920500 0.03479200 -0.03150000
v 0.03044200 0.03376500 -0.03150000
v 0.02990000 0.03479200 -0.03150000
v 0.02986175 0.03453525 -0.03150000
v 0.03076500 0.03463700 -0.03150000
v 0.03166800 0.03405900 -0.03150000
v 0.03173075 0.03375250 -0.03150000
v 0.03224500 0.03315700 -0.03150000
v 0.03240000 0.03229200 -0.03150000
v 0.03232300 0.03152500 -0.03150000
v 0.03283000 0.03229200 -0.03150000
v 0.03259575 0.03210025 -0.03150000
v 0.03294100 0.03047800 -0.03150000
v 0.01512500 -0.06461900 -0.03000000
v -0.05700300 0.00000000 -0.02337600
v -0.03067900 -0.07569400 -0.00748500
v -0.03259900 -0.07551700 -0.03200000
v -0.03445500 -0.07499200 -0.00748500
v -0.03445500 -0.07499200 -0.03200000
v -0.03618300 -0.07413600 -0.03200000
v -0.03772600 -0.07297800 -0.00748500
v -0.03772600 -0.07297800 -0.03200000
v -0.03903100 -0.07155800 -0.03200000
v -0.04005400 -0.06992300 -0.00748500
v -0.04005400 -0.06992300 -0.03200000
v -0.04076000 -0.06812900 -0.03200000
v -0.04112700 -0.06623500 -0.00748500
v -0.04112700 -0.06623500 -0.03200000
v 0.02990000 -0.07569400 -0.00748500
v 0.03164175 -0.07499450 -0.00748500
v -0.03178100 -0.07319400 -0.03008900
v -0.03317300 -0.07319400 -0.03000800
v -0.03302600 -0.07319400 -0.03000200
v -0.03198100 -0.07319400 -0.03007500
v -0.03448900 -0.07319400 -0.03005400
v -0.03251437 -0.07319400 -0.03023300
v -0.03475300 -0.07319400 -0.03006400
v -0.03329900 -0.07273450 -0.03013500
v -0.03569400 -0.07306500 -0.03006400
v -0.03763000 -0.07168600 -0.03006400
v -0.03678300 -0.07254500 -0.03006400
v -0.03813600 -0.07059100 -0.03006400
v -0.03823500 -0.07004100 -0.03006400
v -0.00020300 -0.07384400 -0.02432600
v -0.00110300 -0.07384400 -0.02456700
v -0.00176100 -0.07384400 -0.02522600
v -0.00200300 -0.07384400 -0.02612600
v -0.00176100 -0.07384400 -0.02702600
v -0.00110300 -0.07384400 -0.02768500
v -0.00020300 -0.07384400 -0.02792600
v 0.00159700 -0.07384400 -0.02612600
v 0.00135600 -0.07384400 -0.02522600
v 0.00069700 -0.07384400 -0.02456700
v -0.06000300 0.02987300 -0.01923500
v -0.06450300 0.03018025 -0.01677200
v -0.06450300 0.02987300 -0.01923500
v -0.05761425 0.03638012 -0.01923500
v -0.05363600 0.03712700 -0.01923500
v -0.05368500 0.03710900 -0.01923500
v -0.05490400 0.03665600 -0.01923500
v -0.05528100 0.03641400 -0.01923500
v -0.05538600 0.03634600 -0.01923500
v -0.05610800 0.03588100 -0.01923500
v -0.05688100 0.03513800 -0.01923500
v -0.05698700 0.03503700 -0.01923500
v -0.05708800 0.03493950 -0.01923500
v -0.05718900 0.03484200 -0.01923500
v -0.06062800 0.02982250 -0.01923500
v -0.05900300 0.02977200 -0.01923500
v -0.05900300 0.03229200 -0.01923500
v -0.05859100 0.03293400 -0.01923500
v -0.05879700 0.03261300 -0.01923500
v -0.05845400 0.03314800 -0.01923500
v -0.05799750 0.03375950 -0.01923500
v -0.05786300 0.03394000 -0.01923500
v -0.05813200 0.03357900 -0.01923500
v 0.03032500 0.03729200 -0.01923500
v -0.05700300 0.02977200 -0.02123500
v -0.05700300 0.03166200 -0.02661750
v -0.05700300 0.03229200 -0.02123500
v -0.05700300 0.02814800 -0.02086100
v -0.05700300 -0.02367075 -0.02323512
v -0.05700300 -0.02749400 -0.00748500
v -0.05700300 0.02534800 -0.02070875
v -0.05700300 0.02790900 -0.02080500
v -0.05329900 -0.03303700 -0.00748500
v -0.05329900 -0.03303700 -0.03200000
v -0.05433600 -0.03248300 -0.03200000
v -0.05524500 -0.03173700 -0.00748500
v -0.05654600 -0.02979000 -0.00748500
v -0.05688700 -0.02866500 -0.03200000
v -0.04982000 -0.03349400 -0.00748500
v -0.04385000 -0.03889900 -0.03200000
v -0.04417300 -0.03746800 -0.03200000
v -0.04483400 -0.03615700 -0.00748500
v -0.04483400 -0.03615700 -0.03200000
v -0.04579400 -0.03504600 -0.03200000
v -0.04699400 -0.03420200 -0.00748500
v -0.04699400 -0.03420200 -0.03200000
v -0.04836400 -0.03367400 -0.03200000
v -0.05710300 0.02564200 -0.01723500
v -0.05723100 0.02602100 -0.00748500
v -0.05727000 0.02600300 -0.01723500
v -0.05753800 0.02658400 -0.01723500
v -0.05788100 0.02699500 -0.00748500
v -0.05791300 0.02696300 -0.01723500
v -0.05826900 0.02732100 -0.01723500
v -0.05885500 0.02764500 -0.00748500
v -0.05920600 0.02776600 -0.01723500
v -0.06000300 0.02787300 -0.00748500
v 0.02931800 0.03729200 -0.01673500
v -0.05215700 0.03729200 -0.01977100
v 0.03232100 0.03729200 -0.01373500
v 0.02990000 0.03729200 -0.03200000
v 0.03210400 0.03729200 -0.01476000
v 0.03222400 0.03729200 -0.01449300
v 0.03181600 0.03729200 -0.01540100
v 0.03497200 0.03729200 -0.01727600
v 0.03141600 0.03729200 -0.01583300
v 0.03482500 0.03729200 -0.01792600
v 0.03117200 0.03729200 -0.01609600
v 0.03479600 0.03729200 -0.01805500
v 0.03436500 0.03729200 -0.01864700
v 0.03431400 0.03729200 -0.01871700
v 0.03029700 0.03729200 -0.01657100
v 0.03296600 0.03729200 -0.01923500
v 0.03035300 0.03729200 -0.01654100
v 0.03364600 0.03729200 -0.01911500
v 0.03365400 0.03729200 -0.01911400
v 0.02938900 0.03479200 -0.01673500
v 0.02625300 0.03479200 -0.02774638
v -0.03649450 0.03479200 -0.02404600
v 0.03544300 -0.07199000 -0.00748500
v 0.03468925 -0.07086175 -0.00748500
v 0.03590000 -0.06969400 -0.00748500
v 0.03219600 -0.07523800 -0.00748500
v 0.03414300 -0.07393700 -0.00748500
v 0.03183100 0.03706000 -0.01923500
v 0.03303000 0.03649700 -0.01923500
v 0.03531500 0.03261500 -0.01723500
v 0.03531500 0.03261500 -0.03200000
v 0.03240000 0.03330600 -0.01373500
v 0.03452700 0.03500200 -0.01868400
v 0.03381800 0.03586900 -0.01909400
v 0.03365600 0.03599900 -0.01912300
v 0.03375300 0.03592100 -0.01910600
v 0.03500500 0.03405200 -0.01813200
v 0.03528300 0.03293800 -0.01743800
v 0.03508800 0.03371700 -0.01792300
v 0.03168400 0.03404300 -0.01567700
v 0.03218500 0.03330600 -0.01485000
v 0.03221500 0.03330600 -0.01477300
v 0.03166600 0.03405600 -0.01569300
v 0.03097900 0.03454700 -0.01628100
v 0.03075700 0.03461000 -0.01637800
v 0.02990000 0.03479200 -0.01669100
v 0.03018300 0.03477600 -0.01662800
v 0.03283000 0.03229200 -0.00573500
v -0.03355600 -0.07265900 -0.00573500
v -0.03604800 -0.07112500 -0.00573500
v -0.03782100 -0.06879700 -0.00573500
v -0.03863900 -0.06598700 -0.00573500
v 0.03590000 -0.06969400 -0.03200000
v 0.03578500 -0.07086500 -0.03200000
v 0.03544300 -0.07199000 -0.03200000
v 0.03488900 -0.07302800 -0.03200000
v 0.03219600 -0.07523800 -0.03200000
v 0.03107100 -0.07557900 -0.03200000
v 0.03283000 0.03229200 -0.00723500
v 0.03240000 0.03229200 -0.00723500
v 0.03011200 0.03728700 -0.03200000
v 0.03240000 0.03229200 -0.01373500
v 0.02698600 0.03479200 -0.03143200
v 0.02770800 0.03479200 -0.03145400
v 0.02308200 0.03479200 -0.03125550
v 0.02314100 0.03479200 -0.03125800
v -0.02403100 0.03479200 -0.03127500
v -0.02367600 0.03479200 -0.03126200
v -0.02210800 0.03479200 -0.03120600
v -0.01787200 0.03479200 -0.03138300
v 0.02612800 0.03479200 -0.03138300
v -0.02085900 0.03479200 -0.03125800
v 0.01996900 0.03479200 -0.03127500
v 0.02032300 0.03479200 -0.03126200
v -0.01665300 0.03479200 -0.03144300
v -0.01701400 0.03479200 -0.03143200
v 0.01735000 0.03479200 -0.03137400
v 0.03223800 0.03317800 -0.01470800
v 0.03485800 0.03427300 -0.03200000
v 0.03420200 0.03544900 -0.03200000
v 0.03361700 0.03595500 -0.03200000
v 0.03504800 0.03393300 -0.03200000
v 0.03126600 0.03720200 -0.03200000
v 0.03332700 0.02028000 -0.03150000
v 0.03300100 0.02888600 -0.03150000
v 0.03311000 0.02601800 -0.03150000
v -0.05492600 -0.02827500 -0.03400000
v -0.04050112 -0.01106475 -0.03400000
v -0.05500300 0.03229200 -0.03400000
v -0.05443000 0.03405500 -0.03400000
v -0.05200300 0.03529200 -0.03400000
v -0.02476550 0.02716250 -0.03400000
v -0.04342912 0.03082162 -0.03400000
v -0.05293000 0.03514500 -0.03400000
v -0.05376600 0.03471900 -0.03400000
v -0.02545200 0.02272600 -0.03400000
v -0.02407900 0.02135300 -0.03400000
v -0.01086075 0.02238275 -0.03400000
v -0.02220400 0.02085100 -0.03400000
v 0.01804600 0.02460100 -0.03400000
v 0.01854800 0.02647600 -0.03400000
v 0.01992100 0.02784900 -0.03400000
v -0.01785400 -0.01719900 -0.03400000
v -0.01915300 -0.01826500 -0.03400000
v -0.03721350 -0.03161125 -0.03400000
v -0.04229100 -0.03679200 -0.03400000
v -0.02125400 -0.02184850 -0.03400000
v 0.02367100 0.02135300 -0.03400000
v 0.02990000 0.03529200 -0.03400000
v 0.02179600 0.02835100 -0.03400000
v -0.01478413 -0.01096088 -0.03400000
v -0.04317200 -0.03504500 -0.03400000
v -0.04445100 -0.03356400 -0.03400000
v -0.04605200 -0.03243700 -0.03400000
v -0.02667100 -0.04142975 -0.03400000
v 0.03089000 0.03523800 -0.03400000
v 0.03186300 0.03486700 -0.03400000
v 0.03265100 0.03418600 -0.03400000
v 0.02002637 -0.00934288 -0.03400000
v 0.02415675 -0.05773475 -0.03400000
v 0.02021900 -0.05527200 -0.03400000
v 0.02101000 -0.05379000 -0.03400000
v 0.03390000 -0.06969400 -0.03400000
v 0.02166300 -0.05051100 -0.03400000
v 0.01785400 -0.01719900 -0.03400000
v -0.05469800 -0.02902500 -0.03400000
v -0.05178300 -0.03141700 -0.03400000
v -0.05253300 -0.03119000 -0.03400000
v -0.05432900 -0.02971600 -0.03400000
v -0.01785400 -0.05763600 -0.03400000
v 0.02878550 0.01793500 -0.03400000
v 0.02504400 0.02272600 -0.03400000
v 0.03331900 0.03248600 -0.03400000
v 0.03315900 0.03327600 -0.03400000
v -0.03373600 -0.07312600 -0.03400000
v -0.03513500 -0.07243300 -0.03400000
v -0.01915300 -0.05657000 -0.03400000
v -0.03638300 -0.07149500 -0.03400000
v -0.03223300 -0.07355100 -0.03400000
v 0.03322600 -0.07191700 -0.03400000
v 0.03272800 -0.07252300 -0.03400000
v 0.03212200 -0.07302000 -0.03400000
v 0.01637300 -0.01640700 -0.03400000
v 0.01392950 -0.01583700 -0.03400000
v 0.01476500 -0.01591900 -0.03400000
v 0.01309400 -0.01575500 -0.03400000
v -0.02021900 -0.05527200 -0.03400000
v -0.02512662 -0.06508013 -0.03400000
v -0.03826800 -0.06902200 -0.03400000
v -0.03744000 -0.07034600 -0.03400000
v 0.01476500 -0.05891600 -0.03400000
v 0.01637300 -0.05842800 -0.03400000
v 0.01785400 -0.05763600 -0.03400000
v 0.03068000 -0.07361700 -0.03400000
v 0.03143100 -0.07339000 -0.03400000
v 0.01309400 -0.05908000 -0.03400000
v 0.01966300 -0.05051100 -0.03200000
v 0.01953600 -0.05179300 -0.03200000
v 0.01855600 -0.05416100 -0.03200000
v 0.01773900 -0.05515600 -0.03200000
v 0.01674300 -0.05597300 -0.03200000
v 0.01437500 -0.05695400 -0.03200000
v 0.01560800 -0.05658000 -0.03200000
v 0.01309400 -0.01775500 -0.03200000
v 0.01437500 -0.01788100 -0.03200000
v 0.01953600 -0.02304200 -0.03200000
v -0.01855600 -0.02067400 -0.03200000
v -0.01916300 -0.02181000 -0.03200000
v -0.01953600 -0.02304200 -0.03200000
v -0.01966300 -0.02432400 -0.03200000
v -0.01773900 -0.01967900 -0.03200000
v -0.01674300 -0.01886200 -0.03200000
v -0.01966300 -0.05051100 -0.03200000
v -0.01309400 -0.05708000 -0.03200000
v -0.01437500 -0.05695400 -0.03200000
v -0.01560800 -0.05658000 -0.03200000
v -0.01674300 -0.05597300 -0.03200000
v -0.01855600 -0.05416100 -0.03200000
v -0.01916300 -0.05302500 -0.03200000
v -0.01953600 -0.05179300 -0.03200000
v 0.01442700 -0.01761800 -0.03300000
v 0.01309400 -0.01748700 -0.03300000
v 0.01457000 -0.01690000 -0.03373200
v 0.01309400 -0.01675500 -0.03373200
v 0.01993100 -0.05051100 -0.03300000
v 0.01309400 -0.05808000 -0.03373200
v 0.01457000 -0.05793500 -0.03373200
v 0.01309400 -0.05734800 -0.03300000
v 0.01442700 -0.05721700 -0.03300000
v 0.01571000 -0.05682800 -0.03300000
v 0.01689200 -0.05619600 -0.03300000
v 0.01792800 -0.05534600 -0.03300000
v 0.01877800 -0.05431000 -0.03300000
v 0.01979900 -0.05184500 -0.03300000
v 0.01599000 -0.05750400 -0.03373200
v 0.01729900 -0.05680500 -0.03373200
v 0.01844600 -0.05586300 -0.03373200
v 0.01938700 -0.05471600 -0.03373200
v 0.02008700 -0.05340800 -0.03373200
v -0.01571000 -0.01800700 -0.03300000
v -0.01689200 -0.01863900 -0.03300000
v -0.01792800 -0.01948900 -0.03300000
v -0.01877800 -0.02052500 -0.03300000
v -0.01941000 -0.02170700 -0.03300000
v -0.01979900 -0.02299000 -0.03300000
v -0.01993100 -0.02432400 -0.03300000
v -0.01599000 -0.01733100 -0.03373200
v -0.01729900 -0.01803000 -0.03373200
v -0.01844600 -0.01897200 -0.03373200
v -0.01938700 -0.02011900 -0.03373200
v -0.02008700 -0.02142700 -0.03373200
v -0.02051700 -0.02284700 -0.03373200
v -0.01993100 -0.05051100 -0.03300000
v -0.01979900 -0.05184500 -0.03300000
v -0.01941000 -0.05312800 -0.03300000
v -0.01877800 -0.05431000 -0.03300000
v -0.01571000 -0.05682800 -0.03300000
v -0.01442700 -0.05721700 -0.03300000
v -0.01938700 -0.05471600 -0.03373200
v -0.01844600 -0.05586300 -0.03373200
v -0.01729900 -0.05680500 -0.03373200
v 0.01476850 -0.06738750 -0.03000000
v -0.02968750 -0.06646850 -0.03000000
v -0.03230100 -0.07302800 -0.03000500
v -0.03226700 -0.07303500 -0.03001100
v -0.03187700 -0.07311600 -0.03008600
v -0.03843700 -0.06801850 -0.03000400
v -0.03844100 -0.06798000 -0.03000800
v -0.03843300 -0.06805700 -0.03000000
v -0.03830300 -0.06936000 -0.03004200
v -0.03863900 -0.06598700 -0.03054400
v -0.03863100 -0.06607100 -0.03048600
v -0.03862200 -0.06616100 -0.03043100
v -0.03861300 -0.06625200 -0.03037900
v -0.03859400 -0.06644000 -0.03028800
v -0.03855500 -0.06683400 -0.03014900
v -0.03854200 -0.06695900 -0.03011700
v -0.03850900 -0.06729300 -0.03008100
v -0.06450300 0.02974800 -0.00661000
v -0.06450300 0.02910800 -0.01908300
v -0.06450300 0.02827412 -0.01553200
v -0.06000300 0.02918100 -0.01911200
v -0.05883900 0.02913200 -0.01912600
v -0.05885900 0.02902700 -0.01911200
v -0.05905100 0.02833000 -0.01864900
v -0.05917400 0.02788500 -0.01792700
v -0.05819700 0.02742200 -0.01792700
v -0.05750000 0.02673300 -0.01792700
v -0.05746500 0.02664100 -0.01789100
v -0.05719700 0.02594400 -0.01761500
v -0.05709000 0.02566500 -0.01750500
v -0.05751300 0.02676900 -0.01794100
v -0.05797700 0.02748200 -0.01833400
v -0.05876300 0.02890300 -0.01906400
v -0.05835700 0.02806700 -0.01865600
v -0.05834700 0.02805100 -0.01864800
v -0.05831800 0.02800700 -0.01862300
v -0.05808100 0.02764200 -0.01842200
v -0.05880800 0.02901200 -0.01910600
v -0.05879900 0.02897800 -0.01910000
v -0.05865300 0.02977200 -0.01932900
v -0.05860300 0.03229200 -0.01927600
v -0.05827600 0.02977200 -0.01943000
v -0.05806000 0.03229200 -0.01947100
v -0.05800300 0.02977200 -0.01950300
v -0.05792100 0.02977200 -0.01958400
v -0.05759500 0.03229200 -0.01981400
v -0.05763000 0.02977200 -0.01987600
v -0.05727100 0.02977200 -0.02023500
v -0.05704700 0.03229200 -0.02081700
v -0.05719200 0.02977200 -0.02052700
v -0.05724800 0.03229200 -0.02027600
v -0.05727600 0.03229200 -0.02023900
v -0.05725900 0.02692500 -0.01877900
v -0.05736100 0.02750900 -0.01916400
v -0.05708800 0.02712700 -0.01958000
v -0.05843300 0.02886900 -0.01913500
v -0.05757400 0.02725200 -0.01851400
v -0.05732000 0.02658900 -0.01813300
v -0.05704400 0.02561200 -0.01779400
v -0.05709600 0.02578900 -0.01770000
v -0.05712000 0.02839600 -0.02028300
v -0.05703700 0.02598700 -0.01851500
v -0.05756100 0.02767400 -0.01898400
v -0.05779500 0.02781500 -0.01883100
v -0.05805200 0.02792600 -0.01870900
v -0.05714400 0.02630000 -0.01831700
v -0.05809700 0.02881800 -0.01925900
v -0.05778100 0.02874200 -0.01944400
v -0.05750300 0.02864200 -0.01968500
v -0.05675800 0.03383700 -0.03200000
v -0.05682500 0.03361100 -0.02123500
v -0.05628400 0.03476700 -0.03200000
v -0.05604800 0.03523100 -0.03200000
v -0.05609300 0.03516700 -0.02123500
v -0.05494200 0.03633700 -0.03200000
v -0.05487800 0.03638200 -0.02123500
v -0.05447800 0.03657300 -0.03200000
v -0.05447800 0.03657000 -0.02123500
v -0.05354800 0.03704700 -0.03200000
v -0.05344800 0.03711500 -0.02004700
v -0.05496900 0.03638200 -0.02037200
v -0.05536600 0.03634500 -0.01927300
v -0.05645000 0.03516700 -0.01983900
v -0.05797600 0.03361100 -0.01931500
v -0.05747000 0.03361100 -0.01968800
v -0.05709200 0.03361100 -0.02019100
v -0.05687400 0.03361100 -0.02078000
v -0.05615800 0.03516700 -0.02062700
v -0.04358300 -0.03887300 -0.03300000
v -0.04086000 -0.06620800 -0.03300000
v -0.04364900 -0.03888000 -0.03275200
v -0.04092600 -0.06621500 -0.03275200
v -0.04392100 -0.03737700 -0.03300000
v -0.04323200 -0.03713000 -0.03373200
v -0.04461100 -0.03600800 -0.03300000
v -0.04561400 -0.03484800 -0.03300000
v -0.04686800 -0.03396500 -0.03300000
v -0.04829900 -0.03341400 -0.03300000
v -0.04982000 -0.03322600 -0.03300000
v -0.04400300 -0.03560100 -0.03373200
v -0.04512200 -0.03430500 -0.03373200
v -0.04652300 -0.03332000 -0.03373200
v -0.04812100 -0.03270400 -0.03373200
v -0.04982000 -0.03249400 -0.03373200
v -0.05100300 -0.03249400 -0.03373200
v -0.05100300 -0.03322600 -0.03300000
v -0.03067900 -0.07542600 -0.03300000
v -0.03067900 -0.07469400 -0.03373200
v -0.05575500 -0.02749400 -0.03379800
v -0.05636900 -0.02749400 -0.03336600
v -0.05600300 -0.02749400 -0.03373200
v -0.05590700 -0.02847000 -0.03373200
v -0.05673500 -0.02749400 -0.03300000
v -0.05562200 -0.02940800 -0.03373200
v -0.05516000 -0.03027200 -0.03373200
v -0.05453800 -0.03103000 -0.03373200
v -0.05378100 -0.03165200 -0.03373200
v -0.05291600 -0.03211400 -0.03373200
v -0.05197800 -0.03239800 -0.03373200
v -0.05629800 -0.02968800 -0.03300000
v -0.05576900 -0.03067900 -0.03300000
v -0.05505600 -0.03154700 -0.03300000
v -0.05418700 -0.03226000 -0.03300000
v -0.05319600 -0.03279000 -0.03300000
v -0.05212100 -0.03311600 -0.03300000
v 0.03101800 -0.07531600 -0.03300000
v 0.03087500 -0.07459800 -0.03373200
v 0.03181300 -0.07431400 -0.03373200
v 0.03267800 -0.07385200 -0.03373200
v 0.03343600 -0.07323000 -0.03373200
v 0.03405700 -0.07247200 -0.03373200
v 0.03451900 -0.07160800 -0.03373200
v 0.03480400 -0.07067000 -0.03373200
v 0.03490000 -0.06969400 -0.03373200
v 0.03209400 -0.07499000 -0.03300000
v 0.03308500 -0.07446000 -0.03300000
v 0.03395300 -0.07374700 -0.03300000
v 0.03466600 -0.07287900 -0.03300000
v 0.03519600 -0.07188800 -0.03300000
v 0.03552200 -0.07081300 -0.03300000
v 0.03563200 -0.06969400 -0.03300000
v -0.05641700 0.03229200 -0.03341400
v -0.05576800 0.03229200 -0.03384800
v -0.05685000 0.03229200 -0.03276500
v 0.03560400 0.01451700 -0.03298100
v 0.03531400 0.01451700 -0.03341400
v 0.03488100 0.01451700 -0.03370400
v 0.03466500 0.01451700 -0.03384800
v -0.05350100 0.03690200 -0.03276500
v -0.05200300 0.03605700 -0.03384800
v -0.05316600 0.03587300 -0.03384800
v -0.05200300 0.03627300 -0.03370400
v -0.05336700 0.03649000 -0.03341400
v -0.05200300 0.03699500 -0.03298100
v -0.05421600 0.03533800 -0.03384800
v -0.05504900 0.03450500 -0.03384800
v -0.05459700 0.03586300 -0.03341400
v -0.05557400 0.03488600 -0.03341400
v -0.05485200 0.03621400 -0.03276500
v -0.05592500 0.03514100 -0.03276500
v -0.05558400 0.03345500 -0.03384800
v -0.05620100 0.03365600 -0.03341400
v -0.05200300 0.03713900 -0.03276500
v 0.03400700 0.03253000 -0.03386300
v 0.03408200 0.03253500 -0.03384800
v 0.03473000 0.03257700 -0.03341400
v 0.03516300 0.03260500 -0.03276500
v 0.02990000 0.03598400 -0.03387600
v 0.02990000 0.03626800 -0.03369500
v 0.02990000 0.03670600 -0.03341400
v 0.02990000 0.03698600 -0.03297600
v 0.02990000 0.03716800 -0.03269200
v 0.03493100 0.03389200 -0.03269200
v 0.03410600 0.03537100 -0.03269200
v 0.03124300 0.03708100 -0.03269200
v 0.03011200 0.03716300 -0.03269200
v 0.03011200 0.03716500 -0.03268800
v 0.03011200 0.03610800 -0.03382300
v 0.03011200 0.03669300 -0.03340400
v 0.03115600 0.03662700 -0.03341400
v 0.03011200 0.03675100 -0.03336200
v 0.03011200 0.03533900 -0.03399900
v 0.03011200 0.03597300 -0.03385400
v 0.03102000 0.03591800 -0.03387600
v 0.03221800 0.03546200 -0.03387600
v 0.03318800 0.03462300 -0.03387600
v 0.03381300 0.03350300 -0.03387600
v 0.03449500 0.03374000 -0.03341400
v 0.03258800 0.03608100 -0.03341400
v 0.03374800 0.03507900 -0.03341400
v -0.03321500 -0.07275900 -0.03012400
v -0.03338300 -0.07271000 -0.03014600
v -0.03796000 -0.06846500 -0.03011500
v -0.03811200 -0.06810300 -0.03005700
v -0.03825900 -0.06775100 -0.03000000
v -0.03841300 -0.06715900 -0.03010500
v -0.03854400 -0.06665700 -0.03019300
v -0.03860000 -0.06631300 -0.03034500
v -0.03862200 -0.06614700 -0.03043800
v -0.03863100 -0.06606700 -0.03048900
v -0.03687900 -0.07022800 -0.03117700
v -0.03723600 -0.06977700 -0.03069400
v -0.03731400 -0.06964700 -0.03062500
v -0.03744900 -0.06942000 -0.03050300
v -0.03782100 -0.06879700 -0.03016800
v -0.03456500 -0.07218500 -0.03068200
v -0.03445200 -0.07223800 -0.03062400
v -0.03355600 -0.07265900 -0.03016800
v -0.03530500 -0.07171300 -0.03140900
v -0.03458600 -0.07217500 -0.03069300
v -0.03334200 -0.07285000 -0.03007500
v -0.03723700 -0.07035300 -0.03060200
v -0.03686600 -0.07115700 -0.03060200
v -0.03819600 -0.06939300 -0.03007500
v -0.03809400 -0.07058000 -0.03007500
v -0.03759500 -0.07166200 -0.03007500
v -0.03568300 -0.07302300 -0.03007500
v -0.03675800 -0.07251000 -0.03007500
v -0.03449700 -0.07314100 -0.03007500
v -0.03456300 -0.07225700 -0.03060200
v -0.03544400 -0.07216900 -0.03060200
v -0.03624400 -0.07178800 -0.03060200
v -0.04050300 -0.06805400 -0.03300000
v -0.03916100 -0.06947300 -0.03373200
v -0.03823500 -0.07095200 -0.03373200
v -0.03705500 -0.07223700 -0.03373200
v -0.03565900 -0.07328400 -0.03373200
v -0.03409500 -0.07405900 -0.03373200
v -0.03241600 -0.07453400 -0.03373200
v -0.03981400 -0.06980200 -0.03300000
v -0.03881700 -0.07139600 -0.03300000
v -0.03754600 -0.07278000 -0.03300000
v -0.03604300 -0.07390800 -0.03300000
v -0.03435900 -0.07474200 -0.03300000
v -0.03255000 -0.07525400 -0.03300000
v -0.00177800 -0.07519400 -0.02339800
v -0.00293100 -0.07519400 -0.02455100
v -0.00335300 -0.07519400 -0.02612600
v -0.00293100 -0.07519400 -0.02770100
v -0.00177800 -0.07519400 -0.02885400
v -0.00020300 -0.07519400 -0.02927600
v 0.00294700 -0.07519400 -0.02612600
v 0.00252500 -0.07519400 -0.02455100
v 0.00137200 -0.07519400 -0.02339800
v -0.00020300 -0.07519400 -0.02297600
v 0.02649400 0.02289100 -0.02800000
v 0.02092800 0.01967700 -0.02800000
v 0.02208700 0.01961000 -0.02800000
v 0.02323000 0.01981100 -0.02800000
v 0.02429600 0.02027100 -0.02800000
v 0.02597300 0.02185400 -0.02800000
v 0.01732800 0.02684500 -0.02800000
v 0.02092800 0.02952500 -0.02800000
v 0.01881000 0.02059000 -0.02800000
v 0.01796600 0.02138700 -0.02800000
v 0.01981600 0.02919200 -0.02800000
v 0.01881000 0.02861200 -0.02800000
v 0.01796600 0.02781500 -0.02800000
v -0.02191300 0.01961000 -0.02800000
v -0.02077000 0.01981100 -0.02800000
v -0.01970400 0.02027100 -0.02800000
v -0.01877300 0.02096400 -0.02800000
v -0.01802700 0.02185400 -0.02800000
v -0.02334500 0.03106900 -0.02947600
v -0.02519000 0.02059000 -0.02800000
v -0.02603400 0.02138700 -0.02800000
v -0.02720400 0.02460100 -0.02800000
v -0.02706900 0.02344800 -0.02800000
v -0.02418400 0.02919200 -0.02800000
v -0.02480600 0.03063200 -0.02947600
v -0.02519000 0.02861200 -0.02800000
v -0.02220400 0.02260100 -0.03225000
v -0.02320400 0.02286900 -0.03225000
v -0.02393600 0.02360100 -0.03225000
v -0.02393600 0.02560100 -0.03225000
v -0.02320400 0.02633300 -0.03225000
v 0.01979600 0.02460100 -0.03225000
v 0.02006400 0.02560100 -0.03225000
v 0.02079600 0.02633300 -0.03225000
v 0.02179600 0.02660100 -0.03225000
v 0.02352800 0.02360100 -0.03225000
v 0.02279600 0.02286900 -0.03225000
v 0.02228500 0.03300300 -0.03058300
v 0.01765400 0.03420400 -0.03126800
v 0.02479500 0.03462000 -0.03126800
v 0.02421000 0.03266400 -0.03058300
v 0.02702500 0.03365800 -0.03126800
v 0.02897300 0.03220800 -0.03126800
v 0.02065500 0.03106900 -0.02947600
v 0.01919400 0.03063200 -0.02947600
v 0.01787400 0.02987000 -0.02947600
v 0.01534900 0.03001100 -0.03058300
v 0.01676400 0.02882300 -0.02947600
v 0.01592600 0.02754900 -0.02947600
v 0.01540500 0.02611600 -0.02947600
v 0.01522800 0.02460100 -0.02947600
v 0.01676400 0.02037900 -0.02947600
v 0.01787400 0.01933300 -0.02947600
v 0.02065500 0.01813300 -0.02947600
v 0.02217800 0.01804400 -0.02947600
v 0.02368000 0.01830900 -0.02947600
v 0.02508000 0.01891300 -0.02947600
v 0.02728300 0.02099200 -0.02947600
v 0.02796800 0.02235500 -0.02947600
v 0.02033400 0.03288900 -0.03058300
v 0.01846200 0.03232900 -0.03058300
v 0.01677000 0.03135200 -0.03058300
v 0.01427500 0.02837800 -0.03058300
v 0.01360700 0.02654200 -0.03058300
v 0.01338000 0.02460100 -0.03058300
v 0.01360700 0.02266000 -0.03058300
v 0.01534900 0.01919100 -0.03058300
v 0.01677000 0.01785000 -0.03058300
v 0.02228500 0.01619900 -0.03058300
v 0.02421000 0.01653900 -0.03058300
v 0.02757100 0.03072300 -0.03058300
v 0.01555100 0.03299000 -0.03126800
v 0.01378500 0.03132300 -0.03126800
v 0.01245000 0.02929500 -0.03126800
v 0.01162000 0.02701300 -0.03126800
v 0.01133800 0.02460100 -0.03126800
v 0.01162000 0.02218900 -0.03126800
v 0.01245000 0.01990800 -0.03126800
v 0.01378500 0.01787900 -0.03126800
v 0.01555100 0.01621200 -0.03126800
v 0.01765400 0.01499800 -0.03126800
v 0.01998000 0.01430200 -0.03126800
v 0.02252900 0.01202300 -0.03150000
v 0.02240400 0.01416100 -0.03126800
v 0.02479500 0.01458200 -0.03126800
v 0.02702500 0.01554400 -0.03126800
v 0.02897300 0.01699400 -0.03126800
v 0.03053300 0.01885400 -0.03126800
v 0.03162300 0.02102400 -0.03126800
v 0.03218300 0.02338700 -0.03126800
v 0.02882700 0.02922600 -0.03058300
v 0.03053300 0.03034800 -0.03126800
v -0.02634600 0.03420400 -0.03126800
v -0.02171500 0.03300300 -0.03058300
v -0.01979000 0.03266400 -0.03058300
v -0.01697500 0.03365800 -0.03126800
v -0.01502700 0.03220800 -0.03126800
v -0.02859500 0.02308600 -0.02947600
v -0.02723600 0.02037900 -0.02947600
v -0.02612600 0.01933300 -0.02947600
v -0.02480600 0.01857000 -0.02947600
v -0.02182200 0.01804400 -0.02947600
v -0.02032000 0.01830900 -0.02947600
v -0.01892000 0.01891300 -0.02947600
v -0.01769700 0.01982400 -0.02947600
v -0.01671600 0.02099200 -0.02947600
v -0.01603200 0.02235500 -0.02947600
v -0.01568000 0.02383900 -0.02947600
v -0.01568000 0.02536400 -0.02947600
v -0.01603200 0.02684800 -0.02947600
v -0.01671600 0.02821000 -0.02947600
v -0.01769700 0.02937900 -0.02947600
v -0.01892000 0.03028900 -0.02947600
v -0.02032000 0.03089300 -0.02947600
v -0.02182200 0.03115800 -0.02947600
v -0.02612600 0.02987000 -0.02947600
v -0.02877200 0.02460100 -0.02947600
v -0.03039300 0.02266000 -0.03058300
v -0.02972500 0.02082400 -0.03058300
v -0.02865100 0.01919100 -0.03058300
v -0.02723000 0.01785000 -0.03058300
v -0.02553700 0.01687300 -0.03058300
v -0.02366500 0.01631300 -0.03058300
v -0.02171500 0.01619900 -0.03058300
v -0.01979000 0.01653900 -0.03058300
v -0.01799600 0.01731300 -0.03058300
v -0.01642900 0.01847900 -0.03058300
v -0.01517300 0.01997600 -0.03058300
v -0.01429600 0.02172300 -0.03058300
v -0.01384500 0.02362400 -0.03058300
v -0.01384500 0.02557800 -0.03058300
v -0.01429600 0.02748000 -0.03058300
v -0.01517300 0.02922600 -0.03058300
v -0.01642900 0.03072300 -0.03058300
v -0.01799600 0.03189000 -0.03058300
v -0.02366500 0.03288900 -0.03058300
v -0.02553700 0.03232900 -0.03058300
v -0.02972500 0.02837800 -0.03058300
v -0.03039300 0.02654200 -0.03058300
v -0.03062000 0.02460100 -0.03058300
v -0.02844900 0.03299000 -0.03126800
v -0.03021500 0.03132300 -0.03126800
v -0.03155000 0.02929500 -0.03126800
v -0.03238000 0.02701300 -0.03126800
v -0.03266200 0.02460100 -0.03126800
v -0.03238000 0.02218900 -0.03126800
v -0.03155000 0.01990800 -0.03126800
v -0.03021500 0.01787900 -0.03126800
v -0.02844900 0.01621200 -0.03126800
v -0.02634600 0.01499800 -0.03126800
v -0.02402000 0.01430200 -0.03126800
v -0.02159600 0.01416100 -0.03126800
v -0.01920500 0.01458200 -0.03126800
v -0.01697500 0.01554400 -0.03126800
v -0.01502700 0.01699400 -0.03126800
v -0.01346600 0.01885400 -0.03126800
v -0.01237700 0.02102400 -0.03126800
v -0.01181700 0.02338700 -0.03126800
v -0.01181700 0.02581500 -0.03126800
v -0.01237700 0.02817800 -0.03126800
v -0.01346600 0.03034800 -0.03126800
f 25 26 27
f 27 26 13
f 28 29 30
f 30 29 31
f 33 38 35
f 35 38 39
f 36 41 37
f 37 41 42
f 44 45 46
f 46 45 5
f 48 49 50
f 50 49 51
f 47 54 49
f 49 54 55
f 51 56 53
f 53 56 57
f 55 59 56
f 56 59 60
f 63 17 64
f 64 17 19
f 69 18 70
f 70 18 16
f 71 20 70
f 70 20 23
f 70 23 69
f 69 23 25
f 68 27 67
f 67 27 72
f 74 13 75
f 75 13 26
f 76 24 77
f 77 24 22
f 77 28 76
f 76 28 30
f 75 32 74
f 74 32 34
f 39 81 82
f 39 82 35
f 35 82 83
f 9 79 10
f 10 79 43
f 90 8 91
f 91 8 86
f 91 86 92
f 92 86 87
f 92 87 93
f 93 87 88
f 90 46 89
f 89 46 94
f 98 50 97
f 97 50 52
f 106 59 107
f 107 59 58
f 109 106 110
f 110 106 107
f 116 117 118
f 119 120 121
f 122 123 124
f 130 128 131
f 132 130 133
f 136 137 138
f 148 119 149
f 155 156 157
f 158 124 159
f 159 124 123
f 159 123 160
f 164 121 165
f 165 121 120
f 165 120 166
f 167 150 168
f 171 170 168
f 171 168 172
f 172 168 150
f 175 156 176
f 176 156 155
f 141 178 157
f 157 178 179
f 157 179 155
f 177 180 181
f 184 162 185
f 185 162 161
f 137 186 163
f 161 187 188
f 170 192 168
f 126 171 172
f 125 172 173
f 154 143 197
f 154 197 153
f 153 197 198
f 153 198 118
f 118 198 199
f 118 199 116
f 141 157 142
f 203 156 175
f 203 175 200
f 200 175 204
f 200 204 201
f 158 181 124
f 124 181 180
f 124 180 122
f 147 179 178
f 136 138 140
f 137 163 138
f 214 162 184
f 214 184 212
f 164 189 121
f 121 188 119
f 119 188 187
f 119 187 149
f 166 135 223
f 166 223 165
f 135 134 227
f 135 227 223
f 223 227 224
f 223 224 220
f 132 133 134
f 224 115 114
f 224 114 225
f 130 131 133
f 228 231 229
f 242 241 243
f 242 243 244
f 246 245 247
f 246 247 248
f 251 250 252
f 251 252 253
f 253 252 254
f 253 254 255
f 255 254 256
f 255 256 257
f 257 256 258
f 257 258 259
f 269 268 270
f 269 270 271
f 271 270 272
f 271 272 273
f 279 268 267
f 279 267 280
f 281 266 265
f 281 265 282
f 284 262 261
f 284 261 285
f 285 261 260
f 285 260 286
f 291 254 252
f 291 252 292
f 292 252 250
f 292 250 293
f 293 250 249
f 293 249 294
f 295 247 296
f 296 247 245
f 296 245 297
f 297 245 243
f 297 243 298
f 299 241 240
f 299 240 300
f 300 240 239
f 300 239 301
f 305 237 236
f 305 236 306
f 310 235 238
f 310 238 311
f 312 263 264
f 313 269 314
f 315 316 317
f 275 321 276
f 276 321 322
f 276 322 307
f 321 323 322
f 309 308 331
f 331 308 307
f 307 322 331
f 331 322 325
f 331 325 332
f 332 325 328
f 332 328 333
f 317 320 319
f 317 319 315
f 334 331 332
f 334 332 335
f 335 332 333
f 335 333 336
f 336 333 317
f 336 317 337
f 342 334 335
f 342 335 344
f 345 346 347
f 347 346 348
f 350 349 351
f 352 353 354
f 348 355 347
f 358 357 359
f 358 359 360
f 363 362 364
f 368 369 370
f 370 369 371
f 370 371 372
f 372 371 373
f 374 375 376
f 376 375 377
f 381 380 382
f 385 384 386
f 388 370 389
f 389 370 372
f 390 378 391
f 391 378 379
f 392 381 393
f 393 381 383
f 398 392 399
f 399 392 393
f 399 393 400
f 400 393 394
f 405 404 406
f 407 408 409
f 407 410 408
f 408 410 411
f 417 419 420
f 420 422 423
f 423 425 426
f 430 432 433
f 432 434 435
f 436 437 438
f 436 445 437
f 437 445 446
f 437 446 447
f 452 453 454
f 452 454 455
f 455 454 456
f 457 459 460
f 457 460 461
f 461 460 462
f 461 462 463
f 463 462 464
f 465 470 471
f 465 471 472
f 432 435 433
f 475 439 437
f 475 437 476
f 478 444 443
f 478 443 479
f 481 455 482
f 484 461 463
f 484 463 485
f 487 467 488
f 430 433 431
f 431 433 475
f 431 475 493
f 493 475 476
f 493 476 494
f 495 477 478
f 495 478 496
f 497 479 480
f 497 480 498
f 500 482 483
f 500 483 501
f 501 483 484
f 501 484 502
f 503 485 486
f 503 486 504
f 504 486 487
f 504 487 505
f 505 487 488
f 505 488 506
f 506 488 489
f 506 489 507
f 509 493 494
f 510 494 495
f 510 495 511
f 511 495 496
f 511 496 512
f 513 498 499
f 513 499 514
f 514 499 500
f 514 500 515
f 515 500 501
f 515 501 516
f 517 503 504
f 517 504 518
f 518 504 505
f 518 505 519
f 519 505 506
f 519 506 520
f 520 506 507
f 520 507 521
f 521 507 508
f 521 508 522
f 526 66 15
f 526 15 527
f 527 14 528
f 528 67 529
f 529 67 72
f 529 72 530
f 531 73 12
f 531 12 532
f 532 11 533
f 534 78 535
f 535 78 84
f 535 84 536
f 536 84 83
f 536 83 537
f 537 83 82
f 537 82 538
f 538 82 81
f 538 81 539
f 539 81 80
f 540 9 541
f 542 7 6
f 542 6 543
f 543 6 544
f 544 89 545
f 545 89 94
f 545 94 95
f 4 3 546
f 546 3 547
f 4 546 95
f 95 546 548
f 95 548 545
f 547 3 549
f 96 99 550
f 550 99 105
f 550 105 551
f 551 105 552
f 552 105 104
f 104 103 553
f 553 103 102
f 553 102 554
f 555 101 100
f 100 2 556
f 556 2 1
f 557 1 108
f 440 559 560
f 561 446 445
f 449 442 563
f 563 442 448
f 563 448 562
f 449 563 450
f 450 564 451
f 451 564 453
f 453 564 565
f 453 565 454
f 454 565 456
f 456 565 566
f 456 566 458
f 566 459 458
f 568 464 567
f 567 464 462
f 567 462 460
f 473 471 569
f 568 470 466
f 568 466 464
f 473 569 474
f 474 569 570
f 468 570 571
f 321 196 195
f 321 195 323
f 323 195 194
f 323 194 324
f 324 194 193
f 324 193 326
f 326 192 327
f 327 192 170
f 327 170 330
f 330 170 169
f 329 117 116
f 329 116 572
f 576 577 199
f 199 577 578
f 199 578 579
f 579 580 199
f 199 581 582
f 582 583 199
f 199 584 116
f 116 584 572
f 199 587 588
f 585 202 589
f 589 201 590
f 590 201 204
f 591 208 592
f 592 207 593
f 207 206 593
f 593 206 205
f 593 205 594
f 594 205 595
f 205 182 595
f 596 183 209
f 596 209 597
f 597 211 598
f 598 210 599
f 600 213 215
f 600 215 601
f 601 218 602
f 602 218 217
f 602 217 603
f 603 216 604
f 604 216 605
f 216 190 605
f 605 190 191
f 605 191 606
f 606 191 219
f 606 219 607
f 607 219 222
f 607 222 608
f 231 306 610
f 231 610 229
f 113 611 612
f 225 609 226
f 226 609 221
f 616 617 618
f 622 620 623
f 626 624 627
f 627 624 628
f 627 628 629
f 629 628 630
f 630 628 631
f 630 631 632
f 622 623 624
f 628 638 635
f 628 635 631
f 620 621 623
f 623 621 639
f 623 639 638
f 638 639 615
f 638 615 635
f 635 615 614
f 635 614 636
f 621 619 640
f 639 640 641
f 639 641 615
f 616 618 619
f 619 618 643
f 619 643 640
f 640 643 644
f 640 644 641
f 641 644 645
f 641 645 642
f 642 646 647
f 614 647 636
f 636 647 648
f 636 648 637
f 637 648 633
f 649 650 533
f 651 652 538
f 661 662 663
f 661 663 664
f 663 666 667
f 667 669 670
f 657 672 673
f 673 672 674
f 676 677 678
f 678 677 679
f 539 651 538
f 533 534 649
f 649 534 535
f 649 535 685
f 685 535 536
f 650 531 532
f 650 532 533
f 690 525 688
f 688 525 526
f 693 694 695
f 695 694 523
f 690 524 525
f 700 699 701
f 708 709 703
f 703 709 710
f 705 711 712
f 705 716 711
f 719 718 720
f 719 720 722
f 722 720 723
f 731 732 733
f 733 732 734
f 737 738 739
f 739 738 660
f 739 660 347
f 347 659 740
f 680 664 678
f 678 664 663
f 676 663 741
f 676 741 675
f 675 741 742
f 675 742 673
f 673 742 743
f 673 743 657
f 657 743 655
f 718 744 720
f 720 744 745
f 725 747 726
f 726 747 748
f 727 749 728
f 728 749 750
f 729 752 730
f 730 752 753
f 734 754 735
f 735 754 755
f 736 756 738
f 738 756 757
f 746 706 747
f 747 706 708
f 747 708 748
f 748 708 703
f 751 696 752
f 752 696 691
f 752 691 753
f 753 691 693
f 754 690 688
f 755 689 756
f 756 689 686
f 756 686 757
f 757 686 687
f 757 687 667
f 667 687 650
f 667 650 663
f 663 650 649
f 663 649 741
f 741 649 685
f 741 685 742
f 742 685 652
f 742 652 743
f 743 652 651
f 743 651 655
f 655 651 684
f 763 764 765
f 341 342 343
f 835 839 840
f 402 401 857
f 864 863 855
f 864 855 862
f 724 401 721
f 890 891 892
f 871 873 894
f 861 860 898
f 859 853 901
f 671 656 868
f 868 656 904
f 868 904 870
f 906 892 907
f 907 891 908
f 913 914 915
f 903 889 717
f 905 920 918
f 859 901 902
f 921 922 886
f 921 886 905
f 905 886 885
f 905 885 919
f 853 900 901
f 852 899 900
f 923 929 926
f 923 926 924
f 926 912 930
f 926 930 927
f 906 915 892
f 892 915 914
f 892 914 890
f 906 558 935
f 861 898 911
f 910 937 936
f 910 936 909
f 898 897 938
f 898 938 937
f 936 883 551
f 936 551 552
f 897 896 939
f 897 939 938
f 939 942 941
f 939 941 940
f 871 894 895
f 941 882 548
f 941 548 546
f 873 893 894
f 894 893 944
f 894 944 943
f 683 542 945
f 653 945 946
f 654 946 904
f 952 775 774
f 955 783 782
f 780 957 781
f 782 958 959
f 960 779 963
f 964 778 777
f 951 947 776
f 776 947 949
f 776 949 777
f 777 949 966
f 967 968 773
f 773 968 969
f 773 969 774
f 967 773 970
f 970 773 772
f 971 772 646
f 978 956 979
f 979 956 959
f 979 959 980
f 980 959 958
f 982 962 983
f 983 962 961
f 983 961 984
f 984 961 960
f 984 960 985
f 985 960 963
f 986 965 987
f 987 965 966
f 974 976 989
f 989 976 978
f 989 978 990
f 990 978 979
f 990 979 991
f 991 979 980
f 993 981 994
f 994 981 982
f 994 982 995
f 995 982 983
f 995 983 996
f 996 983 984
f 999 986 1000
f 1000 986 987
f 1000 987 1001
f 1001 987 988
f 827 989 825
f 825 989 990
f 824 991 823
f 823 991 992
f 823 992 822
f 822 992 993
f 821 994 819
f 819 994 995
f 801 997 808
f 808 997 998
f 809 999 810
f 810 999 1000
f 810 1000 811
f 811 1000 1001
f 1003 1004 1002
f 1006 1004 1007
f 1007 1004 1003
f 644 643 1010
f 1010 643 1008
f 1010 1008 1011
f 1012 1011 1013
f 1013 1011 1008
f 1002 1012 1003
f 1003 1012 1013
f 1014 1002 1015
f 1015 1002 1004
f 1015 1004 1016
f 280 281 1017
f 1018 275 274
f 1018 274 1019
f 1019 274 277
f 1020 277 278
f 1021 279 1022
f 285 1023 284
f 284 1023 1024
f 284 1024 283
f 283 1024 1025
f 283 1025 282
f 282 1025 1026
f 282 1026 281
f 288 1027 287
f 286 1029 285
f 292 1030 291
f 291 1031 290
f 289 1032 288
f 288 1032 1033
f 288 1033 1027
f 296 1034 295
f 295 1034 1035
f 295 1035 294
f 294 1037 293
f 293 1037 1038
f 292 1039 1030
f 302 1040 301
f 301 1040 1041
f 301 1041 300
f 300 1041 1042
f 300 1042 299
f 299 1042 1043
f 299 1043 298
f 298 1044 297
f 297 1044 1045
f 297 1045 296
f 304 1047 1048
f 304 1048 303
f 303 1048 1049
f 302 1050 1040
f 1052 844 1053
f 1053 844 1054
f 1054 844 843
f 1055 842 841
f 1061 838 837
f 1061 837 1062
f 1062 837 1063
f 1063 837 836
f 1063 836 1064
f 1064 836 1065
f 1065 836 850
f 1067 571 849
f 1069 849 848
f 1070 848 847
f 1071 847 846
f 1073 846 845
f 1079 766 767
f 1079 767 1077
f 1077 767 1080
f 769 1081 1082
f 769 1082 768
f 768 1083 767
f 767 1083 1084
f 769 1085 1086
f 1087 770 771
f 1091 784 1092
f 784 954 1093
f 784 1093 1092
f 935 112 917
f 112 1094 917
f 917 1094 1095
f 917 1095 916
f 916 1095 1096
f 916 1096 931
f 931 1096 1097
f 931 1097 932
f 932 1097 1098
f 932 1098 933
f 934 1099 1100
f 934 1100 930
f 930 1100 1101
f 930 1101 927
f 927 1101 1102
f 927 1102 928
f 928 1102 1103
f 928 1103 925
f 925 1103 1104
f 884 1105 885
f 919 1105 1106
f 920 1107 918
f 918 1107 1108
f 887 1109 888
f 888 1109 713
f 1109 1110 713
f 713 1111 714
f 715 1112 1113
f 711 1114 1115
f 711 1115 712
f 712 1115 1116
f 1117 710 1118
f 1118 710 709
f 1119 709 707
f 65 523 1120
f 1120 523 694
f 1121 692 698
f 1122 697 1123
f 1123 702 1124
f 1124 702 701
f 1124 701 1125
f 1126 699 704
f 1057 1058 1127
f 1127 1058 1130
f 1128 1131 1129
f 1129 1131 1132
f 1058 1059 1130
f 1130 1059 1133
f 1131 1134 1132
f 1132 1134 1135
f 1132 1135 876
f 872 1138 1139
f 1137 1136 1141
f 1136 1060 1061
f 1136 1061 1141
f 1144 1066 441
f 1144 441 434
f 1137 1141 1140
f 1145 1142 1143
f 1145 1143 1146
f 1146 1143 1144
f 1146 1144 1147
f 1149 1146 1147
f 1149 1147 1150
f 1150 1147 432
f 1150 432 430
f 872 1139 874
f 875 1148 1149
f 875 1149 869
f 867 1150 430
f 867 430 429
f 508 492 1152
f 1152 492 491
f 879 522 508
f 1155 1156 1157
f 1159 1158 1160
f 1159 1160 1161
f 1161 1160 1162
f 1161 1162 1163
f 1165 1164 1166
f 1165 1166 1167
f 1073 1166 1164
f 1073 1164 1072
f 1072 1164 1162
f 1072 1162 1071
f 1069 1154 1153
f 1069 1153 1068
f 1068 1153 1151
f 1068 1151 1067
f 1067 490 469
f 880 1155 1157
f 880 1157 881
f 877 1161 878
f 878 1161 1163
f 1169 1168 1172
f 1168 1051 1052
f 1168 1052 1172
f 1178 1172 1173
f 1178 1173 1179
f 1180 1174 1175
f 856 1171 1183
f 1183 1171 1170
f 1170 1178 1183
f 1186 1181 1182
f 1186 1182 1187
f 1176 1188 1182
f 1182 1188 1189
f 1182 1189 1187
f 1187 1189 1190
f 851 1183 1184
f 851 1184 865
f 865 1184 1185
f 865 1185 866
f 1056 1074 1191
f 1177 1192 1188
f 1190 1194 1195
f 1197 396 1198
f 1198 397 1199
f 1199 398 1200
f 1206 405 1203
f 1208 1209 1210
f 1211 1212 1213
f 1213 1212 1214
f 1214 1205 412
f 1218 1219 1220
f 1221 1214 412
f 412 413 1221
f 1226 404 1227
f 1207 1228 1206
f 1206 1228 1227
f 1206 1227 403
f 403 1227 404
f 1228 1218 1227
f 1227 1218 1220
f 1226 1229 1225
f 1225 1229 1230
f 1225 1230 1224
f 1224 1230 1231
f 1224 1231 1223
f 1223 1231 1232
f 1223 1232 1222
f 1222 1232 1233
f 1222 1233 1221
f 1221 1233 1217
f 1220 1216 1229
f 1229 1216 1234
f 1231 1236 1232
f 1232 1236 1237
f 1235 792 1236
f 1236 792 793
f 1244 789 1245
f 1245 789 799
f 1245 799 1246
f 1246 799 798
f 1246 798 1247
f 1247 798 796
f 1249 1238 1250
f 1250 1238 1239
f 1250 1239 1251
f 1251 1239 1240
f 1251 1240 1252
f 1252 1240 1241
f 1252 1241 418
f 418 1241 1242
f 418 1242 1253
f 1253 1242 1243
f 1255 1245 1256
f 1256 1245 1246
f 427 1248 387
f 387 1248 368
f 414 1249 415
f 415 1249 1250
f 415 1250 416
f 416 1250 1251
f 421 418 1253
f 422 1254 424
f 424 1254 1255
f 424 1255 425
f 425 1255 1256
f 425 1256 428
f 428 1256 1257
f 395 427 387
f 1258 1075 1201
f 1259 1202 1204
f 1260 1261 1262
f 1264 1263 1265
f 1262 1265 1260
f 1260 1265 1263
f 1260 1263 812
f 634 1076 632
f 632 1267 630
f 630 1267 629
f 629 1267 1266
f 629 1266 627
f 627 1266 626
f 626 1266 812
f 626 812 625
f 1268 1269 1270
f 832 1271 830
f 830 1271 972
f 972 1271 973
f 973 1271 1272
f 1276 1268 1277
f 1277 1268 1270
f 1277 1270 1278
f 1279 1274 1280
f 1280 1274 1273
f 1280 1273 1281
f 832 806 1275
f 1273 1282 1283
f 1273 1283 1281
f 1281 1283 1284
f 975 1285 977
f 977 1285 1093
f 977 1093 954
f 832 1275 1271
f 1271 1275 1274
f 1271 1274 1272
f 1282 1276 1283
f 1283 1276 1277
f 1283 1277 1284
f 1284 1277 1278
f 1090 1279 1280
f 1089 1280 1281
f 1089 1281 1088
f 1088 1281 1284
f 1088 1284 1087
f 1291 1292 1293
f 1085 1286 1086
f 1299 1300 1301
f 1301 1300 1302
f 1077 1301 1302
f 1077 1302 1078
f 797 1287 1290
f 794 795 1303
f 791 1297 790
f 1288 1291 1290
f 1290 1291 1293
f 1303 1305 1297
f 1297 1305 1296
f 1297 1296 1269
f 1292 1299 1293
f 1293 1299 1301
f 1304 1294 1305
f 1305 1294 1295
f 1305 1295 1296
f 1296 1295 1298
f 1296 1298 1278
f 1278 1298 1286
f 1228 1207 1306
f 1219 1218 1307
f 1309 1308 760
f 1215 1310 760
f 1309 760 1310
f 1310 1219 1307
f 1310 1307 1309
f 1309 1307 1311
f 1218 1228 1307
f 1307 1228 1306
f 1307 1306 1311
f 1311 1306 1313
f 1311 1313 1312
f 1312 1313 1314
f 1320 367 1317
f 1320 1317 1321
f 1324 1323 1325
f 1324 1325 1326
f 1332 1333 1324
f 1324 1334 1335
f 1335 1336 1324
f 1338 1339 1340
f 1340 1339 1341
f 1341 1339 1316
f 950 356 947
f 1001 1345 811
f 948 1342 988
f 988 1342 1348
f 1345 1349 811
f 1350 1347 1351
f 1351 1347 1346
f 1352 1344 1343
f 1353 360 361
f 1358 1361 1362
f 1358 1362 1363
f 1365 1369 1366
f 1363 800 1357
f 1358 1357 1356
f 1358 1356 1365
f 1365 1356 1355
f 1369 1368 1370
f 1328 1327 1371
f 1322 1337 1372
f 1371 1327 1373
f 1373 1327 1326
f 1374 1326 1325
f 1374 1325 1323
f 1376 1319 1318
f 366 365 1354
f 1354 365 1320
f 1375 1320 1321
f 1375 1321 1319
f 1377 1378 1366
f 1378 1377 1379
f 1379 1377 1381
f 1379 1381 1382
f 1385 1386 1387
f 1387 1386 1388
f 1387 1388 1381
f 1389 1385 1390
f 1389 1390 1391
f 1394 1393 1391
f 1394 1391 1395
f 1396 1397 1398
f 1398 1397 1399
f 1370 1375 1400
f 1400 1376 1371
f 1371 1376 1329
f 1334 1333 1401
f 1403 1396 1404
f 1404 1398 1405
f 1405 1398 1406
f 1405 1406 1407
f 1407 1406 1401
f 1407 1401 1408
f 1408 1331 1330
f 1391 1390 1395
f 1395 1390 1372
f 1395 1372 1402
f 1402 1337 1336
f 1334 1401 1402
f 1402 1401 1406
f 1402 1406 1395
f 1395 1398 1394
f 1394 1398 1399
f 1370 1368 1375
f 1375 1368 1367
f 1375 1367 1354
f 1366 1369 1377
f 1377 1369 1370
f 1381 1370 1400
f 1381 1400 1387
f 1385 1373 1390
f 1390 1373 1374
f 1372 1323 1322
f 1415 1409 1341
f 1404 1418 1403
f 340 1420 785
f 785 1420 1411
f 1420 1419 1411
f 1411 1419 1417
f 1411 1417 1413
f 1413 1417 1416
f 1413 1416 1409
f 1414 1424 1412
f 1412 1425 1410
f 1410 787 788
f 1415 1315 1426
f 1414 1427 1428
f 1414 1428 1424
f 1014 1015 1429
f 1016 1009 1431
f 787 1432 1431
f 1009 1005 1431
f 1432 787 1433
f 1433 1430 1432
f 1432 1430 1434
f 1432 1434 1431
f 1431 1434 1429
f 1431 1429 1016
f 1016 1429 1015
f 1434 1435 1429
f 1429 1435 1436
f 1014 1436 953
f 858 1454 681
f 681 1454 1453
f 1452 1437 1453
f 1453 1437 1439
f 1453 1439 681
f 1451 1444 1446
f 1451 1446 1452
f 1452 1446 1448
f 1452 1448 1437
f 1441 1451 346
f 1441 346 345
f 680 682 1438
f 680 1438 664
f 664 1438 1450
f 662 1450 1449
f 665 1449 1447
f 1440 670 1442
f 1442 669 1443
f 1443 669 668
f 1443 668 1445
f 740 659 1440
f 1440 659 658
f 1459 1465 1456
f 40 29 85
f 85 29 28
f 85 28 77
f 1460 1466 1456
f 1456 1466 1467
f 21 111 85
f 21 85 22
f 22 85 77
f 1474 1475 129
f 129 1475 1476
f 129 1476 1477
f 1477 1478 129
f 129 1478 1479
f 129 1479 1469
f 1472 1480 129
f 129 1480 1481
f 129 1481 1482
f 147 127 146
f 146 127 145
f 137 136 127
f 127 136 139
f 127 139 145
f 147 178 127
f 127 178 144
f 1484 582 1483
f 1484 1483 1485
f 1399 1486 1487
f 1399 1487 1488
f 1489 1490 1491
f 1491 1492 1485
f 1485 1492 1493
f 1485 1493 1484
f 1494 1488 1495
f 1495 1488 1489
f 1495 1489 1491
f 1488 1393 1392
f 1488 1392 1399
f 1496 1497 1498
f 1498 1497 1499
f 1497 1386 1499
f 1499 1386 1500
f 1491 1485 580
f 580 1485 1483
f 580 1483 581
f 1496 1380 1379
f 1379 1382 1496
f 1496 1382 1497
f 1497 1382 1388
f 1497 1388 1386
f 1386 1384 1500
f 1500 1384 1383
f 1495 1383 1389
f 1494 1389 1391
f 1494 1391 1393
f 577 576 1499
f 1499 576 575
f 1499 575 574
f 574 1501 1499
f 1499 1501 1502
f 1499 1502 1503
f 1499 1504 1505
f 1491 580 1495
f 1495 579 1500
f 1500 579 578
f 316 315 1506
f 583 1484 584
f 584 1507 572
f 572 1507 318
f 572 318 329
f 1509 1490 1508
f 316 1506 338
f 340 339 1420
f 1420 339 1510
f 339 338 1510
f 1510 338 1506
f 1418 1423 1508
f 1508 1423 1511
f 1508 1511 1509
f 1511 1422 1421
f 1511 1421 1510
f 1484 1493 1507
f 1507 1493 1509
f 1507 1509 318
f 318 1509 1506
f 318 1506 319
f 1501 573 1512
f 588 1513 573
f 573 1513 1514
f 1517 1518 1498
f 1498 1518 1519
f 1498 1519 1516
f 1498 1505 1517
f 1517 1505 1504
f 1517 1504 1512
f 1512 1504 1503
f 1521 1522 1523
f 1526 1525 1521
f 1523 590 591
f 1523 591 1527
f 1529 593 594
f 1529 594 1530
f 1530 594 595
f 1530 595 1531
f 1533 597 598
f 1533 598 1534
f 1534 598 599
f 1534 599 1535
f 1535 599 600
f 1535 600 1536
f 1536 600 601
f 1536 601 1537
f 1540 605 606
f 1540 606 1541
f 1541 606 607
f 1541 607 1542
f 1544 609 613
f 1544 613 1545
f 1521 1523 1526
f 1526 1523 1527
f 1526 1527 1548
f 1548 1527 1528
f 1548 1528 1549
f 1549 1528 1529
f 1549 1529 1550
f 1550 1529 1530
f 1550 1530 1551
f 1553 1532 1533
f 1553 1533 1554
f 1555 1536 1537
f 1555 1537 1556
f 1558 1538 1539
f 1558 1539 1559
f 1560 1540 1541
f 1560 1541 1561
f 1562 1543 1544
f 1562 1544 1563
f 1564 1545 1546
f 1565 1547 1566
f 815 1526 1548
f 815 1548 814
f 813 1549 1550
f 813 1550 817
f 817 1550 1551
f 817 1551 818
f 818 1551 1552
f 818 1552 820
f 826 1555 1556
f 826 1556 828
f 829 1557 1558
f 829 1558 831
f 833 1560 1561
f 833 1561 834
f 805 1563 802
f 803 1564 1565
f 803 1565 804
f 807 1567 234
f 807 234 233
f 585 589 1520
f 1568 586 585
f 586 1568 587
f 587 1568 1513
f 1514 1568 1512
f 1570 1571 1569
f 1569 1571 1515
f 1569 1518 1517
f 1364 1571 1359
f 1359 1571 1570
f 1359 1570 1360
f 1524 816 1363
f 1520 1522 1572
f 1572 1522 1521
f 1572 1521 1573
f 1573 1521 1525
f 1573 1525 1524
f 1524 1363 1573
f 1573 1363 1362
f 1573 1362 1361
f 585 1520 1568
f 1568 1572 1569
f 1569 1572 1573
f 1569 1573 1570
f 1570 1361 1360
f 1473 174 152
f 1471 1470 1582
f 1575 1578 1589
f 1591 1577 1592
f 1593 1594 1595
f 1479 1478 1590
f 1596 1597 1022
f 230 1047 232
f 1586 1600 1598
f 1599 1576 1041
f 1599 1041 1040
f 1585 1603 1601
f 1584 1588 1587
f 1584 1587 1603
f 1602 1036 1046
f 1602 1046 1045
f 1036 1034 1046
f 1575 1595 1578
f 1578 1595 1594
f 1471 1582 1583
f 1604 1574 1028
f 1581 1580 1608
f 1581 1608 1605
f 1605 1608 1607
f 1605 1607 1606
f 1479 1590 1580
f 1607 1024 1023
f 1022 1017 1596
f 1591 1597 1577
f 1473 152 1579
f 1579 152 151
f 1579 151 1609
f 1614 1615 1616
f 1616 1615 1612
f 1463 1468 1617
f 1617 1468 1618
f 1617 1618 1619
f 1619 1618 1620
f 1619 1620 1621
f 1621 1620 1611
f 1622 1623 1624
f 1624 1623 1625
f 1632 1633 1634
f 1634 1633 1635
f 1634 1635 1636
f 1636 1635 1637
f 1633 1638 1635
f 1635 1639 1637
f 1637 1639 1640
f 1639 1642 1640
f 1640 1642 1643
f 1644 1612 1645
f 1645 1612 1615
f 1646 1613 1464
f 1464 1613 1465
f 1645 1619 1644
f 1644 1619 1621
f 1462 1461 1648
f 1648 1461 1622
f 1648 1622 1647
f 1647 1622 1624
f 1627 1108 1107
f 1627 1107 1626
f 1652 1651 1628
f 1650 1630 1649
f 1649 1630 1631
f 1654 1629 1466
f 1466 1629 1467
f 1653 1634 1636
f 1653 1636 1119
f 1119 1636 1118
f 1643 1124 1640
f 1637 1126 1636
f 1636 1126 1117
f 1636 1117 1118
f 1655 1642 1656
f 1656 1642 1641
f 1656 1641 1457
f 1457 1641 1458
f 1657 1610 1658
f 1658 1610 1655
f 1659 1656 1455
f 1455 1656 1457
f 1455 61 1659
f 1659 61 62
f 758 762 759
f 759 762 761
f 1289 1078 1302
f 1660 1196 1662
f 1663 1193 1664
f 1664 1191 1666
f 1666 1191 1074
f 854 1667 786
f 1665 1667 1661
f 1699 1715 1678
f 1687 1721 1688
f 1668 1730 1706
f 1670 1668 1732
f 1682 1702 1683
f 1735 1687 1670
f 1670 1687 1669
f 1669 1687 1685
f 1669 1685 1702
f 1702 1685 1745
f 1754 1751 1759
f 1764 1763 1765
f 1767 1765 1768
f 1770 1768 1771
f 1773 1771 1774
f 1783 1671 1784
f 1675 1787 1788
f 1675 1788 1673
f 1819 1815 1804
f 1819 1804 1820
f 1813 1821 1804
f 1804 1821 1820
f 1826 1831 1828
f 1829 1762 1826
f 1826 1762 1831
f 1835 1833 1836
f 1838 1837 1830
f 1844 1842 1845
f 1847 1845 1839
f 1851 1849 1852
f 1854 1852 1855
f 1856 1855 1857
f 1881 1777 1884
f 1892 1873 1875
f 1891 1876 1871
f 1891 1871 1870
f 1867 1894 1869
f 1865 1887 1895
f 1865 1895 1867
f 1867 1895 1896
f 1867 1896 1894
f 1899 1889 1860
f 1860 1863 1899
f 1899 1863 1862
f 1899 1862 1897
f 1897 1862 1864
f 1900 1864 1866
f 1901 1866 1868
f 1901 1868 1902
f 1902 1868 1874
f 1858 1877 1872
f 1872 1877 1903
f 1872 1903 1874
f 1911 1882 1880
f 1915 1883 1776
f 1878 1922 1928
f 1879 1686 1929
f 1878 1931 1922
f 1879 1932 1878
f 1878 1932 1695
f 1878 1695 1934
f 1904 1750 1752
f 1901 1752 1753
f 1935 1898 1755
f 1755 1898 1897
f 1755 1897 1753
f 1890 1936 1891
f 1893 1938 1892
f 1888 1894 1896
f 1888 1896 1895
f 1892 1938 1886
f 1885 1940 1824
f 1760 1942 1905
f 1905 1942 1943
f 1756 1758 1919
f 1919 1758 1916
f 1919 1916 1917
f 1952 1950 1947
f 1955 1968 1945
f 1962 1964 1972
f 1981 1976 1977
f 1977 1976 1988
f 1982 2000 1976
f 1976 2000 2001
f 1976 2001 1968
f 2007 2005 1995
f 1899 1935 1889
f 1718 2014 2015
f 1718 2016 1719
f 1744 2022 1684
f 2023 1717 1716
f 2024 1704 2025
f 2026 1703 1722
f 1704 2029 1743
f 1724 2031 2032
f 1724 2034 1723
f 1723 2035 1677
f 2038 2022 2021
f 2038 2021 2039
f 2040 2038 2039
f 2002 2040 2041
f 2002 2041 2003
f 2013 2043 2044
f 2043 2045 2046
f 2046 2019 2020
f 2046 2020 2047
f 2047 2020 2018
f 2047 2018 2048
f 2049 2017 2016
f 2049 2016 2050
f 2051 2015 2014
f 2051 2014 2042
f 2043 2046 2044
f 2052 2047 2048
f 2052 2048 2053
f 2053 2048 2049
f 2053 2049 2054
f 2054 2049 2050
f 2054 2050 2055
f 2013 2044 2008
f 2009 2052 2053
f 2009 2053 2010
f 2010 2053 2054
f 1978 2055 2056
f 1978 2056 1979
f 2058 2029 2028
f 2058 2028 2059
f 2062 2026 2027
f 2062 2027 2063
f 2064 2057 2058
f 2064 2058 2065
f 2065 2058 2059
f 2065 2059 2066
f 2067 2060 2061
f 2067 2061 2068
f 2068 2061 2062
f 2068 2062 2069
f 1960 2065 2066
f 1960 2066 1961
f 2070 2030 2037
f 2070 2037 2071
f 2072 2036 2035
f 2072 2035 2073
f 2074 2033 2032
f 2074 2032 2075
f 2004 2076 2077
f 2004 2077 1994
f 1994 2077 2078
f 1994 2078 1987
f 2081 1700 2082
f 1742 2095 2084
f 1802 2098 2096
f 1747 1802 1746
f 1803 2099 2097
f 1801 2100 2099
f 2105 2106 1851
f 1851 2106 1850
f 1850 2108 1848
f 1851 1853 2105
f 2105 2104 2109
f 2111 2112 2102
f 2102 2113 2103
f 2103 2114 2104
f 2104 2114 2115
f 2099 2100 2101
f 2101 2100 2116
f 2102 2117 2111
f 2118 1817 2119
f 2120 2121 2122
f 2127 1825 2128
f 2129 2128 2126
f 2130 2126 2124
f 2131 2132 2133
f 2100 1816 2118
f 2134 2117 2116
f 2135 2110 2115
f 2137 2108 2138
f 1828 2128 1825
f 2132 2131 2141
f 2141 2131 2135
f 2142 2135 2115
f 2108 2107 2138
f 2138 2107 2136
f 2138 2136 2137
f 2137 2136 2144
f 2137 2144 2140
f 2110 2135 2136
f 2136 2131 2144
f 2144 2131 2133
f 2144 2133 2140
f 2116 2100 2134
f 2134 2100 2118
f 2145 2118 2120
f 2146 2123 2147
f 2147 2123 2125
f 2139 2125 2126
f 2139 2126 2128
f 1828 1832 2139
f 2139 1832 2133
f 2147 2132 2146
f 2146 2132 2141
f 2146 2141 2145
f 2145 2141 2142
f 2145 2142 2134
f 2134 2142 2143
f 2112 2143 2113
f 2148 1827 2149
f 2148 2149 2150
f 2151 2152 2153
f 2153 2152 2154
f 2153 2154 2155
f 2155 2156 2157
f 1805 1859 2158
f 1805 2158 1806
f 1806 2158 1807
f 1809 2160 1810
f 1810 2160 2161
f 1810 2161 1811
f 1820 1823 2162
f 2162 1823 1822
f 2163 1822 1814
f 2119 1818 2121
f 1818 1820 2121
f 2121 1820 2162
f 1811 2161 1812
f 1812 2161 2164
f 1812 2164 2163
f 2159 2154 2166
f 2166 2154 2152
f 2127 2129 2165
f 2165 2129 2164
f 2166 2161 2159
f 2159 2161 2160
f 2159 2160 1808
f 1808 2160 1809
f 2167 2168 2169
f 2168 2170 2169
f 2169 2170 1775
f 2169 1775 1840
f 2171 1841 1843
f 2171 1843 2173
f 2174 1844 1846
f 2174 1846 2175
f 2178 2173 2174
f 2178 2174 2179
f 2179 2174 2175
f 2179 2175 2180
f 2181 2176 2177
f 2181 2177 2182
f 1963 2172 2178
f 1963 2178 1969
f 1970 2179 2180
f 1970 2180 1971
f 2190 1944 1983
f 2190 1983 2192
f 2192 1983 1986
f 2192 1986 2193
f 2196 1985 1984
f 2196 1984 2197
f 2198 2192 2193
f 2198 2193 2199
f 2199 2193 2194
f 2199 2194 2200
f 2201 2195 2196
f 2201 2196 2202
f 2203 2183 2184
f 1835 2201 2202
f 1835 2202 1834
f 2205 2011 2012
f 2205 2012 2206
f 2206 2012 1999
f 2206 1999 2207
f 2208 1998 1997
f 2208 1997 2209
f 2204 2205 2206
f 2204 2206 2213
f 2213 2206 2207
f 2213 2207 2214
f 2214 2207 2208
f 2214 2208 2215
f 2215 2208 2209
f 2215 2209 2216
f 2216 2209 2210
f 2216 2210 2217
f 2217 2210 2211
f 2217 2211 2218
f 2218 2211 2212
f 2218 2212 2219
f 1915 2204 2213
f 1915 2213 1914
f 1913 2216 2217
f 1913 2217 1912
f 1912 2217 2218
f 1912 2218 1911
f 1911 2218 2219
f 1911 2219 1910
f 2189 2220 2187
f 2187 2221 1946
f 2189 2188 2220
f 2220 2188 2191
f 2220 2191 2222
f 2223 1910 2219
f 2224 2212 2225
f 2225 2212 2226
f 2226 2212 1980
f 1948 1951 2228
f 2228 1951 2229
f 2233 2234 2235
f 2235 2234 2236
f 2235 2236 2237
f 2237 2236 2238
f 2239 2221 2240
f 2240 2221 2220
f 2237 2227 2235
f 2235 2227 2231
f 2233 2231 2229
f 2233 2229 1952
f 1952 2229 1951
f 2234 2239 2236
f 2236 2239 2240
f 2246 1948 2228
f 2246 2228 2247
f 2247 2230 2248
f 2249 2232 2250
f 2250 2241 1861
f 1936 2252 1937
f 2253 2254 2255
f 1940 2253 2255
f 1940 2255 1918
f 2260 2261 2262
f 2262 2261 2256
f 2260 2262 1973
f 1974 2263 2264
f 1974 2264 1975
f 1975 2264 2265
f 1975 2265 1991
f 1991 2242 1990
f 2266 2244 2243
f 1939 1888 2251
f 2256 2258 2262
f 2262 2258 2267
f 2262 2267 2263
f 2263 2267 2268
f 2263 2268 2264
f 2266 2251 2245
f 2254 2259 2248
f 2248 2259 2257
f 2247 2256 2246
f 2246 2256 2261
f 1966 2261 2260
f 2250 1861 1918
f 1908 2273 2274
f 1908 2274 1909
f 1909 2275 2276
f 2276 2277 1909
f 1909 2277 2278
f 2280 2281 1907
f 1907 2281 2282
f 1907 2282 1908
f 2286 1906 1785
f 1672 1701 2287
f 2287 1907 2288
f 2269 2289 2270
f 2281 2280 2290
f 2290 2280 2279
f 2290 2279 2291
f 2271 2283 2292
f 2292 2283 2282
f 2292 2282 2293
f 2085 2095 2274
f 2088 2278 2089
f 2089 2278 2277
f 2095 2094 2274
f 2274 2094 2093
f 2275 2093 2092
f 2275 2092 2276
f 2276 2092 2091
f 2276 2091 2277
f 2277 2091 2090
f 2085 2273 2272
f 2085 2272 2086
f 2086 2271 2087
f 2087 2271 2292
f 2087 2292 1790
f 1790 2292 2293
f 2293 1789 1790
f 2289 1782 2297
f 2297 1782 1784
f 2297 1784 2295
f 2295 1784 1786
f 2269 1780 2289
f 2289 1779 1782
f 1780 2082 1781
f 1781 2083 1778
f 2270 2289 2286
f 2286 2289 2297
f 2286 2297 2285
f 2284 2298 2288
f 2279 1676 2291
f 2300 1674 1672
f 2284 2285 2298
f 2298 2285 2297
f 2299 2295 2300
f 2300 2295 2296
f 2291 2294 2290
f 2290 2294 2293
f 2290 2293 2281
f 2281 2293 2282
f 2302 2006 2007
f 2302 2007 2303
f 2303 2007 1995
f 2303 1995 2304
f 2305 1993 1992
f 2305 1992 2306
f 2306 1992 1996
f 2306 1996 2307
f 2312 2306 2307
f 2312 2307 2313
f 2313 2307 2186
f 2313 2186 2185
f 2170 2301 1773
f 1773 2301 2308
f 1773 2308 1772
f 1772 2308 2309
f 1772 2309 1770
f 1769 2310 2311
f 1769 2311 1767
f 1766 2312 2313
f 1766 2313 1764
f 1792 2314 1793
f 1793 2314 2315
f 1793 2315 1794
f 1794 2315 2316
f 1795 2317 1796
f 1796 2317 2318
f 1796 2318 1797
f 1797 2318 2319
f 1798 2320 1799
f 1799 2320 2321
f 1800 2322 1791
f 1791 2322 2323
f 2079 1761 2080
f 2351 1954 2352
f 2352 1954 1953
f 2353 1949 2354
f 2350 1956 2351
f 2351 1956 1954
f 2355 1957 2356
f 2356 1957 1958
f 2357 1959 2358
f 2358 1959 1967
f 2359 1989 2360
f 2360 1989 1965
f 2363 1923 2364
f 2364 1923 2361
f 1748 1921 2365
f 2365 1921 1920
f 2365 1920 1928
f 2366 1749 1748
f 2331 2367 2334
f 2334 2367 2368
f 2334 2368 2335
f 2335 2368 2369
f 2335 2369 2336
f 2336 2369 2371
f 2336 2371 2330
f 2330 2371 2372
f 2333 2375 2332
f 2332 2375 2376
f 2325 2377 2326
f 2326 2377 2378
f 2327 2379 2328
f 2328 2379 2380
f 2329 2381 2324
f 2324 2381 2382
f 2367 2383 2368
f 2368 2383 2384
f 2369 2385 2371
f 2371 2385 2370
f 2372 2370 2386
f 2372 2386 2373
f 2373 2386 2387
f 2373 2387 2374
f 2374 2387 2388
f 2375 2390 2376
f 2376 2390 2391
f 1928 2363 2365
f 2361 1931 2383
f 2383 1931 1930
f 2383 1930 2384
f 2370 2396 2386
f 2386 2396 2397
f 2387 2398 2388
f 2388 2398 2399
f 2388 2399 2389
f 2389 2399 2400
f 2390 2402 2391
f 2391 2402 2403
f 2392 2407 2393
f 2393 2407 2408
f 2394 2414 2415
f 2394 2415 2366
f 2366 2415 1757
f 2366 1757 1749
f 2412 1941 2413
f 2362 1693 2395
f 2395 1693 1698
f 2396 1680 2397
f 2397 1680 1679
f 2398 1715 2399
f 2399 1715 1714
f 2400 1712 2401
f 2401 1712 1710
f 2403 1738 2404
f 2404 1738 1737
f 2404 1737 2405
f 2405 1737 1736
f 2408 2406 1729
f 2408 1729 2409
f 2409 1729 1728
f 2409 1728 2410
f 2410 1728 1727
f 2410 1727 2411
f 2411 1727 1726
f 2411 1726 1725
f 1929 2417 2418
f 1927 2419 1933
f 2344 2422 2343
f 2343 2422 2423
f 2337 2425 2338
f 2338 2425 2426
f 2338 2426 2339
f 2339 2426 2427
f 2339 2427 2340
f 2340 2427 2428
f 2340 2428 2341
f 2341 2428 2429
f 2347 2342 2348
f 2349 2348 2439
f 2345 2440 2346
f 2346 2440 2421
f 2423 2444 2424
f 2424 2444 2445
f 2426 2448 2427
f 2427 2448 2449
f 2429 2451 2430
f 2430 2451 2452
f 2430 2452 2431
f 2431 2452 2453
f 2432 2454 2433
f 2433 2454 2455
f 2433 2455 2434
f 2434 2455 2456
f 2435 2457 2436
f 2436 2457 2458
f 2437 2418 2438
f 2438 2418 2417
f 2348 2460 2439
f 2417 1926 1925
f 2459 1925 1924
f 2459 1924 2460
f 2461 2466 2462
f 2462 2466 2467
f 2463 2468 2441
f 2441 2468 2469
f 2441 2469 2442
f 2442 2470 2443
f 2443 2470 2471
f 2444 2472 2445
f 2445 2472 2473
f 2446 2474 2447
f 2449 2477 2450
f 2450 2477 2478
f 2451 2479 2452
f 2452 2479 2480
f 2456 2484 2457
f 2457 2484 2420
f 2457 2420 2458
f 2458 2420 2419
f 2416 1692 2464
f 2464 1692 1691
f 2464 1691 2465
f 2465 1691 1690
f 2465 1690 2466
f 2466 1690 1689
f 2466 1689 2467
f 2467 1689 1721
f 2467 1721 2468
f 2468 1721 1720
f 2469 1709 2470
f 2470 1709 1708
f 2473 1734 2474
f 2474 1734 1733
f 2474 1733 2475
f 2475 1733 1731
f 2475 1731 2476
f 2476 1731 1741
f 2476 1741 2477
f 2477 1741 1740
f 2477 1740 2478
f 2478 1740 1739
f 2478 1739 2479
f 2479 1739 1707
f 2479 1707 2480
f 2480 1707 1705
f 2480 1705 2481
f 2481 1705 1711
f 2482 1713 2483
f 2483 1713 1681
f 2483 1681 2484
f 2484 1681 1697
f 2420 1696 1694

